match_id,event_id,tourney_name,venue,event_start,tourney_level,round,round_order,qualifying,date,status,best_of,p1_id,p1_name,p2_id,p2_name,winner,score
178427,172-2026,Roland Garros,"Paris, France",20260518,G,Qualifying 1st Round,0,1,2026-05-18T08:05Z,final,5,3897,Jesper de Jong,2567,Sun Fajing,3897,7-6(4) 7-6(5)
178428,172-2026,Roland Garros,"Paris, France",20260518,G,Qualifying 1st Round,0,1,2026-05-18T08:05Z,final,5,3541,Hugo Grenier,2863,Lloyd Harris,2863,6-3 6-3
178431,172-2026,Roland Garros,"Paris, France",20260518,G,Qualifying 1st Round,0,1,2026-05-18T08:05Z,final,5,2958,Juan Pablo Ficovich,2682,Stefano Travaglia,2682,6-3 6-7(2) 7-5
178467,172-2026,Roland Garros,"Paris, France",20260518,G,Qualifying 1st Round,0,1,2026-05-18T08:05Z,final,5,11821,Antoine Ghibaudo,12932,Michael Zheng,12932,6-4 6-2
178429,172-2026,Roland Garros,"Paris, France",20260518,G,Qualifying 1st Round,0,1,2026-05-18T08:10Z,final,5,13308,Ilia Simakin,3778,Liam Draxl,3778,6-4 6-7(6) 6-2
178430,172-2026,Roland Garros,"Paris, France",20260518,G,Qualifying 1st Round,0,1,2026-05-18T08:10Z,final,5,2627,Andrea Pellegrino,3619,Nicolas Moreno De Alboran,2627,6-2 7-5
178496,172-2026,Roland Garros,"Paris, France",20260518,G,Qualifying 1st Round,0,1,2026-05-18T09:20Z,final,5,4099,Otto Virtanen,9029,August Holmgren,9029,7-6(8) 6-2
178453,172-2026,Roland Garros,"Paris, France",20260518,G,Qualifying 1st Round,0,1,2026-05-18T09:35Z,final,5,3096,Genaro Alberto Olivieri,14712,Thomas Faurel,14712,7-6(1) 6-3
178466,172-2026,Roland Garros,"Paris, France",20260518,G,Qualifying 1st Round,0,1,2026-05-18T09:40Z,final,5,3935,Sho Shimabukuro,12284,Stefanos Sakellaridis,12284,2-6 6-4 7-5
178497,172-2026,Roland Garros,"Paris, France",20260518,G,Qualifying 1st Round,0,1,2026-05-18T09:45Z,final,5,901,Daniel Evans,16565,Daniel Jade,16565,6-4 6-4
178494,172-2026,Roland Garros,"Paris, France",20260518,G,Qualifying 1st Round,0,1,2026-05-18T10:05Z,final,5,3694,Facundo Diaz Acosta,3301,Christopher O'Connell,3694,7-6(7) 4-6 6-4
178495,172-2026,Roland Garros,"Paris, France",20260518,G,Qualifying 1st Round,0,1,2026-05-18T10:25Z,final,5,7886,Remy Bertola,7608,Shintaro Mochizuki,7886,2-6 6-3 6-0
178432,172-2026,Roland Garros,"Paris, France",20260518,G,Qualifying 1st Round,0,1,2026-05-18T11:55Z,final,5,10957,Max Houkes,1840,Marco Cecchinato,1840,7-6(5) 6-2
178448,172-2026,Roland Garros,"Paris, France",20260518,G,Qualifying 1st Round,0,1,2026-05-18T11:55Z,final,5,2768,Jay Clarke,4030,Dane Sweeny,2768,6-2 6-2
178475,172-2026,Roland Garros,"Paris, France",20260518,G,Qualifying 1st Round,0,1,2026-05-18T12:15Z,final,5,1360,David Goffin,3347,Chun-Hsin Tseng,1360,6-3 6-1
178472,172-2026,Roland Garros,"Paris, France",20260518,G,Qualifying 1st Round,0,1,2026-05-18T12:45Z,final,5,10045,Robin Bertrand,8819,Daniil Glinka,8819,6-2 6-4
178445,172-2026,Roland Garros,"Paris, France",20260518,G,Qualifying 1st Round,0,1,2026-05-18T13:15Z,final,5,3812,Dalibor Svrcina,10222,Guy Den Ouden,3812,6-7(3) 6-3 6-2
178447,172-2026,Roland Garros,"Paris, France",20260518,G,Qualifying 1st Round,0,1,2026-05-18T13:30Z,final,5,10130,Martin Damm,10645,Toby Samuel,10645,7-6(11) 6-2
178452,172-2026,Roland Garros,"Paris, France",20260518,G,Qualifying 1st Round,0,1,2026-05-18T14:00Z,final,5,3533,Frederico Ferreira Silva,10155,Federico Agustin Gomez,10155,6-3 6-7(5) 6-3
178441,172-2026,Roland Garros,"Paris, France",20260518,G,Qualifying 1st Round,0,1,2026-05-18T14:10Z,final,5,2498,Nikoloz Basilashvili,9967,Pedro Boscardin Dias,9967,7-6(4) 6-4
178470,172-2026,Roland Garros,"Paris, France",20260518,G,Qualifying 1st Round,0,1,2026-05-18T14:10Z,final,5,10189,Juan Carlos Prado Angelo,2206,Mackenzie McDonald,10189,6-4 7-6(7)
178451,172-2026,Roland Garros,"Paris, France",20260518,G,Qualifying 1st Round,0,1,2026-05-18T14:45Z,final,5,10780,Alex Barrena,3562,Alexis Galarneau,3562,2-6 6-3 7-6(7)
178449,172-2026,Roland Garros,"Paris, France",20260518,G,Qualifying 1st Round,0,1,2026-05-18T14:55Z,final,5,14601,Federico Cina,2861,Yosuke Watanuki,14601,6-4 6-4
178450,172-2026,Roland Garros,"Paris, France",20260518,G,Qualifying 1st Round,0,1,2026-05-18T15:45Z,final,5,10140,Gonzalo Bueno,14274,Florent Bax,10140,6-0 7-6(2)
178443,172-2026,Roland Garros,"Paris, France",20260518,G,Qualifying 1st Round,0,1,2026-05-18T15:50Z,final,5,7794,Lukas Neumayer,2318,Alex Bolt,7794,6-0 6-1
178456,172-2026,Roland Garros,"Paris, France",20260518,G,Qualifying 1st Round,0,1,2026-05-18T16:00Z,final,5,3371,Nicolas Mejia,3979,Pablo Llamas Ruiz,3979,6-3 7-6(7)
178493,172-2026,Roland Garros,"Paris, France",20260518,G,Qualifying 1st Round,0,1,2026-05-18T16:05Z,final,5,3003,Charles Broom,10071,Ugo Blanchet,10071,4-6 7-6(9) 6-4
178481,172-2026,Roland Garros,"Paris, France",20260518,G,Qualifying 1st Round,0,1,2026-05-18T16:20Z,final,5,4015,Alejandro Moro Canas,2242,Stefano Napolitano,4015,4-6 7-6(4) 6-0
178442,172-2026,Roland Garros,"Paris, France",20260518,G,Qualifying 1st Round,0,1,2026-05-18T16:40Z,final,5,1317,Bernard Tomic,3696,Moez Echargui,1317,3-6 7-5 6-3
178477,172-2026,Roland Garros,"Paris, France",20260518,G,Qualifying 1st Round,0,1,2026-05-18T16:40Z,final,5,4026,Vitaliy Sachko,10126,Jack Pinnington Jones,4026,3-6 7-6(5) 7-5
178484,172-2026,Roland Garros,"Paris, France",20260518,G,Qualifying 1st Round,0,1,2026-05-18T17:10Z,final,5,11755,Vilius Gaubas,1841,Federico Coria,11755,6-4 6-1
178454,172-2026,Roland Garros,"Paris, France",20260518,G,Qualifying 1st Round,0,1,2026-05-18T17:30Z,final,5,10010,Joao Lucas Reis Da Silva,2834,Calvin Hemery,10010,6-4 6-4
178478,172-2026,Roland Garros,"Paris, France",20260518,G,Qualifying 1st Round,0,1,2026-05-19T09:40Z,final,5,3204,Jurij Rodionov,1769,Dusan Lajovic,3204,6-2 7-5
178480,172-2026,Roland Garros,"Paris, France",20260518,G,Qualifying 1st Round,0,1,2026-05-19T09:40Z,final,5,3449,Borna Gojo,10033,Sascha Gueymard Wayenburg,3449,6-3 6-4
178483,172-2026,Roland Garros,"Paris, France",20260518,G,Qualifying 1st Round,0,1,2026-05-19T09:40Z,final,5,15157,Colton Smith,8892,Alvaro Guillen Meza,15157,7-5 6-1
178471,172-2026,Roland Garros,"Paris, France",20260518,G,Qualifying 1st Round,0,1,2026-05-19T09:45Z,final,5,10168,James McCabe,3314,Zdenek Kolar,3314,6-3 7-6(1)
178473,172-2026,Roland Garros,"Paris, France",20260518,G,Qualifying 1st Round,0,1,2026-05-19T09:45Z,final,5,11398,Chak Lam Coleman Wong,2361,Billy Harris,11398,6-2 4-6 7-6(7)
178455,172-2026,Roland Garros,"Paris, France",20260518,G,Qualifying 1st Round,0,1,2026-05-19T09:50Z,final,5,10064,Gustavo Heide,3830,Dan Added,10064,6-3 6-0
178482,172-2026,Roland Garros,"Paris, France",20260518,G,Qualifying 1st Round,0,1,2026-05-19T10:40Z,final,5,10219,Jaime Faria,1287,Grigor Dimitrov,10219,3-6 7-5 7-6(6)
178437,172-2026,Roland Garros,"Paris, France",20260518,G,Qualifying 1st Round,0,1,2026-05-19T11:05Z,final,5,2635,Alex Molcan,3850,Oliver Crawford,2635,1-6 6-4 6-1
178439,172-2026,Roland Garros,"Paris, France",20260518,G,Qualifying 1st Round,0,1,2026-05-19T11:05Z,final,5,7599,Francesco Maestrelli,3798,Rio Noguchi,7599,3-6 7-6(4) 6-2
178433,172-2026,Roland Garros,"Paris, France",20260518,G,Qualifying 1st Round,0,1,2026-05-19T11:15Z,final,5,9982,Lautaro Midon,2012,Roberto Carballes Baena,2012,6-4 7-6(0)
178436,172-2026,Roland Garros,"Paris, France",20260518,G,Qualifying 1st Round,0,1,2026-05-19T11:20Z,final,5,14356,Matej Dodig,13444,Zhou Yi,14356,1-6 6-3 7-5
178446,172-2026,Roland Garros,"Paris, France",20260518,G,Qualifying 1st Round,0,1,2026-05-19T11:20Z,final,5,10143,Sean Cuenin,1849,Hugo Dellien,1849,6-4 6-4
178474,172-2026,Roland Garros,"Paris, France",20260518,G,Qualifying 1st Round,0,1,2026-05-19T13:10Z,final,5,2879,Aziz Dougaz,3998,Felix Gill,3998,6-3 1-6 6-4
178489,172-2026,Roland Garros,"Paris, France",20260518,G,Qualifying 1st Round,0,1,2026-05-19T13:45Z,final,5,1613,Pierre-Hugues Herbert,2011,Kaichi Uchida,1613,6-4 6-4
178444,172-2026,Roland Garros,"Paris, France",20260518,G,Qualifying 1st Round,0,1,2026-05-19T14:10Z,final,5,2936,Lorenzo Giustino,7509,Kyrian Jacquet,7509,6-3 7-6(4)
178479,172-2026,Roland Garros,"Paris, France",20260518,G,Qualifying 1st Round,0,1,2026-05-19T14:10Z,final,5,10248,Henrique Rocha,3110,Zsombor Piros,10248,6-4 7-6(4)
178487,172-2026,Roland Garros,"Paris, France",20260518,G,Qualifying 1st Round,0,1,2026-05-19T14:45Z,final,5,11915,Chris Rodesch,8243,Leandro Riedi,8243,6-2 7-6(4)
178491,172-2026,Roland Garros,"Paris, France",20260518,G,Qualifying 1st Round,0,1,2026-05-19T14:50Z,final,5,2720,Jan Choinski,11762,Andy Andrade,2720,7-6(4) 6-4
178492,172-2026,Roland Garros,"Paris, France",20260518,G,Qualifying 1st Round,0,1,2026-05-19T15:05Z,final,5,11751,Mark Lajal,2636,Roman Safiullin,2636,6-4 6-4
178435,172-2026,Roland Garros,"Paris, France",20260518,G,Qualifying 1st Round,0,1,2026-05-19T15:35Z,final,5,13871,Rei Sakamoto,2623,Pedro Martinez,2623,6-2 7-5
178476,172-2026,Roland Garros,"Paris, France",20260518,G,Qualifying 1st Round,0,1,2026-05-19T15:55Z,final,5,3650,Nerman Fatic,10321,Luka Mikrut,3650,6-4 6-4
178468,172-2026,Roland Garros,"Paris, France",20260518,G,Qualifying 1st Round,0,1,2026-05-19T16:05Z,final,5,3345,Thiago Seyboth Wild,3370,Yu Hsiou Hsu,3345,6-1 6-3
178490,172-2026,Roland Garros,"Paris, France",20260518,G,Qualifying 1st Round,0,1,2026-05-19T16:15Z,final,5,1586,Liam Broady,11564,Gianluca Cadenasso,11564,7-5 6-4
178486,172-2026,Roland Garros,"Paris, France",20260518,G,Qualifying 1st Round,0,1,2026-05-19T16:20Z,final,5,11457,Joel Josef Schwaerzler,8871,Clement Chidekh,11457,6-1 7-5
178469,172-2026,Roland Garros,"Paris, France",20260518,G,Qualifying 1st Round,0,1,2026-05-19T16:30Z,final,5,3772,Emilio Nava,11382,Bu Yunchaokete,3772,7-6(4) 7-6(3)
178499,172-2026,Roland Garros,"Paris, France",20260518,G,Qualifying 1st Round,0,1,2026-05-19T16:40Z,final,5,7491,Harold Mayot,9923,Tomas Barrios Vera,9923,6-4 1-6 6-3
178440,172-2026,Roland Garros,"Paris, France",20260518,G,Qualifying 1st Round,0,1,2026-05-19T16:45Z,final,5,2229,Elias Ymer,8621,Arthur Fery,8621,6-2 7-5
178498,172-2026,Roland Garros,"Paris, France",20260518,G,Qualifying 1st Round,0,1,2026-05-19T17:30Z,final,5,14707,Luka Pavlovic,4000,Harry Wendelken,14707,3-6 7-6(1) 6-2
178500,172-2026,Roland Garros,"Paris, France",20260518,G,Qualifying 1st Round,0,1,2026-05-19T17:45Z,final,5,4029,Tristan Schoolkate,2009,Kimmer Coppejans,4029,7-5 1-6 6-4
178488,172-2026,Roland Garros,"Paris, France",20260518,G,Qualifying 1st Round,0,1,2026-05-19T18:00Z,final,5,13829,Nicolai Budkov Kjaer,11756,Gilles Arnaud Bailly,13829,2-6 6-4 6-2
178485,172-2026,Roland Garros,"Paris, France",20260518,G,Qualifying 1st Round,0,1,2026-05-19T18:05Z,final,5,3752,Jerome Kym,11223,Tom Gentzsch,11223,6-2 6-3
178501,172-2026,Roland Garros,"Paris, France",20260518,G,Qualifying 1st Round,0,1,2026-05-19T18:25Z,final,5,11641,Darwin Blanch,3818,Timofey Skatov,11641,6-1 6-2
178503,172-2026,Roland Garros,"Paris, France",20260518,G,Qualifying 2nd Round,0,1,2026-05-20T08:05Z,final,5,3812,Dalibor Svrcina,10155,Federico Agustin Gomez,3812,7-6(3) 6-2
178506,172-2026,Roland Garros,"Paris, France",20260518,G,Qualifying 2nd Round,0,1,2026-05-20T08:05Z,final,5,12284,Stefanos Sakellaridis,1840,Marco Cecchinato,1840,6-3 7-6(2)
178520,172-2026,Roland Garros,"Paris, France",20260518,G,Qualifying 2nd Round,0,1,2026-05-20T08:05Z,final,5,3694,Facundo Diaz Acosta,7886,Remy Bertola,3694,6-4 6-3
178535,172-2026,Roland Garros,"Paris, France",20260518,G,Qualifying 2nd Round,0,1,2026-05-20T08:05Z,final,5,3897,Jesper de Jong,3778,Liam Draxl,3897,4-6 6-1 6-3
178536,172-2026,Roland Garros,"Paris, France",20260518,G,Qualifying 2nd Round,0,1,2026-05-20T08:05Z,final,5,12932,Michael Zheng,2682,Stefano Travaglia,12932,7-5 7-5
178538,172-2026,Roland Garros,"Paris, France",20260518,G,Qualifying 2nd Round,0,1,2026-05-20T08:05Z,final,5,14712,Thomas Faurel,2768,Jay Clarke,14712,6-4 6-3
178534,172-2026,Roland Garros,"Paris, France",20260518,G,Qualifying 2nd Round,0,1,2026-05-20T08:10Z,final,5,2627,Andrea Pellegrino,2863,Lloyd Harris,2627,3-6 6-0 6-3
178541,172-2026,Roland Garros,"Paris, France",20260518,G,Qualifying 2nd Round,0,1,2026-05-20T08:10Z,final,5,9029,August Holmgren,16565,Daniel Jade,9029,6-3 6-3
178512,172-2026,Roland Garros,"Paris, France",20260518,G,Qualifying 2nd Round,0,1,2026-05-20T10:05Z,final,5,14601,Federico Cina,1317,Bernard Tomic,14601,6-2 6-4
178519,172-2026,Roland Garros,"Paris, France",20260518,G,Qualifying 2nd Round,0,1,2026-05-20T10:15Z,final,5,10071,Ugo Blanchet,3979,Pablo Llamas Ruiz,3979,6-4 6-2
178510,172-2026,Roland Garros,"Paris, France",20260518,G,Qualifying 2nd Round,0,1,2026-05-20T10:35Z,final,5,10645,Toby Samuel,1360,David Goffin,10645,5-7 6-3 6-3
178539,172-2026,Roland Garros,"Paris, France",20260518,G,Qualifying 2nd Round,0,1,2026-05-20T10:35Z,final,5,10140,Gonzalo Bueno,4026,Vitaliy Sachko,10140,6-2 6-4
178532,172-2026,Roland Garros,"Paris, France",20260518,G,Qualifying 2nd Round,0,1,2026-05-20T10:55Z,final,5,8819,Daniil Glinka,10189,Juan Carlos Prado Angelo,10189,6-3 6-4
178537,172-2026,Roland Garros,"Paris, France",20260518,G,Qualifying 2nd Round,0,1,2026-05-20T11:05Z,final,5,4015,Alejandro Moro Canas,7794,Lukas Neumayer,7794,6-1 6-3
178515,172-2026,Roland Garros,"Paris, France",20260518,G,Qualifying 2nd Round,0,1,2026-05-20T11:45Z,final,5,9967,Pedro Boscardin Dias,3562,Alexis Galarneau,3562,4-6 6-3 6-4
178544,172-2026,Roland Garros,"Paris, France",20260518,G,Qualifying 2nd Round,0,1,2026-05-20T12:05Z,final,5,10064,Gustavo Heide,3204,Jurij Rodionov,3204,6-1 6-4
178511,172-2026,Roland Garros,"Paris, France",20260518,G,Qualifying 2nd Round,0,1,2026-05-20T12:15Z,final,5,10219,Jaime Faria,15157,Colton Smith,10219,6-1 3-6 6-3
178509,172-2026,Roland Garros,"Paris, France",20260518,G,Qualifying 2nd Round,0,1,2026-05-20T12:40Z,final,5,7599,Francesco Maestrelli,2012,Roberto Carballes Baena,2012,2-6 6-3 6-3
178504,172-2026,Roland Garros,"Paris, France",20260518,G,Qualifying 2nd Round,0,1,2026-05-20T12:45Z,final,5,11398,Chak Lam Coleman Wong,3314,Zdenek Kolar,11398,7-5 2-6 6-1
178516,172-2026,Roland Garros,"Paris, France",20260518,G,Qualifying 2nd Round,0,1,2026-05-20T13:40Z,final,5,10248,Henrique Rocha,3449,Borna Gojo,3449,6-3 3-6 7-6(9)
178507,172-2026,Roland Garros,"Paris, France",20260518,G,Qualifying 2nd Round,0,1,2026-05-20T13:55Z,final,5,2635,Alex Molcan,3998,Felix Gill,3998,2-6 7-5 7-6(9)
178533,172-2026,Roland Garros,"Paris, France",20260518,G,Qualifying 2nd Round,0,1,2026-05-20T14:00Z,final,5,8621,Arthur Fery,2623,Pedro Martinez,2623,7-6(3) 4-6 6-3
178505,172-2026,Roland Garros,"Paris, France",20260518,G,Qualifying 2nd Round,0,1,2026-05-20T14:05Z,final,5,3650,Nerman Fatic,7509,Kyrian Jacquet,7509,2-6 6-3 7-6(8)
178508,172-2026,Roland Garros,"Paris, France",20260518,G,Qualifying 2nd Round,0,1,2026-05-20T14:05Z,final,5,14356,Matej Dodig,1849,Hugo Dellien,1849,6-1 6-4
178514,172-2026,Roland Garros,"Paris, France",20260518,G,Qualifying 2nd Round,0,1,2026-05-20T14:30Z,wo,5,2720,Jan Choinski,1613,Pierre-Hugues Herbert,1613,
178540,172-2026,Roland Garros,"Paris, France",20260518,G,Qualifying 2nd Round,0,1,2026-05-20T14:40Z,final,5,11755,Vilius Gaubas,10010,Joao Lucas Reis Da Silva,11755,4-6 6-3 6-4
178518,172-2026,Roland Garros,"Paris, France",20260518,G,Qualifying 2nd Round,0,1,2026-05-20T15:15Z,final,5,13829,Nicolai Budkov Kjaer,11223,Tom Gentzsch,11223,7-6(2) 6-2
178543,172-2026,Roland Garros,"Paris, France",20260518,G,Qualifying 2nd Round,0,1,2026-05-20T15:15Z,final,5,11457,Joel Josef Schwaerzler,2636,Roman Safiullin,2636,6-4 6-4
178502,172-2026,Roland Garros,"Paris, France",20260518,G,Qualifying 2nd Round,0,1,2026-05-20T15:20Z,final,5,3772,Emilio Nava,3345,Thiago Seyboth Wild,3772,6-2 6-3
178542,172-2026,Roland Garros,"Paris, France",20260518,G,Qualifying 2nd Round,0,1,2026-05-20T15:20Z,final,5,14707,Luka Pavlovic,9923,Tomas Barrios Vera,14707,6-2 6-7(5) 6-2
178513,172-2026,Roland Garros,"Paris, France",20260518,G,Qualifying 2nd Round,0,1,2026-05-20T16:25Z,final,5,11564,Gianluca Cadenasso,8243,Leandro Riedi,8243,6-7(5) 6-4 7-5
178517,172-2026,Roland Garros,"Paris, France",20260518,G,Qualifying 2nd Round,0,1,2026-05-20T17:00Z,final,5,4029,Tristan Schoolkate,11641,Darwin Blanch,11641,6-4 6-4
178521,172-2026,Roland Garros,"Paris, France",20260518,G,Qualifying Final,0,1,2026-05-21T09:05Z,final,5,3897,Jesper de Jong,12932,Michael Zheng,12932,7-5 6-3
178549,172-2026,Roland Garros,"Paris, France",20260518,G,Qualifying Final,0,1,2026-05-21T09:05Z,final,5,1840,Marco Cecchinato,2627,Andrea Pellegrino,2627,7-6(5) 6-2
178557,172-2026,Roland Garros,"Paris, France",20260518,G,Qualifying Final,0,1,2026-05-21T09:05Z,final,5,9029,August Holmgren,3694,Facundo Diaz Acosta,3694,6-7(2) 6-4 6-2
178531,172-2026,Roland Garros,"Paris, France",20260518,G,Qualifying Final,0,1,2026-05-21T10:20Z,final,5,10645,Toby Samuel,10140,Gonzalo Bueno,10645,5-7 6-1 6-3
178552,172-2026,Roland Garros,"Paris, France",20260518,G,Qualifying Final,0,1,2026-05-21T11:35Z,final,5,3812,Dalibor Svrcina,14712,Thomas Faurel,14712,6-2 6-3
178522,172-2026,Roland Garros,"Paris, France",20260518,G,Qualifying Final,0,1,2026-05-21T12:20Z,final,5,11398,Chak Lam Coleman Wong,10189,Juan Carlos Prado Angelo,10189,6-4 3-6 6-3
178551,172-2026,Roland Garros,"Paris, France",20260518,G,Qualifying Final,0,1,2026-05-21T13:20Z,final,5,10219,Jaime Faria,7794,Lukas Neumayer,10219,6-3 7-6(9)
178527,172-2026,Roland Garros,"Paris, France",20260518,G,Qualifying Final,0,1,2026-05-22T09:05Z,final,5,2012,Roberto Carballes Baena,1849,Hugo Dellien,1849,6-3 3-6 6-1
178554,172-2026,Roland Garros,"Paris, France",20260518,G,Qualifying Final,0,1,2026-05-22T09:10Z,final,5,3449,Borna Gojo,3204,Jurij Rodionov,3204,7-5 6-3
178555,172-2026,Roland Garros,"Paris, France",20260518,G,Qualifying Final,0,1,2026-05-22T10:20Z,final,5,11755,Vilius Gaubas,3979,Pablo Llamas Ruiz,3979,6-3 6-1
178553,172-2026,Roland Garros,"Paris, France",20260518,G,Qualifying Final,0,1,2026-05-22T11:40Z,final,5,11223,Tom Gentzsch,2636,Roman Safiullin,2636,6-3 6-7(2) 6-4
178550,172-2026,Roland Garros,"Paris, France",20260518,G,Qualifying Final,0,1,2026-05-22T12:00Z,final,5,3772,Emilio Nava,2623,Pedro Martinez,3772,6-3 6-3
178556,172-2026,Roland Garros,"Paris, France",20260518,G,Qualifying Final,0,1,2026-05-22T12:55Z,final,5,11641,Darwin Blanch,14707,Luka Pavlovic,14707,6-2 6-4
178530,172-2026,Roland Garros,"Paris, France",20260518,G,Qualifying Final,0,1,2026-05-22T14:25Z,final,5,3998,Felix Gill,7509,Kyrian Jacquet,7509,7-6(5) 6-3
175656,172-2026,Roland Garros,"Paris, France",20260518,G,Round 1,1,0,2026-05-24T09:10Z,final,5,2367,Karen Khachanov,10427,Arthur Gea,2367,6-3 7-6(3) 6-0
175657,172-2026,Roland Garros,"Paris, France",20260518,G,Round 1,1,0,2026-05-24T09:10Z,ret,5,1857,James Duckworth,3885,Gabriel Diallo,1857,6-3 4-1 RET
175659,172-2026,Roland Garros,"Paris, France",20260518,G,Round 1,1,0,2026-05-24T09:10Z,final,5,3212,Alejandro Davidovich Fokina,1842,Damir Dzumhur,3212,6-7(3) 6-3 2-6 7-5 6-3
175660,172-2026,Roland Garros,"Paris, France",20260518,G,Round 1,1,0,2026-05-24T09:10Z,final,5,3979,Pablo Llamas Ruiz,4010,Thiago Agustin Tirante,4010,6-3 7-6(6) 6-7(5) 6-0
175743,172-2026,Roland Garros,"Paris, France",20260518,G,Round 1,1,0,2026-05-24T09:10Z,final,5,2874,Miomir Kecmanovic,9213,Fabian Marozsan,2874,7-6(0) 6-3 6-4
175680,172-2026,Roland Garros,"Paris, France",20260518,G,Round 1,1,0,2026-05-24T10:45Z,final,5,7509,Kyrian Jacquet,2278,Marco Trungelliti,2278,6-4 6-2 6-2
175678,172-2026,Roland Garros,"Paris, France",20260518,G,Round 1,1,0,2026-05-24T11:20Z,final,5,3811,Tomas Machac,3356,Zizou Bergs,3811,6-4 6-4 6-3
175666,172-2026,Roland Garros,"Paris, France",20260518,G,Round 1,1,0,2026-05-24T12:00Z,final,5,2355,Benjamin Bonzi,2375,Alexander Zverev,2375,6-3 6-4 6-2
175754,172-2026,Roland Garros,"Paris, France",20260518,G,Round 1,1,0,2026-05-24T12:45Z,final,5,8136,Titouan Droguet,10319,Jakub Mensik,10319,6-3 6-2 6-4
175664,172-2026,Roland Garros,"Paris, France",20260518,G,Round 1,1,0,2026-05-24T12:50Z,final,5,14601,Federico Cina,2952,Reilly Opelka,14601,3-6 6-4 6-2 6-7(6) 6-4
175752,172-2026,Roland Garros,"Paris, France",20260518,G,Round 1,1,0,2026-05-24T13:00Z,final,5,3739,Tomas Martin Etcheverry,4115,Nuno Borges,4115,6-3 6-4 6-2
175774,172-2026,Roland Garros,"Paris, France",20260518,G,Round 1,1,0,2026-05-24T13:30Z,final,5,12932,Michael Zheng,10105,Dino Prizmic,10105,6-1 6-1 6-3
175773,172-2026,Roland Garros,"Paris, France",20260518,G,Round 1,1,0,2026-05-24T15:20Z,final,5,11745,Joao Fonseca,14707,Luka Pavlovic,11745,7-6(6) 6-4 6-2
175676,172-2026,Roland Garros,"Paris, France",20260518,G,Round 1,1,0,2026-05-24T15:30Z,final,5,2362,Quentin Halys,10153,Mattia Bellucci,2362,6-3 7-6(4) 6-3
175772,172-2026,Roland Garros,"Paris, France",20260518,G,Round 1,1,0,2026-05-24T15:30Z,final,5,2946,Taylor Fritz,11083,Nishesh Basavareddy,11083,7-6(5) 7-6(5) 6-7(9) 6-1
175732,172-2026,Roland Garros,"Paris, France",20260518,G,Round 1,1,0,2026-05-24T15:40Z,final,5,11757,Alexander Blockx,11398,Chak Lam Coleman Wong,11757,6-3 6-4 6-2
175761,172-2026,Roland Garros,"Paris, France",20260518,G,Round 1,1,0,2026-05-24T15:40Z,final,5,8325,Hamad Medjedovic,3322,Yannick Hanfmann,8325,6-3 6-4 6-7(1) 6-4
175777,172-2026,Roland Garros,"Paris, France",20260518,G,Round 1,1,0,2026-05-24T18:05Z,final,5,3052,Lorenzo Sonego,1613,Pierre-Hugues Herbert,3052,7-6(3) 5-7 6-2 1-6 6-4
175775,172-2026,Roland Garros,"Paris, France",20260518,G,Round 1,1,0,2026-05-24T18:15Z,final,5,1849,Hugo Dellien,4022,Valentin Royer,4022,6-4 6-2 6-2
175770,172-2026,Roland Garros,"Paris, France",20260518,G,Round 1,1,0,2026-05-24T18:30Z,final,5,8885,Giovanni Mpetshi Perricard,296,Novak Djokovic,296,5-7 7-5 6-1 6-4
175662,172-2026,Roland Garros,"Paris, France",20260518,G,Round 1,1,0,2026-05-25T09:05Z,final,5,8710,Aleksandr Shevchenko,11400,Alex Michelsen,11400,6-2 6-4 6-2
175665,172-2026,Roland Garros,"Paris, France",20260518,G,Round 1,1,0,2026-05-25T09:05Z,final,5,3511,Arthur Rinderknech,3204,Jurij Rodionov,3511,7-6(5) 6-2 6-3
175654,172-2026,Roland Garros,"Paris, France",20260518,G,Round 1,1,0,2026-05-25T09:10Z,final,5,1590,Pablo Carreno Busta,3754,Jiri Lehecka,1590,6-3 7-6(3) 6-3
175667,172-2026,Roland Garros,"Paris, France",20260518,G,Round 1,1,0,2026-05-25T09:10Z,final,5,1862,Marton Fucsovics,2622,Matteo Berrettini,2622,6-7(2) 7-5 6-1 6-2
175736,172-2026,Roland Garros,"Paris, France",20260518,G,Round 1,1,0,2026-05-25T09:10Z,final,5,2651,Alex de Minaur,10645,Toby Samuel,2651,6-4 6-4 6-2
175696,172-2026,Roland Garros,"Paris, France",20260518,G,Round 1,1,0,2026-05-25T09:15Z,final,5,8814,Luca Van Assche,11755,Vilius Gaubas,8814,6-4 6-2 2-6 7-5
175689,172-2026,Roland Garros,"Paris, France",20260518,G,Round 1,1,0,2026-05-25T11:00Z,final,5,13158,Eliot Spizzirri,2708,Frances Tiafoe,2708,6-3 6-7(5) 6-4 6-3
175658,172-2026,Roland Garros,"Paris, France",20260518,G,Round 1,1,0,2026-05-25T11:05Z,final,5,3849,Aleksandar Kovacevic,12657,Rafael Jodar,12657,6-1 6-0 6-4
175672,172-2026,Roland Garros,"Paris, France",20260518,G,Round 1,1,0,2026-05-25T11:10Z,final,5,264,Stan Wawrinka,3897,Jesper de Jong,3897,6-3 3-6 6-3 6-4
175699,172-2026,Roland Garros,"Paris, France",20260518,G,Round 1,1,0,2026-05-25T11:10Z,final,5,1733,Roberto Bautista Agut,3774,Brandon Nakashima,3774,6-2 7-5 6-2
175653,172-2026,Roland Garros,"Paris, France",20260518,G,Round 1,1,0,2026-05-25T11:30Z,final,5,2320,Thanasi Kokkinakis,10638,Terence Atmane,2320,6-7(5) 6-2 4-6 6-3 7-5
175723,172-2026,Roland Garros,"Paris, France",20260518,G,Round 1,1,0,2026-05-25T12:25Z,final,5,9992,Mariano Navone,3621,Jenson Brooksby,9992,6-4 6-4 6-4
175766,172-2026,Roland Garros,"Paris, France",20260518,G,Round 1,1,0,2026-05-25T13:05Z,final,5,3772,Emilio Nava,3666,Camilo Ugo Carabelli,3666,7-6(10) 6-3 6-3
175674,172-2026,Roland Garros,"Paris, France",20260518,G,Round 1,1,0,2026-05-25T13:15Z,final,5,3085,Ugo Humbert,1266,Adrian Mannarino,3085,6-3 6-4 6-3
175681,172-2026,Roland Garros,"Paris, France",20260518,G,Round 1,1,0,2026-05-25T13:20Z,final,5,2709,Jaume Munar,2726,Hubert Hurkacz,2726,6-3 6-3 2-6 6-3
175779,172-2026,Roland Garros,"Paris, France",20260518,G,Round 1,1,0,2026-05-25T14:10Z,final,5,3716,Rinky Hijikata,2964,Tommy Paul,2964,4-6 6-3 7-5 6-4
175764,172-2026,Roland Garros,"Paris, France",20260518,G,Round 1,1,0,2026-05-25T14:20Z,final,5,11226,Ignacio Buse,2642,Andrey Rublev,2642,6-3 6-7(6) 6-3 7-5
175758,172-2026,Roland Garros,"Paris, France",20260518,G,Round 1,1,0,2026-05-25T14:55Z,final,5,2989,Casper Ruud,2636,Roman Safiullin,2989,6-2 7-6(5) 5-7 0-6 6-2
175686,172-2026,Roland Garros,"Paris, France",20260518,G,Round 1,1,0,2026-05-25T15:00Z,final,5,11222,Raphael Collignon,3471,Aleksandar Vukic,11222,6-3 6-3 7-6(4)
175713,172-2026,Roland Garros,"Paris, France",20260518,G,Round 1,1,0,2026-05-25T15:20Z,final,5,3700,Francisco Cerundolo,3310,Botic Van De Zandschulp,3700,6-3 6-4 6-7(7) 6-4
175738,172-2026,Roland Garros,"Paris, France",20260518,G,Round 1,1,0,2026-05-25T15:20Z,final,5,7602,Flavio Cobolli,2627,Andrea Pellegrino,7602,6-4 7-6(4) 6-3
175747,172-2026,Roland Garros,"Paris, France",20260518,G,Round 1,1,0,2026-05-25T16:05Z,final,5,2875,Wu Yibing,1993,Marcos Giron,2875,7-5 6-2 6-4
175694,172-2026,Roland Garros,"Paris, France",20260518,G,Round 1,1,0,2026-05-25T16:30Z,final,5,10239,Daniel Merida,9250,Ben Shelton,9250,6-3 6-3 6-4
175707,172-2026,Roland Garros,"Paris, France",20260518,G,Round 1,1,0,2026-05-25T18:30Z,final,5,3375,Hugo Gaston,242,Gael Monfils,3375,6-2 6-3 3-6 2-6 6-0
175701,172-2026,Roland Garros,"Paris, France",20260518,G,Round 1,1,0,2026-05-26T09:05Z,final,5,3093,Adam Walton,2383,Daniil Medvedev,3093,6-2 1-6 6-1 1-6 6-4
175718,172-2026,Roland Garros,"Paris, France",20260518,G,Round 1,1,0,2026-05-26T09:05Z,final,5,464,Marin Cilic,15473,Moise Kouame,15473,7-6(4) 6-2 6-1
175728,172-2026,Roland Garros,"Paris, France",20260518,G,Round 1,1,0,2026-05-26T09:05Z,final,5,2970,Alejandro Tabilo,2416,Kamil Majchrzak,2970,6-1 6-3 6-4
175691,172-2026,Roland Garros,"Paris, France",20260518,G,Round 1,1,0,2026-05-26T09:10Z,final,5,3319,Tallon Griekspoor,3793,Matteo Arnaldi,3793,6-7(9) 6-3 7-6(6) 6-3
175710,172-2026,Roland Garros,"Paris, France",20260518,G,Round 1,1,0,2026-05-26T09:10Z,final,5,2862,Alexei Popyrin,3953,Zachary Svajda,3953,3-6 6-3 7-6(3) 7-5
175721,172-2026,Roland Garros,"Paris, France",20260518,G,Round 1,1,0,2026-05-26T11:15Z,final,5,14712,Thomas Faurel,9376,Valentin Vacherot,9376,6-3 6-4 3-6 7-6(6)
175675,172-2026,Roland Garros,"Paris, France",20260518,G,Round 1,1,0,2026-05-26T11:40Z,final,5,11640,Martin Landaluce,10189,Juan Carlos Prado Angelo,11640,6-3 4-6 6-2 6-7(3) 6-4
175750,172-2026,Roland Garros,"Paris, France",20260518,G,Round 1,1,0,2026-05-26T11:40Z,final,5,3694,Facundo Diaz Acosta,3024,Zhang Zhizhen,3694,6-1 6-4 6-3
175683,172-2026,Roland Garros,"Paris, France",20260518,G,Round 1,1,0,2026-05-26T11:45Z,ret,5,3308,Alexandre Muller,2869,Stefanos Tsitsipas,2869,6-2 3-0 RET
175677,172-2026,Roland Garros,"Paris, France",20260518,G,Round 1,1,0,2026-05-26T12:10Z,final,5,3809,Vit Kopriva,2886,Corentin Moutet,3809,6-3 5-7 6-4 3-6 6-3
175716,172-2026,Roland Garros,"Paris, France",20260518,G,Round 1,1,0,2026-05-26T12:25Z,ret,5,2366,Cameron Norrie,11396,Adolfo Daniel Vallejo,11396,7-6(7) 2-0 RET
175705,172-2026,Roland Garros,"Paris, France",20260518,G,Round 1,1,0,2026-05-26T12:30Z,ret,5,3340,Sebastian Baez,4011,Roman Andres Burruchaga,4011,2-6 7-5 6-2 2-0 RET
175684,172-2026,Roland Garros,"Paris, France",20260518,G,Round 1,1,0,2026-05-26T13:10Z,final,5,2228,Cristian Garin,10386,Learner Tien,10386,6-0 2-6 6-0 6-2
175692,172-2026,Roland Garros,"Paris, France",20260518,G,Round 1,1,0,2026-05-26T14:25Z,final,5,2865,Alexander Bublik,2337,Jan-Lennard Struff,2337,7-5 6-7(6) 6-4 7-5
175693,172-2026,Roland Garros,"Paris, France",20260518,G,Round 1,1,0,2026-05-26T15:20Z,final,5,10219,Jaime Faria,2860,Denis Shapovalov,10219,6-4 7-5 6-4
175673,172-2026,Roland Garros,"Paris, France",20260518,G,Round 1,1,0,2026-05-26T15:55Z,final,5,11685,Jacob Fearnley,4008,Juan Manuel Cerundolo,4008,6-2 7-6(0) 7-6(7)
175669,172-2026,Roland Garros,"Paris, France",20260518,G,Round 1,1,0,2026-05-26T16:10Z,final,5,11383,Ethan Quinn,10044,Francisco Comesana,10044,6-4 7-6(8) 7-6(4)
175670,172-2026,Roland Garros,"Paris, France",20260518,G,Round 1,1,0,2026-05-26T16:10Z,final,5,3304,Sebastian Ofner,7833,Luciano Darderi,7833,7-6(5) 6-2 6-3
175703,172-2026,Roland Garros,"Paris, France",20260518,G,Round 1,1,0,2026-05-26T16:55Z,final,5,3209,Felix Auger-Aliassime,3203,Daniel Altmaier,3209,4-6 6-4 4-6 6-1 7-6(7)
175671,172-2026,Roland Garros,"Paris, France",20260518,G,Round 1,1,0,2026-05-26T18:30Z,final,5,3623,Jannik Sinner,3512,Clement Tabur,3623,6-1 6-3 6-4
175741,172-2026,Roland Garros,"Paris, France",20260518,G,Round 2,2,0,2026-05-27T09:00Z,wo,5,2651,Alex de Minaur,11757,Alexander Blockx,2651,
175757,172-2026,Roland Garros,"Paris, France",20260518,G,Round 2,2,0,2026-05-27T09:10Z,final,5,3212,Alejandro Davidovich Fokina,4010,Thiago Agustin Tirante,4010,4-6 7-6(4) 6-1 6-3
175765,172-2026,Roland Garros,"Paris, France",20260518,G,Round 2,2,0,2026-05-27T09:10Z,final,5,2367,Karen Khachanov,2278,Marco Trungelliti,2367,7-6(5) 5-7 6-1 7-6(4)
175768,172-2026,Roland Garros,"Paris, France",20260518,G,Round 2,2,0,2026-05-27T09:20Z,final,5,14601,Federico Cina,3897,Jesper de Jong,3897,6-3 6-1 6-3
175708,172-2026,Roland Garros,"Paris, France",20260518,G,Round 2,2,0,2026-05-27T11:00Z,final,5,3666,Camilo Ugo Carabelli,2642,Andrey Rublev,2642,6-1 1-6 6-3 7-6(5)
175687,172-2026,Roland Garros,"Paris, France",20260518,G,Round 2,2,0,2026-05-27T11:30Z,final,5,9992,Mariano Navone,10319,Jakub Mensik,10319,6-3 2-6 6-4 1-6 7-6(11)
175742,172-2026,Roland Garros,"Paris, France",20260518,G,Round 2,2,0,2026-05-27T13:30Z,ret,5,2320,Thanasi Kokkinakis,1590,Pablo Carreno Busta,1590,7-5 4-6 1-0 RET
175714,172-2026,Roland Garros,"Paris, France",20260518,G,Round 2,2,0,2026-05-27T13:35Z,final,5,4115,Nuno Borges,2874,Miomir Kecmanovic,4115,3-6 6-2 6-1 6-2
175731,172-2026,Roland Garros,"Paris, France",20260518,G,Round 2,2,0,2026-05-27T13:50Z,final,5,4022,Valentin Royer,296,Novak Djokovic,296,6-3 6-2 6-7(7) 6-3
175725,172-2026,Roland Garros,"Paris, France",20260518,G,Round 2,2,0,2026-05-27T14:15Z,final,5,1857,James Duckworth,12657,Rafael Jodar,12657,6-1 6-7(5) 6-4 7-5
175719,172-2026,Roland Garros,"Paris, France",20260518,G,Round 2,2,0,2026-05-27T14:35Z,final,5,11083,Nishesh Basavareddy,11400,Alex Michelsen,11400,7-6(5) 6-3 3-6 6-3
175763,172-2026,Roland Garros,"Paris, France",20260518,G,Round 2,2,0,2026-05-27T14:35Z,final,5,3085,Ugo Humbert,2362,Quentin Halys,2362,6-4 7-6(4) 7-6(8)
175735,172-2026,Roland Garros,"Paris, France",20260518,G,Round 2,2,0,2026-05-27T15:45Z,final,5,11745,Joao Fonseca,10105,Dino Prizmic,11745,3-6 4-6 6-3 6-1 6-2
175733,172-2026,Roland Garros,"Paris, France",20260518,G,Round 2,2,0,2026-05-27T18:00Z,final,5,3052,Lorenzo Sonego,2964,Tommy Paul,2964,6-3 6-2 6-4
175760,172-2026,Roland Garros,"Paris, France",20260518,G,Round 2,2,0,2026-05-27T18:30Z,final,5,3811,Tomas Machac,2375,Alexander Zverev,2375,6-4 6-2 6-2
175698,172-2026,Roland Garros,"Paris, France",20260518,G,Round 2,2,0,2026-05-27T18:50Z,final,5,2989,Casper Ruud,8325,Hamad Medjedovic,2989,6-3 6-2 6-4
175717,172-2026,Roland Garros,"Paris, France",20260518,G,Round 2,2,0,2026-05-28T09:05Z,final,5,11396,Adolfo Daniel Vallejo,15473,Moise Kouame,15473,6-3 7-5 3-6 2-6 7-6(8)
175711,172-2026,Roland Garros,"Paris, France",20260518,G,Round 2,2,0,2026-05-28T09:10Z,final,5,2337,Jan-Lennard Struff,10219,Jaime Faria,10219,7-5 7-6(1) 6-2
175724,172-2026,Roland Garros,"Paris, France",20260518,G,Round 2,2,0,2026-05-28T09:10Z,final,5,3694,Facundo Diaz Acosta,10386,Learner Tien,10386,7-5 4-6 3-6 7-6(4) 6-3
175729,172-2026,Roland Garros,"Paris, France",20260518,G,Round 2,2,0,2026-05-28T09:10Z,final,5,7602,Flavio Cobolli,2875,Wu Yibing,7602,6-4 6-4 6-4
175748,172-2026,Roland Garros,"Paris, France",20260518,G,Round 2,2,0,2026-05-28T09:10Z,final,5,3953,Zachary Svajda,3093,Adam Walton,3953,6-3 6-4 6-7(4) 6-2
175688,172-2026,Roland Garros,"Paris, France",20260518,G,Round 2,2,0,2026-05-28T10:05Z,final,5,3623,Jannik Sinner,4008,Juan Manuel Cerundolo,4008,3-6 2-6 7-5 6-1 6-1
175695,172-2026,Roland Garros,"Paris, France",20260518,G,Round 2,2,0,2026-05-28T10:55Z,final,5,2726,Hubert Hurkacz,2708,Frances Tiafoe,2708,6-7(5) 7-6(5) 6-4 6-7(1) 6-4
175739,172-2026,Roland Garros,"Paris, France",20260518,G,Round 2,2,0,2026-05-28T11:20Z,final,5,3700,Francisco Cerundolo,3375,Hugo Gaston,3700,2-6 6-4 6-2 6-1
175690,172-2026,Roland Garros,"Paris, France",20260518,G,Round 2,2,0,2026-05-28T12:15Z,final,5,11640,Martin Landaluce,3809,Vit Kopriva,11640,1-6 2-6 6-4 7-5 6-0
175726,172-2026,Roland Garros,"Paris, France",20260518,G,Round 2,2,0,2026-05-28T12:30Z,wo,5,2970,Alejandro Tabilo,9376,Valentin Vacherot,2970,
175697,172-2026,Roland Garros,"Paris, France",20260518,G,Round 2,2,0,2026-05-28T14:35Z,final,5,3209,Felix Auger-Aliassime,4011,Roman Andres Burruchaga,3209,4-6 6-0 7-5 6-1
175685,172-2026,Roland Garros,"Paris, France",20260518,G,Round 2,2,0,2026-05-28T15:25Z,final,5,10044,Francisco Comesana,7833,Luciano Darderi,10044,7-6(5) 4-6 6-4 2-6 6-4
175702,172-2026,Roland Garros,"Paris, France",20260518,G,Round 2,2,0,2026-05-28T16:30Z,final,5,8814,Luca Van Assche,3774,Brandon Nakashima,3774,6-7(5) 6-4 5-7 6-1 6-3
175706,172-2026,Roland Garros,"Paris, France",20260518,G,Round 2,2,0,2026-05-28T17:55Z,final,5,11222,Raphael Collignon,9250,Ben Shelton,11222,6-4 7-5 6-4
175704,172-2026,Roland Garros,"Paris, France",20260518,G,Round 2,2,0,2026-05-28T18:00Z,final,5,3793,Matteo Arnaldi,2869,Stefanos Tsitsipas,3793,7-6(2) 5-7 6-3 6-2
175682,172-2026,Roland Garros,"Paris, France",20260518,G,Round 2,2,0,2026-05-28T18:30Z,final,5,3511,Arthur Rinderknech,2622,Matteo Berrettini,2622,6-4 6-4 6-4
175700,172-2026,Roland Garros,"Paris, France",20260518,G,Round 3,3,0,2026-05-29T09:10Z,final,5,4115,Nuno Borges,2642,Andrey Rublev,2642,7-5 7-6(2) 7-6(2)
175755,172-2026,Roland Garros,"Paris, France",20260518,G,Round 3,3,0,2026-05-29T09:10Z,final,5,4010,Thiago Agustin Tirante,1590,Pablo Carreno Busta,1590,7-6(0) 7-5 3-6 6-4
175722,172-2026,Roland Garros,"Paris, France",20260518,G,Round 3,3,0,2026-05-29T11:10Z,final,5,11400,Alex Michelsen,12657,Rafael Jodar,12657,7-6(2) 6-7(5) 4-6 6-3 6-3
175730,172-2026,Roland Garros,"Paris, France",20260518,G,Round 3,3,0,2026-05-29T14:00Z,final,5,11745,Joao Fonseca,296,Novak Djokovic,11745,4-6 4-6 6-3 7-5 7-5
175753,172-2026,Roland Garros,"Paris, France",20260518,G,Round 3,3,0,2026-05-29T14:20Z,final,5,2367,Karen Khachanov,3897,Jesper de Jong,3897,7-5 5-7 6-2 6-7(2) 6-2
175709,172-2026,Roland Garros,"Paris, France",20260518,G,Round 3,3,0,2026-05-29T15:50Z,final,5,2651,Alex de Minaur,10319,Jakub Mensik,10319,0-6 6-2 6-2 6-3
175734,172-2026,Roland Garros,"Paris, France",20260518,G,Round 3,3,0,2026-05-29T16:30Z,final,5,2989,Casper Ruud,2964,Tommy Paul,2989,4-6 6-7(4) 6-4 7-6(4) 7-5
175745,172-2026,Roland Garros,"Paris, France",20260518,G,Round 3,3,0,2026-05-29T19:40Z,final,5,2362,Quentin Halys,2375,Alexander Zverev,2375,6-4 6-3 5-7 6-2
175715,172-2026,Roland Garros,"Paris, France",20260518,G,Round 3,3,0,2026-05-30T09:05Z,final,5,3700,Francisco Cerundolo,3953,Zachary Svajda,3953,6-3 6-4 3-6 4-6 6-3
175712,172-2026,Roland Garros,"Paris, France",20260518,G,Round 3,3,0,2026-05-30T10:05Z,final,5,7602,Flavio Cobolli,10386,Learner Tien,7602,6-2 6-2 6-3
175720,172-2026,Roland Garros,"Paris, France",20260518,G,Round 3,3,0,2026-05-30T11:40Z,final,5,2622,Matteo Berrettini,10044,Francisco Comesana,2622,7-6(3) 5-7 6-7(4) 6-4 7-6(13)
175727,172-2026,Roland Garros,"Paris, France",20260518,G,Round 3,3,0,2026-05-30T12:15Z,final,5,4008,Juan Manuel Cerundolo,11640,Martin Landaluce,4008,6-4 6-7(7) 7-6(4) 6-7(4) 7-6(8)
175744,172-2026,Roland Garros,"Paris, France",20260518,G,Round 3,3,0,2026-05-30T14:15Z,final,5,15473,Moise Kouame,2970,Alejandro Tabilo,2970,4-6 6-3 6-4 7-6(9)
175740,172-2026,Roland Garros,"Paris, France",20260518,G,Round 3,3,0,2026-05-30T15:00Z,final,5,3793,Matteo Arnaldi,11222,Raphael Collignon,3793,6-4 6-7(5) 5-7 6-4 7-6(4)
175737,172-2026,Roland Garros,"Paris, France",20260518,G,Round 3,3,0,2026-05-30T18:20Z,final,5,10219,Jaime Faria,2708,Frances Tiafoe,2708,4-6 6-7(2) 7-6(4) 6-1 6-2
175749,172-2026,Roland Garros,"Paris, France",20260518,G,Round 3,3,0,2026-05-30T18:50Z,final,5,3209,Felix Auger-Aliassime,3774,Brandon Nakashima,3209,5-7 6-1 7-6(4) 7-6(1)
175776,172-2026,Roland Garros,"Paris, France",20260518,G,Round 4,4,0,2026-05-31T11:25Z,final,5,12657,Rafael Jodar,1590,Pablo Carreno Busta,12657,4-6 4-6 6-1 6-2 6-2
175778,172-2026,Roland Garros,"Paris, France",20260518,G,Round 4,4,0,2026-05-31T13:45Z,final,5,3897,Jesper de Jong,2375,Alexander Zverev,2375,7-6(3) 6-4 6-1
175762,172-2026,Roland Garros,"Paris, France",20260518,G,Round 4,4,0,2026-05-31T17:25Z,final,5,10319,Jakub Mensik,2642,Andrey Rublev,10319,6-3 7-6(6) 4-6 2-6 6-3
175759,172-2026,Roland Garros,"Paris, France",20260518,G,Round 4,4,0,2026-05-31T18:30Z,final,5,2989,Casper Ruud,11745,Joao Fonseca,11745,7-5 7-6(8) 5-7 6-2
175767,172-2026,Roland Garros,"Paris, France",20260518,G,Round 4,4,0,2026-06-01T09:05Z,final,5,7602,Flavio Cobolli,3953,Zachary Svajda,7602,6-2 6-3 6-7(3) 7-6(5)
175756,172-2026,Roland Garros,"Paris, France",20260518,G,Round 4,4,0,2026-06-01T14:40Z,final,5,4008,Juan Manuel Cerundolo,2622,Matteo Berrettini,2622,6-3 7-6(2) 7-6(6)
175746,172-2026,Roland Garros,"Paris, France",20260518,G,Round 4,4,0,2026-06-01T15:10Z,final,5,3209,Felix Auger-Aliassime,2970,Alejandro Tabilo,3209,6-3 7-5 6-1
175751,172-2026,Roland Garros,"Paris, France",20260518,G,Round 4,4,0,2026-06-01T17:40Z,final,5,2708,Frances Tiafoe,3793,Matteo Arnaldi,3793,7-6(5) 6-7(5) 3-6 7-6(3) 6-4
175663,172-2026,Roland Garros,"Paris, France",20260518,G,Quarterfinal,10,0,2026-06-02T12:45Z,final,5,12657,Rafael Jodar,2375,Alexander Zverev,2375,7-6(3) 6-1 6-3
175661,172-2026,Roland Garros,"Paris, France",20260518,G,Quarterfinal,10,0,2026-06-02T18:30Z,final,5,10319,Jakub Mensik,11745,Joao Fonseca,10319,6-4 6-3 7-6(3)
175771,172-2026,Roland Garros,"Paris, France",20260518,G,Quarterfinal,10,0,2026-06-03T14:05Z,final,5,3209,Felix Auger-Aliassime,7602,Flavio Cobolli,7602,4-6 6-4 6-4 6-4
175769,172-2026,Roland Garros,"Paris, France",20260518,G,Quarterfinal,10,0,2026-06-03T18:30Z,ret,5,2622,Matteo Berrettini,3793,Matteo Arnaldi,3793,7-5 5-2 RET
175679,172-2026,Roland Garros,"Paris, France",20260518,G,Semifinal,11,0,2026-06-05T12:35Z,final,5,10319,Jakub Mensik,2375,Alexander Zverev,2375,7-5 6-2 3-6 6-3
175655,172-2026,Roland Garros,"Paris, France",20260518,G,Semifinal,11,0,2026-06-05T17:00Z,wo,5,3793,Matteo Arnaldi,7602,Flavio Cobolli,7602,
179658,415-2026,Libéma Open,"'s-Hertogenbosch, Netherlands",20260606,A,Qualifying 1st Round,0,1,2026-06-06T04:15Z,final,5,2355,Benjamin Bonzi,2624,Marc Polmans,2355,6-2 7-6(3)
179649,49-2026,Boss Open,"Stuttgart, Germany",20260606,A,Qualifying 1st Round,0,1,2026-06-06T09:00Z,final,5,2498,Nikoloz Basilashvili,3481,Marc-Andrea Huesler,3481,6-1 7-5
179651,49-2026,Boss Open,"Stuttgart, Germany",20260606,A,Qualifying 1st Round,0,1,2026-06-06T09:00Z,final,5,2725,Orlando Luz,10954,Gauthier Onclin,10954,6-1 6-3
179659,415-2026,Libéma Open,"'s-Hertogenbosch, Netherlands",20260606,A,Qualifying 1st Round,0,1,2026-06-06T09:00Z,final,5,10130,Martin Damm,10957,Max Houkes,10130,4-6 6-3 7-6(4)
179662,415-2026,Libéma Open,"'s-Hertogenbosch, Netherlands",20260606,A,Qualifying 1st Round,0,1,2026-06-06T09:00Z,final,5,12963,Thijmen Loof,2958,Juan Pablo Ficovich,2958,7-6(3) 4-6 6-2
179645,49-2026,Boss Open,"Stuttgart, Germany",20260606,A,Qualifying 1st Round,0,1,2026-06-06T10:30Z,final,5,3955,Luca Castelnuovo,3204,Jurij Rodionov,3204,6-1 6-4
179647,49-2026,Boss Open,"Stuttgart, Germany",20260606,A,Qualifying 1st Round,0,1,2026-06-06T10:30Z,final,5,3935,Sho Shimabukuro,12284,Stefanos Sakellaridis,3935,7-5 6-4
179663,415-2026,Libéma Open,"'s-Hertogenbosch, Netherlands",20260606,A,Qualifying 1st Round,0,1,2026-06-06T10:30Z,final,5,2206,Mackenzie McDonald,13238,Niels Visker,13238,7-6(7) 7-5
179664,415-2026,Libéma Open,"'s-Hertogenbosch, Netherlands",20260606,A,Qualifying 1st Round,0,1,2026-06-06T10:30Z,final,5,18441,Mac Visser,2229,Elias Ymer,2229,6-4 6-4
179648,49-2026,Boss Open,"Stuttgart, Germany",20260606,A,Qualifying 1st Round,0,1,2026-06-06T12:00Z,final,5,1613,Pierre-Hugues Herbert,8819,Daniil Glinka,1613,7-6(3) 6-4
179652,49-2026,Boss Open,"Stuttgart, Germany",20260606,A,Qualifying 1st Round,0,1,2026-06-06T12:00Z,final,5,3370,Yu Hsiou Hsu,3562,Alexis Galarneau,3562,4-6 6-4 6-4
179657,415-2026,Libéma Open,"'s-Hertogenbosch, Netherlands",20260606,A,Qualifying 1st Round,0,1,2026-06-06T12:00Z,final,5,3898,Alec Deckers,1317,Bernard Tomic,1317,6-2 6-3
179660,415-2026,Libéma Open,"'s-Hertogenbosch, Netherlands",20260606,A,Qualifying 1st Round,0,1,2026-06-06T12:00Z,final,5,13243,Sander Jong,7608,Shintaro Mochizuki,13243,4-6 6-3 6-4
179661,415-2026,Libéma Open,"'s-Hertogenbosch, Netherlands",20260606,A,Qualifying 1st Round,0,1,2026-06-06T12:00Z,final,5,11398,Chak Lam Coleman Wong,10168,James McCabe,10168,3-6 6-4 6-3
179646,49-2026,Boss Open,"Stuttgart, Germany",20260606,A,Qualifying 1st Round,0,1,2026-06-06T13:30Z,final,5,16098,Michalis Sakellaridis,16980,Mert Alkaya,16980,6-1 6-1
179650,49-2026,Boss Open,"Stuttgart, Germany",20260606,A,Qualifying 1st Round,0,1,2026-06-06T13:30Z,final,5,2636,Roman Safiullin,14190,Petr Bar Biryukov,2636,6-7(8) 7-6(1) 6-3
179654,49-2026,Boss Open,"Stuttgart, Germany",20260606,A,Qualifying Final,0,1,2026-06-07T09:00Z,final,5,3481,Marc-Andrea Huesler,10954,Gauthier Onclin,10954,7-6(1) 6-4
179655,49-2026,Boss Open,"Stuttgart, Germany",20260606,A,Qualifying Final,0,1,2026-06-07T09:00Z,final,5,3935,Sho Shimabukuro,3204,Jurij Rodionov,3935,7-6(4) 6-3
179666,415-2026,Libéma Open,"'s-Hertogenbosch, Netherlands",20260606,A,Qualifying Final,0,1,2026-06-07T09:00Z,final,5,10130,Martin Damm,2958,Juan Pablo Ficovich,10130,6-2 6-2
179653,49-2026,Boss Open,"Stuttgart, Germany",20260606,A,Qualifying Final,0,1,2026-06-07T10:30Z,final,5,2636,Roman Safiullin,3562,Alexis Galarneau,3562,6-4 6-7(1) 7-6(5)
179656,49-2026,Boss Open,"Stuttgart, Germany",20260606,A,Qualifying Final,0,1,2026-06-07T10:30Z,final,5,16980,Mert Alkaya,1613,Pierre-Hugues Herbert,1613,7-6(7) 6-4
179668,415-2026,Libéma Open,"'s-Hertogenbosch, Netherlands",20260606,A,Qualifying Final,0,1,2026-06-07T10:30Z,final,5,13238,Niels Visker,2229,Elias Ymer,2229,6-4 7-6(3)
179665,415-2026,Libéma Open,"'s-Hertogenbosch, Netherlands",20260606,A,Qualifying Final,0,1,2026-06-07T12:00Z,final,5,2355,Benjamin Bonzi,1317,Bernard Tomic,2355,6-7(5) 6-2 7-5
179667,415-2026,Libéma Open,"'s-Hertogenbosch, Netherlands",20260606,A,Qualifying Final,0,1,2026-06-07T12:00Z,final,5,10168,James McCabe,13243,Sander Jong,10168,7-6(5) 6-4
175668,172-2026,Roland Garros,"Paris, France",20260518,G,Final,13,0,2026-06-07T13:25Z,final,5,7602,Flavio Cobolli,2375,Alexander Zverev,2375,6-1 4-6 6-4 6-7(5) 6-1
177091,415-2026,Libéma Open,"'s-Hertogenbosch, Netherlands",20260606,A,Round 1,1,0,2026-06-08T09:05Z,final,5,4115,Nuno Borges,10638,Terence Atmane,4115,6-4 6-4
177047,49-2026,Boss Open,"Stuttgart, Germany",20260606,A,Round 1,1,0,2026-06-08T09:10Z,final,5,3212,Alejandro Davidovich Fokina,10153,Mattia Bellucci,10153,6-2 6-7(5) 6-1
177088,415-2026,Libéma Open,"'s-Hertogenbosch, Netherlands",20260606,A,Round 1,1,0,2026-06-08T10:30Z,final,5,2355,Benjamin Bonzi,15457,Mees Rottgering,2355,6-4 6-4
177049,49-2026,Boss Open,"Stuttgart, Germany",20260606,A,Round 1,1,0,2026-06-08T11:30Z,final,5,1613,Pierre-Hugues Herbert,11640,Martin Landaluce,11640,5-7 6-3 6-4
177090,415-2026,Libéma Open,"'s-Hertogenbosch, Netherlands",20260606,A,Round 1,1,0,2026-06-08T12:35Z,final,5,464,Marin Cilic,2860,Denis Shapovalov,464,6-7(5) 6-4 7-5
177039,49-2026,Boss Open,"Stuttgart, Germany",20260606,A,Round 1,1,0,2026-06-08T14:10Z,final,5,10954,Gauthier Onclin,9213,Fabian Marozsan,10954,7-6(6) 6-3
177089,415-2026,Libéma Open,"'s-Hertogenbosch, Netherlands",20260606,A,Round 1,1,0,2026-06-08T16:00Z,final,5,3085,Ugo Humbert,2229,Elias Ymer,3085,6-4 6-3
177050,49-2026,Boss Open,"Stuttgart, Germany",20260606,A,Round 1,1,0,2026-06-09T09:10Z,final,5,3322,Yannick Hanfmann,3849,Aleksandar Kovacevic,3322,7-6(5) 7-6(4)
177029,49-2026,Boss Open,"Stuttgart, Germany",20260606,A,Round 1,1,0,2026-06-09T09:15Z,final,5,1733,Roberto Bautista Agut,1993,Marcos Giron,1993,7-6(3) 7-5
177035,49-2026,Boss Open,"Stuttgart, Germany",20260606,A,Round 1,1,0,2026-06-09T09:50Z,final,5,2362,Quentin Halys,3935,Sho Shimabukuro,3935,6-4 6-2
177082,415-2026,Libéma Open,"'s-Hertogenbosch, Netherlands",20260606,A,Round 1,1,0,2026-06-09T09:50Z,final,5,2709,Jaume Munar,10130,Martin Damm,10130,6-4 6-4
177087,415-2026,Libéma Open,"'s-Hertogenbosch, Netherlands",20260606,A,Round 1,1,0,2026-06-09T09:50Z,final,5,3885,Gabriel Diallo,1266,Adrian Mannarino,1266,6-4 3-6 7-5
177040,49-2026,Boss Open,"Stuttgart, Germany",20260606,A,Round 1,1,0,2026-06-09T11:20Z,final,5,2636,Roman Safiullin,8885,Giovanni Mpetshi Perricard,8885,7-5 6-7(4) 7-6(4)
177092,415-2026,Libéma Open,"'s-Hertogenbosch, Netherlands",20260606,A,Round 1,1,0,2026-06-09T11:25Z,final,5,3024,Zhang Zhizhen,3621,Jenson Brooksby,3024,7-6(4) 5-7 6-1
177051,49-2026,Boss Open,"Stuttgart, Germany",20260606,A,Round 1,1,0,2026-06-09T12:10Z,final,5,2337,Jan-Lennard Struff,3562,Alexis Galarneau,2337,6-2 6-7(5) 6-3
177046,49-2026,Boss Open,"Stuttgart, Germany",20260606,A,Round 1,1,0,2026-06-09T13:00Z,final,5,11223,Tom Gentzsch,3716,Rinky Hijikata,3716,6-7(7) 7-6(2) 6-3
177045,49-2026,Boss Open,"Stuttgart, Germany",20260606,A,Round 1,1,0,2026-06-09T14:40Z,final,5,3203,Daniel Altmaier,2708,Frances Tiafoe,2708,7-6(3) 4-6 6-4
177041,49-2026,Boss Open,"Stuttgart, Germany",20260606,A,Round 1,1,0,2026-06-09T15:40Z,final,5,14709,Diego Dedura,1857,James Duckworth,1857,6-4 6-3
177033,49-2026,Boss Open,"Stuttgart, Germany",20260606,A,Round 1,1,0,2026-06-09T17:25Z,final,5,1984,Nick Kyrgios,2886,Corentin Moutet,1984,6-3 6-4
177032,49-2026,Boss Open,"Stuttgart, Germany",20260606,A,Round 2,2,0,2026-06-10T09:05Z,final,5,10153,Mattia Bellucci,3322,Yannick Hanfmann,10153,7-5 6-7(4) 6-2
177081,415-2026,Libéma Open,"'s-Hertogenbosch, Netherlands",20260606,A,Round 1,1,0,2026-06-10T09:05Z,final,5,10168,James McCabe,3356,Zizou Bergs,10168,6-7(2) 6-2 7-6(4)
177096,415-2026,Libéma Open,"'s-Hertogenbosch, Netherlands",20260606,A,Round 1,1,0,2026-06-10T09:05Z,final,5,14268,Thijs Boogaard,2875,Wu Yibing,14268,6-3 2-6 6-4
177038,49-2026,Boss Open,"Stuttgart, Germany",20260606,A,Round 2,2,0,2026-06-10T09:10Z,final,5,8885,Giovanni Mpetshi Perricard,10954,Gauthier Onclin,8885,7-6(1) 6-2
177083,415-2026,Libéma Open,"'s-Hertogenbosch, Netherlands",20260606,A,Round 1,1,0,2026-06-10T09:10Z,final,5,4099,Otto Virtanen,2416,Kamil Majchrzak,2416,6-7(7) 6-4 7-6(4)
177037,49-2026,Boss Open,"Stuttgart, Germany",20260606,A,Round 2,2,0,2026-06-10T11:55Z,final,5,2337,Jan-Lennard Struff,2865,Alexander Bublik,2865,7-6(3) 3-6 6-2
177076,415-2026,Libéma Open,"'s-Hertogenbosch, Netherlands",20260606,A,Round 1,1,0,2026-06-10T12:25Z,final,5,2726,Hubert Hurkacz,1862,Marton Fucsovics,1862,3-6 7-6(5) 7-6(4)
177093,415-2026,Libéma Open,"'s-Hertogenbosch, Netherlands",20260606,A,Round 1,1,0,2026-06-10T12:55Z,final,5,3319,Tallon Griekspoor,3310,Botic Van De Zandschulp,3319,6-2 6-7(2) 6-4
177102,415-2026,Libéma Open,"'s-Hertogenbosch, Netherlands",20260606,A,Round 2,2,0,2026-06-10T13:45Z,final,5,10130,Martin Damm,2651,Alex de Minaur,2651,7-6(8) 7-5
177100,415-2026,Libéma Open,"'s-Hertogenbosch, Netherlands",20260606,A,Round 2,2,0,2026-06-11T09:10Z,final,5,3085,Ugo Humbert,2355,Benjamin Bonzi,2355,6-4 3-6 6-3
177101,415-2026,Libéma Open,"'s-Hertogenbosch, Netherlands",20260606,A,Round 2,2,0,2026-06-11T10:45Z,final,5,1266,Adrian Mannarino,3511,Arthur Rinderknech,1266,7-6(5) 3-6 6-3
177055,49-2026,Boss Open,"Stuttgart, Germany",20260606,A,Round 2,2,0,2026-06-11T10:50Z,final,5,3754,Jiri Lehecka,1857,James Duckworth,3754,6-7(8) 6-4 7-6(3)
177052,49-2026,Boss Open,"Stuttgart, Germany",20260606,A,Round 2,2,0,2026-06-11T10:55Z,final,5,3716,Rinky Hijikata,2708,Frances Tiafoe,2708,6-4 6-4
177079,415-2026,Libéma Open,"'s-Hertogenbosch, Netherlands",20260606,A,Round 2,2,0,2026-06-11T11:00Z,final,5,3319,Tallon Griekspoor,3024,Zhang Zhizhen,3024,7-6(5) 6-4
177078,415-2026,Libéma Open,"'s-Hertogenbosch, Netherlands",20260606,A,Round 2,2,0,2026-06-11T11:05Z,final,5,2416,Kamil Majchrzak,10168,James McCabe,2416,6-0 6-3
177056,49-2026,Boss Open,"Stuttgart, Germany",20260606,A,Round 2,2,0,2026-06-11T12:30Z,final,5,3935,Sho Shimabukuro,1984,Nick Kyrgios,3935,4-6 7-6(5) 6-4
177084,415-2026,Libéma Open,"'s-Hertogenbosch, Netherlands",20260606,A,Round 2,2,0,2026-06-11T12:55Z,final,5,3209,Felix Auger-Aliassime,1862,Marton Fucsovics,3209,6-3 6-4
177030,49-2026,Boss Open,"Stuttgart, Germany",20260606,A,Round 2,2,0,2026-06-11T14:45Z,final,5,11640,Martin Landaluce,2946,Taylor Fritz,2946,6-7(4) 7-5 7-6(3)
177099,415-2026,Libéma Open,"'s-Hertogenbosch, Netherlands",20260606,A,Quarterfinal,10,0,2026-06-12T09:15Z,final,5,3024,Zhang Zhizhen,1266,Adrian Mannarino,1266,7-6(4) 6-3
177077,415-2026,Libéma Open,"'s-Hertogenbosch, Netherlands",20260606,A,Round 2,2,0,2026-06-12T11:05Z,final,5,2383,Daniil Medvedev,14268,Thijs Boogaard,2383,6-3 4-6 7-6(6)
177080,415-2026,Libéma Open,"'s-Hertogenbosch, Netherlands",20260606,A,Round 2,2,0,2026-06-12T11:50Z,final,5,4115,Nuno Borges,464,Marin Cilic,464,3-6 7-6(5) 6-3
177097,415-2026,Libéma Open,"'s-Hertogenbosch, Netherlands",20260606,A,Quarterfinal,10,0,2026-06-12T13:05Z,final,5,2355,Benjamin Bonzi,2651,Alex de Minaur,2651,6-2 6-4
177044,49-2026,Boss Open,"Stuttgart, Germany",20260606,A,Quarterfinal,10,0,2026-06-12T13:40Z,final,5,8885,Giovanni Mpetshi Perricard,2865,Alexander Bublik,2865,7-6(5) 7-6(3)
177053,49-2026,Boss Open,"Stuttgart, Germany",20260606,A,Round 2,2,0,2026-06-12T13:40Z,final,5,9250,Ben Shelton,1993,Marcos Giron,9250,6-7(4) 6-4 7-6(5)
177095,415-2026,Libéma Open,"'s-Hertogenbosch, Netherlands",20260606,A,Quarterfinal,10,0,2026-06-12T14:30Z,final,5,3209,Felix Auger-Aliassime,2416,Kamil Majchrzak,2416,6-4 6-3
177042,49-2026,Boss Open,"Stuttgart, Germany",20260606,A,Quarterfinal,10,0,2026-06-12T15:20Z,final,5,10153,Mattia Bellucci,2946,Taylor Fritz,2946,5-7 7-5 7-5
177034,49-2026,Boss Open,"Stuttgart, Germany",20260606,A,Quarterfinal,10,0,2026-06-12T15:55Z,final,5,3754,Jiri Lehecka,2708,Frances Tiafoe,3754,6-4 7-6(4)
179740,27-2026,Terra Wortmann Open,"Halle, Germany",20260613,A,Qualifying 1st Round,0,1,2026-06-13T09:00Z,final,5,3052,Lorenzo Sonego,10040,Filip Cristian Jianu,3052,7-5 6-3
179743,27-2026,Terra Wortmann Open,"Halle, Germany",20260613,A,Qualifying 1st Round,0,1,2026-06-13T09:00Z,final,5,14709,Diego Dedura,2498,Nikoloz Basilashvili,2498,7-6(6) 6-3
177036,49-2026,Boss Open,"Stuttgart, Germany",20260606,A,Quarterfinal,10,0,2026-06-13T10:05Z,final,5,9250,Ben Shelton,3935,Sho Shimabukuro,9250,4-6 6-3 6-4
179738,27-2026,Terra Wortmann Open,"Halle, Germany",20260613,A,Qualifying 1st Round,0,1,2026-06-13T10:30Z,final,5,16489,Benito Sanchez Martinez,1733,Roberto Bautista Agut,1733,7-5 6-2
179741,27-2026,Terra Wortmann Open,"Halle, Germany",20260613,A,Qualifying 1st Round,0,1,2026-06-13T10:30Z,final,5,12292,Tiago Pereira,11223,Tom Gentzsch,11223,7-5 7-6(5)
179744,27-2026,Terra Wortmann Open,"Halle, Germany",20260613,A,Qualifying 1st Round,0,1,2026-06-13T10:30Z,final,5,16812,Jamie Mackenzie,2318,Alex Bolt,2318,4-6 6-1 7-6(3)
179732,129-2026,HSBC Championships,"London, Great Britain",20260613,A,Qualifying 1st Round,0,1,2026-06-13T11:00Z,final,5,3953,Zachary Svajda,1586,Liam Broady,3953,7-5 6-2
177094,415-2026,Libéma Open,"'s-Hertogenbosch, Netherlands",20260606,A,Quarterfinal,10,0,2026-06-13T11:30Z,final,5,2383,Daniil Medvedev,464,Marin Cilic,2383,6-2 3-6 6-1
177057,49-2026,Boss Open,"Stuttgart, Germany",20260606,A,Semifinal,11,0,2026-06-13T11:35Z,final,5,2865,Alexander Bublik,2946,Taylor Fritz,2946,6-4 6-4
179730,129-2026,HSBC Championships,"London, Great Britain",20260613,A,Qualifying 1st Round,0,1,2026-06-13T12:30Z,final,5,1857,James Duckworth,3471,Aleksandar Vukic,3471,6-3 6-2
179731,129-2026,HSBC Championships,"London, Great Britain",20260613,A,Qualifying 1st Round,0,1,2026-06-13T12:30Z,final,5,4000,Harry Wendelken,3093,Adam Walton,4000,6-3 6-7(5) 6-3
179733,129-2026,HSBC Championships,"London, Great Britain",20260613,A,Qualifying 1st Round,0,1,2026-06-13T12:30Z,final,5,3849,Aleksandar Kovacevic,2625,Michael Mmoh,3849,7-6(4) 6-4
179739,27-2026,Terra Wortmann Open,"Halle, Germany",20260613,A,Qualifying 1st Round,0,1,2026-06-13T12:30Z,final,5,11222,Raphael Collignon,2879,Aziz Dougaz,11222,6-4 6-2
179742,27-2026,Terra Wortmann Open,"Halle, Germany",20260613,A,Qualifying 1st Round,0,1,2026-06-13T12:30Z,final,5,11640,Martin Landaluce,3481,Marc-Andrea Huesler,11640,3-6 6-3 7-6(8)
179745,27-2026,Terra Wortmann Open,"Halle, Germany",20260613,A,Qualifying 1st Round,0,1,2026-06-13T12:30Z,final,5,10153,Mattia Bellucci,1141,Mikhail Kukushkin,10153,6-4 6-3
177058,49-2026,Boss Open,"Stuttgart, Germany",20260606,A,Semifinal,11,0,2026-06-13T13:35Z,final,5,9250,Ben Shelton,3754,Jiri Lehecka,9250,6-7(4) 7-6(14) 7-6(6)
177103,415-2026,Libéma Open,"'s-Hertogenbosch, Netherlands",20260606,A,Semifinal,11,0,2026-06-13T13:45Z,final,5,1266,Adrian Mannarino,2651,Alex de Minaur,2651,6-4 6-0
179728,129-2026,HSBC Championships,"London, Great Britain",20260613,A,Qualifying 1st Round,0,1,2026-06-13T14:30Z,final,5,10105,Dino Prizmic,3716,Rinky Hijikata,3716,4-6 6-4 7-5
179729,129-2026,HSBC Championships,"London, Great Britain",20260613,A,Qualifying 1st Round,0,1,2026-06-13T14:30Z,final,5,12955,Johannus Monday,8885,Giovanni Mpetshi Perricard,8885,6-4 6-3
177104,415-2026,Libéma Open,"'s-Hertogenbosch, Netherlands",20260606,A,Semifinal,11,0,2026-06-13T15:25Z,final,5,2416,Kamil Majchrzak,2383,Daniil Medvedev,2416,7-6(4) 6-1
179746,27-2026,Terra Wortmann Open,"Halle, Germany",20260613,A,Qualifying Final,0,1,2026-06-14T10:30Z,final,5,11222,Raphael Collignon,1733,Roberto Bautista Agut,11222,6-2 6-4
179748,27-2026,Terra Wortmann Open,"Halle, Germany",20260613,A,Qualifying Final,0,1,2026-06-14T10:30Z,final,5,3052,Lorenzo Sonego,2498,Nikoloz Basilashvili,2498,6-4 6-4
179734,129-2026,HSBC Championships,"London, Great Britain",20260613,A,Qualifying Final,0,1,2026-06-14T11:00Z,final,5,3953,Zachary Svajda,10130,Martin Damm,10130,6-3 7-6(2)
179737,129-2026,HSBC Championships,"London, Great Britain",20260613,A,Qualifying Final,0,1,2026-06-14T11:00Z,final,5,3471,Aleksandar Vukic,4000,Harry Wendelken,4000,7-6(7) 6-1
179747,27-2026,Terra Wortmann Open,"Halle, Germany",20260613,A,Qualifying Final,0,1,2026-06-14T12:00Z,final,5,10153,Mattia Bellucci,2318,Alex Bolt,10153,6-7(5) 7-5 6-3
177059,49-2026,Boss Open,"Stuttgart, Germany",20260606,A,Final,13,0,2026-06-14T12:10Z,final,5,9250,Ben Shelton,2946,Taylor Fritz,9250,6-4 2-6 6-4
179735,129-2026,HSBC Championships,"London, Great Britain",20260613,A,Qualifying Final,0,1,2026-06-14T12:30Z,final,5,3716,Rinky Hijikata,1993,Marcos Giron,3716,7-5 6-7(4) 6-1
179736,129-2026,HSBC Championships,"London, Great Britain",20260613,A,Qualifying Final,0,1,2026-06-14T12:30Z,final,5,3849,Aleksandar Kovacevic,8885,Giovanni Mpetshi Perricard,8885,6-3 6-4
177105,415-2026,Libéma Open,"'s-Hertogenbosch, Netherlands",20260606,A,Final,13,0,2026-06-14T12:35Z,final,5,2416,Kamil Majchrzak,2651,Alex de Minaur,2416,6-3 2-6 7-6(5)
177175,27-2026,Terra Wortmann Open,"Halle, Germany",20260613,A,Round 1,1,0,2026-06-15T09:35Z,final,5,10883,Max Schoenhaus,10386,Learner Tien,10386,6-2 6-4
177126,129-2026,HSBC Championships,"London, Great Britain",20260613,A,Round 1,1,0,2026-06-15T10:35Z,final,5,3310,Botic Van De Zandschulp,4000,Harry Wendelken,3310,6-4 7-6(5)
177180,27-2026,Terra Wortmann Open,"Halle, Germany",20260613,A,Round 1,1,0,2026-06-15T11:05Z,final,5,2498,Nikoloz Basilashvili,3203,Daniel Altmaier,3203,7-5 6-4
177179,27-2026,Terra Wortmann Open,"Halle, Germany",20260613,A,Round 1,1,0,2026-06-15T11:30Z,final,5,10638,Terence Atmane,11640,Martin Landaluce,10638,6-3 3-6 7-6(2)
177178,27-2026,Terra Wortmann Open,"Halle, Germany",20260613,A,Round 1,1,0,2026-06-15T12:50Z,final,5,4115,Nuno Borges,3209,Felix Auger-Aliassime,3209,6-3 3-6 6-3
177121,129-2026,HSBC Championships,"London, Great Britain",20260613,A,Round 1,1,0,2026-06-15T13:25Z,final,5,2964,Tommy Paul,3953,Zachary Svajda,2964,7-5 6-3
177182,27-2026,Terra Wortmann Open,"Halle, Germany",20260613,A,Round 1,1,0,2026-06-15T15:00Z,final,5,7602,Flavio Cobolli,2708,Frances Tiafoe,2708,6-2 7-6(4)
177135,129-2026,HSBC Championships,"London, Great Britain",20260613,A,Round 1,1,0,2026-06-15T15:05Z,final,5,10126,Jack Pinnington Jones,2860,Denis Shapovalov,2860,6-4 4-6 7-6(3)
177174,27-2026,Terra Wortmann Open,"Halle, Germany",20260613,A,Round 1,1,0,2026-06-16T09:35Z,final,5,10153,Mattia Bellucci,2865,Alexander Bublik,10153,7-6(6) 6-1
177169,27-2026,Terra Wortmann Open,"Halle, Germany",20260613,A,Round 1,1,0,2026-06-16T09:40Z,final,5,2367,Karen Khachanov,11383,Ethan Quinn,11383,1-6 6-4 6-4
177172,27-2026,Terra Wortmann Open,"Halle, Germany",20260613,A,Round 1,1,0,2026-06-16T09:40Z,final,5,2862,Alexei Popyrin,11222,Raphael Collignon,11222,6-4 6-2
177130,129-2026,HSBC Championships,"London, Great Britain",20260613,A,Round 1,1,0,2026-06-16T10:35Z,final,5,10319,Jakub Mensik,1266,Adrian Mannarino,1266,5-7 7-6(3) 7-6(5)
177143,129-2026,HSBC Championships,"London, Great Britain",20260613,A,Round 1,1,0,2026-06-16T10:35Z,final,5,3774,Brandon Nakashima,1862,Marton Fucsovics,3774,6-3 6-3
177141,129-2026,HSBC Championships,"London, Great Britain",20260613,A,Round 1,1,0,2026-06-16T10:40Z,final,5,11226,Ignacio Buse,1993,Marcos Giron,11226,3-6 7-5 7-6(8)
177176,27-2026,Terra Wortmann Open,"Halle, Germany",20260613,A,Round 1,1,0,2026-06-16T11:05Z,final,5,3319,Tallon Griekspoor,3935,Sho Shimabukuro,3935,6-4 3-6 6-4
177181,27-2026,Terra Wortmann Open,"Halle, Germany",20260613,A,Round 1,1,0,2026-06-16T11:10Z,final,5,11745,Joao Fonseca,3322,Yannick Hanfmann,3322,6-2 6-2
177170,27-2026,Terra Wortmann Open,"Halle, Germany",20260613,A,Round 1,1,0,2026-06-16T12:00Z,final,5,2642,Andrey Rublev,2726,Hubert Hurkacz,2726,6-3 6-2
177128,129-2026,HSBC Championships,"London, Great Britain",20260613,A,Round 1,1,0,2026-06-16T12:05Z,final,5,8621,Arthur Fery,10645,Toby Samuel,8621,6-0 6-2
177167,27-2026,Terra Wortmann Open,"Halle, Germany",20260613,A,Round 1,1,0,2026-06-16T13:10Z,final,5,2375,Alexander Zverev,3809,Vit Kopriva,2375,6-3 4-6 6-2
177132,129-2026,HSBC Championships,"London, Great Britain",20260613,A,Round 1,1,0,2026-06-16T13:30Z,final,5,3849,Aleksandar Kovacevic,3700,Francisco Cerundolo,3700,6-4 6-7(5) 6-2
177168,27-2026,Terra Wortmann Open,"Halle, Germany",20260613,A,Round 1,1,0,2026-06-16T13:30Z,final,5,9213,Fabian Marozsan,2874,Miomir Kecmanovic,9213,6-3 3-6 6-4
177124,129-2026,HSBC Championships,"London, Great Britain",20260613,A,Round 1,1,0,2026-06-16T13:35Z,final,5,8885,Giovanni Mpetshi Perricard,2886,Corentin Moutet,2886,6-7(5) 6-4 7-6(5)
177133,129-2026,HSBC Championships,"London, Great Britain",20260613,A,Round 1,1,0,2026-06-16T13:35Z,final,5,3621,Jenson Brooksby,10130,Martin Damm,3621,6-4 3-6 6-3
177138,129-2026,HSBC Championships,"London, Great Britain",20260613,A,Round 1,1,0,2026-06-16T14:45Z,final,5,2651,Alex de Minaur,3885,Gabriel Diallo,2651,7-6(8) 6-3
177136,129-2026,HSBC Championships,"London, Great Britain",20260613,A,Round 1,1,0,2026-06-16T15:25Z,final,5,3511,Arthur Rinderknech,8325,Hamad Medjedovic,8325,7-6(5) 7-6(4)
177144,129-2026,HSBC Championships,"London, Great Britain",20260613,A,Round 1,1,0,2026-06-16T15:40Z,final,5,3085,Ugo Humbert,464,Marin Cilic,3085,7-5 6-3
177184,27-2026,Terra Wortmann Open,"Halle, Germany",20260613,A,Round 1,1,0,2026-06-16T15:40Z,final,5,3739,Tomas Martin Etcheverry,2383,Daniil Medvedev,2383,6-3 6-4
177142,129-2026,HSBC Championships,"London, Great Britain",20260613,A,Round 1,1,0,2026-06-16T16:05Z,final,5,3716,Rinky Hijikata,2970,Alejandro Tabilo,3716,6-2 6-4
177139,129-2026,HSBC Championships,"London, Great Britain",20260613,A,Round 1,1,0,2026-06-16T17:05Z,final,5,2366,Cameron Norrie,3212,Alejandro Davidovich Fokina,3212,7-6(6) 6-2
177131,129-2026,HSBC Championships,"London, Great Britain",20260613,A,Round 1,1,0,2026-06-16T17:20Z,final,5,2416,Kamil Majchrzak,3754,Jiri Lehecka,3754,7-5 7-6(4)
177171,27-2026,Terra Wortmann Open,"Halle, Germany",20260613,A,Round 1,1,0,2026-06-17T09:35Z,final,5,3356,Zizou Bergs,2946,Taylor Fritz,2946,7-6(4) 5-7 6-4
177134,129-2026,HSBC Championships,"London, Great Britain",20260613,A,Round 2,2,0,2026-06-17T10:35Z,final,5,3774,Brandon Nakashima,11226,Ignacio Buse,3774,6-2 6-2
177185,27-2026,Terra Wortmann Open,"Halle, Germany",20260613,A,Round 2,2,0,2026-06-17T11:35Z,final,5,2708,Frances Tiafoe,3935,Sho Shimabukuro,2708,6-4 7-5
177129,129-2026,HSBC Championships,"London, Great Britain",20260613,A,Round 2,2,0,2026-06-17T12:10Z,final,5,2651,Alex de Minaur,2860,Denis Shapovalov,2651,6-4 6-1
177173,27-2026,Terra Wortmann Open,"Halle, Germany",20260613,A,Round 1,1,0,2026-06-17T12:10Z,final,5,9250,Ben Shelton,3052,Lorenzo Sonego,9250,7-5 6-3
177123,129-2026,HSBC Championships,"London, Great Britain",20260613,A,Round 2,2,0,2026-06-17T13:35Z,final,5,1266,Adrian Mannarino,8621,Arthur Fery,8621,7-6(7) 6-4
177189,27-2026,Terra Wortmann Open,"Halle, Germany",20260613,A,Round 2,2,0,2026-06-17T13:35Z,final,5,2726,Hubert Hurkacz,3203,Daniel Altmaier,3203,3-6 6-3 7-5
177183,27-2026,Terra Wortmann Open,"Halle, Germany",20260613,A,Round 2,2,0,2026-06-17T13:45Z,final,5,10386,Learner Tien,3209,Felix Auger-Aliassime,3209,6-7(5) 7-5 7-6(5)
177122,129-2026,HSBC Championships,"London, Great Britain",20260613,A,Round 2,2,0,2026-06-17T15:35Z,final,5,3621,Jenson Brooksby,3700,Francisco Cerundolo,3700,6-0 6-4
177186,27-2026,Terra Wortmann Open,"Halle, Germany",20260613,A,Round 2,2,0,2026-06-17T16:40Z,final,5,10638,Terence Atmane,2383,Daniil Medvedev,2383,6-4 6-4
177190,27-2026,Terra Wortmann Open,"Halle, Germany",20260613,A,Round 2,2,0,2026-06-18T09:40Z,final,5,9213,Fabian Marozsan,2946,Taylor Fritz,2946,6-2 6-4
177125,129-2026,HSBC Championships,"London, Great Britain",20260613,A,Round 2,2,0,2026-06-18T10:40Z,final,5,2886,Corentin Moutet,3212,Alejandro Davidovich Fokina,3212,6-4 6-3
177187,27-2026,Terra Wortmann Open,"Halle, Germany",20260613,A,Round 2,2,0,2026-06-18T11:10Z,final,5,9250,Ben Shelton,11383,Ethan Quinn,9250,6-4 5-7 6-4
177127,129-2026,HSBC Championships,"London, Great Britain",20260613,A,Round 2,2,0,2026-06-18T12:40Z,final,5,2964,Tommy Paul,3310,Botic Van De Zandschulp,2964,7-6(5) 6-3
177177,27-2026,Terra Wortmann Open,"Halle, Germany",20260613,A,Round 2,2,0,2026-06-18T13:50Z,final,5,2375,Alexander Zverev,3322,Yannick Hanfmann,2375,6-3 7-6(4)
177137,129-2026,HSBC Championships,"London, Great Britain",20260613,A,Round 2,2,0,2026-06-18T14:35Z,final,5,3716,Rinky Hijikata,3754,Jiri Lehecka,3716,4-6 7-5 7-6(7)
177188,27-2026,Terra Wortmann Open,"Halle, Germany",20260613,A,Round 2,2,0,2026-06-18T15:30Z,final,5,11222,Raphael Collignon,10153,Mattia Bellucci,11222,4-6 6-4 6-3
177191,27-2026,Terra Wortmann Open,"Halle, Germany",20260613,A,Quarterfinal,10,0,2026-06-19T09:40Z,final,5,9250,Ben Shelton,2946,Taylor Fritz,2946,6-7(5) 7-6(8) 7-6(3)
177148,129-2026,HSBC Championships,"London, Great Britain",20260613,A,Quarterfinal,10,0,2026-06-19T10:40Z,final,5,2651,Alex de Minaur,3774,Brandon Nakashima,3774,7-5 6-3
177140,129-2026,HSBC Championships,"London, Great Britain",20260613,A,Round 2,2,0,2026-06-19T12:25Z,final,5,8325,Hamad Medjedovic,3085,Ugo Humbert,3085,2-6 7-6(4) 7-6(5)
177192,27-2026,Terra Wortmann Open,"Halle, Germany",20260613,A,Quarterfinal,10,0,2026-06-19T12:45Z,final,5,2375,Alexander Zverev,11222,Raphael Collignon,2375,7-6(10) 7-6(2)
177147,129-2026,HSBC Championships,"London, Great Britain",20260613,A,Quarterfinal,10,0,2026-06-19T13:45Z,final,5,8621,Arthur Fery,3700,Francisco Cerundolo,3700,7-6(1) 3-6 6-4
177194,27-2026,Terra Wortmann Open,"Halle, Germany",20260613,A,Quarterfinal,10,0,2026-06-19T15:05Z,final,5,3203,Daniel Altmaier,2383,Daniil Medvedev,3203,6-4 6-7(6) 6-4
177146,129-2026,HSBC Championships,"London, Great Britain",20260613,A,Quarterfinal,10,0,2026-06-19T16:35Z,final,5,2964,Tommy Paul,3212,Alejandro Davidovich Fokina,2964,6-3 7-6(4)
177145,129-2026,HSBC Championships,"London, Great Britain",20260613,A,Quarterfinal,10,0,2026-06-19T17:20Z,final,5,3085,Ugo Humbert,3716,Rinky Hijikata,3085,6-1 6-2
177193,27-2026,Terra Wortmann Open,"Halle, Germany",20260613,A,Quarterfinal,10,0,2026-06-19T18:10Z,final,5,2708,Frances Tiafoe,3209,Felix Auger-Aliassime,2708,3-6 6-3 7-6(12)
179869,637-2026,Vanda Pharmaceuticals Mallorca Championships,"Mallorca, Spain",20260620,A,Qualifying 1st Round,0,1,2026-06-20T09:00Z,final,5,11821,Antoine Ghibaudo,14190,Petr Bar Biryukov,11821,6-2 6-4
179872,637-2026,Vanda Pharmaceuticals Mallorca Championships,"Mallorca, Spain",20260620,A,Qualifying 1st Round,0,1,2026-06-20T09:00Z,final,5,2635,Alex Molcan,18569,Ziga Sesko,2635,6-2 6-2
179853,444-2026,Lexus Eastbourne Open,"Eastbourne, Great Britain",20260620,A,Qualifying 1st Round,0,1,2026-06-20T10:00Z,final,5,10645,Toby Samuel,2362,Quentin Halys,10645,6-2 6-4
179854,444-2026,Lexus Eastbourne Open,"Eastbourne, Great Britain",20260620,A,Qualifying 1st Round,0,1,2026-06-20T10:00Z,final,5,3793,Matteo Arnaldi,3208,Alastair Gray,3793,7-6(3) 7-6(4)
179865,637-2026,Vanda Pharmaceuticals Mallorca Championships,"Mallorca, Spain",20260620,A,Qualifying 1st Round,0,1,2026-06-20T10:30Z,final,5,3093,Adam Walton,12757,Federico Bondioli,3093,6-1 7-5
179868,637-2026,Vanda Pharmaceuticals Mallorca Championships,"Mallorca, Spain",20260620,A,Qualifying 1st Round,0,1,2026-06-20T10:30Z,final,5,8710,Aleksandr Shevchenko,11397,Abdullah Shelbayh,11397,6-4 6-3
179871,637-2026,Vanda Pharmaceuticals Mallorca Championships,"Mallorca, Spain",20260620,A,Qualifying 1st Round,0,1,2026-06-20T11:00Z,final,5,13519,Filippo Romano,10141,Murphy Cassone,10141,7-5 6-1
179857,444-2026,Lexus Eastbourne Open,"Eastbourne, Great Britain",20260620,A,Qualifying 1st Round,0,1,2026-06-20T11:30Z,final,5,4000,Harry Wendelken,3471,Aleksandar Vukic,3471,7-5 6-3
179858,444-2026,Lexus Eastbourne Open,"Eastbourne, Great Britain",20260620,A,Qualifying 1st Round,0,1,2026-06-20T11:30Z,final,5,3772,Emilio Nava,14256,Hamish Stewart,14256,2-6 6-3 6-3
177150,129-2026,HSBC Championships,"London, Great Britain",20260613,A,Semifinal,11,0,2026-06-20T12:10Z,final,5,3774,Brandon Nakashima,3700,Francisco Cerundolo,3700,6-7(5) 6-3 6-4
179867,637-2026,Vanda Pharmaceuticals Mallorca Championships,"Mallorca, Spain",20260620,A,Qualifying 1st Round,0,1,2026-06-20T12:30Z,final,5,1141,Mikhail Kukushkin,1842,Damir Dzumhur,1842,6-2 6-1
179855,444-2026,Lexus Eastbourne Open,"Eastbourne, Great Britain",20260620,A,Qualifying 1st Round,0,1,2026-06-20T13:00Z,final,5,3998,Felix Gill,2278,Marco Trungelliti,2278,6-3 7-6(7)
179856,444-2026,Lexus Eastbourne Open,"Eastbourne, Great Britain",20260620,A,Qualifying 1st Round,0,1,2026-06-20T13:00Z,final,5,1857,James Duckworth,10644,Giles Hussey,10644,6-4 6-4
179866,637-2026,Vanda Pharmaceuticals Mallorca Championships,"Mallorca, Spain",20260620,A,Qualifying 1st Round,0,1,2026-06-20T13:00Z,final,5,3953,Zachary Svajda,3481,Marc-Andrea Huesler,3953,6-3 6-3
179870,637-2026,Vanda Pharmaceuticals Mallorca Championships,"Mallorca, Spain",20260620,A,Qualifying 1st Round,0,1,2026-06-20T13:00Z,final,5,16812,Jamie Mackenzie,2624,Marc Polmans,2624,7-6(4) 6-1
177211,27-2026,Terra Wortmann Open,"Halle, Germany",20260613,A,Semifinal,11,0,2026-06-20T13:10Z,final,5,2375,Alexander Zverev,2946,Taylor Fritz,2946,6-7(4) 6-4 7-5
179860,444-2026,Lexus Eastbourne Open,"Eastbourne, Great Britain",20260620,A,Qualifying 1st Round,0,1,2026-06-20T14:30Z,final,5,1993,Marcos Giron,3003,Charles Broom,1993,3-6 7-6(3) 6-2
177159,129-2026,HSBC Championships,"London, Great Britain",20260613,A,Semifinal,11,0,2026-06-20T15:10Z,final,5,2964,Tommy Paul,3085,Ugo Humbert,2964,6-3 6-3
179859,444-2026,Lexus Eastbourne Open,"Eastbourne, Great Britain",20260620,A,Qualifying 1st Round,0,1,2026-06-20T16:00Z,final,5,2720,Jan Choinski,2875,Wu Yibing,2720,7-6(5) 6-4
177195,27-2026,Terra Wortmann Open,"Halle, Germany",20260613,A,Semifinal,11,0,2026-06-20T16:25Z,final,5,3203,Daniel Altmaier,2708,Frances Tiafoe,2708,6-1 6-3
179862,444-2026,Lexus Eastbourne Open,"Eastbourne, Great Britain",20260620,A,Qualifying Final,0,1,2026-06-21T10:00Z,final,5,14256,Hamish Stewart,3471,Aleksandar Vukic,3471,7-6(5) 4-6 6-4
179873,637-2026,Vanda Pharmaceuticals Mallorca Championships,"Mallorca, Spain",20260620,A,Qualifying Final,0,1,2026-06-21T10:00Z,final,5,3093,Adam Walton,11821,Antoine Ghibaudo,3093,6-4 6-1
179875,637-2026,Vanda Pharmaceuticals Mallorca Championships,"Mallorca, Spain",20260620,A,Qualifying Final,0,1,2026-06-21T10:00Z,final,5,2635,Alex Molcan,10141,Murphy Cassone,2635,6-4 4-6 6-4
177276,637-2026,Vanda Pharmaceuticals Mallorca Championships,"Mallorca, Spain",20260620,A,Round 1,1,0,2026-06-21T10:35Z,final,5,4115,Nuno Borges,1266,Adrian Mannarino,4115,6-2 6-2
179861,444-2026,Lexus Eastbourne Open,"Eastbourne, Great Britain",20260620,A,Qualifying Final,0,1,2026-06-21T11:30Z,final,5,3793,Matteo Arnaldi,10645,Toby Samuel,3793,3-6 6-4 6-4
179874,637-2026,Vanda Pharmaceuticals Mallorca Championships,"Mallorca, Spain",20260620,A,Qualifying Final,0,1,2026-06-21T11:30Z,final,5,3953,Zachary Svajda,1842,Damir Dzumhur,1842,6-3 6-3
179876,637-2026,Vanda Pharmaceuticals Mallorca Championships,"Mallorca, Spain",20260620,A,Qualifying Final,0,1,2026-06-21T11:30Z,final,5,11397,Abdullah Shelbayh,2624,Marc Polmans,2624,6-3 7-6(4)
179863,444-2026,Lexus Eastbourne Open,"Eastbourne, Great Britain",20260620,A,Qualifying Final,0,1,2026-06-21T12:30Z,final,5,10644,Giles Hussey,2278,Marco Trungelliti,10644,6-4 7-5
179864,444-2026,Lexus Eastbourne Open,"Eastbourne, Great Britain",20260620,A,Qualifying Final,0,1,2026-06-21T12:30Z,final,5,1993,Marcos Giron,2720,Jan Choinski,2720,7-5 6-7(2) 7-6(5)
177149,129-2026,HSBC Championships,"London, Great Britain",20260613,A,Final,13,0,2026-06-21T12:40Z,final,5,3700,Francisco Cerundolo,2964,Tommy Paul,3700,6-7(4) 6-4 6-3
177285,637-2026,Vanda Pharmaceuticals Mallorca Championships,"Mallorca, Spain",20260620,A,Round 1,1,0,2026-06-21T13:05Z,final,5,9992,Mariano Navone,3052,Lorenzo Sonego,3052,7-6(2) 2-6 6-4
177212,27-2026,Terra Wortmann Open,"Halle, Germany",20260613,A,Final,13,0,2026-06-21T13:40Z,final,5,2946,Taylor Fritz,2708,Frances Tiafoe,2708,6-4 6-4
177274,637-2026,Vanda Pharmaceuticals Mallorca Championships,"Mallorca, Spain",20260620,A,Round 1,1,0,2026-06-21T16:20Z,final,5,3322,Yannick Hanfmann,11396,Adolfo Daniel Vallejo,3322,7-6(2) 7-6(2)
177230,444-2026,Lexus Eastbourne Open,"Eastbourne, Great Britain",20260620,A,Round 1,1,0,2026-06-22T10:05Z,final,5,3885,Gabriel Diallo,10638,Terence Atmane,3885,6-7(7) 6-4 7-5
179877,188-2026,Wimbledon,"London, Great Britain",20260622,G,Qualifying 1st Round,0,1,2026-06-22T10:05Z,final,5,3110,Zsombor Piros,13489,Ivan Ivanov,3110,6-2 6-2
179880,188-2026,Wimbledon,"London, Great Britain",20260622,G,Qualifying 1st Round,0,1,2026-06-22T10:05Z,final,5,2242,Stefano Napolitano,2361,Billy Harris,2361,6-2 6-2
179894,188-2026,Wimbledon,"London, Great Britain",20260622,G,Qualifying 1st Round,0,1,2026-06-22T10:05Z,final,5,10219,Jaime Faria,3541,Hugo Grenier,10219,6-3 6-3
179904,188-2026,Wimbledon,"London, Great Britain",20260622,G,Qualifying 1st Round,0,1,2026-06-22T10:05Z,final,5,8496,Anton Matusevich,13871,Rei Sakamoto,13871,7-6(6) 3-6 6-3
179915,188-2026,Wimbledon,"London, Great Britain",20260622,G,Qualifying 1st Round,0,1,2026-06-22T10:05Z,final,5,2365,Laslo Djere,10957,Max Houkes,2365,6-4 7-5
179917,188-2026,Wimbledon,"London, Great Britain",20260622,G,Qualifying 1st Round,0,1,2026-06-22T10:05Z,final,5,8819,Daniil Glinka,2009,Kimmer Coppejans,2009,6-4 6-3
179931,188-2026,Wimbledon,"London, Great Britain",20260622,G,Qualifying 1st Round,0,1,2026-06-22T10:05Z,final,5,10155,Federico Agustin Gomez,3512,Clement Tabur,3512,6-3 6-4
179934,188-2026,Wimbledon,"London, Great Britain",20260622,G,Qualifying 1st Round,0,1,2026-06-22T10:05Z,final,5,3375,Hugo Gaston,9982,Lautaro Midon,3375,4-6 6-3 6-4
179936,188-2026,Wimbledon,"London, Great Britain",20260622,G,Qualifying 1st Round,0,1,2026-06-22T10:05Z,final,5,3948,Henri Squire,12932,Michael Zheng,12932,6-2 7-6(3)
180094,188-2026,Wimbledon,"London, Great Britain",20260622,G,Qualifying 1st Round,0,1,2026-06-22T10:05Z,final,5,11762,Andy Andrade,15157,Colton Smith,15157,6-3 4-6 6-3
180095,188-2026,Wimbledon,"London, Great Britain",20260622,G,Qualifying 1st Round,0,1,2026-06-22T10:05Z,final,5,11751,Mark Lajal,14707,Luka Pavlovic,14707,6-4 6-4
180096,188-2026,Wimbledon,"London, Great Britain",20260622,G,Qualifying 1st Round,0,1,2026-06-22T10:05Z,final,5,8871,Clement Chidekh,2879,Aziz Dougaz,2879,6-4 6-4
177232,444-2026,Lexus Eastbourne Open,"Eastbourne, Great Britain",20260620,A,Round 1,1,0,2026-06-22T10:10Z,final,5,10126,Jack Pinnington Jones,2278,Marco Trungelliti,10126,5-7 6-3 7-5
177284,637-2026,Vanda Pharmaceuticals Mallorca Championships,"Mallorca, Spain",20260620,A,Round 1,1,0,2026-06-22T10:10Z,final,5,11383,Ethan Quinn,4022,Valentin Royer,11383,6-4 6-3
179903,188-2026,Wimbledon,"London, Great Britain",20260622,G,Qualifying 1st Round,0,1,2026-06-22T10:10Z,final,5,2636,Roman Safiullin,10168,James McCabe,2636,6-3 7-6(4)
179905,188-2026,Wimbledon,"London, Great Britain",20260622,G,Qualifying 1st Round,0,1,2026-06-22T10:10Z,final,5,11564,Gianluca Cadenasso,14601,Federico Cina,14601,6-3 6-2
179911,188-2026,Wimbledon,"London, Great Britain",20260622,G,Qualifying 1st Round,0,1,2026-06-22T10:10Z,final,5,11398,Chak Lam Coleman Wong,3449,Borna Gojo,3449,7-6(10) 6-2
179930,188-2026,Wimbledon,"London, Great Britain",20260622,G,Qualifying 1st Round,0,1,2026-06-22T10:10Z,final,5,11382,Bu Yunchaokete,1849,Hugo Dellien,11382,6-4 6-0
177260,637-2026,Vanda Pharmaceuticals Mallorca Championships,"Mallorca, Spain",20260620,A,Round 1,1,0,2026-06-22T10:35Z,final,5,2886,Corentin Moutet,11397,Abdullah Shelbayh,11397,7-5 6-4
179892,188-2026,Wimbledon,"London, Great Britain",20260622,G,Qualifying 1st Round,0,1,2026-06-22T11:15Z,final,5,3894,Nikolas Sanchez Izquierdo,2872,SoonWoo Kwon,2872,7-6(7) 6-3
179879,188-2026,Wimbledon,"London, Great Britain",20260622,G,Qualifying 1st Round,0,1,2026-06-22T11:25Z,final,5,10044,Francisco Comesana,4015,Alejandro Moro Canas,4015,4-6 7-6(5) 6-4
179907,188-2026,Wimbledon,"London, Great Britain",20260622,G,Qualifying 1st Round,0,1,2026-06-22T11:30Z,final,5,3928,Keegan Smith,2958,Juan Pablo Ficovich,3928,6-1 7-6(4)
179923,188-2026,Wimbledon,"London, Great Britain",20260622,G,Qualifying 1st Round,0,1,2026-06-22T11:35Z,final,5,2936,Lorenzo Giustino,10954,Gauthier Onclin,10954,6-3 7-5
179890,188-2026,Wimbledon,"London, Great Britain",20260622,G,Qualifying 1st Round,0,1,2026-06-22T11:40Z,final,5,3619,Nicolas Moreno De Alboran,7491,Harold Mayot,7491,6-2 6-2
179912,188-2026,Wimbledon,"London, Great Britain",20260622,G,Qualifying 1st Round,0,1,2026-06-22T11:40Z,final,5,11636,Andrea Guerrieri,1360,David Goffin,11636,3-6 7-5 6-2
177264,637-2026,Vanda Pharmaceuticals Mallorca Championships,"Mallorca, Spain",20260620,A,Round 1,1,0,2026-06-22T11:45Z,final,5,9213,Fabian Marozsan,2635,Alex Molcan,9213,2-6 7-6(10) 7-6(5)
179887,188-2026,Wimbledon,"London, Great Britain",20260622,G,Qualifying 1st Round,0,1,2026-06-22T11:45Z,final,5,12955,Johannus Monday,4029,Tristan Schoolkate,4029,7-5 6-3
179891,188-2026,Wimbledon,"London, Great Britain",20260622,G,Qualifying 1st Round,0,1,2026-06-22T11:45Z,final,5,3549,Raul Brancaccio,10427,Arthur Gea,10427,7-5 6-3
179929,188-2026,Wimbledon,"London, Great Britain",20260622,G,Qualifying 1st Round,0,1,2026-06-22T11:45Z,final,5,16614,Oliver Tarvet,2318,Alex Bolt,16614,7-6(3) 7-5
179933,188-2026,Wimbledon,"London, Great Britain",20260622,G,Qualifying 1st Round,0,1,2026-06-22T11:45Z,final,5,3370,Yu Hsiou Hsu,12284,Stefanos Sakellaridis,12284,6-4 6-2
179908,188-2026,Wimbledon,"London, Great Britain",20260622,G,Qualifying 1st Round,0,1,2026-06-22T11:50Z,final,5,3818,Timofey Skatov,10780,Alex Barrena,3818,6-3 7-6(4)
179910,188-2026,Wimbledon,"London, Great Britain",20260622,G,Qualifying 1st Round,0,1,2026-06-22T11:55Z,final,5,9967,Pedro Boscardin Dias,7509,Kyrian Jacquet,7509,6-1 7-6(3)
179888,188-2026,Wimbledon,"London, Great Britain",20260622,G,Qualifying 1st Round,0,1,2026-06-22T12:00Z,final,5,10189,Juan Carlos Prado Angelo,901,Daniel Evans,901,7-6(2) 6-3
179906,188-2026,Wimbledon,"London, Great Britain",20260622,G,Qualifying 1st Round,0,1,2026-06-22T12:15Z,final,5,11754,Edas Butvilas,3696,Moez Echargui,3696,3-6 7-5 6-3
179932,188-2026,Wimbledon,"London, Great Britain",20260622,G,Qualifying 1st Round,0,1,2026-06-22T12:25Z,final,5,4026,Vitaliy Sachko,7608,Shintaro Mochizuki,7608,6-3 7-6(4)
179909,188-2026,Wimbledon,"London, Great Britain",20260622,G,Qualifying 1st Round,0,1,2026-06-22T12:35Z,final,5,2498,Nikoloz Basilashvili,2229,Elias Ymer,2229,2-6 6-3 7-6(8)
179925,188-2026,Wimbledon,"London, Great Britain",20260622,G,Qualifying 1st Round,0,1,2026-06-22T12:50Z,final,5,11641,Darwin Blanch,10040,Filip Cristian Jianu,11641,7-6(1) 6-4
179916,188-2026,Wimbledon,"London, Great Britain",20260622,G,Qualifying 1st Round,0,1,2026-06-22T13:00Z,final,5,3979,Pablo Llamas Ruiz,3830,Dan Added,3979,6-2 6-4
177273,637-2026,Vanda Pharmaceuticals Mallorca Championships,"Mallorca, Spain",20260620,A,Round 1,1,0,2026-06-22T13:05Z,final,5,2337,Jan-Lennard Struff,11640,Martin Landaluce,2337,6-3 1-6 7-5
179914,188-2026,Wimbledon,"London, Great Britain",20260622,G,Qualifying 1st Round,0,1,2026-06-22T13:10Z,final,5,3752,Jerome Kym,10140,Gonzalo Bueno,3752,4-6 7-5 6-1
177226,444-2026,Lexus Eastbourne Open,"Eastbourne, Great Britain",20260620,A,Round 1,1,0,2026-06-22T13:15Z,final,5,1993,Marcos Giron,3856,Jack Draper,3856,6-4 7-6(5)
177228,444-2026,Lexus Eastbourne Open,"Eastbourne, Great Britain",20260620,A,Round 1,1,0,2026-06-22T13:15Z,final,5,11222,Raphael Collignon,4008,Juan Manuel Cerundolo,4008,6-4 4-6 7-6(5)
179878,188-2026,Wimbledon,"London, Great Britain",20260622,G,Qualifying 1st Round,0,1,2026-06-22T13:20Z,final,5,10222,Guy Den Ouden,13444,Zhou Yi,13444,6-4 6-4
179882,188-2026,Wimbledon,"London, Great Britain",20260622,G,Qualifying 1st Round,0,1,2026-06-22T13:30Z,final,5,13829,Nicolai Budkov Kjaer,10010,Joao Lucas Reis Da Silva,13829,6-4 6-7(6) 6-1
179883,188-2026,Wimbledon,"London, Great Britain",20260622,G,Qualifying 1st Round,0,1,2026-06-22T13:30Z,final,5,4099,Otto Virtanen,2623,Pedro Martinez,4099,6-4 1-6 6-1
179896,188-2026,Wimbledon,"London, Great Britain",20260622,G,Qualifying 1st Round,0,1,2026-06-22T13:40Z,final,5,2768,Jay Clarke,2627,Andrea Pellegrino,2627,2-6 7-6(5) 6-4
179918,188-2026,Wimbledon,"London, Great Britain",20260622,G,Qualifying 1st Round,0,1,2026-06-22T13:40Z,final,5,2682,Stefano Travaglia,10321,Luka Mikrut,2682,7-5 7-6(3)
179926,188-2026,Wimbledon,"London, Great Britain",20260622,G,Qualifying 1st Round,0,1,2026-06-22T13:45Z,final,5,3694,Facundo Diaz Acosta,3562,Alexis Galarneau,3562,6-2 6-2
179919,188-2026,Wimbledon,"London, Great Britain",20260622,G,Qualifying 1st Round,0,1,2026-06-22T13:50Z,final,5,10373,Tristan Boyer,3096,Genaro Alberto Olivieri,10373,6-1 6-4
179920,188-2026,Wimbledon,"London, Great Britain",20260622,G,Qualifying 1st Round,0,1,2026-06-22T14:00Z,final,5,1586,Liam Broady,9029,August Holmgren,9029,7-6(6) 4-6 7-5
179913,188-2026,Wimbledon,"London, Great Britain",20260622,G,Qualifying 1st Round,0,1,2026-06-22T14:10Z,final,5,11756,Gilles Arnaud Bailly,7924,Pol Martin Tiffon,7924,6-4 6-4
179921,188-2026,Wimbledon,"London, Great Britain",20260622,G,Qualifying 1st Round,0,1,2026-06-22T14:10Z,final,5,4030,Dane Sweeny,4057,Franco Roncadelli,4030,6-4 6-2
179928,188-2026,Wimbledon,"London, Great Britain",20260622,G,Qualifying 1st Round,0,1,2026-06-22T14:10Z,final,5,1841,Federico Coria,14878,Oliver Bonding,1841,7-6(5) 6-2
179889,188-2026,Wimbledon,"London, Great Britain",20260622,G,Qualifying 1st Round,0,1,2026-06-22T14:15Z,final,5,7599,Francesco Maestrelli,15467,Max Basing,15467,4-6 7-6(2) 6-4
177279,637-2026,Vanda Pharmaceuticals Mallorca Championships,"Mallorca, Spain",20260620,A,Round 1,1,0,2026-06-22T14:20Z,final,5,2874,Miomir Kecmanovic,11821,Antoine Ghibaudo,2874,2-6 6-3 7-6(6)
179884,188-2026,Wimbledon,"London, Great Britain",20260622,G,Qualifying 1st Round,0,1,2026-06-22T14:30Z,final,5,3798,Rio Noguchi,7598,Luca Nardi,7598,6-2 6-3
179886,188-2026,Wimbledon,"London, Great Britain",20260622,G,Qualifying 1st Round,0,1,2026-06-22T14:35Z,final,5,10248,Henrique Rocha,3371,Nicolas Mejia,3371,6-4 6-7(6) 6-2
179902,188-2026,Wimbledon,"London, Great Britain",20260622,G,Qualifying 1st Round,0,1,2026-06-22T14:50Z,final,5,14274,Florent Bax,11915,Chris Rodesch,11915,6-7(4) 6-1 6-4
179927,188-2026,Wimbledon,"London, Great Britain",20260622,G,Qualifying 1st Round,0,1,2026-06-22T15:00Z,final,5,1840,Marco Cecchinato,9923,Tomas Barrios Vera,9923,7-6(2) 6-3
179881,188-2026,Wimbledon,"London, Great Britain",20260622,G,Qualifying 1st Round,0,1,2026-06-22T15:05Z,final,5,14356,Matej Dodig,3533,Frederico Ferreira Silva,14356,3-6 7-6(0) 7-6(5)
179922,188-2026,Wimbledon,"London, Great Britain",20260622,G,Qualifying 1st Round,0,1,2026-06-22T15:10Z,final,5,3850,Oliver Crawford,3204,Jurij Rodionov,3204,6-4 6-4
177262,637-2026,Vanda Pharmaceuticals Mallorca Championships,"Mallorca, Spain",20260620,A,Round 1,1,0,2026-06-22T15:35Z,final,5,3093,Adam Walton,1984,Nick Kyrgios,3093,6-3 6-4
179885,188-2026,Wimbledon,"London, Great Britain",20260622,G,Qualifying 1st Round,0,1,2026-06-22T15:35Z,final,5,3347,Chun-Hsin Tseng,10064,Gustavo Heide,10064,7-6(8) 6-4
179893,188-2026,Wimbledon,"London, Great Britain",20260622,G,Qualifying 1st Round,0,1,2026-06-22T15:35Z,final,5,3778,Liam Draxl,7886,Remy Bertola,7886,2-6 7-6(3) 6-1
179901,188-2026,Wimbledon,"London, Great Britain",20260622,G,Qualifying 1st Round,0,1,2026-06-22T15:35Z,final,5,7794,Lukas Neumayer,1769,Dusan Lajovic,1769,6-4 6-4
179899,188-2026,Wimbledon,"London, Great Britain",20260622,G,Qualifying 1st Round,0,1,2026-06-22T15:40Z,final,5,3024,Zhang Zhizhen,14254,Henry Searle,14254,6-3 6-4
179935,188-2026,Wimbledon,"London, Great Britain",20260622,G,Qualifying 1st Round,0,1,2026-06-22T15:40Z,final,5,18449,Mark Ceban,2012,Roberto Carballes Baena,2012,6-2 6-4
179900,188-2026,Wimbledon,"London, Great Britain",20260622,G,Qualifying 1st Round,0,1,2026-06-22T15:45Z,final,5,11755,Vilius Gaubas,2625,Michael Mmoh,11755,4-6 6-3 6-2
179897,188-2026,Wimbledon,"London, Great Britain",20260622,G,Qualifying 1st Round,0,1,2026-06-22T15:50Z,final,5,11457,Joel Josef Schwaerzler,3301,Christopher O'Connell,3301,7-6(3) 6-4
179898,188-2026,Wimbledon,"London, Great Britain",20260622,G,Qualifying 1st Round,0,1,2026-06-22T15:55Z,final,5,2011,Kaichi Uchida,1317,Bernard Tomic,1317,6-3 6-2
179924,188-2026,Wimbledon,"London, Great Britain",20260622,G,Qualifying 1st Round,0,1,2026-06-22T16:05Z,final,5,1613,Pierre-Hugues Herbert,3852,Paul Jubb,3852,7-5 7-6(6)
177216,444-2026,Lexus Eastbourne Open,"Eastbourne, Great Britain",20260620,A,Round 1,1,0,2026-06-22T16:25Z,final,5,2720,Jan Choinski,2862,Alexei Popyrin,2720,1-6 6-2 6-2
179937,188-2026,Wimbledon,"London, Great Britain",20260622,G,Qualifying 1st Round,0,1,2026-06-22T16:30Z,final,5,2206,Mackenzie McDonald,3206,Felipe Meligeni Alves,2206,6-2 6-7(5) 6-3
179895,188-2026,Wimbledon,"London, Great Britain",20260622,G,Qualifying 1st Round,0,1,2026-06-22T16:40Z,final,5,11223,Tom Gentzsch,3314,Zdenek Kolar,11223,6-3 6-3
177222,444-2026,Lexus Eastbourne Open,"Eastbourne, Great Britain",20260620,A,Round 1,1,0,2026-06-22T17:50Z,final,5,3356,Zizou Bergs,2709,Jaume Munar,3356,6-2 6-4
177225,444-2026,Lexus Eastbourne Open,"Eastbourne, Great Britain",20260620,A,Round 1,1,0,2026-06-23T10:05Z,final,5,3621,Jenson Brooksby,3471,Aleksandar Vukic,3621,7-5 6-1
177234,444-2026,Lexus Eastbourne Open,"Eastbourne, Great Britain",20260620,A,Round 1,1,0,2026-06-23T10:05Z,final,5,4010,Thiago Agustin Tirante,14256,Hamish Stewart,4010,7-5 6-2
177278,637-2026,Vanda Pharmaceuticals Mallorca Championships,"Mallorca, Spain",20260620,A,Round 2,2,0,2026-06-23T10:05Z,final,5,9213,Fabian Marozsan,2970,Alejandro Tabilo,9213,6-2 6-3
177283,637-2026,Vanda Pharmaceuticals Mallorca Championships,"Mallorca, Spain",20260620,A,Round 1,1,0,2026-06-23T10:05Z,final,5,1842,Damir Dzumhur,3809,Vit Kopriva,3809,6-3 6-4
177259,637-2026,Vanda Pharmaceuticals Mallorca Championships,"Mallorca, Spain",20260620,A,Round 1,1,0,2026-06-23T10:35Z,final,5,2624,Marc Polmans,1287,Grigor Dimitrov,1287,6-1 7-6(3)
177223,444-2026,Lexus Eastbourne Open,"Eastbourne, Great Britain",20260620,A,Round 1,1,0,2026-06-23T11:40Z,final,5,3793,Matteo Arnaldi,10644,Giles Hussey,10644,6-4 6-2
177280,637-2026,Vanda Pharmaceuticals Mallorca Championships,"Mallorca, Spain",20260620,A,Round 2,2,0,2026-06-23T11:40Z,final,5,3052,Lorenzo Sonego,2874,Miomir Kecmanovic,2874,2-6 7-6(4) 6-4
177265,637-2026,Vanda Pharmaceuticals Mallorca Championships,"Mallorca, Spain",20260620,A,Round 2,2,0,2026-06-23T11:45Z,final,5,2337,Jan-Lennard Struff,4115,Nuno Borges,4115,6-4 7-5
177286,637-2026,Vanda Pharmaceuticals Mallorca Championships,"Mallorca, Spain",20260620,A,Round 1,1,0,2026-06-23T13:05Z,final,5,2869,Stefanos Tsitsipas,11226,Ignacio Buse,11226,7-6(4) 6-3
177213,444-2026,Lexus Eastbourne Open,"Eastbourne, Great Britain",20260620,A,Round 1,1,0,2026-06-23T13:45Z,final,5,4011,Roman Andres Burruchaga,8621,Arthur Fery,8621,6-2 4-6 7-5
177224,444-2026,Lexus Eastbourne Open,"Eastbourne, Great Britain",20260620,A,Round 1,1,0,2026-06-23T14:50Z,final,5,3203,Daniel Altmaier,3849,Aleksandar Kovacevic,3203,6-4 7-6(4)
177266,637-2026,Vanda Pharmaceuticals Mallorca Championships,"Mallorca, Spain",20260620,A,Round 2,2,0,2026-06-23T15:35Z,final,5,7833,Luciano Darderi,3322,Yannick Hanfmann,7833,7-5 6-3
177217,444-2026,Lexus Eastbourne Open,"Eastbourne, Great Britain",20260620,A,Round 1,1,0,2026-06-23T16:20Z,final,5,3085,Ugo Humbert,10153,Mattia Bellucci,3085,7-6(5) 6-7(1) 6-4
177268,637-2026,Vanda Pharmaceuticals Mallorca Championships,"Mallorca, Spain",20260620,A,Round 2,2,0,2026-06-24T10:05Z,final,5,10141,Murphy Cassone,11383,Ethan Quinn,11383,6-3 6-7(4) 6-3
179950,188-2026,Wimbledon,"London, Great Britain",20260622,G,Qualifying 2nd Round,0,1,2026-06-24T10:05Z,final,5,7886,Remy Bertola,3204,Jurij Rodionov,7886,4-6 7-6(4) 6-2
179953,188-2026,Wimbledon,"London, Great Britain",20260622,G,Qualifying 2nd Round,0,1,2026-06-24T10:05Z,final,5,2682,Stefano Travaglia,13444,Zhou Yi,13444,7-6(7) 6-4
179977,188-2026,Wimbledon,"London, Great Britain",20260622,G,Qualifying 2nd Round,0,1,2026-06-24T10:05Z,final,5,3110,Zsombor Piros,2361,Billy Harris,2361,6-4 6-4
177229,444-2026,Lexus Eastbourne Open,"Eastbourne, Great Britain",20260620,A,Round 2,2,0,2026-06-24T10:10Z,final,5,10645,Toby Samuel,4010,Thiago Agustin Tirante,10645,6-1 7-6(7)
179944,188-2026,Wimbledon,"London, Great Britain",20260622,G,Qualifying 2nd Round,0,1,2026-06-24T10:10Z,final,5,11382,Bu Yunchaokete,3512,Clement Tabur,3512,5-7 7-6(4) 6-4
179949,188-2026,Wimbledon,"London, Great Britain",20260622,G,Qualifying 2nd Round,0,1,2026-06-24T10:10Z,final,5,3562,Alexis Galarneau,16614,Oliver Tarvet,16614,7-5 6-2
179952,188-2026,Wimbledon,"London, Great Britain",20260622,G,Qualifying 2nd Round,0,1,2026-06-24T10:10Z,final,5,1841,Federico Coria,12284,Stefanos Sakellaridis,12284,6-3 6-4
179971,188-2026,Wimbledon,"London, Great Britain",20260622,G,Qualifying 2nd Round,0,1,2026-06-24T10:10Z,final,5,3371,Nicolas Mejia,10064,Gustavo Heide,3371,6-4 6-3
179972,188-2026,Wimbledon,"London, Great Britain",20260622,G,Qualifying 2nd Round,0,1,2026-06-24T10:10Z,final,5,15467,Max Basing,11223,Tom Gentzsch,15467,7-5 6-2
179973,188-2026,Wimbledon,"London, Great Britain",20260622,G,Qualifying 2nd Round,0,1,2026-06-24T10:10Z,final,5,901,Daniel Evans,4029,Tristan Schoolkate,4029,7-5 6-0
179976,188-2026,Wimbledon,"London, Great Britain",20260622,G,Qualifying 2nd Round,0,1,2026-06-24T10:10Z,final,5,10954,Gauthier Onclin,7608,Shintaro Mochizuki,7608,6-2 4-6 6-3
177267,637-2026,Vanda Pharmaceuticals Mallorca Championships,"Mallorca, Spain",20260620,A,Round 2,2,0,2026-06-24T10:40Z,final,5,3809,Vit Kopriva,11226,Ignacio Buse,3809,7-5 6-1
177218,444-2026,Lexus Eastbourne Open,"Eastbourne, Great Britain",20260620,A,Round 2,2,0,2026-06-24T11:05Z,final,5,10644,Giles Hussey,2362,Quentin Halys,2362,6-1 7-5
177227,444-2026,Lexus Eastbourne Open,"Eastbourne, Great Britain",20260620,A,Round 2,2,0,2026-06-24T11:50Z,final,5,8621,Arthur Fery,4008,Juan Manuel Cerundolo,4008,6-2 7-6(2)
179946,188-2026,Wimbledon,"London, Great Britain",20260622,G,Qualifying 2nd Round,0,1,2026-06-24T12:45Z,final,5,3852,Paul Jubb,9923,Tomas Barrios Vera,9923,6-4 3-6 6-1
177214,444-2026,Lexus Eastbourne Open,"Eastbourne, Great Britain",20260620,A,Round 2,2,0,2026-06-24T13:05Z,ret,5,3203,Daniel Altmaier,3356,Zizou Bergs,3356,6-3 3-2 RET
177221,444-2026,Lexus Eastbourne Open,"Eastbourne, Great Britain",20260620,A,Round 2,2,0,2026-06-24T13:05Z,final,5,3085,Ugo Humbert,3621,Jenson Brooksby,3085,6-3 6-2
177281,637-2026,Vanda Pharmaceuticals Mallorca Championships,"Mallorca, Spain",20260620,A,Round 2,2,0,2026-06-24T13:05Z,final,5,3093,Adam Walton,3212,Alejandro Davidovich Fokina,3212,6-4 7-5
179951,188-2026,Wimbledon,"London, Great Britain",20260622,G,Qualifying 2nd Round,0,1,2026-06-24T13:10Z,ret,5,4030,Dane Sweeny,11641,Darwin Blanch,4030,2-6 7-6(7) 4-0 RET
179954,188-2026,Wimbledon,"London, Great Britain",20260622,G,Qualifying 2nd Round,0,1,2026-06-24T13:10Z,final,5,2206,Mackenzie McDonald,2012,Roberto Carballes Baena,2206,6-4 6-4
179956,188-2026,Wimbledon,"London, Great Britain",20260622,G,Qualifying 2nd Round,0,1,2026-06-24T13:15Z,final,5,1317,Bernard Tomic,3301,Christopher O'Connell,3301,6-4 6-4
177215,444-2026,Lexus Eastbourne Open,"Eastbourne, Great Britain",20260620,A,Round 2,2,0,2026-06-24T13:35Z,final,5,3998,Felix Gill,2720,Jan Choinski,2720,6-4 6-7(4) 6-2
179941,188-2026,Wimbledon,"London, Great Britain",20260622,G,Qualifying 2nd Round,0,1,2026-06-24T13:35Z,final,5,3449,Borna Gojo,15157,Colton Smith,15157,6-4 6-4
179978,188-2026,Wimbledon,"London, Great Britain",20260622,G,Qualifying 2nd Round,0,1,2026-06-24T13:40Z,final,5,3752,Jerome Kym,9029,August Holmgren,3752,6-4 6-3
179968,188-2026,Wimbledon,"London, Great Britain",20260622,G,Qualifying 2nd Round,0,1,2026-06-24T13:45Z,final,5,3375,Hugo Gaston,14601,Federico Cina,3375,7-5 6-4
179940,188-2026,Wimbledon,"London, Great Britain",20260622,G,Qualifying 2nd Round,0,1,2026-06-24T14:10Z,final,5,2365,Laslo Djere,12932,Michael Zheng,12932,7-5 6-3
179958,188-2026,Wimbledon,"London, Great Britain",20260622,G,Qualifying 2nd Round,0,1,2026-06-24T14:15Z,final,5,2636,Roman Safiullin,2009,Kimmer Coppejans,2636,7-6(2) 7-5
179967,188-2026,Wimbledon,"London, Great Britain",20260622,G,Qualifying 2nd Round,0,1,2026-06-24T14:25Z,final,5,3928,Keegan Smith,3696,Moez Echargui,3696,6-4 3-6 7-6(6)
179948,188-2026,Wimbledon,"London, Great Britain",20260622,G,Qualifying 2nd Round,0,1,2026-06-24T14:30Z,final,5,7598,Luca Nardi,4099,Otto Virtanen,4099,6-4 6-4
179974,188-2026,Wimbledon,"London, Great Britain",20260622,G,Qualifying 2nd Round,0,1,2026-06-24T14:40Z,final,5,10219,Jaime Faria,14707,Luka Pavlovic,10219,6-4 6-4
179942,188-2026,Wimbledon,"London, Great Britain",20260622,G,Qualifying 2nd Round,0,1,2026-06-24T14:50Z,final,5,3979,Pablo Llamas Ruiz,7924,Pol Martin Tiffon,3979,6-4 6-2
179945,188-2026,Wimbledon,"London, Great Britain",20260622,G,Qualifying 2nd Round,0,1,2026-06-24T14:55Z,final,5,10373,Tristan Boyer,2627,Andrea Pellegrino,10373,6-2 6-1
179939,188-2026,Wimbledon,"London, Great Britain",20260622,G,Qualifying 2nd Round,0,1,2026-06-24T15:00Z,final,5,2229,Elias Ymer,3818,Timofey Skatov,3818,6-4 6-1
179955,188-2026,Wimbledon,"London, Great Britain",20260622,G,Qualifying 2nd Round,0,1,2026-06-24T15:00Z,final,5,11915,Chris Rodesch,1769,Dusan Lajovic,1769,6-2 6-4
177233,444-2026,Lexus Eastbourne Open,"Eastbourne, Great Britain",20260620,A,Round 2,2,0,2026-06-24T15:10Z,final,5,3856,Jack Draper,10126,Jack Pinnington Jones,3856,7-5 6-4
177231,444-2026,Lexus Eastbourne Open,"Eastbourne, Great Britain",20260620,A,Round 2,2,0,2026-06-24T15:15Z,final,5,3885,Gabriel Diallo,3739,Tomas Martin Etcheverry,3885,6-7(11) 6-3 6-2
177282,637-2026,Vanda Pharmaceuticals Mallorca Championships,"Mallorca, Spain",20260620,A,Round 2,2,0,2026-06-24T15:35Z,final,5,11397,Abdullah Shelbayh,1287,Grigor Dimitrov,1287,6-2 6-4
179938,188-2026,Wimbledon,"London, Great Britain",20260622,G,Qualifying 2nd Round,0,1,2026-06-24T15:35Z,final,5,2872,SoonWoo Kwon,10427,Arthur Gea,2872,5-7 6-3 6-4
179947,188-2026,Wimbledon,"London, Great Britain",20260622,G,Qualifying 2nd Round,0,1,2026-06-24T15:45Z,final,5,11755,Vilius Gaubas,14254,Henry Searle,11755,7-6(5) 7-6(5)
179969,188-2026,Wimbledon,"London, Great Britain",20260622,G,Qualifying 2nd Round,0,1,2026-06-24T16:10Z,final,5,11636,Andrea Guerrieri,7509,Kyrian Jacquet,7509,7-6(9) 6-4
179943,188-2026,Wimbledon,"London, Great Britain",20260622,G,Qualifying 2nd Round,0,1,2026-06-24T16:15Z,final,5,4015,Alejandro Moro Canas,7491,Harold Mayot,4015,6-3 7-6(3)
179975,188-2026,Wimbledon,"London, Great Britain",20260622,G,Qualifying 2nd Round,0,1,2026-06-24T16:15Z,final,5,2879,Aziz Dougaz,13871,Rei Sakamoto,13871,6-4 6-4
179970,188-2026,Wimbledon,"London, Great Britain",20260622,G,Qualifying 2nd Round,0,1,2026-06-24T16:45Z,final,5,13829,Nicolai Budkov Kjaer,14356,Matej Dodig,13829,6-2 7-6(4)
177269,637-2026,Vanda Pharmaceuticals Mallorca Championships,"Mallorca, Spain",20260620,A,Quarterfinal,10,0,2026-06-25T09:05Z,final,5,11383,Ethan Quinn,3809,Vit Kopriva,11383,5-7 7-5 6-3
179959,188-2026,Wimbledon,"London, Great Britain",20260622,G,Qualifying Final,0,1,2026-06-25T10:05Z,final,5,3512,Clement Tabur,7608,Shintaro Mochizuki,7608,1-6 7-5 2-6 6-3 6-1
179962,188-2026,Wimbledon,"London, Great Britain",20260622,G,Qualifying Final,0,1,2026-06-25T10:05Z,final,5,4030,Dane Sweeny,9923,Tomas Barrios Vera,4030,4-6 6-4 7-6(5) 0-6 6-2
179963,188-2026,Wimbledon,"London, Great Britain",20260622,G,Qualifying Final,0,1,2026-06-25T10:05Z,final,5,13444,Zhou Yi,2361,Billy Harris,2361,1-6 7-6(2) 6-2 6-3
179964,188-2026,Wimbledon,"London, Great Britain",20260622,G,Qualifying Final,0,1,2026-06-25T10:05Z,final,5,2206,Mackenzie McDonald,3301,Christopher O'Connell,2206,6-3 6-4 6-4
179965,188-2026,Wimbledon,"London, Great Britain",20260622,G,Qualifying Final,0,1,2026-06-25T10:05Z,final,5,3979,Pablo Llamas Ruiz,10373,Tristan Boyer,10373,7-5 6-7(4) 7-6(2) 6-3
179981,188-2026,Wimbledon,"London, Great Britain",20260622,G,Qualifying Final,0,1,2026-06-25T10:05Z,final,5,2636,Roman Safiullin,3752,Jerome Kym,2636,4-6 7-6(2) 3-6 7-6(6) 6-4
179982,188-2026,Wimbledon,"London, Great Britain",20260622,G,Qualifying Final,0,1,2026-06-25T10:05Z,final,5,15157,Colton Smith,12932,Michael Zheng,12932,6-4 4-6 6-2 6-3
177237,444-2026,Lexus Eastbourne Open,"Eastbourne, Great Britain",20260620,A,Quarterfinal,10,0,2026-06-25T10:10Z,final,5,10645,Toby Samuel,4008,Juan Manuel Cerundolo,10645,6-3 6-4
179960,188-2026,Wimbledon,"London, Great Britain",20260622,G,Qualifying Final,0,1,2026-06-25T10:10Z,final,5,3371,Nicolas Mejia,4029,Tristan Schoolkate,3371,6-4 6-4 6-4
179961,188-2026,Wimbledon,"London, Great Britain",20260622,G,Qualifying Final,0,1,2026-06-25T10:10Z,final,5,16614,Oliver Tarvet,12284,Stefanos Sakellaridis,16614,6-4 6-2 7-5
179980,188-2026,Wimbledon,"London, Great Britain",20260622,G,Qualifying Final,0,1,2026-06-25T10:10Z,final,5,15467,Max Basing,7886,Remy Bertola,15467,2-6 6-4 3-6 7-5 6-2
179966,188-2026,Wimbledon,"London, Great Britain",20260622,G,Qualifying Final,0,1,2026-06-25T11:20Z,final,5,11755,Vilius Gaubas,1769,Dusan Lajovic,11755,3-6 6-4 3-6 6-3 6-4
177270,637-2026,Vanda Pharmaceuticals Mallorca Championships,"Mallorca, Spain",20260620,A,Quarterfinal,10,0,2026-06-25T11:35Z,final,5,7833,Luciano Darderi,4115,Nuno Borges,4115,7-6(1) 6-4
177238,444-2026,Lexus Eastbourne Open,"Eastbourne, Great Britain",20260620,A,Quarterfinal,10,0,2026-06-25T11:50Z,final,5,2720,Jan Choinski,3356,Zizou Bergs,3356,6-3 6-3
179984,188-2026,Wimbledon,"London, Great Britain",20260622,G,Qualifying Final,0,1,2026-06-25T11:50Z,final,5,3818,Timofey Skatov,7509,Kyrian Jacquet,7509,7-6(5) 6-4 6-4
179979,188-2026,Wimbledon,"London, Great Britain",20260622,G,Qualifying Final,0,1,2026-06-25T12:00Z,final,5,10219,Jaime Faria,13871,Rei Sakamoto,10219,7-6(3) 4-6 6-3 6-4
179957,188-2026,Wimbledon,"London, Great Britain",20260622,G,Qualifying Final,0,1,2026-06-25T12:40Z,final,5,4015,Alejandro Moro Canas,2872,SoonWoo Kwon,2872,6-4 7-6(6) 6-3
179985,188-2026,Wimbledon,"London, Great Britain",20260622,G,Qualifying Final,0,1,2026-06-25T12:40Z,final,5,13829,Nicolai Budkov Kjaer,4099,Otto Virtanen,4099,4-6 6-4 6-4 7-5
179983,188-2026,Wimbledon,"London, Great Britain",20260622,G,Qualifying Final,0,1,2026-06-25T13:20Z,final,5,3375,Hugo Gaston,3696,Moez Echargui,3375,6-1 5-7 6-2 6-4
177272,637-2026,Vanda Pharmaceuticals Mallorca Championships,"Mallorca, Spain",20260620,A,Quarterfinal,10,0,2026-06-25T13:30Z,final,5,2874,Miomir Kecmanovic,9213,Fabian Marozsan,9213,6-4 6-3
177239,444-2026,Lexus Eastbourne Open,"Eastbourne, Great Britain",20260620,A,Quarterfinal,10,0,2026-06-25T13:35Z,final,5,3856,Jack Draper,3885,Gabriel Diallo,3856,6-1 6-4
177240,444-2026,Lexus Eastbourne Open,"Eastbourne, Great Britain",20260620,A,Quarterfinal,10,0,2026-06-25T15:05Z,final,5,3085,Ugo Humbert,2362,Quentin Halys,3085,6-3 6-4
177271,637-2026,Vanda Pharmaceuticals Mallorca Championships,"Mallorca, Spain",20260620,A,Quarterfinal,10,0,2026-06-25T15:35Z,final,5,1287,Grigor Dimitrov,3212,Alejandro Davidovich Fokina,3212,6-3 6-3
177288,637-2026,Vanda Pharmaceuticals Mallorca Championships,"Mallorca, Spain",20260620,A,Semifinal,11,0,2026-06-26T13:05Z,final,5,4115,Nuno Borges,11383,Ethan Quinn,11383,6-1 6-2
177241,444-2026,Lexus Eastbourne Open,"Eastbourne, Great Britain",20260620,A,Semifinal,11,0,2026-06-26T13:35Z,final,5,3356,Zizou Bergs,10645,Toby Samuel,3356,4-6 7-6(5) 6-2
177287,637-2026,Vanda Pharmaceuticals Mallorca Championships,"Mallorca, Spain",20260620,A,Semifinal,11,0,2026-06-26T15:35Z,final,5,9213,Fabian Marozsan,3212,Alejandro Davidovich Fokina,3212,5-7 6-2 6-4
177242,444-2026,Lexus Eastbourne Open,"Eastbourne, Great Britain",20260620,A,Semifinal,11,0,2026-06-26T16:00Z,final,5,3856,Jack Draper,3085,Ugo Humbert,3085,7-5 6-3
177289,637-2026,Vanda Pharmaceuticals Mallorca Championships,"Mallorca, Spain",20260620,A,Final,13,0,2026-06-27T13:10Z,final,5,11383,Ethan Quinn,3212,Alejandro Davidovich Fokina,3212,7-6(4) 6-3
177243,444-2026,Lexus Eastbourne Open,"Eastbourne, Great Britain",20260620,A,Final,13,0,2026-06-28T10:05Z,final,5,3356,Zizou Bergs,3085,Ugo Humbert,3356,3-6 6-1 6-4
177315,188-2026,Wimbledon,"London, Great Britain",20260622,G,Round 1,1,0,2026-06-29T10:05Z,final,5,12657,Rafael Jodar,3998,Felix Gill,12657,6-3 6-3 7-5
177320,188-2026,Wimbledon,"London, Great Britain",20260622,G,Round 1,1,0,2026-06-29T10:05Z,ret,5,2860,Denis Shapovalov,1590,Pablo Carreno Busta,1590,6-3 7-6(7) RET
177324,188-2026,Wimbledon,"London, Great Britain",20260622,G,Round 1,1,0,2026-06-29T10:05Z,final,5,3772,Emilio Nava,11226,Ignacio Buse,11226,7-6(3) 3-6 7-5 6-0
177325,188-2026,Wimbledon,"London, Great Britain",20260622,G,Round 1,1,0,2026-06-29T10:05Z,final,5,3471,Aleksandar Vukic,3621,Jenson Brooksby,3621,7-6(7) 6-1 6-1
177349,188-2026,Wimbledon,"London, Great Britain",20260622,G,Round 1,1,0,2026-06-29T10:05Z,final,5,2278,Marco Trungelliti,10130,Martin Damm,10130,7-6(5) 6-7(5) 7-6(2) 7-6(5)
177353,188-2026,Wimbledon,"London, Great Britain",20260622,G,Round 1,1,0,2026-06-29T10:05Z,final,5,3849,Aleksandar Kovacevic,3310,Botic Van De Zandschulp,3310,6-3 6-7(2) 6-4 6-0
177356,188-2026,Wimbledon,"London, Great Britain",20260622,G,Round 1,1,0,2026-06-29T10:05Z,final,5,3812,Dalibor Svrcina,10386,Learner Tien,10386,6-1 6-4 6-7(4) 6-3
177347,188-2026,Wimbledon,"London, Great Britain",20260622,G,Round 1,1,0,2026-06-29T10:10Z,final,5,2642,Andrey Rublev,2636,Roman Safiullin,2636,6-4 6-7(6) 3-6 6-3 7-6(12)
177357,188-2026,Wimbledon,"London, Great Britain",20260622,G,Round 1,1,0,2026-06-29T10:10Z,ret,5,8814,Luca Van Assche,1862,Marton Fucsovics,1862,6-3 4-0 RET
177318,188-2026,Wimbledon,"London, Great Britain",20260622,G,Round 1,1,0,2026-06-29T10:15Z,final,5,7608,Shintaro Mochizuki,15467,Max Basing,7608,6-3 6-0 6-0
177345,188-2026,Wimbledon,"London, Great Britain",20260622,G,Round 1,1,0,2026-06-29T11:30Z,final,5,3308,Alexandre Muller,2964,Tommy Paul,2964,6-1 6-2 6-1
177330,188-2026,Wimbledon,"London, Great Britain",20260622,G,Round 1,1,0,2026-06-29T11:50Z,final,5,12932,Michael Zheng,2366,Cameron Norrie,12932,6-7(7) 6-2 6-7(2) 6-3 7-6(4)
177338,188-2026,Wimbledon,"London, Great Britain",20260622,G,Round 1,1,0,2026-06-29T11:50Z,ret,5,3666,Camilo Ugo Carabelli,10239,Daniel Merida,10239,4-6 3-6 6-2 3-0 RET
177308,188-2026,Wimbledon,"London, Great Britain",20260622,G,Round 1,1,0,2026-06-29T12:20Z,final,5,2989,Casper Ruud,2726,Hubert Hurkacz,2726,6-4 6-2 7-6(7)
177313,188-2026,Wimbledon,"London, Great Britain",20260622,G,Round 1,1,0,2026-06-29T12:20Z,final,5,8325,Hamad Medjedovic,3304,Sebastian Ofner,3304,1-6 6-2 4-6 6-3 6-4
177323,188-2026,Wimbledon,"London, Great Britain",20260622,G,Round 1,1,0,2026-06-29T12:35Z,final,5,3623,Jannik Sinner,2874,Miomir Kecmanovic,3623,4-6 6-3 6-7(6) 6-2 6-3
177355,188-2026,Wimbledon,"London, Great Britain",20260622,G,Round 1,1,0,2026-06-29T13:05Z,final,5,1733,Roberto Bautista Agut,11745,Joao Fonseca,11745,7-6(4) 6-4 6-3
177322,188-2026,Wimbledon,"London, Great Britain",20260622,G,Round 1,1,0,2026-06-29T13:10Z,final,5,4115,Nuno Borges,10373,Tristan Boyer,4115,6-3 7-5 7-5
177354,188-2026,Wimbledon,"London, Great Britain",20260622,G,Round 1,1,0,2026-06-29T13:15Z,final,5,3511,Arthur Rinderknech,16614,Oliver Tarvet,3511,7-6(4) 7-6(4) 4-6 7-5
177340,188-2026,Wimbledon,"London, Great Britain",20260622,G,Round 1,1,0,2026-06-29T14:00Z,final,5,3093,Adam Walton,10105,Dino Prizmic,10105,4-6 7-6(3) 6-4 6-2
177310,188-2026,Wimbledon,"London, Great Britain",20260622,G,Round 1,1,0,2026-06-29T14:05Z,final,5,11383,Ethan Quinn,7833,Luciano Darderi,11383,7-6(7) 7-5 6-2
177346,188-2026,Wimbledon,"London, Great Britain",20260622,G,Round 1,1,0,2026-06-29T14:10Z,final,5,2337,Jan-Lennard Struff,3340,Sebastian Baez,2337,6-1 7-6(4) 4-6 2-6 7-5
177312,188-2026,Wimbledon,"London, Great Britain",20260622,G,Round 1,1,0,2026-06-29T14:15Z,final,5,2872,SoonWoo Kwon,11640,Martin Landaluce,2872,6-4 6-3 6-3
177348,188-2026,Wimbledon,"London, Great Britain",20260622,G,Round 1,1,0,2026-06-29T14:30Z,final,5,3375,Hugo Gaston,2869,Stefanos Tsitsipas,2869,6-1 6-4 6-2
177334,188-2026,Wimbledon,"London, Great Britain",20260622,G,Round 1,1,0,2026-06-29T14:45Z,final,5,4010,Thiago Agustin Tirante,9213,Fabian Marozsan,9213,7-5 6-3 6-4
177336,188-2026,Wimbledon,"London, Great Britain",20260622,G,Round 1,1,0,2026-06-29T15:00Z,final,5,464,Marin Cilic,2383,Daniil Medvedev,2383,6-1 6-2 6-4
177332,188-2026,Wimbledon,"London, Great Britain",20260622,G,Round 1,1,0,2026-06-29T15:15Z,final,5,11396,Adolfo Daniel Vallejo,3371,Nicolas Mejia,3371,4-6 6-4 7-5 7-6(2)
177335,188-2026,Wimbledon,"London, Great Britain",20260622,G,Round 1,1,0,2026-06-29T15:40Z,final,5,3212,Alejandro Davidovich Fokina,4008,Juan Manuel Cerundolo,3212,6-4 6-4 7-6(2)
177342,188-2026,Wimbledon,"London, Great Britain",20260622,G,Round 1,1,0,2026-06-29T16:10Z,final,5,3209,Felix Auger-Aliassime,8710,Aleksandr Shevchenko,3209,6-3 6-1 6-4
177351,188-2026,Wimbledon,"London, Great Britain",20260622,G,Round 1,1,0,2026-06-29T17:55Z,final,5,2875,Wu Yibing,296,Novak Djokovic,296,6-4 5-7 6-4 6-4
177307,188-2026,Wimbledon,"London, Great Britain",20260622,G,Round 1,1,0,2026-06-30T10:05Z,final,5,3935,Sho Shimabukuro,10219,Jaime Faria,10219,7-6(6) 6-3 6-7(2) 6-3
177333,188-2026,Wimbledon,"London, Great Britain",20260622,G,Round 1,1,0,2026-06-30T10:05Z,final,5,4022,Valentin Royer,4000,Harry Wendelken,4022,4-6 6-3 6-3 6-3
177358,188-2026,Wimbledon,"London, Great Britain",20260622,G,Round 1,1,0,2026-06-30T10:05Z,final,5,2416,Kamil Majchrzak,2970,Alejandro Tabilo,2416,6-3 7-5 7-5
177364,188-2026,Wimbledon,"London, Great Britain",20260622,G,Round 1,1,0,2026-06-30T10:10Z,final,5,3322,Yannick Hanfmann,8885,Giovanni Mpetshi Perricard,3322,6-7(6) 7-6(9) 6-2 6-3
177368,188-2026,Wimbledon,"London, Great Britain",20260622,G,Round 1,1,0,2026-06-30T10:10Z,final,5,1266,Adrian Mannarino,8136,Titouan Droguet,1266,6-2 6-4 6-1
177317,188-2026,Wimbledon,"London, Great Britain",20260622,G,Round 1,1,0,2026-06-30T11:25Z,final,5,4099,Otto Virtanen,9250,Ben Shelton,4099,6-4 3-6 6-7(8) 6-2 7-6(9)
177339,188-2026,Wimbledon,"London, Great Britain",20260622,G,Round 1,1,0,2026-06-30T11:30Z,final,5,11400,Alex Michelsen,11685,Jacob Fearnley,11685,3-6 4-6 6-2 6-3 6-2
177350,188-2026,Wimbledon,"London, Great Britain",20260622,G,Round 1,1,0,2026-06-30T11:30Z,final,5,2651,Alex de Minaur,4011,Roman Andres Burruchaga,2651,7-6(5) 6-1 6-0
177343,188-2026,Wimbledon,"London, Great Britain",20260622,G,Round 1,1,0,2026-06-30T11:35Z,final,5,3793,Matteo Arnaldi,2362,Quentin Halys,2362,3-6 6-1 7-6(5) 6-3
177306,188-2026,Wimbledon,"London, Great Britain",20260622,G,Round 1,1,0,2026-06-30T11:40Z,final,5,1842,Damir Dzumhur,8621,Arthur Fery,8621,3-6 6-2 6-2 6-1
177352,188-2026,Wimbledon,"London, Great Britain",20260622,G,Round 1,1,0,2026-06-30T11:40Z,final,5,3897,Jesper de Jong,3716,Rinky Hijikata,3897,7-6(4) 3-6 5-7 6-4 6-3
177319,188-2026,Wimbledon,"London, Great Britain",20260622,G,Round 1,1,0,2026-06-30T11:55Z,ret,5,2355,Benjamin Bonzi,3885,Gabriel Diallo,3885,1-6 4-6 7-6(5) 6-3 3-1 RET
177359,188-2026,Wimbledon,"London, Great Britain",20260622,G,Round 1,1,0,2026-06-30T11:55Z,final,5,3979,Pablo Llamas Ruiz,3953,Zachary Svajda,3953,6-1 6-2 6-4
177316,188-2026,Wimbledon,"London, Great Britain",20260622,G,Round 1,1,0,2026-06-30T12:05Z,final,5,2946,Taylor Fritz,1769,Dusan Lajovic,2946,6-3 6-4 6-3
177326,188-2026,Wimbledon,"London, Great Britain",20260622,G,Round 1,1,0,2026-06-30T12:45Z,final,5,2320,Thanasi Kokkinakis,2865,Alexander Bublik,2865,4-6 6-3 6-7(10) 6-3 6-4
177305,188-2026,Wimbledon,"London, Great Britain",20260622,G,Round 1,1,0,2026-06-30T12:50Z,final,5,3085,Ugo Humbert,3356,Zizou Bergs,3356,6-2 7-5 4-6 3-6 6-3
177344,188-2026,Wimbledon,"London, Great Britain",20260622,G,Round 1,1,0,2026-06-30T12:50Z,final,5,3774,Brandon Nakashima,10126,Jack Pinnington Jones,3774,6-3 7-6(5) 7-5
177327,188-2026,Wimbledon,"London, Great Britain",20260622,G,Round 1,1,0,2026-06-30T13:05Z,final,5,7509,Kyrian Jacquet,11755,Vilius Gaubas,7509,6-3 6-4 7-6(2)
177337,188-2026,Wimbledon,"London, Great Britain",20260622,G,Round 1,1,0,2026-06-30T13:15Z,final,5,2709,Jaume Munar,3700,Francisco Cerundolo,2709,6-1 6-4 6-3
177361,188-2026,Wimbledon,"London, Great Britain",20260622,G,Round 1,1,0,2026-06-30T13:40Z,final,5,10319,Jakub Mensik,10645,Toby Samuel,10319,5-7 6-3 6-3 3-6 7-6(7)
177365,188-2026,Wimbledon,"London, Great Britain",20260622,G,Round 1,1,0,2026-06-30T13:40Z,final,5,2367,Karen Khachanov,2361,Billy Harris,2367,6-3 5-7 6-3 6-3
177321,188-2026,Wimbledon,"London, Great Britain",20260622,G,Round 1,1,0,2026-06-30T13:45Z,final,5,10958,Patrick Kypson,2206,Mackenzie McDonald,10958,3-6 6-1 6-4 6-4
177311,188-2026,Wimbledon,"London, Great Britain",20260622,G,Round 1,1,0,2026-06-30T14:35Z,final,5,3052,Lorenzo Sonego,3739,Tomas Martin Etcheverry,3052,6-4 6-4 6-7(2) 7-6(4)
177341,188-2026,Wimbledon,"London, Great Britain",20260622,G,Round 1,1,0,2026-06-30T14:50Z,final,5,2886,Corentin Moutet,1993,Marcos Giron,1993,4-6 6-4 7-5 6-4
177331,188-2026,Wimbledon,"London, Great Britain",20260622,G,Round 1,1,0,2026-06-30T15:05Z,final,5,11757,Alexander Blockx,2375,Alexander Zverev,2375,6-4 6-7(8) 7-6(5) 7-6(0)
177362,188-2026,Wimbledon,"London, Great Britain",20260622,G,Round 1,1,0,2026-06-30T15:15Z,final,5,11222,Raphael Collignon,10052,Arthur Fils,10052,7-5 6-1 6-3
177367,188-2026,Wimbledon,"London, Great Britain",20260622,G,Round 1,1,0,2026-06-30T15:40Z,final,5,3319,Tallon Griekspoor,1857,James Duckworth,1857,6-4 4-6 7-5 6-4
177363,188-2026,Wimbledon,"London, Great Britain",20260622,G,Round 1,1,0,2026-06-30T16:30Z,final,5,264,Stan Wawrinka,2622,Matteo Berrettini,2622,6-7(7) 7-6(16) 7-6(7) 7-6(5)
177360,188-2026,Wimbledon,"London, Great Britain",20260622,G,Round 1,1,0,2026-06-30T16:55Z,final,5,4030,Dane Sweeny,1287,Grigor Dimitrov,1287,7-6(4) 6-3 7-5
177329,188-2026,Wimbledon,"London, Great Britain",20260622,G,Round 1,1,0,2026-06-30T17:05Z,final,5,3754,Jiri Lehecka,2862,Alexei Popyrin,3754,6-4 6-2 6-4
177314,188-2026,Wimbledon,"London, Great Britain",20260622,G,Round 1,1,0,2026-06-30T17:10Z,final,5,3809,Vit Kopriva,2720,Jan Choinski,2720,6-3 7-5 6-2
177390,188-2026,Wimbledon,"London, Great Britain",20260622,G,Round 2,2,0,2026-07-01T10:05Z,final,5,2726,Hubert Hurkacz,3304,Sebastian Ofner,2726,7-6(8) 6-4 6-4
177395,188-2026,Wimbledon,"London, Great Britain",20260622,G,Round 2,2,0,2026-07-01T10:05Z,final,5,2872,SoonWoo Kwon,2964,Tommy Paul,2964,6-3 7-6(4) 6-2
177400,188-2026,Wimbledon,"London, Great Britain",20260622,G,Round 2,2,0,2026-07-01T10:05Z,final,5,1862,Marton Fucsovics,10386,Learner Tien,1862,6-7(6) 6-4 7-6(4) 6-3
177389,188-2026,Wimbledon,"London, Great Britain",20260622,G,Round 2,2,0,2026-07-01T10:10Z,final,5,3621,Jenson Brooksby,11226,Ignacio Buse,3621,6-2 6-2 6-3
177328,188-2026,Wimbledon,"London, Great Britain",20260622,G,Round 1,1,0,2026-07-01T11:30Z,final,5,2635,Alex Molcan,3203,Daniel Altmaier,2635,6-4 3-6 7-5 6-2
177393,188-2026,Wimbledon,"London, Great Britain",20260622,G,Round 2,2,0,2026-07-01T11:30Z,final,5,3371,Nicolas Mejia,12932,Michael Zheng,12932,6-7(4) 7-6(8) 6-1 6-4
177366,188-2026,Wimbledon,"London, Great Britain",20260622,G,Round 1,1,0,2026-07-01T11:40Z,final,5,9992,Mariano Navone,7602,Flavio Cobolli,7602,1-6 7-6(5) 6-3 7-6(8)
177398,188-2026,Wimbledon,"London, Great Britain",20260622,G,Round 2,2,0,2026-07-01T12:05Z,final,5,3212,Alejandro Davidovich Fokina,9213,Fabian Marozsan,3212,6-3 6-0 6-3
177392,188-2026,Wimbledon,"London, Great Britain",20260622,G,Round 2,2,0,2026-07-01T12:35Z,final,5,3623,Jannik Sinner,4115,Nuno Borges,3623,7-6(4) 7-6(2) 6-4
177399,188-2026,Wimbledon,"London, Great Britain",20260622,G,Round 2,2,0,2026-07-01T13:00Z,final,5,2636,Roman Safiullin,3310,Botic Van De Zandschulp,2636,6-0 4-6 6-3 3-6 7-6(5)
177376,188-2026,Wimbledon,"London, Great Britain",20260622,G,Round 2,2,0,2026-07-01T13:10Z,final,5,3511,Arthur Rinderknech,10130,Martin Damm,3511,6-4 7-6(1) 6-3
177397,188-2026,Wimbledon,"London, Great Britain",20260622,G,Round 2,2,0,2026-07-01T13:10Z,final,5,10239,Daniel Merida,2383,Daniil Medvedev,2383,3-6 6-3 7-5 6-2
177377,188-2026,Wimbledon,"London, Great Britain",20260622,G,Round 2,2,0,2026-07-01T13:55Z,final,5,3897,Jesper de Jong,11745,Joao Fonseca,11745,6-1 7-5 6-4
177309,188-2026,Wimbledon,"London, Great Britain",20260622,G,Round 1,1,0,2026-07-01T14:05Z,final,5,2708,Frances Tiafoe,10638,Terence Atmane,2708,7-6(6) 6-1 4-6 6-4
177391,188-2026,Wimbledon,"London, Great Britain",20260622,G,Round 2,2,0,2026-07-01T14:40Z,final,5,7608,Shintaro Mochizuki,11383,Ethan Quinn,7608,6-2 7-6(6) 7-5
177396,188-2026,Wimbledon,"London, Great Britain",20260622,G,Round 2,2,0,2026-07-01T16:45Z,final,5,3209,Felix Auger-Aliassime,10105,Dino Prizmic,3209,7-6(2) 6-3 7-5
177379,188-2026,Wimbledon,"London, Great Britain",20260622,G,Round 2,2,0,2026-07-01T18:50Z,final,5,2869,Stefanos Tsitsipas,296,Novak Djokovic,296,6-3 6-4 6-2
177371,188-2026,Wimbledon,"London, Great Britain",20260622,G,Round 2,2,0,2026-07-02T10:05Z,final,5,8621,Arthur Fery,4099,Otto Virtanen,8621,5-7 7-6(3) 6-3 6-3
177378,188-2026,Wimbledon,"London, Great Britain",20260622,G,Round 2,2,0,2026-07-02T10:05Z,final,5,2651,Alex de Minaur,1266,Adrian Mannarino,2651,6-3 6-2 6-2
177384,188-2026,Wimbledon,"London, Great Britain",20260622,G,Round 2,2,0,2026-07-02T10:10Z,final,5,3885,Gabriel Diallo,3052,Lorenzo Sonego,3052,7-6(4) 4-6 7-6(4) 6-7(6) 6-2
177385,188-2026,Wimbledon,"London, Great Britain",20260622,G,Round 2,2,0,2026-07-02T10:10Z,final,5,2946,Taylor Fritz,10958,Patrick Kypson,2946,6-2 6-2 7-5
177372,188-2026,Wimbledon,"London, Great Britain",20260622,G,Round 2,2,0,2026-07-02T11:45Z,final,5,3356,Zizou Bergs,10219,Jaime Faria,3356,7-6(6) 4-6 6-2 6-3
177374,188-2026,Wimbledon,"London, Great Britain",20260622,G,Round 2,2,0,2026-07-02T12:15Z,final,5,3953,Zachary Svajda,2416,Kamil Majchrzak,3953,2-6 6-2 6-7(5) 6-4 6-3
177388,188-2026,Wimbledon,"London, Great Britain",20260622,G,Round 2,2,0,2026-07-02T12:30Z,final,5,12657,Rafael Jodar,1590,Pablo Carreno Busta,12657,3-6 6-3 1-6 6-3 6-4
177394,188-2026,Wimbledon,"London, Great Britain",20260622,G,Round 2,2,0,2026-07-02T12:40Z,final,5,3774,Brandon Nakashima,2337,Jan-Lennard Struff,2337,4-6 7-6(6) 7-6(5) 6-7(6) 7-6(7)
177381,188-2026,Wimbledon,"London, Great Britain",20260622,G,Round 2,2,0,2026-07-02T13:05Z,final,5,2362,Quentin Halys,1993,Marcos Giron,1993,7-6(5) 6-3 6-4
177382,188-2026,Wimbledon,"London, Great Britain",20260622,G,Round 2,2,0,2026-07-02T14:00Z,final,5,11685,Jacob Fearnley,2709,Jaume Munar,2709,6-4 7-6(3) 6-4
177380,188-2026,Wimbledon,"London, Great Britain",20260622,G,Round 2,2,0,2026-07-02T14:05Z,final,5,4022,Valentin Royer,2375,Alexander Zverev,2375,6-1 6-3 7-6(3)
177369,188-2026,Wimbledon,"London, Great Britain",20260622,G,Round 2,2,0,2026-07-02T14:15Z,final,5,2622,Matteo Berrettini,10052,Arthur Fils,2622,6-4 7-5 3-6 6-3
177375,188-2026,Wimbledon,"London, Great Britain",20260622,G,Round 2,2,0,2026-07-02T14:25Z,final,5,1857,James Duckworth,7602,Flavio Cobolli,7602,7-6(4) 3-6 7-6(3) 6-1
177373,188-2026,Wimbledon,"London, Great Britain",20260622,G,Round 2,2,0,2026-07-02T14:55Z,final,5,2367,Karen Khachanov,3322,Yannick Hanfmann,2367,6-3 6-4 6-4
177383,188-2026,Wimbledon,"London, Great Britain",20260622,G,Round 2,2,0,2026-07-02T16:10Z,final,5,3754,Jiri Lehecka,2635,Alex Molcan,3754,6-3 6-2 6-4
177370,188-2026,Wimbledon,"London, Great Britain",20260622,G,Round 2,2,0,2026-07-02T16:35Z,final,5,10319,Jakub Mensik,1287,Grigor Dimitrov,1287,7-6(5) 4-6 7-5 6-3
177387,188-2026,Wimbledon,"London, Great Britain",20260622,G,Round 2,2,0,2026-07-02T16:35Z,final,5,2708,Frances Tiafoe,2720,Jan Choinski,2708,4-6 6-2 7-5 6-2
177386,188-2026,Wimbledon,"London, Great Britain",20260622,G,Round 2,2,0,2026-07-02T17:05Z,final,5,7509,Kyrian Jacquet,2865,Alexander Bublik,2865,6-3 6-4 7-6(5)
177470,188-2026,Wimbledon,"London, Great Britain",20260622,G,Round 3,3,0,2026-07-03T10:10Z,final,5,2636,Roman Safiullin,11745,Joao Fonseca,2636,6-3 6-3 6-3
177473,188-2026,Wimbledon,"London, Great Britain",20260622,G,Round 3,3,0,2026-07-03T12:35Z,final,5,3511,Arthur Rinderknech,296,Novak Djokovic,296,7-5 6-4 1-6 7-6(4)
177474,188-2026,Wimbledon,"London, Great Britain",20260622,G,Round 3,3,0,2026-07-03T12:40Z,final,5,12657,Rafael Jodar,7608,Shintaro Mochizuki,7608,1-6 7-6(5) 6-4 6-4
177466,188-2026,Wimbledon,"London, Great Britain",20260622,G,Round 3,3,0,2026-07-03T13:15Z,final,5,2337,Jan-Lennard Struff,2383,Daniil Medvedev,2337,7-6(4) 7-6(5) 7-5
177478,188-2026,Wimbledon,"London, Great Britain",20260622,G,Round 3,3,0,2026-07-03T13:40Z,final,5,3623,Jannik Sinner,3621,Jenson Brooksby,3623,6-4 6-3 6-4
177467,188-2026,Wimbledon,"London, Great Britain",20260622,G,Round 3,3,0,2026-07-03T13:55Z,final,5,2726,Hubert Hurkacz,2964,Tommy Paul,2726,4-6 7-6(5) 7-5 6-2
177472,188-2026,Wimbledon,"London, Great Britain",20260622,G,Round 3,3,0,2026-07-03T14:55Z,final,5,3212,Alejandro Davidovich Fokina,1862,Marton Fucsovics,3212,7-6(3) 6-2 6-3
177480,188-2026,Wimbledon,"London, Great Britain",20260622,G,Round 3,3,0,2026-07-03T18:10Z,final,5,3209,Felix Auger-Aliassime,12932,Michael Zheng,3209,7-6(1) 6-2 6-1
177479,188-2026,Wimbledon,"London, Great Britain",20260622,G,Round 3,3,0,2026-07-04T10:05Z,final,5,2651,Alex de Minaur,3953,Zachary Svajda,2651,6-2 5-7 6-2 6-4
177477,188-2026,Wimbledon,"London, Great Britain",20260622,G,Round 3,3,0,2026-07-04T12:10Z,final,5,2367,Karen Khachanov,7602,Flavio Cobolli,7602,0-6 7-6(4) 6-7(5) 6-2 6-2
177475,188-2026,Wimbledon,"London, Great Britain",20260622,G,Round 3,3,0,2026-07-04T13:10Z,final,5,3356,Zizou Bergs,8621,Arthur Fery,8621,2-6 7-5 2-6 7-6(3) 7-6(5)
177487,188-2026,Wimbledon,"London, Great Britain",20260622,G,Round 3,3,0,2026-07-04T14:00Z,final,5,3754,Jiri Lehecka,2709,Jaume Munar,3754,6-4 6-4 4-6 6-4
177469,188-2026,Wimbledon,"London, Great Britain",20260622,G,Round 3,3,0,2026-07-04T14:10Z,final,5,1993,Marcos Giron,2375,Alexander Zverev,2375,6-2 7-6(4) 6-4
177468,188-2026,Wimbledon,"London, Great Britain",20260622,G,Round 3,3,0,2026-07-04T16:40Z,final,5,2946,Taylor Fritz,3052,Lorenzo Sonego,2946,4-6 6-3 6-4 7-6(5)
177464,188-2026,Wimbledon,"London, Great Britain",20260622,G,Round 3,3,0,2026-07-04T17:15Z,final,5,2708,Frances Tiafoe,2865,Alexander Bublik,2865,4-6 7-6(5) 7-6(11) 4-6 6-3
177471,188-2026,Wimbledon,"London, Great Britain",20260622,G,Round 3,3,0,2026-07-04T17:20Z,final,5,1287,Grigor Dimitrov,2622,Matteo Berrettini,1287,6-3 6-4 3-6 5-7 6-3
177465,188-2026,Wimbledon,"London, Great Britain",20260622,G,Round 4,4,0,2026-07-05T12:40Z,final,5,2636,Roman Safiullin,296,Novak Djokovic,296,7-6(6) 6-3 3-6 6-3
177485,188-2026,Wimbledon,"London, Great Britain",20260622,G,Round 4,4,0,2026-07-05T14:45Z,final,5,3209,Felix Auger-Aliassime,3212,Alejandro Davidovich Fokina,3209,6-7(4) 7-6(6) 6-3 6-7(2) 6-1
177488,188-2026,Wimbledon,"London, Great Britain",20260622,G,Round 4,4,0,2026-07-05T15:45Z,ret,5,2726,Hubert Hurkacz,2337,Jan-Lennard Struff,2337,3-6 6-7(5) 7-6(2) 7-5 4-2 RET
177476,188-2026,Wimbledon,"London, Great Britain",20260622,G,Round 4,4,0,2026-07-05T18:20Z,final,5,3623,Jannik Sinner,7608,Shintaro Mochizuki,3623,6-3 7-6(0) 6-3
177486,188-2026,Wimbledon,"London, Great Britain",20260622,G,Round 4,4,0,2026-07-06T12:10Z,final,5,2651,Alex de Minaur,7602,Flavio Cobolli,7602,7-5 7-6(4) 6-3
177482,188-2026,Wimbledon,"London, Great Britain",20260622,G,Round 4,4,0,2026-07-06T15:20Z,final,5,1287,Grigor Dimitrov,8621,Arthur Fery,8621,7-5 3-6 4-6 6-4 7-6(7)
177481,188-2026,Wimbledon,"London, Great Britain",20260622,G,Round 4,4,0,2026-07-06T17:10Z,final,5,2946,Taylor Fritz,2865,Alexander Bublik,2946,7-6(1) 6-4 6-4
177483,188-2026,Wimbledon,"London, Great Britain",20260622,G,Quarterfinal,10,0,2026-07-07T12:05Z,final,5,3623,Jannik Sinner,2337,Jan-Lennard Struff,3623,7-5 7-6(4) 6-3
177484,188-2026,Wimbledon,"London, Great Britain",20260622,G,Round 4,4,0,2026-07-07T14:55Z,final,5,3754,Jiri Lehecka,2375,Alexander Zverev,2375,6-4 7-5 3-6 7-6(6)
177493,188-2026,Wimbledon,"London, Great Britain",20260622,G,Quarterfinal,10,0,2026-07-07T16:35Z,final,5,3209,Felix Auger-Aliassime,296,Novak Djokovic,296,7-6(10) 3-6 6-3 6-7(4) 7-6(4)
177492,188-2026,Wimbledon,"London, Great Britain",20260622,G,Quarterfinal,10,0,2026-07-08T14:10Z,final,5,7602,Flavio Cobolli,8621,Arthur Fery,8621,6-4 7-6(4) 6-0
177494,188-2026,Wimbledon,"London, Great Britain",20260622,G,Quarterfinal,10,0,2026-07-08T14:25Z,final,5,2946,Taylor Fritz,2375,Alexander Zverev,2375,6-4 6-4 6-2
177489,188-2026,Wimbledon,"London, Great Britain",20260622,G,Semifinal,11,0,2026-07-10T12:35Z,final,5,8621,Arthur Fery,2375,Alexander Zverev,2375,7-6(0) 6-2 6-4
177490,188-2026,Wimbledon,"London, Great Britain",20260622,G,Semifinal,11,0,2026-07-10T15:20Z,final,5,3623,Jannik Sinner,296,Novak Djokovic,3623,6-4 6-4 6-4
181650,7-2026,EFG Swiss Open Gstaad,"Gstaad, Switzerland",20260711,A,Qualifying 1st Round,0,1,2026-07-11T08:00Z,final,5,3512,Clement Tabur,10294,Hendrik Jebens,3512,6-3 6-4
181652,7-2026,EFG Swiss Open Gstaad,"Gstaad, Switzerland",20260711,A,Qualifying 1st Round,0,1,2026-07-11T08:00Z,final,5,3481,Marc-Andrea Huesler,11754,Edas Butvilas,3481,6-4 6-3
181646,7-2026,EFG Swiss Open Gstaad,"Gstaad, Switzerland",20260711,A,Qualifying 1st Round,0,1,2026-07-11T09:30Z,final,5,2025,Thiago Monteiro,1613,Pierre-Hugues Herbert,2025,7-6(7) 6-7(4) 7-6(8)
181649,7-2026,EFG Swiss Open Gstaad,"Gstaad, Switzerland",20260711,A,Qualifying 1st Round,0,1,2026-07-11T10:00Z,final,5,3592,Daniel Michalski,2834,Calvin Hemery,2834,7-6(2) 2-6 6-3
181648,7-2026,EFG Swiss Open Gstaad,"Gstaad, Switzerland",20260711,A,Qualifying 1st Round,0,1,2026-07-11T11:00Z,final,5,4099,Otto Virtanen,12453,Dylan Dietrich,12453,6-4 7-6(4)
181651,7-2026,EFG Swiss Open Gstaad,"Gstaad, Switzerland",20260711,A,Qualifying 1st Round,0,1,2026-07-11T11:30Z,final,5,14601,Federico Cina,14203,Patrick Zahraj,14601,7-5 6-3
181645,7-2026,EFG Swiss Open Gstaad,"Gstaad, Switzerland",20260711,A,Qualifying 1st Round,0,1,2026-07-11T12:30Z,final,5,10512,Manas Dhamne,4026,Vitaliy Sachko,4026,6-4 6-1
181647,7-2026,EFG Swiss Open Gstaad,"Gstaad, Switzerland",20260711,A,Qualifying 1st Round,0,1,2026-07-11T13:00Z,final,5,3818,Timofey Skatov,4090,Anirudh Chandrasekar,3818,6-2 6-4
181658,22-2026,Plava Laguna Croatia Open Umag,"Umag, Croatia",20260711,A,Qualifying 1st Round,0,1,2026-07-11T15:00Z,final,5,10320,Noa Vukadin,3096,Genaro Alberto Olivieri,3096,6-2 6-4
181660,22-2026,Plava Laguna Croatia Open Umag,"Umag, Croatia",20260711,A,Qualifying 1st Round,0,1,2026-07-11T15:00Z,final,5,7598,Luca Nardi,11636,Andrea Guerrieri,11636,6-3 7-6(5)
181662,22-2026,Plava Laguna Croatia Open Umag,"Umag, Croatia",20260711,A,Qualifying 1st Round,0,1,2026-07-11T15:00Z,ret,5,8447,Marko Topo,7924,Pol Martin Tiffon,8447,6-4 RET
181663,22-2026,Plava Laguna Croatia Open Umag,"Umag, Croatia",20260711,A,Qualifying 1st Round,0,1,2026-07-11T15:00Z,final,5,1840,Marco Cecchinato,7887,Duje Ajdukovic,1840,6-3 6-4
181657,22-2026,Plava Laguna Croatia Open Umag,"Umag, Croatia",20260711,A,Qualifying 1st Round,0,1,2026-07-11T16:30Z,final,5,10189,Juan Carlos Prado Angelo,13213,Marc Majdandzic,10189,6-4 6-3
181659,22-2026,Plava Laguna Croatia Open Umag,"Umag, Croatia",20260711,A,Qualifying 1st Round,0,1,2026-07-11T16:30Z,final,5,2694,Norbert Gombos,3894,Nikolas Sanchez Izquierdo,3894,7-6(4) 6-2
181661,22-2026,Plava Laguna Croatia Open Umag,"Umag, Croatia",20260711,A,Qualifying 1st Round,0,1,2026-07-11T16:30Z,final,5,7794,Lukas Neumayer,8245,Mili Poljicak,7794,6-4 4-6 6-4
181664,22-2026,Plava Laguna Croatia Open Umag,"Umag, Croatia",20260711,A,Qualifying 1st Round,0,1,2026-07-11T16:30Z,final,5,3549,Raul Brancaccio,10155,Federico Agustin Gomez,10155,5-7 6-2 6-4
181708,306-2026,Nordea Open,"Båstad, Sweden",20260706,A,Qualifying 1st Round,0,1,2026-07-12T08:30Z,final,5,10140,Gonzalo Bueno,10020,Igor Ribeiro Marcondes,10020,6-4 7-6(5)
181710,306-2026,Nordea Open,"Båstad, Sweden",20260706,A,Qualifying 1st Round,0,1,2026-07-12T08:30Z,final,5,8366,Martin Krumich,3533,Frederico Ferreira Silva,8366,6-4 6-2
181655,7-2026,EFG Swiss Open Gstaad,"Gstaad, Switzerland",20260711,A,Qualifying Final,0,1,2026-07-12T09:00Z,final,5,14601,Federico Cina,2834,Calvin Hemery,14601,6-4 6-3
181656,7-2026,EFG Swiss Open Gstaad,"Gstaad, Switzerland",20260711,A,Qualifying Final,0,1,2026-07-12T09:00Z,final,5,3512,Clement Tabur,3481,Marc-Andrea Huesler,3512,6-4 7-6(3)
181706,306-2026,Nordea Open,"Båstad, Sweden",20260706,A,Qualifying 1st Round,0,1,2026-07-12T10:00Z,final,5,14961,William Rejchtman Vinciguerra,9982,Lautaro Midon,9982,7-6(4) 6-3
181709,306-2026,Nordea Open,"Båstad, Sweden",20260706,A,Qualifying 1st Round,0,1,2026-07-12T10:00Z,final,5,3820,Francesco Passaro,8789,Maks Kasnikowski,3820,6-1 3-6 6-3
181653,7-2026,EFG Swiss Open Gstaad,"Gstaad, Switzerland",20260711,A,Qualifying Final,0,1,2026-07-12T10:30Z,final,5,12453,Dylan Dietrich,2025,Thiago Monteiro,12453,3-6 6-3 6-4
181654,7-2026,EFG Swiss Open Gstaad,"Gstaad, Switzerland",20260711,A,Qualifying Final,0,1,2026-07-12T10:30Z,final,5,3818,Timofey Skatov,4026,Vitaliy Sachko,3818,6-2 6-4
181705,306-2026,Nordea Open,"Båstad, Sweden",20260706,A,Qualifying 1st Round,0,1,2026-07-12T11:30Z,final,5,13240,Elmer Moller,14712,Thomas Faurel,14712,6-3 6-4
181707,306-2026,Nordea Open,"Båstad, Sweden",20260706,A,Qualifying 1st Round,0,1,2026-07-12T11:30Z,final,5,1841,Federico Coria,1837,Taro Daniel,1837,6-0 6-2
181703,306-2026,Nordea Open,"Båstad, Sweden",20260706,A,Qualifying 1st Round,0,1,2026-07-12T13:00Z,final,5,15469,Nikola Slavic,3919,Miguel Damas,3919,6-4 6-1
181704,306-2026,Nordea Open,"Båstad, Sweden",20260706,A,Qualifying 1st Round,0,1,2026-07-12T13:00Z,ret,5,2012,Roberto Carballes Baena,8287,Carlos Sanchez Jover,8287,6-3 3-0 RET
181665,22-2026,Plava Laguna Croatia Open Umag,"Umag, Croatia",20260711,A,Qualifying Final,0,1,2026-07-12T15:00Z,final,5,11636,Andrea Guerrieri,10155,Federico Agustin Gomez,10155,6-4 6-4
181666,22-2026,Plava Laguna Croatia Open Umag,"Umag, Croatia",20260711,A,Qualifying Final,0,1,2026-07-12T15:00Z,final,5,1840,Marco Cecchinato,3096,Genaro Alberto Olivieri,1840,6-2 6-4
181667,22-2026,Plava Laguna Croatia Open Umag,"Umag, Croatia",20260711,A,Qualifying Final,0,1,2026-07-12T15:00Z,final,5,7794,Lukas Neumayer,8447,Marko Topo,8447,7-6(7) 7-5
181668,22-2026,Plava Laguna Croatia Open Umag,"Umag, Croatia",20260711,A,Qualifying Final,0,1,2026-07-12T15:00Z,final,5,10189,Juan Carlos Prado Angelo,3894,Nikolas Sanchez Izquierdo,10189,6-3 7-6(4)
177491,188-2026,Wimbledon,"London, Great Britain",20260622,G,Final,13,0,2026-07-12T15:05Z,final,5,3623,Jannik Sinner,2375,Alexander Zverev,3623,6-7(7) 7-6(2) 6-3 6-4
178733,7-2026,EFG Swiss Open Gstaad,"Gstaad, Switzerland",20260711,A,Round 1,1,0,2026-07-13T08:35Z,final,5,3052,Lorenzo Sonego,11457,Joel Josef Schwaerzler,3052,6-4 7-6(4)
181711,306-2026,Nordea Open,"Båstad, Sweden",20260706,A,Qualifying Final,0,1,2026-07-13T09:00Z,final,5,10020,Igor Ribeiro Marcondes,9982,Lautaro Midon,9982,7-6(7) 7-5
181712,306-2026,Nordea Open,"Båstad, Sweden",20260706,A,Qualifying Final,0,1,2026-07-13T09:00Z,final,5,3820,Francesco Passaro,8366,Martin Krumich,8366,6-4 6-3
178737,7-2026,EFG Swiss Open Gstaad,"Gstaad, Switzerland",20260711,A,Round 1,1,0,2026-07-13T10:15Z,final,5,3512,Clement Tabur,3204,Jurij Rodionov,3512,4-6 7-5 6-4
178729,7-2026,EFG Swiss Open Gstaad,"Gstaad, Switzerland",20260711,A,Round 1,1,0,2026-07-13T10:50Z,final,5,10142,Kilian Feldbausch,2874,Miomir Kecmanovic,2874,6-1 1-6 6-3
181713,306-2026,Nordea Open,"Båstad, Sweden",20260706,A,Qualifying Final,0,1,2026-07-13T11:30Z,final,5,14712,Thomas Faurel,3919,Miguel Damas,3919,3-6 7-6(6) 6-4
181714,306-2026,Nordea Open,"Båstad, Sweden",20260706,A,Qualifying Final,0,1,2026-07-13T11:30Z,final,5,8287,Carlos Sanchez Jover,1837,Taro Daniel,1837,6-2 2-6 6-2
178734,7-2026,EFG Swiss Open Gstaad,"Gstaad, Switzerland",20260711,A,Round 1,1,0,2026-07-13T12:55Z,final,5,11222,Raphael Collignon,3818,Timofey Skatov,11222,3-6 7-6(1) 6-4
178655,306-2026,Nordea Open,"Båstad, Sweden",20260706,A,Round 1,1,0,2026-07-13T14:00Z,final,5,3897,Jesper de Jong,11755,Vilius Gaubas,3897,7-6(1) 7-5
178770,22-2026,Plava Laguna Croatia Open Umag,"Umag, Croatia",20260711,A,Round 1,1,0,2026-07-13T14:05Z,final,5,1842,Damir Dzumhur,10248,Henrique Rocha,1842,6-2 6-1
178741,7-2026,EFG Swiss Open Gstaad,"Gstaad, Switzerland",20260711,A,Round 1,1,0,2026-07-13T15:35Z,final,5,9962,Dominic Stricker,2709,Jaume Munar,9962,6-2 6-4
178774,22-2026,Plava Laguna Croatia Open Umag,"Umag, Croatia",20260711,A,Round 1,1,0,2026-07-13T16:05Z,final,5,1769,Dusan Lajovic,8814,Luca Van Assche,8814,2-6 7-5 6-4
178767,22-2026,Plava Laguna Croatia Open Umag,"Umag, Croatia",20260711,A,Round 1,1,0,2026-07-13T16:30Z,final,5,7509,Kyrian Jacquet,2278,Marco Trungelliti,2278,6-2 6-3
178779,22-2026,Plava Laguna Croatia Open Umag,"Umag, Croatia",20260711,A,Round 1,1,0,2026-07-13T19:10Z,final,5,3809,Vit Kopriva,10105,Dino Prizmic,10105,6-1 6-3
178730,7-2026,EFG Swiss Open Gstaad,"Gstaad, Switzerland",20260711,A,Round 1,1,0,2026-07-14T08:35Z,final,5,4008,Juan Manuel Cerundolo,3314,Zdenek Kolar,4008,4-6 6-3 6-4
178732,7-2026,EFG Swiss Open Gstaad,"Gstaad, Switzerland",20260711,A,Round 1,1,0,2026-07-14T08:40Z,final,5,2623,Pedro Martinez,3322,Yannick Hanfmann,3322,7-6(6) 6-1
178634,306-2026,Nordea Open,"Båstad, Sweden",20260706,A,Round 1,1,0,2026-07-14T09:05Z,final,5,13829,Nicolai Budkov Kjaer,2627,Andrea Pellegrino,2627,6-3 6-2
178651,306-2026,Nordea Open,"Båstad, Sweden",20260706,A,Round 1,1,0,2026-07-14T09:05Z,final,5,3304,Sebastian Ofner,4010,Thiago Agustin Tirante,4010,6-3 6-4
178653,306-2026,Nordea Open,"Båstad, Sweden",20260706,A,Round 1,1,0,2026-07-14T10:05Z,final,5,3694,Facundo Diaz Acosta,9982,Lautaro Midon,9982,3-6 6-4 6-2
178649,306-2026,Nordea Open,"Båstad, Sweden",20260706,A,Round 1,1,0,2026-07-14T10:10Z,final,5,11396,Adolfo Daniel Vallejo,3919,Miguel Damas,11396,6-3 6-3
178645,306-2026,Nordea Open,"Båstad, Sweden",20260706,A,Round 1,1,0,2026-07-14T10:50Z,final,5,3812,Dalibor Svrcina,1287,Grigor Dimitrov,1287,7-6(5) 1-6 6-4
178652,306-2026,Nordea Open,"Båstad, Sweden",20260706,A,Round 1,1,0,2026-07-14T11:00Z,final,5,3310,Botic Van De Zandschulp,1837,Taro Daniel,3310,7-6(0) 6-4
178736,7-2026,EFG Swiss Open Gstaad,"Gstaad, Switzerland",20260711,A,Round 1,1,0,2026-07-14T11:05Z,final,5,3752,Jerome Kym,12453,Dylan Dietrich,3752,7-6(3) 2-6 7-6(5)
178654,306-2026,Nordea Open,"Båstad, Sweden",20260706,A,Round 1,1,0,2026-07-14T12:00Z,final,5,2720,Jan Choinski,2498,Nikoloz Basilashvili,2498,6-4 7-6(4)
178727,7-2026,EFG Swiss Open Gstaad,"Gstaad, Switzerland",20260711,A,Round 1,1,0,2026-07-14T12:10Z,final,5,14601,Federico Cina,2362,Quentin Halys,2362,6-3 3-6 7-6(6)
178650,306-2026,Nordea Open,"Båstad, Sweden",20260706,A,Round 1,1,0,2026-07-14T12:45Z,final,5,2682,Stefano Travaglia,8366,Martin Krumich,2682,6-4 6-2
178627,306-2026,Nordea Open,"Båstad, Sweden",20260706,A,Round 1,1,0,2026-07-14T13:20Z,final,5,3203,Daniel Altmaier,3375,Hugo Gaston,3203,6-2 7-5
178648,306-2026,Nordea Open,"Båstad, Sweden",20260706,A,Round 1,1,0,2026-07-14T13:25Z,final,5,4115,Nuno Borges,15473,Moise Kouame,4115,6-4 6-2
178735,7-2026,EFG Swiss Open Gstaad,"Gstaad, Switzerland",20260711,A,Round 1,1,0,2026-07-14T13:55Z,final,5,2869,Stefanos Tsitsipas,11226,Ignacio Buse,2869,6-4 6-4
178768,22-2026,Plava Laguna Croatia Open Umag,"Umag, Croatia",20260711,A,Round 1,1,0,2026-07-14T14:05Z,final,5,8447,Marko Topo,3666,Camilo Ugo Carabelli,3666,6-7(2) 7-6(3) 6-3
178769,22-2026,Plava Laguna Croatia Open Umag,"Umag, Croatia",20260711,A,Round 1,1,0,2026-07-14T14:05Z,final,5,2635,Alex Molcan,4022,Valentin Royer,2635,6-4 7-5
178789,22-2026,Plava Laguna Croatia Open Umag,"Umag, Croatia",20260711,A,Round 1,1,0,2026-07-14T14:05Z,final,5,14356,Matej Dodig,1590,Pablo Carreno Busta,1590,6-4 6-2
178743,7-2026,EFG Swiss Open Gstaad,"Gstaad, Switzerland",20260711,A,Round 1,1,0,2026-07-14T14:35Z,final,5,3308,Alexandre Muller,8710,Aleksandr Shevchenko,8710,3-6 6-3 6-4
178656,306-2026,Nordea Open,"Båstad, Sweden",20260706,A,Round 1,1,0,2026-07-14T15:05Z,final,5,13232,Max Dahlin,3340,Sebastian Baez,3340,4-6 6-4 6-1
178726,7-2026,EFG Swiss Open Gstaad,"Gstaad, Switzerland",20260711,A,Round 1,1,0,2026-07-14T15:50Z,final,5,10219,Jaime Faria,264,Stan Wawrinka,10219,6-7(8) 6-4 6-4
178791,22-2026,Plava Laguna Croatia Open Umag,"Umag, Croatia",20260711,A,Round 1,1,0,2026-07-14T16:05Z,final,5,1840,Marco Cecchinato,4011,Roman Andres Burruchaga,4011,6-1 6-4
178787,22-2026,Plava Laguna Croatia Open Umag,"Umag, Croatia",20260711,A,Round 1,1,0,2026-07-14T16:10Z,final,5,18569,Ziga Sesko,10239,Daniel Merida,10239,6-4 6-1
178766,22-2026,Plava Laguna Croatia Open Umag,"Umag, Croatia",20260711,A,Round 1,1,0,2026-07-14T17:30Z,final,5,10155,Federico Agustin Gomez,16766,Niels McDonald,10155,6-3 7-6(4)
178771,22-2026,Plava Laguna Croatia Open Umag,"Umag, Croatia",20260711,A,Round 1,1,0,2026-07-14T17:40Z,final,5,7794,Lukas Neumayer,10189,Juan Carlos Prado Angelo,10189,6-3 7-6(6)
178772,22-2026,Plava Laguna Croatia Open Umag,"Umag, Croatia",20260711,A,Round 1,1,0,2026-07-14T19:05Z,final,5,8136,Titouan Droguet,11757,Alexander Blockx,8136,3-6 6-2 6-0
178721,7-2026,EFG Swiss Open Gstaad,"Gstaad, Switzerland",20260711,A,Round 2,2,0,2026-07-15T08:35Z,final,5,11222,Raphael Collignon,3052,Lorenzo Sonego,11222,7-6(2) 7-6(5)
178636,306-2026,Nordea Open,"Båstad, Sweden",20260706,A,Round 2,2,0,2026-07-15T09:10Z,final,5,3310,Botic Van De Zandschulp,11396,Adolfo Daniel Vallejo,11396,4-6 6-3 7-6(4)
178723,7-2026,EFG Swiss Open Gstaad,"Gstaad, Switzerland",20260711,A,Round 2,2,0,2026-07-15T11:05Z,final,5,3511,Arthur Rinderknech,3512,Clement Tabur,3511,6-7(9) 7-6(5) 7-5
178633,306-2026,Nordea Open,"Båstad, Sweden",20260706,A,Round 2,2,0,2026-07-15T12:25Z,final,5,4115,Nuno Borges,1287,Grigor Dimitrov,4115,6-4 6-2
178637,306-2026,Nordea Open,"Båstad, Sweden",20260706,A,Round 2,2,0,2026-07-15T13:50Z,final,5,2682,Stefano Travaglia,9992,Mariano Navone,2682,6-4 6-2
178784,22-2026,Plava Laguna Croatia Open Umag,"Umag, Croatia",20260711,A,Round 2,2,0,2026-07-15T14:05Z,final,5,3739,Tomas Martin Etcheverry,10239,Daniel Merida,10239,7-5 6-4
178794,22-2026,Plava Laguna Croatia Open Umag,"Umag, Croatia",20260711,A,Round 2,2,0,2026-07-15T14:05Z,final,5,10155,Federico Agustin Gomez,3793,Matteo Arnaldi,3793,6-3 5-7 6-3
178781,22-2026,Plava Laguna Croatia Open Umag,"Umag, Croatia",20260711,A,Round 2,2,0,2026-07-15T14:15Z,final,5,10189,Juan Carlos Prado Angelo,1842,Damir Dzumhur,1842,7-6(2) 6-1
178720,7-2026,EFG Swiss Open Gstaad,"Gstaad, Switzerland",20260711,A,Round 2,2,0,2026-07-15T14:40Z,final,5,3322,Yannick Hanfmann,9376,Valentin Vacherot,9376,4-6 6-3 6-4
178635,306-2026,Nordea Open,"Båstad, Sweden",20260706,A,Round 2,2,0,2026-07-15T15:35Z,final,5,3203,Daniel Altmaier,7833,Luciano Darderi,7833,6-4 6-4
178792,22-2026,Plava Laguna Croatia Open Umag,"Umag, Croatia",20260711,A,Round 2,2,0,2026-07-15T16:05Z,final,5,2278,Marco Trungelliti,3212,Alejandro Davidovich Fokina,3212,6-4 7-5
178785,22-2026,Plava Laguna Croatia Open Umag,"Umag, Croatia",20260711,A,Round 2,2,0,2026-07-15T16:10Z,final,5,1590,Pablo Carreno Busta,3666,Camilo Ugo Carabelli,3666,3-6 7-5 7-5
178786,22-2026,Plava Laguna Croatia Open Umag,"Umag, Croatia",20260711,A,Round 2,2,0,2026-07-15T17:00Z,final,5,7602,Flavio Cobolli,4011,Roman Andres Burruchaga,4011,6-2 6-4
178782,22-2026,Plava Laguna Croatia Open Umag,"Umag, Croatia",20260711,A,Round 2,2,0,2026-07-15T18:30Z,final,5,8814,Luca Van Assche,8136,Titouan Droguet,8136,6-1 1-6 7-5
178793,22-2026,Plava Laguna Croatia Open Umag,"Umag, Croatia",20260711,A,Round 2,2,0,2026-07-15T19:05Z,ret,5,10105,Dino Prizmic,2635,Alex Molcan,2635,3-6 7-6(5) 4-0 RET
178746,7-2026,EFG Swiss Open Gstaad,"Gstaad, Switzerland",20260711,A,Round 2,2,0,2026-07-16T08:35Z,final,5,4008,Juan Manuel Cerundolo,2874,Miomir Kecmanovic,4008,3-6 6-3 7-5
178639,306-2026,Nordea Open,"Båstad, Sweden",20260706,A,Round 2,2,0,2026-07-16T09:05Z,final,5,2498,Nikoloz Basilashvili,4010,Thiago Agustin Tirante,4010,7-5 3-6 6-4
178745,7-2026,EFG Swiss Open Gstaad,"Gstaad, Switzerland",20260711,A,Round 2,2,0,2026-07-16T11:05Z,final,5,10219,Jaime Faria,2989,Casper Ruud,2989,6-7(1) 6-4 6-2
178641,306-2026,Nordea Open,"Båstad, Sweden",20260706,A,Round 2,2,0,2026-07-16T12:10Z,final,5,2642,Andrey Rublev,2627,Andrea Pellegrino,2642,7-6(3) 6-7(7) 6-3
178722,7-2026,EFG Swiss Open Gstaad,"Gstaad, Switzerland",20260711,A,Round 2,2,0,2026-07-16T13:55Z,final,5,3752,Jerome Kym,2869,Stefanos Tsitsipas,2869,6-4 6-7(2) 7-6(5)
178788,22-2026,Plava Laguna Croatia Open Umag,"Umag, Croatia",20260711,A,Quarterfinal,10,0,2026-07-16T14:05Z,final,5,10239,Daniel Merida,8136,Titouan Droguet,10239,6-1 6-3
178638,306-2026,Nordea Open,"Båstad, Sweden",20260706,A,Round 2,2,0,2026-07-16T15:05Z,final,5,2970,Alejandro Tabilo,9982,Lautaro Midon,2970,6-4 6-7(5) 6-4
178777,22-2026,Plava Laguna Croatia Open Umag,"Umag, Croatia",20260711,A,Quarterfinal,10,0,2026-07-16T16:05Z,final,5,1842,Damir Dzumhur,3793,Matteo Arnaldi,1842,7-6(5) 6-7(4) 7-6(4)
178790,22-2026,Plava Laguna Croatia Open Umag,"Umag, Croatia",20260711,A,Quarterfinal,10,0,2026-07-16T16:35Z,final,5,4011,Roman Andres Burruchaga,3666,Camilo Ugo Carabelli,4011,6-2 2-6 6-3
178643,306-2026,Nordea Open,"Båstad, Sweden",20260706,A,Round 2,2,0,2026-07-16T18:05Z,final,5,3897,Jesper de Jong,3340,Sebastian Baez,3340,6-4 6-2
178776,22-2026,Plava Laguna Croatia Open Umag,"Umag, Croatia",20260711,A,Quarterfinal,10,0,2026-07-16T20:05Z,final,5,2635,Alex Molcan,3212,Alejandro Davidovich Fokina,2635,3-6 6-1 6-2
178740,7-2026,EFG Swiss Open Gstaad,"Gstaad, Switzerland",20260711,A,Quarterfinal,10,0,2026-07-17T08:35Z,final,5,11222,Raphael Collignon,9376,Valentin Vacherot,11222,7-6(7) 4-6 7-5
178628,306-2026,Nordea Open,"Båstad, Sweden",20260706,A,Quarterfinal,10,0,2026-07-17T09:10Z,final,5,11396,Adolfo Daniel Vallejo,2682,Stefano Travaglia,11396,7-6(5) 6-2
178725,7-2026,EFG Swiss Open Gstaad,"Gstaad, Switzerland",20260711,A,Round 2,2,0,2026-07-17T10:05Z,final,5,8710,Aleksandr Shevchenko,9962,Dominic Stricker,8710,7-6(5) 6-2
178644,306-2026,Nordea Open,"Båstad, Sweden",20260706,A,Quarterfinal,10,0,2026-07-17T11:10Z,final,5,4115,Nuno Borges,7833,Luciano Darderi,7833,7-6(9) 6-4
178728,7-2026,EFG Swiss Open Gstaad,"Gstaad, Switzerland",20260711,A,Round 2,2,0,2026-07-17T11:10Z,final,5,2865,Alexander Bublik,2362,Quentin Halys,2362,6-7(4) 6-4 7-6(5)
178738,7-2026,EFG Swiss Open Gstaad,"Gstaad, Switzerland",20260711,A,Quarterfinal,10,0,2026-07-17T11:40Z,final,5,4008,Juan Manuel Cerundolo,2989,Casper Ruud,4008,3-6 7-5 6-2
178631,306-2026,Nordea Open,"Båstad, Sweden",20260706,A,Quarterfinal,10,0,2026-07-17T13:30Z,final,5,2642,Andrey Rublev,3340,Sebastian Baez,2642,6-1 6-2
178630,306-2026,Nordea Open,"Båstad, Sweden",20260706,A,Quarterfinal,10,0,2026-07-17T14:15Z,wo,5,2970,Alejandro Tabilo,4010,Thiago Agustin Tirante,2970,
178744,7-2026,EFG Swiss Open Gstaad,"Gstaad, Switzerland",20260711,A,Quarterfinal,10,0,2026-07-17T14:15Z,final,5,2362,Quentin Halys,8710,Aleksandr Shevchenko,8710,7-6(5) 6-3
178742,7-2026,EFG Swiss Open Gstaad,"Gstaad, Switzerland",20260711,A,Quarterfinal,10,0,2026-07-17T16:10Z,final,5,3511,Arthur Rinderknech,2869,Stefanos Tsitsipas,2869,6-3 3-6 6-3
178775,22-2026,Plava Laguna Croatia Open Umag,"Umag, Croatia",20260711,A,Semifinal,11,0,2026-07-17T16:35Z,final,5,4011,Roman Andres Burruchaga,10239,Daniel Merida,10239,6-4 6-2
178773,22-2026,Plava Laguna Croatia Open Umag,"Umag, Croatia",20260711,A,Semifinal,11,0,2026-07-17T19:05Z,final,5,1842,Damir Dzumhur,2635,Alex Molcan,1842,3-6 6-4 6-3
178747,7-2026,EFG Swiss Open Gstaad,"Gstaad, Switzerland",20260711,A,Semifinal,11,0,2026-07-18T09:10Z,final,5,11222,Raphael Collignon,4008,Juan Manuel Cerundolo,11222,1-6 7-6(5) 7-5
183028,304-2026,Generali Open,"Kitzbühel, Austria",20260718,A,Qualifying 1st Round,0,1,2026-07-18T09:30Z,final,5,14601,Federico Cina,3592,Daniel Michalski,14601,6-2 3-6 6-1
183030,304-2026,Generali Open,"Kitzbühel, Austria",20260718,A,Qualifying 1st Round,0,1,2026-07-18T09:30Z,final,5,14949,Nico Hipfl,2936,Lorenzo Giustino,2936,6-2 6-4
183017,400-2026,Millennium Estoril Open,"Estoril, Portugal",20260718,A,Qualifying 1st Round,0,1,2026-07-18T11:00Z,final,5,7509,Kyrian Jacquet,18749,Goncalo Da Rosa Castro,7509,6-1 6-2
183018,400-2026,Millennium Estoril Open,"Estoril, Portugal",20260718,A,Qualifying 1st Round,0,1,2026-07-18T11:00Z,final,5,1837,Taro Daniel,10189,Juan Carlos Prado Angelo,1837,6-4 6-2
183021,400-2026,Millennium Estoril Open,"Estoril, Portugal",20260718,A,Qualifying 1st Round,0,1,2026-07-18T11:00Z,final,5,11754,Edas Butvilas,3512,Clement Tabur,3512,1-6 7-6(5) 6-4
183025,304-2026,Generali Open,"Kitzbühel, Austria",20260718,A,Qualifying 1st Round,0,1,2026-07-18T11:00Z,final,5,1841,Federico Coria,4026,Vitaliy Sachko,4026,7-6(5) 6-2
183026,304-2026,Generali Open,"Kitzbühel, Austria",20260718,A,Qualifying 1st Round,0,1,2026-07-18T11:00Z,final,5,13209,Niklas Waldner,2365,Laslo Djere,2365,6-2 6-4
178640,306-2026,Nordea Open,"Båstad, Sweden",20260706,A,Semifinal,11,0,2026-07-18T11:05Z,final,5,11396,Adolfo Daniel Vallejo,7833,Luciano Darderi,7833,6-4 6-7(11) 6-3
178748,7-2026,EFG Swiss Open Gstaad,"Gstaad, Switzerland",20260711,A,Semifinal,11,0,2026-07-18T11:55Z,final,5,8710,Aleksandr Shevchenko,2869,Stefanos Tsitsipas,2869,6-4 3-6 6-3
183027,304-2026,Generali Open,"Kitzbühel, Austria",20260718,A,Qualifying 1st Round,0,1,2026-07-18T12:00Z,final,5,3204,Jurij Rodionov,8861,Andrey Chepelev,3204,6-2 6-2
183019,400-2026,Millennium Estoril Open,"Estoril, Portugal",20260718,A,Qualifying 1st Round,0,1,2026-07-18T12:30Z,ret,5,2725,Orlando Luz,3347,Chun-Hsin Tseng,2725,6-3 3-0 RET
183020,400-2026,Millennium Estoril Open,"Estoril, Portugal",20260718,A,Qualifying 1st Round,0,1,2026-07-18T12:30Z,final,5,12112,Francisco Rocha,10140,Gonzalo Bueno,10140,6-4 6-4
183022,400-2026,Millennium Estoril Open,"Estoril, Portugal",20260718,A,Qualifying 1st Round,0,1,2026-07-18T12:30Z,final,5,2623,Pedro Martinez,12328,David Jorda Sanchis,2623,6-0 6-4
183032,304-2026,Generali Open,"Kitzbühel, Austria",20260718,A,Qualifying 1st Round,0,1,2026-07-18T12:30Z,final,5,10064,Gustavo Heide,10142,Kilian Feldbausch,10142,6-4 6-2
183031,304-2026,Generali Open,"Kitzbühel, Austria",20260718,A,Qualifying 1st Round,0,1,2026-07-18T13:30Z,final,5,10423,Sandro Kopp,1613,Pierre-Hugues Herbert,10423,6-4 6-4
183023,400-2026,Millennium Estoril Open,"Estoril, Portugal",20260718,A,Qualifying 1st Round,0,1,2026-07-18T14:00Z,final,5,3324,Joao Domingues,3818,Timofey Skatov,3818,6-4 6-7(5) 6-4
183024,400-2026,Millennium Estoril Open,"Estoril, Portugal",20260718,A,Qualifying 1st Round,0,1,2026-07-18T14:00Z,final,5,2627,Andrea Pellegrino,13944,Joao Silva,2627,6-3 6-2
178642,306-2026,Nordea Open,"Båstad, Sweden",20260706,A,Semifinal,11,0,2026-07-18T14:30Z,final,5,2642,Andrey Rublev,2970,Alejandro Tabilo,2642,6-4 4-6 6-4
183029,304-2026,Generali Open,"Kitzbühel, Austria",20260718,A,Qualifying 1st Round,0,1,2026-07-18T14:30Z,final,5,1849,Hugo Dellien,17015,Michele Ribecai,1849,4-6 6-1 6-3
178795,22-2026,Plava Laguna Croatia Open Umag,"Umag, Croatia",20260711,A,Final,13,0,2026-07-18T17:05Z,final,5,10239,Daniel Merida,1842,Damir Dzumhur,10239,6-2 5-7 6-2
178749,7-2026,EFG Swiss Open Gstaad,"Gstaad, Switzerland",20260711,A,Final,13,0,2026-07-19T09:35Z,final,5,2869,Stefanos Tsitsipas,11222,Raphael Collignon,2869,6-4 6-7(3) 6-3
183035,304-2026,Generali Open,"Kitzbühel, Austria",20260718,A,Qualifying Final,0,1,2026-07-19T10:30Z,final,5,1849,Hugo Dellien,2365,Laslo Djere,2365,7-5 6-2
183036,304-2026,Generali Open,"Kitzbühel, Austria",20260718,A,Qualifying Final,0,1,2026-07-19T10:30Z,final,5,14601,Federico Cina,2936,Lorenzo Giustino,14601,6-4 6-2
183014,400-2026,Millennium Estoril Open,"Estoril, Portugal",20260718,A,Qualifying Final,0,1,2026-07-19T11:00Z,final,5,7509,Kyrian Jacquet,1837,Taro Daniel,1837,6-4 3-6 6-3
183015,400-2026,Millennium Estoril Open,"Estoril, Portugal",20260718,A,Qualifying Final,0,1,2026-07-19T11:00Z,final,5,2627,Andrea Pellegrino,10140,Gonzalo Bueno,10140,6-3 5-7 6-4
183033,304-2026,Generali Open,"Kitzbühel, Austria",20260718,A,Qualifying Final,0,1,2026-07-19T11:30Z,final,5,3204,Jurij Rodionov,4026,Vitaliy Sachko,3204,6-4 7-6(4)
183034,304-2026,Generali Open,"Kitzbühel, Austria",20260718,A,Qualifying Final,0,1,2026-07-19T12:00Z,final,5,10142,Kilian Feldbausch,10423,Sandro Kopp,10142,6-0 6-4
178657,306-2026,Nordea Open,"Båstad, Sweden",20260706,A,Final,13,0,2026-07-19T12:10Z,final,5,2642,Andrey Rublev,7833,Luciano Darderi,2642,6-4 6-3
183013,400-2026,Millennium Estoril Open,"Estoril, Portugal",20260718,A,Qualifying Final,0,1,2026-07-19T12:30Z,final,5,2725,Orlando Luz,3512,Clement Tabur,2725,7-5 6-3
183016,400-2026,Millennium Estoril Open,"Estoril, Portugal",20260718,A,Qualifying Final,0,1,2026-07-19T12:30Z,final,5,2623,Pedro Martinez,3818,Timofey Skatov,2623,6-3 6-2
178881,304-2026,Generali Open,"Kitzbühel, Austria",20260718,A,Round 1,1,0,2026-07-20T09:05Z,final,5,3308,Alexandre Muller,9992,Mariano Navone,9992,6-4 6-0
178865,304-2026,Generali Open,"Kitzbühel, Austria",20260718,A,Round 1,1,0,2026-07-20T10:45Z,final,5,7794,Lukas Neumayer,3322,Yannick Hanfmann,3322,7-6(5) 6-4
178815,400-2026,Millennium Estoril Open,"Estoril, Portugal",20260718,A,Round 1,1,0,2026-07-20T11:05Z,final,5,15949,Tiago Torres,2498,Nikoloz Basilashvili,15949,6-4 6-2
178811,400-2026,Millennium Estoril Open,"Estoril, Portugal",20260718,A,Round 1,1,0,2026-07-20T12:40Z,final,5,8136,Titouan Droguet,3666,Camilo Ugo Carabelli,8136,6-0 3-6 6-4
178876,304-2026,Generali Open,"Kitzbühel, Austria",20260718,A,Round 1,1,0,2026-07-20T12:50Z,final,5,11457,Joel Josef Schwaerzler,3204,Jurij Rodionov,3204,6-4 6-2
178857,304-2026,Generali Open,"Kitzbühel, Austria",20260718,A,Round 1,1,0,2026-07-20T13:00Z,final,5,3694,Facundo Diaz Acosta,14601,Federico Cina,3694,4-6 6-3 6-4
178859,304-2026,Generali Open,"Kitzbühel, Austria",20260718,A,Round 1,1,0,2026-07-20T14:30Z,final,5,3809,Vit Kopriva,11226,Ignacio Buse,11226,7-5 6-7(3) 6-1
178821,400-2026,Millennium Estoril Open,"Estoril, Portugal",20260718,A,Round 1,1,0,2026-07-20T15:00Z,final,5,3533,Frederico Ferreira Silva,8814,Luca Van Assche,8814,7-5 6-7(4) 6-1
178832,400-2026,Millennium Estoril Open,"Estoril, Portugal",20260718,A,Round 1,1,0,2026-07-20T18:45Z,final,5,10248,Henrique Rocha,2623,Pedro Martinez,2623,7-5 7-5
178858,304-2026,Generali Open,"Kitzbühel, Austria",20260718,A,Round 1,1,0,2026-07-21T09:05Z,final,5,4008,Juan Manuel Cerundolo,2278,Marco Trungelliti,2278,6-2 6-1
178882,304-2026,Generali Open,"Kitzbühel, Austria",20260718,A,Round 1,1,0,2026-07-21T09:05Z,final,5,2337,Jan-Lennard Struff,8710,Aleksandr Shevchenko,2337,3-6 7-6(5) 6-4
178819,400-2026,Millennium Estoril Open,"Estoril, Portugal",20260718,A,Round 1,1,0,2026-07-21T11:05Z,final,5,11755,Vilius Gaubas,1590,Pablo Carreno Busta,1590,6-1 6-3
178823,400-2026,Millennium Estoril Open,"Estoril, Portugal",20260718,A,Round 1,1,0,2026-07-21T11:05Z,final,5,3818,Timofey Skatov,3897,Jesper de Jong,3818,1-6 6-4 6-3
178834,400-2026,Millennium Estoril Open,"Estoril, Portugal",20260718,A,Round 1,1,0,2026-07-21T11:05Z,final,5,10140,Gonzalo Bueno,12292,Tiago Pereira,10140,6-3 1-6 7-6(5)
178884,304-2026,Generali Open,"Kitzbühel, Austria",20260718,A,Round 1,1,0,2026-07-21T11:20Z,final,5,3340,Sebastian Baez,2874,Miomir Kecmanovic,3340,6-3 3-6 6-4
178866,304-2026,Generali Open,"Kitzbühel, Austria",20260718,A,Round 1,1,0,2026-07-21T11:40Z,final,5,2365,Laslo Djere,2362,Quentin Halys,2362,7-6(4) 6-4
178861,304-2026,Generali Open,"Kitzbühel, Austria",20260718,A,Round 1,1,0,2026-07-21T12:20Z,final,5,11396,Adolfo Daniel Vallejo,10142,Kilian Feldbausch,10142,7-6(2) 6-1
178828,400-2026,Millennium Estoril Open,"Estoril, Portugal",20260718,A,Round 1,1,0,2026-07-21T12:50Z,final,5,4115,Nuno Borges,2725,Orlando Luz,4115,6-3 6-3
178860,304-2026,Generali Open,"Kitzbühel, Austria",20260718,A,Round 1,1,0,2026-07-21T13:30Z,final,5,2635,Alex Molcan,3304,Sebastian Ofner,2635,6-4 6-4
178840,400-2026,Millennium Estoril Open,"Estoril, Portugal",20260718,A,Round 1,1,0,2026-07-21T13:40Z,final,5,10239,Daniel Merida,7509,Kyrian Jacquet,7509,1-6 6-1 7-5
178813,400-2026,Millennium Estoril Open,"Estoril, Portugal",20260718,A,Round 1,1,0,2026-07-21T13:50Z,ret,5,3375,Hugo Gaston,1842,Damir Dzumhur,3375,5-0 RET
178827,400-2026,Millennium Estoril Open,"Estoril, Portugal",20260718,A,Round 1,1,0,2026-07-21T14:25Z,final,5,264,Stan Wawrinka,4011,Roman Andres Burruchaga,4011,6-4 4-6 6-3
178869,304-2026,Generali Open,"Kitzbühel, Austria",20260718,A,Round 1,1,0,2026-07-21T14:55Z,final,5,3203,Daniel Altmaier,11222,Raphael Collignon,3203,6-3 6-2
178836,400-2026,Millennium Estoril Open,"Estoril, Portugal",20260718,A,Round 1,1,0,2026-07-21T17:20Z,final,5,3310,Botic Van De Zandschulp,10219,Jaime Faria,10219,6-3 6-4
178867,304-2026,Generali Open,"Kitzbühel, Austria",20260718,A,Round 2,2,0,2026-07-22T09:05Z,final,5,2362,Quentin Halys,9376,Valentin Vacherot,2362,6-3 6-4
178871,304-2026,Generali Open,"Kitzbühel, Austria",20260718,A,Round 2,2,0,2026-07-22T09:10Z,final,5,3340,Sebastian Baez,3511,Arthur Rinderknech,3340,7-6(6) 2-6 6-4
178870,304-2026,Generali Open,"Kitzbühel, Austria",20260718,A,Round 2,2,0,2026-07-22T10:45Z,final,5,2337,Jan-Lennard Struff,9992,Mariano Navone,9992,6-0 6-3
178872,304-2026,Generali Open,"Kitzbühel, Austria",20260718,A,Round 2,2,0,2026-07-22T10:45Z,final,5,2278,Marco Trungelliti,3322,Yannick Hanfmann,3322,6-4 7-6(2)
178831,400-2026,Millennium Estoril Open,"Estoril, Portugal",20260718,A,Round 2,2,0,2026-07-22T11:05Z,final,5,3375,Hugo Gaston,8136,Titouan Droguet,3375,6-0 6-3
178873,304-2026,Generali Open,"Kitzbühel, Austria",20260718,A,Round 2,2,0,2026-07-22T11:55Z,final,5,10142,Kilian Feldbausch,11226,Ignacio Buse,11226,2-6 6-2 6-2
178874,304-2026,Generali Open,"Kitzbühel, Austria",20260718,A,Round 2,2,0,2026-07-22T12:10Z,final,5,3739,Tomas Martin Etcheverry,3204,Jurij Rodionov,3739,6-2 7-6(4)
178830,400-2026,Millennium Estoril Open,"Estoril, Portugal",20260718,A,Round 2,2,0,2026-07-22T13:35Z,final,5,4115,Nuno Borges,4011,Roman Andres Burruchaga,4011,6-1 4-6 6-3
178875,304-2026,Generali Open,"Kitzbühel, Austria",20260718,A,Round 2,2,0,2026-07-22T14:05Z,final,5,2635,Alex Molcan,3203,Daniel Altmaier,2635,6-3 3-6 7-5
178862,304-2026,Generali Open,"Kitzbühel, Austria",20260718,A,Round 2,2,0,2026-07-22T14:20Z,final,5,2865,Alexander Bublik,3694,Facundo Diaz Acosta,2865,6-3 7-5
178833,400-2026,Millennium Estoril Open,"Estoril, Portugal",20260718,A,Round 2,2,0,2026-07-22T16:25Z,final,5,2970,Alejandro Tabilo,15949,Tiago Torres,15949,6-4 6-4
178829,400-2026,Millennium Estoril Open,"Estoril, Portugal",20260718,A,Round 2,2,0,2026-07-22T18:15Z,final,5,7509,Kyrian Jacquet,11757,Alexander Blockx,11757,3-6 6-4 7-6(4)
178877,304-2026,Generali Open,"Kitzbühel, Austria",20260718,A,Quarterfinal,10,0,2026-07-23T09:05Z,final,5,9992,Mariano Navone,2362,Quentin Halys,2362,7-5 6-3
178878,304-2026,Generali Open,"Kitzbühel, Austria",20260718,A,Quarterfinal,10,0,2026-07-23T10:55Z,final,5,3322,Yannick Hanfmann,3340,Sebastian Baez,3322,6-3 6-1
178835,400-2026,Millennium Estoril Open,"Estoril, Portugal",20260718,A,Round 2,2,0,2026-07-23T11:05Z,final,5,8814,Luca Van Assche,1590,Pablo Carreno Busta,8814,6-3 4-6 6-2
178879,304-2026,Generali Open,"Kitzbühel, Austria",20260718,A,Quarterfinal,10,0,2026-07-23T12:30Z,final,5,3739,Tomas Martin Etcheverry,11226,Ignacio Buse,3739,6-2 7-5
178826,400-2026,Millennium Estoril Open,"Estoril, Portugal",20260718,A,Round 2,2,0,2026-07-23T13:35Z,final,5,10219,Jaime Faria,10140,Gonzalo Bueno,10219,6-2 6-4
178880,304-2026,Generali Open,"Kitzbühel, Austria",20260718,A,Quarterfinal,10,0,2026-07-23T14:35Z,final,5,2865,Alexander Bublik,2635,Alex Molcan,2865,6-3 6-2
178837,400-2026,Millennium Estoril Open,"Estoril, Portugal",20260718,A,Round 2,2,0,2026-07-23T16:05Z,final,5,2642,Andrey Rublev,3818,Timofey Skatov,2642,6-1 6-1
178824,400-2026,Millennium Estoril Open,"Estoril, Portugal",20260718,A,Round 2,2,0,2026-07-23T17:25Z,final,5,2623,Pedro Martinez,7833,Luciano Darderi,7833,6-0 6-1
178886,304-2026,Generali Open,"Kitzbühel, Austria",20260718,A,Semifinal,11,0,2026-07-24T10:35Z,final,5,3322,Yannick Hanfmann,2362,Quentin Halys,2362,6-4 7-6(2)
178820,400-2026,Millennium Estoril Open,"Estoril, Portugal",20260718,A,Quarterfinal,10,0,2026-07-24T11:05Z,final,5,15949,Tiago Torres,3375,Hugo Gaston,3375,6-3 6-4
178887,304-2026,Generali Open,"Kitzbühel, Austria",20260718,A,Semifinal,11,0,2026-07-24T12:40Z,final,5,2865,Alexander Bublik,3739,Tomas Martin Etcheverry,2865,6-3 6-4
178822,400-2026,Millennium Estoril Open,"Estoril, Portugal",20260718,A,Quarterfinal,10,0,2026-07-24T13:05Z,final,5,2642,Andrey Rublev,8814,Luca Van Assche,8814,3-6 6-3 6-4
178818,400-2026,Millennium Estoril Open,"Estoril, Portugal",20260718,A,Quarterfinal,10,0,2026-07-24T16:05Z,final,5,4011,Roman Andres Burruchaga,11757,Alexander Blockx,11757,6-4 5-7 6-4
178816,400-2026,Millennium Estoril Open,"Estoril, Portugal",20260718,A,Quarterfinal,10,0,2026-07-24T18:45Z,final,5,10219,Jaime Faria,7833,Luciano Darderi,7833,2-6 7-5 6-2
178885,304-2026,Generali Open,"Kitzbühel, Austria",20260718,A,Final,13,0,2026-07-25T11:05Z,final,5,2865,Alexander Bublik,2362,Quentin Halys,2362,6-4 7-6(6)
183089,888-2026,Mubadala DC Open,"Washington, USA",20260725,A,Qualifying 1st Round,0,1,2026-07-25T14:00Z,final,5,3471,Aleksandar Vukic,2879,Aziz Dougaz,3471,6-3 6-3
183093,888-2026,Mubadala DC Open,"Washington, USA",20260725,A,Qualifying 1st Round,0,1,2026-07-25T14:00Z,final,5,10130,Martin Damm,2009,Kimmer Coppejans,10130,6-2 6-0
183094,888-2026,Mubadala DC Open,"Washington, USA",20260725,A,Qualifying 1st Round,0,1,2026-07-25T14:00Z,final,5,10168,James McCabe,2318,Alex Bolt,2318,7-6(6) 7-6(2)
183088,888-2026,Mubadala DC Open,"Washington, USA",20260725,A,Qualifying 1st Round,0,1,2026-07-25T15:30Z,final,5,3953,Zachary Svajda,2238,Stefan Kozlov,3953,7-5 6-1
183090,888-2026,Mubadala DC Open,"Washington, USA",20260725,A,Qualifying 1st Round,0,1,2026-07-25T15:30Z,final,5,13358,Andre Ilagan,7886,Remy Bertola,13358,7-5 7-6(2)
183095,888-2026,Mubadala DC Open,"Washington, USA",20260725,A,Qualifying 1st Round,0,1,2026-07-25T15:30Z,final,5,11397,Abdullah Shelbayh,2361,Billy Harris,11397,6-4 7-6(2)
178814,400-2026,Millennium Estoril Open,"Estoril, Portugal",20260718,A,Semifinal,11,0,2026-07-25T16:35Z,final,5,8814,Luca Van Assche,3375,Hugo Gaston,8814,6-4 7-5
183091,888-2026,Mubadala DC Open,"Washington, USA",20260725,A,Qualifying 1st Round,0,1,2026-07-25T17:00Z,final,5,1993,Marcos Giron,14644,Aryan Shah,1993,7-5 6-4
183092,888-2026,Mubadala DC Open,"Washington, USA",20260725,A,Qualifying 1st Round,0,1,2026-07-25T17:00Z,ret,5,15548,Cruz Hewitt,1769,Dusan Lajovic,15548,5-2 RET
183098,888-2026,Mubadala DC Open,"Washington, USA",20260725,A,Qualifying 1st Round,0,1,2026-07-25T17:00Z,final,5,18776,Jordan Lee,3696,Moez Echargui,3696,7-5 6-1
183096,888-2026,Mubadala DC Open,"Washington, USA",20260725,A,Qualifying 1st Round,0,1,2026-07-25T18:30Z,final,5,13480,Trevor Svajda,2229,Elias Ymer,13480,6-0 7-6(5)
178812,400-2026,Millennium Estoril Open,"Estoril, Portugal",20260718,A,Semifinal,11,0,2026-07-25T18:55Z,final,5,11757,Alexander Blockx,7833,Luciano Darderi,11757,5-7 7-6(1) 7-6(5)
183099,888-2026,Mubadala DC Open,"Washington, USA",20260725,A,Qualifying 1st Round,0,1,2026-07-25T19:00Z,final,5,3301,Christopher O'Connell,11122,Andres Martin,11122,6-3 4-6 6-2
183097,888-2026,Mubadala DC Open,"Washington, USA",20260725,A,Qualifying 1st Round,0,1,2026-07-25T19:30Z,final,5,2206,Mackenzie McDonald,11754,Edas Butvilas,2206,3-6 6-3 6-4
183120,424-2026,Mifel Tennis Open by Telcel Oppo,"Los Cabos, Mexico",20260725,A,Qualifying 1st Round,0,1,2026-07-26T01:00Z,final,5,10257,Luis Carlos Alvarez,9930,Edward Winter,9930,3-6 6-4 6-2
183122,424-2026,Mifel Tennis Open by Telcel Oppo,"Los Cabos, Mexico",20260725,A,Qualifying 1st Round,0,1,2026-07-26T01:00Z,final,5,15770,Alan Magadan,3855,Garrett Johns,15770,2-6 6-1 6-1
183125,424-2026,Mifel Tennis Open by Telcel Oppo,"Los Cabos, Mexico",20260725,A,Qualifying 1st Round,0,1,2026-07-26T01:00Z,final,5,13049,Miguel Tobon,1317,Bernard Tomic,1317,5-7 6-4 7-6(5)
183118,424-2026,Mifel Tennis Open by Telcel Oppo,"Los Cabos, Mexico",20260725,A,Qualifying 1st Round,0,1,2026-07-26T02:30Z,final,5,10373,Tristan Boyer,10195,Lorenzo Claverie,10373,7-6(1) 6-3
183121,424-2026,Mifel Tennis Open by Telcel Oppo,"Los Cabos, Mexico",20260725,A,Qualifying 1st Round,0,1,2026-07-26T02:30Z,final,5,2872,SoonWoo Kwon,3350,Alan Fernando Rubio Fierros,2872,6-3 6-4
183123,424-2026,Mifel Tennis Open by Telcel Oppo,"Los Cabos, Mexico",20260725,A,Qualifying 1st Round,0,1,2026-07-26T02:30Z,final,5,3371,Nicolas Mejia,3409,Alex Hernandez,3409,7-5 6-2
183119,424-2026,Mifel Tennis Open by Telcel Oppo,"Los Cabos, Mexico",20260725,A,Qualifying 1st Round,0,1,2026-07-26T04:00Z,final,5,17024,Roger Pascual Ferra,15157,Colton Smith,17024,4-6 6-2 6-4
183124,424-2026,Mifel Tennis Open by Telcel Oppo,"Los Cabos, Mexico",20260725,A,Qualifying 1st Round,0,1,2026-07-26T04:00Z,final,5,1540,Evan King,10384,Aidan Mayo,10384,6-4 6-2
183103,888-2026,Mubadala DC Open,"Washington, USA",20260725,A,Qualifying Final,0,1,2026-07-26T14:00Z,final,5,10130,Martin Damm,11397,Abdullah Shelbayh,10130,4-6 7-5 7-6(4)
183104,888-2026,Mubadala DC Open,"Washington, USA",20260725,A,Qualifying Final,0,1,2026-07-26T14:00Z,final,5,3471,Aleksandar Vukic,2318,Alex Bolt,3471,6-0 6-1
183100,888-2026,Mubadala DC Open,"Washington, USA",20260725,A,Qualifying Final,0,1,2026-07-26T15:30Z,ret,5,3953,Zachary Svajda,15548,Cruz Hewitt,15548,1-6 7-6(3) 2-0 RET
183105,888-2026,Mubadala DC Open,"Washington, USA",20260725,A,Qualifying Final,0,1,2026-07-26T15:30Z,final,5,1993,Marcos Giron,13358,Andre Ilagan,1993,6-3 7-6(2)
183101,888-2026,Mubadala DC Open,"Washington, USA",20260725,A,Qualifying Final,0,1,2026-07-26T16:00Z,final,5,11122,Andres Martin,3696,Moez Echargui,11122,6-2 7-5
178841,400-2026,Millennium Estoril Open,"Estoril, Portugal",20260718,A,Final,13,0,2026-07-26T16:45Z,final,5,8814,Luca Van Assche,11757,Alexander Blockx,8814,6-4 4-6 7-5
183102,888-2026,Mubadala DC Open,"Washington, USA",20260725,A,Qualifying Final,0,1,2026-07-26T17:00Z,final,5,2206,Mackenzie McDonald,13480,Trevor Svajda,13480,6-4 6-4
183127,424-2026,Mifel Tennis Open by Telcel Oppo,"Los Cabos, Mexico",20260725,A,Qualifying Final,0,1,2026-07-27T01:00Z,wo,5,10373,Tristan Boyer,1317,Bernard Tomic,10373,
183128,424-2026,Mifel Tennis Open by Telcel Oppo,"Los Cabos, Mexico",20260725,A,Qualifying Final,0,1,2026-07-27T01:00Z,final,5,2872,SoonWoo Kwon,9930,Edward Winter,2872,7-5 6-2
183126,424-2026,Mifel Tennis Open by Telcel Oppo,"Los Cabos, Mexico",20260725,A,Qualifying Final,0,1,2026-07-27T02:00Z,final,5,10384,Aidan Mayo,17024,Roger Pascual Ferra,10384,6-1 6-4
183129,424-2026,Mifel Tennis Open by Telcel Oppo,"Los Cabos, Mexico",20260725,A,Qualifying Final,0,1,2026-07-27T02:30Z,final,5,3409,Alex Hernandez,15770,Alan Magadan,3409,6-3 7-6(6)
178976,888-2026,Mubadala DC Open,"Washington, USA",20260725,A,Round 1,1,0,2026-07-27T15:05Z,final,5,2970,Alejandro Tabilo,3319,Tallon Griekspoor,2970,7-6(3) 4-6 6-4
178977,888-2026,Mubadala DC Open,"Washington, USA",20260725,A,Round 1,1,0,2026-07-27T17:45Z,ret,5,3793,Matteo Arnaldi,3764,Lorenzo Musetti,3764,6-0 3-1 RET
178959,888-2026,Mubadala DC Open,"Washington, USA",20260725,A,Round 1,1,0,2026-07-27T19:10Z,final,5,2946,Taylor Fritz,3356,Zizou Bergs,2946,6-3 6-4
178951,888-2026,Mubadala DC Open,"Washington, USA",20260725,A,Round 1,1,0,2026-07-27T21:05Z,final,5,1035,Kei Nishikori,10073,Shang Juncheng,1035,6-7(3) 6-3 6-4
178978,888-2026,Mubadala DC Open,"Washington, USA",20260725,A,Round 1,1,0,2026-07-27T21:55Z,final,5,3471,Aleksandar Vukic,3953,Zachary Svajda,3471,6-3 6-1
178929,424-2026,Mifel Tennis Open by Telcel Oppo,"Los Cabos, Mexico",20260725,A,Round 1,1,0,2026-07-28T01:05Z,final,5,3885,Gabriel Diallo,10373,Tristan Boyer,10373,7-5 6-2
178967,888-2026,Mubadala DC Open,"Washington, USA",20260725,A,Round 1,1,0,2026-07-28T01:05Z,final,5,2708,Frances Tiafoe,10638,Terence Atmane,10638,4-6 6-3 6-4
178907,424-2026,Mifel Tennis Open by Telcel Oppo,"Los Cabos, Mexico",20260725,A,Round 1,1,0,2026-07-28T01:15Z,final,5,3409,Alex Hernandez,1317,Bernard Tomic,1317,6-1 6-0
178909,424-2026,Mifel Tennis Open by Telcel Oppo,"Los Cabos, Mexico",20260725,A,Round 1,1,0,2026-07-28T02:25Z,final,5,2366,Cameron Norrie,3849,Aleksandar Kovacevic,2366,6-4 6-1
178920,424-2026,Mifel Tennis Open by Telcel Oppo,"Los Cabos, Mexico",20260725,A,Round 1,1,0,2026-07-28T04:05Z,final,5,11398,Chak Lam Coleman Wong,11641,Darwin Blanch,11398,6-3 6-4
178975,888-2026,Mubadala DC Open,"Washington, USA",20260725,A,Round 1,1,0,2026-07-28T15:05Z,final,5,3085,Ugo Humbert,11122,Andres Martin,3085,6-2 7-5
178957,888-2026,Mubadala DC Open,"Washington, USA",20260725,A,Round 1,1,0,2026-07-28T15:10Z,final,5,2416,Kamil Majchrzak,2964,Tommy Paul,2416,7-5 7-6(4)
178955,888-2026,Mubadala DC Open,"Washington, USA",20260725,A,Round 1,1,0,2026-07-28T16:45Z,final,5,11400,Alex Michelsen,2206,Mackenzie McDonald,11400,6-4 7-5
178952,888-2026,Mubadala DC Open,"Washington, USA",20260725,A,Round 1,1,0,2026-07-28T17:25Z,final,5,10052,Arthur Fils,12657,Rafael Jodar,12657,7-6(5) 6-3
178953,888-2026,Mubadala DC Open,"Washington, USA",20260725,A,Round 1,1,0,2026-07-28T17:40Z,final,5,1266,Adrian Mannarino,10386,Learner Tien,1266,7-5 6-4
178966,888-2026,Mubadala DC Open,"Washington, USA",20260725,A,Round 1,1,0,2026-07-28T18:35Z,final,5,1993,Marcos Giron,15548,Cruz Hewitt,15548,6-3 6-4
178963,888-2026,Mubadala DC Open,"Washington, USA",20260725,A,Round 1,1,0,2026-07-28T19:25Z,final,5,3774,Brandon Nakashima,3739,Tomas Martin Etcheverry,3774,6-3 6-4
178974,888-2026,Mubadala DC Open,"Washington, USA",20260725,A,Round 1,1,0,2026-07-28T20:25Z,final,5,10130,Martin Damm,9250,Ben Shelton,9250,6-4 4-6 6-4
178961,888-2026,Mubadala DC Open,"Washington, USA",20260725,A,Round 1,1,0,2026-07-28T21:05Z,final,5,13480,Trevor Svajda,10319,Jakub Mensik,10319,6-2 6-7(5) 6-3
178904,424-2026,Mifel Tennis Open by Telcel Oppo,"Los Cabos, Mexico",20260725,A,Round 1,1,0,2026-07-29T01:05Z,final,5,3935,Sho Shimabukuro,10081,Rodrigo Pacheco Mendez,10081,6-7(4) 7-5 6-2
178908,424-2026,Mifel Tennis Open by Telcel Oppo,"Los Cabos, Mexico",20260725,A,Round 1,1,0,2026-07-29T01:05Z,final,5,10384,Aidan Mayo,1857,James Duckworth,1857,4-6 6-3 6-4
178918,424-2026,Mifel Tennis Open by Telcel Oppo,"Los Cabos, Mexico",20260725,A,Round 1,1,0,2026-07-29T01:05Z,final,5,15473,Moise Kouame,9930,Edward Winter,9930,6-1 6-4
178916,424-2026,Mifel Tennis Open by Telcel Oppo,"Los Cabos, Mexico",20260725,A,Round 1,1,0,2026-07-29T02:50Z,final,5,3621,Jenson Brooksby,2886,Corentin Moutet,3621,6-4 6-4
178928,424-2026,Mifel Tennis Open by Telcel Oppo,"Los Cabos, Mexico",20260725,A,Round 1,1,0,2026-07-29T03:35Z,final,5,2872,SoonWoo Kwon,10427,Arthur Gea,10427,6-4 6-7(8) 6-2
178905,424-2026,Mifel Tennis Open by Telcel Oppo,"Los Cabos, Mexico",20260725,A,Round 1,1,0,2026-07-29T04:15Z,final,5,2860,Denis Shapovalov,3716,Rinky Hijikata,2860,2-6 6-3 6-2
178903,424-2026,Mifel Tennis Open by Telcel Oppo,"Los Cabos, Mexico",20260725,A,Round 1,1,0,2026-07-29T06:20Z,final,5,3812,Dalibor Svrcina,3093,Adam Walton,3812,6-7(2) 7-6(2) 6-3
178915,424-2026,Mifel Tennis Open by Telcel Oppo,"Los Cabos, Mexico",20260725,A,Round 1,1,0,2026-07-29T06:35Z,final,5,12932,Michael Zheng,11640,Martin Landaluce,12932,6-4 6-3
178965,888-2026,Mubadala DC Open,"Washington, USA",20260725,A,Round 2,2,0,2026-07-29T17:05Z,final,5,3471,Aleksandar Vukic,3764,Lorenzo Musetti,3764,6-3 5-7 6-3
178968,888-2026,Mubadala DC Open,"Washington, USA",20260725,A,Round 1,1,0,2026-07-29T17:20Z,final,5,2651,Alex de Minaur,2869,Stefanos Tsitsipas,2651,6-4 3-6 6-3
178971,888-2026,Mubadala DC Open,"Washington, USA",20260725,A,Round 2,2,0,2026-07-29T19:40Z,final,5,2946,Taylor Fritz,2416,Kamil Majchrzak,2946,6-3 6-4
178970,888-2026,Mubadala DC Open,"Washington, USA",20260725,A,Round 2,2,0,2026-07-29T23:45Z,final,5,11400,Alex Michelsen,1266,Adrian Mannarino,11400,6-4 7-6(3)
178969,888-2026,Mubadala DC Open,"Washington, USA",20260725,A,Round 2,2,0,2026-07-30T00:05Z,final,5,12657,Rafael Jodar,1035,Kei Nishikori,12657,6-3 6-2
178911,424-2026,Mifel Tennis Open by Telcel Oppo,"Los Cabos, Mexico",20260725,A,Round 2,2,0,2026-07-30T01:05Z,final,5,9930,Edward Winter,3621,Jenson Brooksby,3621,6-3 6-4
178927,424-2026,Mifel Tennis Open by Telcel Oppo,"Los Cabos, Mexico",20260725,A,Round 2,2,0,2026-07-30T01:05Z,ret,5,3700,Francisco Cerundolo,10373,Tristan Boyer,3700,6-7(4) 4-3 RET
178913,424-2026,Mifel Tennis Open by Telcel Oppo,"Los Cabos, Mexico",20260725,A,Round 2,2,0,2026-07-30T01:10Z,final,5,3754,Jiri Lehecka,11398,Chak Lam Coleman Wong,11398,1-6 6-3 6-4
178926,424-2026,Mifel Tennis Open by Telcel Oppo,"Los Cabos, Mexico",20260725,A,Round 2,2,0,2026-07-30T03:00Z,final,5,10427,Arthur Gea,12932,Michael Zheng,10427,0-6 6-4 6-0
178923,424-2026,Mifel Tennis Open by Telcel Oppo,"Los Cabos, Mexico",20260725,A,Round 2,2,0,2026-07-30T03:20Z,final,5,2860,Denis Shapovalov,10081,Rodrigo Pacheco Mendez,2860,6-3 6-2
178924,424-2026,Mifel Tennis Open by Telcel Oppo,"Los Cabos, Mexico",20260725,A,Round 2,2,0,2026-07-30T03:35Z,final,5,1317,Bernard Tomic,2367,Karen Khachanov,1317,6-2 6-4
178921,424-2026,Mifel Tennis Open by Telcel Oppo,"Los Cabos, Mexico",20260725,A,Round 2,2,0,2026-07-30T04:50Z,ret,5,3812,Dalibor Svrcina,7833,Luciano Darderi,3812,3-0 RET
178925,424-2026,Mifel Tennis Open by Telcel Oppo,"Los Cabos, Mexico",20260725,A,Round 2,2,0,2026-07-30T05:20Z,final,5,2366,Cameron Norrie,1857,James Duckworth,2366,6-4 6-4
178972,888-2026,Mubadala DC Open,"Washington, USA",20260725,A,Round 2,2,0,2026-07-30T15:05Z,final,5,3774,Brandon Nakashima,10319,Jakub Mensik,3774,7-6(5) 3-6 6-4
178973,888-2026,Mubadala DC Open,"Washington, USA",20260725,A,Round 2,2,0,2026-07-30T17:40Z,final,5,2651,Alex de Minaur,15548,Cruz Hewitt,2651,6-2 6-3
178950,888-2026,Mubadala DC Open,"Washington, USA",20260725,A,Round 2,2,0,2026-07-30T21:45Z,final,5,10638,Terence Atmane,2970,Alejandro Tabilo,2970,6-3 7-6(6)
178949,888-2026,Mubadala DC Open,"Washington, USA",20260725,A,Round 2,2,0,2026-07-30T22:40Z,final,5,3085,Ugo Humbert,9250,Ben Shelton,9250,6-7(3) 6-3 6-4
178917,424-2026,Mifel Tennis Open by Telcel Oppo,"Los Cabos, Mexico",20260725,A,Quarterfinal,10,0,2026-07-31T01:10Z,final,5,3700,Francisco Cerundolo,10427,Arthur Gea,10427,6-7(11) 6-4 6-0
178919,424-2026,Mifel Tennis Open by Telcel Oppo,"Los Cabos, Mexico",20260725,A,Quarterfinal,10,0,2026-07-31T02:05Z,final,5,11398,Chak Lam Coleman Wong,3621,Jenson Brooksby,11398,6-1 7-5
178930,424-2026,Mifel Tennis Open by Telcel Oppo,"Los Cabos, Mexico",20260725,A,Quarterfinal,10,0,2026-07-31T04:10Z,final,5,2860,Denis Shapovalov,3812,Dalibor Svrcina,2860,6-4 6-2
178932,424-2026,Mifel Tennis Open by Telcel Oppo,"Los Cabos, Mexico",20260725,A,Quarterfinal,10,0,2026-07-31T06:05Z,final,5,2366,Cameron Norrie,1317,Bernard Tomic,2366,6-1 6-0
178964,888-2026,Mubadala DC Open,"Washington, USA",20260725,A,Quarterfinal,10,0,2026-07-31T18:05Z,final,5,2651,Alex de Minaur,3774,Brandon Nakashima,3774,7-6(5) 6-4
178962,888-2026,Mubadala DC Open,"Washington, USA",20260725,A,Quarterfinal,10,0,2026-07-31T20:20Z,final,5,2946,Taylor Fritz,11400,Alex Michelsen,2946,6-1 3-6 7-6(6)
178960,888-2026,Mubadala DC Open,"Washington, USA",20260725,A,Quarterfinal,10,0,2026-07-31T22:30Z,final,5,12657,Rafael Jodar,3764,Lorenzo Musetti,12657,1-6 6-1 6-4
178958,888-2026,Mubadala DC Open,"Washington, USA",20260725,A,Quarterfinal,10,0,2026-08-01T01:15Z,final,5,2970,Alejandro Tabilo,9250,Ben Shelton,2970,4-6 7-5 6-4
178914,424-2026,Mifel Tennis Open by Telcel Oppo,"Los Cabos, Mexico",20260725,A,Semifinal,11,0,2026-08-01T02:35Z,final,5,11398,Chak Lam Coleman Wong,10427,Arthur Gea,10427,7-6(7) 6-3
178910,424-2026,Mifel Tennis Open by Telcel Oppo,"Los Cabos, Mexico",20260725,A,Semifinal,11,0,2026-08-01T04:50Z,final,5,2366,Cameron Norrie,2860,Denis Shapovalov,2860,6-3 5-7 6-4
183332,421-2026,National Bank Open presented by Rogers,"Toronto, Canada",20260801,A,Qualifying Final,0,1,2026-08-01T14:40Z,final,5,2278,Marco Trungelliti,3371,Nicolas Mejia,3371,7-6(5) 3-6 6-1
183335,421-2026,National Bank Open presented by Rogers,"Toronto, Canada",20260801,A,Qualifying Final,0,1,2026-08-01T14:40Z,final,5,10130,Martin Damm,10248,Henrique Rocha,10130,6-3 7-6(3)
183341,421-2026,National Bank Open presented by Rogers,"Toronto, Canada",20260801,A,Qualifying Final,0,1,2026-08-01T14:40Z,final,5,8710,Aleksandr Shevchenko,7509,Kyrian Jacquet,7509,4-6 6-4 6-3
183342,421-2026,National Bank Open presented by Rogers,"Toronto, Canada",20260801,A,Qualifying Final,0,1,2026-08-01T14:40Z,final,5,1993,Marcos Giron,3979,Pablo Llamas Ruiz,1993,2-6 6-3 6-1
183345,421-2026,National Bank Open presented by Rogers,"Toronto, Canada",20260801,A,Qualifying Final,0,1,2026-08-01T14:40Z,final,5,12932,Michael Zheng,1035,Kei Nishikori,12932,6-3 6-1
183336,421-2026,National Bank Open presented by Rogers,"Toronto, Canada",20260801,A,Qualifying Final,0,1,2026-08-01T16:05Z,ret,5,2862,Alexei Popyrin,2320,Thanasi Kokkinakis,2862,6-4 2-3 RET
183330,421-2026,National Bank Open presented by Rogers,"Toronto, Canada",20260801,A,Qualifying Final,0,1,2026-08-01T16:30Z,final,5,3093,Adam Walton,3858,Justin Boulais,3093,7-5 7-6(4)
183339,421-2026,National Bank Open presented by Rogers,"Toronto, Canada",20260801,A,Qualifying Final,0,1,2026-08-01T16:55Z,final,5,11685,Jacob Fearnley,3304,Sebastian Ofner,11685,7-6(3) 6-2
183340,421-2026,National Bank Open presented by Rogers,"Toronto, Canada",20260801,A,Qualifying Final,0,1,2026-08-01T17:00Z,final,5,3471,Aleksandar Vukic,9923,Tomas Barrios Vera,3471,7-6(4) 6-2
183331,421-2026,National Bank Open presented by Rogers,"Toronto, Canada",20260801,A,Qualifying Final,0,1,2026-08-01T17:50Z,final,5,3935,Sho Shimabukuro,13829,Nicolai Budkov Kjaer,3935,6-3 6-4
183333,421-2026,National Bank Open presented by Rogers,"Toronto, Canada",20260801,A,Qualifying Final,0,1,2026-08-01T17:50Z,final,5,3375,Hugo Gaston,11975,Duncan Chan,11975,2-6 7-5 6-3
183334,421-2026,National Bank Open presented by Rogers,"Toronto, Canada",20260801,A,Qualifying Final,0,1,2026-08-01T18:45Z,final,5,2355,Benjamin Bonzi,1849,Hugo Dellien,2355,7-5 6-2
183343,421-2026,National Bank Open presented by Rogers,"Toronto, Canada",20260801,A,Qualifying Final,0,1,2026-08-01T18:50Z,final,5,10219,Jaime Faria,3301,Christopher O'Connell,3301,6-7(8) 6-2 6-4
183338,421-2026,National Bank Open presented by Rogers,"Toronto, Canada",20260801,A,Qualifying Final,0,1,2026-08-01T19:15Z,final,5,7608,Shintaro Mochizuki,4030,Dane Sweeny,7608,1-6 7-6(5) 6-3
183344,421-2026,National Bank Open presented by Rogers,"Toronto, Canada",20260801,A,Qualifying Final,0,1,2026-08-01T20:15Z,final,5,2869,Stefanos Tsitsipas,11977,Keegan Rice,2869,6-3 6-4
183337,421-2026,National Bank Open presented by Rogers,"Toronto, Canada",20260801,A,Qualifying Final,0,1,2026-08-01T20:35Z,final,5,3812,Dalibor Svrcina,8136,Titouan Droguet,8136,4-6 6-3 6-4
178956,888-2026,Mubadala DC Open,"Washington, USA",20260725,A,Semifinal,11,0,2026-08-01T22:40Z,final,5,3774,Brandon Nakashima,2946,Taylor Fritz,2946,6-3 3-6 6-3
178954,888-2026,Mubadala DC Open,"Washington, USA",20260725,A,Semifinal,11,0,2026-08-02T00:45Z,final,5,12657,Rafael Jodar,2970,Alejandro Tabilo,12657,6-7(6) 6-4 6-4
178933,424-2026,Mifel Tennis Open by Telcel Oppo,"Los Cabos, Mexico",20260725,A,Final,13,0,2026-08-02T03:10Z,final,5,10427,Arthur Gea,2860,Denis Shapovalov,10427,6-3 6-4
181799,421-2026,National Bank Open presented by Rogers,"Toronto, Canada",20260801,A,Round 1,1,0,2026-08-02T15:10Z,final,5,11396,Adolfo Daniel Vallejo,10073,Shang Juncheng,10073,6-3 6-3
181844,421-2026,National Bank Open presented by Rogers,"Toronto, Canada",20260801,A,Round 1,1,0,2026-08-02T15:10Z,final,5,2709,Jaume Munar,3716,Rinky Hijikata,2709,7-6(3) 6-3
181804,421-2026,National Bank Open presented by Rogers,"Toronto, Canada",20260801,A,Round 1,1,0,2026-08-03T17:05Z,final,5,2622,Matteo Berrettini,9992,Mariano Navone,9992,6-3 6-7(5) 6-3
181839,421-2026,National Bank Open presented by Rogers,"Toronto, Canada",20260801,A,Round 1,1,0,2026-08-03T17:05Z,final,5,3562,Alexis Galarneau,3809,Vit Kopriva,3809,6-4 6-4
181837,421-2026,National Bank Open presented by Rogers,"Toronto, Canada",20260801,A,Round 1,1,0,2026-08-03T17:10Z,final,5,3371,Nicolas Mejia,11640,Martin Landaluce,3371,4-6 6-4 6-3
178979,888-2026,Mubadala DC Open,"Washington, USA",20260725,A,Final,13,0,2026-08-03T17:40Z,final,5,2946,Taylor Fritz,12657,Rafael Jodar,2946,7-6(2) 6-4
181785,421-2026,National Bank Open presented by Rogers,"Toronto, Canada",20260801,A,Round 1,1,0,2026-08-03T19:40Z,final,5,8814,Luca Van Assche,8136,Titouan Droguet,8136,6-4 2-6 7-6(7)
181834,421-2026,National Bank Open presented by Rogers,"Toronto, Canada",20260801,A,Round 1,1,0,2026-08-03T19:40Z,final,5,1857,James Duckworth,3301,Christopher O'Connell,1857,6-3 6-1
181798,421-2026,National Bank Open presented by Rogers,"Toronto, Canada",20260801,A,Round 1,1,0,2026-08-03T22:45Z,final,5,2355,Benjamin Bonzi,3322,Yannick Hanfmann,3322,6-1 4-6 6-2
181794,421-2026,National Bank Open presented by Rogers,"Toronto, Canada",20260801,A,Round 1,1,0,2026-08-03T22:50Z,final,5,3849,Aleksandar Kovacevic,4115,Nuno Borges,4115,6-7(7) 6-2 6-4
181801,421-2026,National Bank Open presented by Rogers,"Toronto, Canada",20260801,A,Round 1,1,0,2026-08-03T23:45Z,final,5,3885,Gabriel Diallo,7509,Kyrian Jacquet,3885,6-7(1) 6-3 6-2
181779,421-2026,National Bank Open presented by Rogers,"Toronto, Canada",20260801,A,Round 1,1,0,2026-08-04T00:00Z,final,5,12932,Michael Zheng,2874,Miomir Kecmanovic,2874,6-4 4-6 7-6(5)
181781,421-2026,National Bank Open presented by Rogers,"Toronto, Canada",20260801,A,Round 1,1,0,2026-08-04T00:00Z,final,5,3935,Sho Shimabukuro,464,Marin Cilic,464,7-6(2) 6-1
181783,421-2026,National Bank Open presented by Rogers,"Toronto, Canada",20260801,A,Round 1,1,0,2026-08-04T00:20Z,final,5,3471,Aleksandar Vukic,3203,Daniel Altmaier,3203,6-7(2) 7-6(5) 6-4
181814,421-2026,National Bank Open presented by Rogers,"Toronto, Canada",20260801,A,Round 1,1,0,2026-08-04T01:05Z,final,5,11400,Alex Michelsen,2337,Jan-Lennard Struff,11400,6-1 3-6 6-1
181836,421-2026,National Bank Open presented by Rogers,"Toronto, Canada",20260801,A,Round 1,1,0,2026-08-04T01:10Z,final,5,1862,Marton Fucsovics,2886,Corentin Moutet,2886,6-1 6-2
181842,421-2026,National Bank Open presented by Rogers,"Toronto, Canada",20260801,A,Round 1,1,0,2026-08-04T01:55Z,final,5,3666,Camilo Ugo Carabelli,2366,Cameron Norrie,2366,7-6(5) 6-4
181817,421-2026,National Bank Open presented by Rogers,"Toronto, Canada",20260801,A,Round 1,1,0,2026-08-04T02:15Z,final,5,2416,Kamil Majchrzak,242,Gael Monfils,242,6-4 6-4
181820,421-2026,National Bank Open presented by Rogers,"Toronto, Canada",20260801,A,Round 1,1,0,2026-08-04T15:05Z,final,5,11975,Duncan Chan,4010,Thiago Agustin Tirante,4010,6-3 1-6 7-6(3)
181822,421-2026,National Bank Open presented by Rogers,"Toronto, Canada",20260801,A,Round 1,1,0,2026-08-04T15:05Z,final,5,3340,Sebastian Baez,10153,Mattia Bellucci,3340,7-5 6-3
181825,421-2026,National Bank Open presented by Rogers,"Toronto, Canada",20260801,A,Round 1,1,0,2026-08-04T15:05Z,final,5,3093,Adam Walton,3621,Jenson Brooksby,3621,6-3 6-4
181808,421-2026,National Bank Open presented by Rogers,"Toronto, Canada",20260801,A,Round 1,1,0,2026-08-04T15:10Z,final,5,2726,Hubert Hurkacz,1993,Marcos Giron,2726,7-5 4-6 6-2
181831,421-2026,National Bank Open presented by Rogers,"Toronto, Canada",20260801,A,Round 1,1,0,2026-08-04T15:10Z,final,5,10130,Martin Damm,2869,Stefanos Tsitsipas,2869,6-4 6-4
181828,421-2026,National Bank Open presented by Rogers,"Toronto, Canada",20260801,A,Round 1,1,0,2026-08-04T16:45Z,final,5,11685,Jacob Fearnley,1266,Adrian Mannarino,11685,7-6(3) 6-4
181818,421-2026,National Bank Open presented by Rogers,"Toronto, Canada",20260801,A,Round 1,1,0,2026-08-04T16:55Z,final,5,1590,Pablo Carreno Busta,4022,Valentin Royer,4022,1-6 7-5 6-2
181780,421-2026,National Bank Open presented by Rogers,"Toronto, Canada",20260801,A,Round 1,1,0,2026-08-04T17:00Z,ret,5,3953,Zachary Svajda,2860,Denis Shapovalov,3953,4-6 6-4 3-0 RET
181813,421-2026,National Bank Open presented by Rogers,"Toronto, Canada",20260801,A,Round 1,1,0,2026-08-04T17:20Z,final,5,10239,Daniel Merida,3778,Liam Draxl,10239,3-6 6-4 6-4
181819,421-2026,National Bank Open presented by Rogers,"Toronto, Canada",20260801,A,Round 1,1,0,2026-08-04T17:25Z,final,5,2862,Alexei Popyrin,4011,Roman Andres Burruchaga,2862,4-6 7-5 6-3
181829,421-2026,National Bank Open presented by Rogers,"Toronto, Canada",20260801,A,Round 1,1,0,2026-08-04T19:00Z,final,5,4008,Juan Manuel Cerundolo,8325,Hamad Medjedovic,4008,6-4 6-2
181810,421-2026,National Bank Open presented by Rogers,"Toronto, Canada",20260801,A,Round 1,1,0,2026-08-04T19:10Z,final,5,10638,Terence Atmane,3856,Jack Draper,10638,6-3 2-6 6-2
181805,421-2026,National Bank Open presented by Rogers,"Toronto, Canada",20260801,A,Round 1,1,0,2026-08-04T19:30Z,final,5,8885,Giovanni Mpetshi Perricard,3310,Botic Van De Zandschulp,3310,6-2 3-6 6-3
181784,421-2026,National Bank Open presented by Rogers,"Toronto, Canada",20260801,A,Round 1,1,0,2026-08-04T20:00Z,final,5,3052,Lorenzo Sonego,3319,Tallon Griekspoor,3319,7-6(5) 7-5
181773,421-2026,National Bank Open presented by Rogers,"Toronto, Canada",20260801,A,Round 2,2,0,2026-08-04T20:20Z,final,5,10073,Shang Juncheng,2642,Andrey Rublev,10073,7-5 4-6 7-6(5)
181778,421-2026,National Bank Open presented by Rogers,"Toronto, Canada",20260801,A,Round 2,2,0,2026-08-04T20:30Z,wo,5,2709,Jaume Munar,11757,Alexander Blockx,11757,
181789,421-2026,National Bank Open presented by Rogers,"Toronto, Canada",20260801,A,Round 1,1,0,2026-08-04T20:35Z,final,5,7608,Shintaro Mochizuki,9213,Fabian Marozsan,9213,6-4 6-3
181776,421-2026,National Bank Open presented by Rogers,"Toronto, Canada",20260801,A,Round 2,2,0,2026-08-04T22:10Z,final,5,3754,Jiri Lehecka,3809,Vit Kopriva,3754,6-4 6-2
181759,421-2026,National Bank Open presented by Rogers,"Toronto, Canada",20260801,A,Round 2,2,0,2026-08-04T22:35Z,final,5,3774,Brandon Nakashima,3203,Daniel Altmaier,3774,6-2 6-1
181748,421-2026,National Bank Open presented by Rogers,"Toronto, Canada",20260801,A,Round 2,2,0,2026-08-04T23:10Z,final,5,2708,Frances Tiafoe,464,Marin Cilic,2708,5-7 6-2 6-2
181737,421-2026,National Bank Open presented by Rogers,"Toronto, Canada",20260801,A,Round 2,2,0,2026-08-04T23:35Z,final,5,1857,James Duckworth,2651,Alex de Minaur,2651,6-2 7-6(6)
181740,421-2026,National Bank Open presented by Rogers,"Toronto, Canada",20260801,A,Round 2,2,0,2026-08-05T01:45Z,final,5,7602,Flavio Cobolli,3322,Yannick Hanfmann,3322,7-6(5) 7-6(2)
181769,421-2026,National Bank Open presented by Rogers,"Toronto, Canada",20260801,A,Round 2,2,0,2026-08-05T01:45Z,ret,5,7833,Luciano Darderi,3885,Gabriel Diallo,7833,6-4 2-3 RET
181720,421-2026,National Bank Open presented by Rogers,"Toronto, Canada",20260801,A,Round 2,2,0,2026-08-05T15:05Z,final,5,4115,Nuno Borges,3739,Tomas Martin Etcheverry,4115,6-4 6-2
181726,421-2026,National Bank Open presented by Rogers,"Toronto, Canada",20260801,A,Round 2,2,0,2026-08-05T15:05Z,final,5,3356,Zizou Bergs,3340,Sebastian Baez,3356,3-6 6-3 6-2
181747,421-2026,National Bank Open presented by Rogers,"Toronto, Canada",20260801,A,Round 2,2,0,2026-08-05T15:05Z,final,5,3371,Nicolas Mejia,3764,Lorenzo Musetti,3764,7-6(8) 6-2
181760,421-2026,National Bank Open presented by Rogers,"Toronto, Canada",20260801,A,Round 2,2,0,2026-08-05T15:05Z,final,5,9376,Valentin Vacherot,9992,Mariano Navone,9992,1-6 6-3 6-3
181727,421-2026,National Bank Open presented by Rogers,"Toronto, Canada",20260801,A,Round 2,2,0,2026-08-05T15:10Z,final,5,2869,Stefanos Tsitsipas,11745,Joao Fonseca,11745,7-6(3) 7-5
181752,421-2026,National Bank Open presented by Rogers,"Toronto, Canada",20260801,A,Round 2,2,0,2026-08-05T17:10Z,final,5,2874,Miomir Kecmanovic,3511,Arthur Rinderknech,3511,6-7(5) 6-4 6-4
181732,421-2026,National Bank Open presented by Rogers,"Toronto, Canada",20260801,A,Round 2,2,0,2026-08-05T17:20Z,final,5,11226,Ignacio Buse,2366,Cameron Norrie,2366,6-3 6-3
181765,421-2026,National Bank Open presented by Rogers,"Toronto, Canada",20260801,A,Round 2,2,0,2026-08-05T17:25Z,final,5,3621,Jenson Brooksby,9250,Ben Shelton,9250,6-3 7-5
181762,421-2026,National Bank Open presented by Rogers,"Toronto, Canada",20260801,A,Round 2,2,0,2026-08-05T17:30Z,final,5,3953,Zachary Svajda,10052,Arthur Fils,10052,6-4 3-6 6-1
181724,421-2026,National Bank Open presented by Rogers,"Toronto, Canada",20260801,A,Round 2,2,0,2026-08-05T17:35Z,final,5,2989,Casper Ruud,4008,Juan Manuel Cerundolo,2989,6-1 6-2
181735,421-2026,National Bank Open presented by Rogers,"Toronto, Canada",20260801,A,Round 2,2,0,2026-08-05T18:55Z,final,5,4010,Thiago Agustin Tirante,2946,Taylor Fritz,4010,7-5 6-3
181743,421-2026,National Bank Open presented by Rogers,"Toronto, Canada",20260801,A,Round 2,2,0,2026-08-05T19:10Z,final,5,2726,Hubert Hurkacz,2970,Alejandro Tabilo,2726,6-4 7-6(4)
181750,421-2026,National Bank Open presented by Rogers,"Toronto, Canada",20260801,A,Round 2,2,0,2026-08-05T19:30Z,final,5,2375,Alexander Zverev,3319,Tallon Griekspoor,3319,6-7(3) 6-2 6-4
181749,421-2026,National Bank Open presented by Rogers,"Toronto, Canada",20260801,A,Round 2,2,0,2026-08-05T19:35Z,final,5,12657,Rafael Jodar,2886,Corentin Moutet,12657,4-6 6-1 6-3
181729,421-2026,National Bank Open presented by Rogers,"Toronto, Canada",20260801,A,Round 2,2,0,2026-08-05T20:20Z,final,5,11222,Raphael Collignon,2862,Alexei Popyrin,2862,6-4 6-3
181753,421-2026,National Bank Open presented by Rogers,"Toronto, Canada",20260801,A,Round 2,2,0,2026-08-05T21:05Z,final,5,11400,Alex Michelsen,3700,Francisco Cerundolo,11400,6-3 6-4
181746,421-2026,National Bank Open presented by Rogers,"Toronto, Canada",20260801,A,Round 2,2,0,2026-08-05T21:55Z,final,5,9213,Fabian Marozsan,3793,Matteo Arnaldi,3793,7-5 2-6 6-4
181719,421-2026,National Bank Open presented by Rogers,"Toronto, Canada",20260801,A,Round 2,2,0,2026-08-05T22:05Z,final,5,11685,Jacob Fearnley,10319,Jakub Mensik,10319,6-3 3-6 6-3
181741,421-2026,National Bank Open presented by Rogers,"Toronto, Canada",20260801,A,Round 2,2,0,2026-08-05T22:15Z,final,5,2367,Karen Khachanov,10638,Terence Atmane,10638,6-4 7-6(3)
181755,421-2026,National Bank Open presented by Rogers,"Toronto, Canada",20260801,A,Round 2,2,0,2026-08-05T22:55Z,final,5,3085,Ugo Humbert,10239,Daniel Merida,10239,6-3 6-3
181733,421-2026,National Bank Open presented by Rogers,"Toronto, Canada",20260801,A,Round 2,2,0,2026-08-05T23:10Z,final,5,2383,Daniil Medvedev,3310,Botic Van De Zandschulp,3310,6-3 7-6(5)
181757,421-2026,National Bank Open presented by Rogers,"Toronto, Canada",20260801,A,Round 2,2,0,2026-08-06T00:25Z,final,5,8136,Titouan Droguet,10219,Jaime Faria,8136,7-6(2) 6-2
181731,421-2026,National Bank Open presented by Rogers,"Toronto, Canada",20260801,A,Round 2,2,0,2026-08-06T00:35Z,final,5,4022,Valentin Royer,2964,Tommy Paul,2964,6-4 7-6(5)
181761,421-2026,National Bank Open presented by Rogers,"Toronto, Canada",20260801,A,Round 2,2,0,2026-08-06T01:05Z,final,5,10386,Learner Tien,242,Gael Monfils,10386,6-3 0-6 6-3
181730,421-2026,National Bank Open presented by Rogers,"Toronto, Canada",20260801,A,Round 3,3,0,2026-08-06T17:50Z,final,5,9992,Mariano Navone,10052,Arthur Fils,10052,6-3 6-2
181767,421-2026,National Bank Open presented by Rogers,"Toronto, Canada",20260801,A,Round 3,3,0,2026-08-06T17:50Z,final,5,7833,Luciano Darderi,10073,Shang Juncheng,7833,4-6 6-1 6-4
181738,421-2026,National Bank Open presented by Rogers,"Toronto, Canada",20260801,A,Round 3,3,0,2026-08-06T19:30Z,final,5,2366,Cameron Norrie,2651,Alex de Minaur,2366,5-7 7-6(5) 6-1
181742,421-2026,National Bank Open presented by Rogers,"Toronto, Canada",20260801,A,Round 3,3,0,2026-08-06T20:10Z,final,5,3322,Yannick Hanfmann,4115,Nuno Borges,4115,6-4 6-2
181764,421-2026,National Bank Open presented by Rogers,"Toronto, Canada",20260801,A,Round 3,3,0,2026-08-06T22:10Z,final,5,3754,Jiri Lehecka,11757,Alexander Blockx,3754,6-3 6-4
181763,421-2026,National Bank Open presented by Rogers,"Toronto, Canada",20260801,A,Round 3,3,0,2026-08-06T23:05Z,final,5,12657,Rafael Jodar,3764,Lorenzo Musetti,12657,6-4 6-3
181774,421-2026,National Bank Open presented by Rogers,"Toronto, Canada",20260801,A,Round 3,3,0,2026-08-06T23:55Z,final,5,3774,Brandon Nakashima,8136,Titouan Droguet,3774,4-6 6-2 7-5
181770,421-2026,National Bank Open presented by Rogers,"Toronto, Canada",20260801,A,Round 3,3,0,2026-08-07T01:05Z,ret,5,2708,Frances Tiafoe,3511,Arthur Rinderknech,3511,6-2 2-0 RET
181728,421-2026,National Bank Open presented by Rogers,"Toronto, Canada",20260801,A,Round 3,3,0,2026-08-07T16:35Z,final,5,10239,Daniel Merida,11400,Alex Michelsen,10239,6-4 6-7(4) 6-1
181725,421-2026,National Bank Open presented by Rogers,"Toronto, Canada",20260801,A,Round 3,3,0,2026-08-07T16:40Z,final,5,3319,Tallon Griekspoor,3793,Matteo Arnaldi,3319,3-6 6-4 6-3
181771,421-2026,National Bank Open presented by Rogers,"Toronto, Canada",20260801,A,Round 3,3,0,2026-08-07T19:10Z,final,5,3310,Botic Van De Zandschulp,2726,Hubert Hurkacz,3310,3-6 7-6(4) 7-5
181754,421-2026,National Bank Open presented by Rogers,"Toronto, Canada",20260801,A,Round 3,3,0,2026-08-07T19:15Z,final,5,3356,Zizou Bergs,9250,Ben Shelton,9250,6-3 6-2
181777,421-2026,National Bank Open presented by Rogers,"Toronto, Canada",20260801,A,Round 3,3,0,2026-08-07T22:35Z,final,5,10638,Terence Atmane,10319,Jakub Mensik,10319,7-5 6-4
181751,421-2026,National Bank Open presented by Rogers,"Toronto, Canada",20260801,A,Round 3,3,0,2026-08-07T23:05Z,final,5,2989,Casper Ruud,11745,Joao Fonseca,11745,7-6(6) 6-3
181766,421-2026,National Bank Open presented by Rogers,"Toronto, Canada",20260801,A,Round 3,3,0,2026-08-08T00:35Z,final,5,2862,Alexei Popyrin,4010,Thiago Agustin Tirante,4010,6-3 6-4
181768,421-2026,National Bank Open presented by Rogers,"Toronto, Canada",20260801,A,Round 3,3,0,2026-08-08T01:25Z,final,5,10386,Learner Tien,2964,Tommy Paul,10386,6-3 6-2
181756,421-2026,National Bank Open presented by Rogers,"Toronto, Canada",20260801,A,Round 4,4,0,2026-08-08T16:35Z,final,5,4115,Nuno Borges,7833,Luciano Darderi,7833,4-6 6-3 7-5
181758,421-2026,National Bank Open presented by Rogers,"Toronto, Canada",20260801,A,Round 4,4,0,2026-08-08T19:25Z,final,5,3511,Arthur Rinderknech,3774,Brandon Nakashima,3774,7-6(4) 5-7 7-5
181775,421-2026,National Bank Open presented by Rogers,"Toronto, Canada",20260801,A,Round 4,4,0,2026-08-09T00:25Z,final,5,3754,Jiri Lehecka,12657,Rafael Jodar,12657,6-3 6-3
181745,421-2026,National Bank Open presented by Rogers,"Toronto, Canada",20260801,A,Round 4,4,0,2026-08-09T02:00Z,final,5,10052,Arthur Fils,2366,Cameron Norrie,10052,6-2 7-6(8)
181739,421-2026,National Bank Open presented by Rogers,"Toronto, Canada",20260801,A,Round 4,4,0,2026-08-09T16:40Z,final,5,3319,Tallon Griekspoor,10239,Daniel Merida,10239,6-3 6-1
181744,421-2026,National Bank Open presented by Rogers,"Toronto, Canada",20260801,A,Round 4,4,0,2026-08-09T18:10Z,final,5,10386,Learner Tien,4010,Thiago Agustin Tirante,10386,6-4 6-4
181772,421-2026,National Bank Open presented by Rogers,"Toronto, Canada",20260801,A,Round 4,4,0,2026-08-09T22:10Z,final,5,11745,Joao Fonseca,9250,Ben Shelton,9250,6-3 7-6(3)
181723,421-2026,National Bank Open presented by Rogers,"Toronto, Canada",20260801,A,Round 4,4,0,2026-08-10T00:20Z,final,5,3310,Botic Van De Zandschulp,10319,Jakub Mensik,10319,6-4 7-5
184414,718-2026,Cincinnati Open,"Cincinnati, USA",20260811,A,Qualifying 1st Round,0,1,2026-08-11T16:05Z,final,5,3301,Christopher O'Connell,4030,Dane Sweeny,3301,6-7(3) 6-2 7-5
184415,718-2026,Cincinnati Open,"Cincinnati, USA",20260811,A,Qualifying 1st Round,0,1,2026-08-11T16:05Z,final,5,11398,Chak Lam Coleman Wong,2384,SeongChan Hong,11398,6-4 6-2
184407,718-2026,Cincinnati Open,"Cincinnati, USA",20260811,A,Qualifying 1st Round,0,1,2026-08-11T16:10Z,final,5,8710,Aleksandr Shevchenko,3979,Pablo Llamas Ruiz,8710,6-3 6-4
184422,718-2026,Cincinnati Open,"Cincinnati, USA",20260811,A,Qualifying 1st Round,0,1,2026-08-11T16:10Z,final,5,18858,Vignesh Gogineni,4099,Otto Virtanen,4099,6-3 6-1
181721,421-2026,National Bank Open presented by Rogers,"Toronto, Canada",20260801,A,Quarterfinal,10,0,2026-08-11T16:40Z,final,5,7833,Luciano Darderi,3774,Brandon Nakashima,3774,6-2 6-3
184411,718-2026,Cincinnati Open,"Cincinnati, USA",20260811,A,Qualifying 1st Round,0,1,2026-08-11T17:35Z,final,5,8885,Giovanni Mpetshi Perricard,13480,Trevor Svajda,13480,6-1 1-6 6-2
184417,718-2026,Cincinnati Open,"Cincinnati, USA",20260811,A,Qualifying 1st Round,0,1,2026-08-11T17:50Z,final,5,1769,Dusan Lajovic,2355,Benjamin Bonzi,1769,2-6 7-6(2) 7-6(7)
184418,718-2026,Cincinnati Open,"Cincinnati, USA",20260811,A,Qualifying 1st Round,0,1,2026-08-11T17:50Z,final,5,8814,Luca Van Assche,10064,Gustavo Heide,8814,6-3 6-4
181722,421-2026,National Bank Open presented by Rogers,"Toronto, Canada",20260801,A,Quarterfinal,10,0,2026-08-11T18:20Z,final,5,12657,Rafael Jodar,10052,Arthur Fils,12657,7-6(5) 6-3
184421,718-2026,Cincinnati Open,"Cincinnati, USA",20260811,A,Qualifying 1st Round,0,1,2026-08-11T18:55Z,final,5,2362,Quentin Halys,2872,SoonWoo Kwon,2362,4-6 7-6(5) 6-4
181736,421-2026,National Bank Open presented by Rogers,"Toronto, Canada",20260801,A,Quarterfinal,10,0,2026-08-11T22:05Z,final,5,10319,Jakub Mensik,9250,Ben Shelton,9250,6-3 6-1
184412,718-2026,Cincinnati Open,"Cincinnati, USA",20260811,A,Qualifying 1st Round,0,1,2026-08-11T22:25Z,final,5,1035,Kei Nishikori,10044,Francisco Comesana,1035,6-4 1-6 7-5
184419,718-2026,Cincinnati Open,"Cincinnati, USA",20260811,A,Qualifying 1st Round,0,1,2026-08-11T23:10Z,final,5,10219,Jaime Faria,2498,Nikoloz Basilashvili,10219,6-4 6-4
184410,718-2026,Cincinnati Open,"Cincinnati, USA",20260811,A,Qualifying 1st Round,0,1,2026-08-11T23:25Z,final,5,2206,Mackenzie McDonald,2875,Wu Yibing,2875,7-6(7) 1-6 7-5
184420,718-2026,Cincinnati Open,"Cincinnati, USA",20260811,A,Qualifying 1st Round,0,1,2026-08-11T23:40Z,final,5,7599,Francesco Maestrelli,11382,Bu Yunchaokete,11382,7-6(6) 6-4
181734,421-2026,National Bank Open presented by Rogers,"Toronto, Canada",20260801,A,Quarterfinal,10,0,2026-08-11T23:45Z,final,5,10239,Daniel Merida,10386,Learner Tien,10386,6-3 6-2
184416,718-2026,Cincinnati Open,"Cincinnati, USA",20260811,A,Qualifying 1st Round,0,1,2026-08-12T00:05Z,final,5,3696,Moez Echargui,12932,Michael Zheng,12932,5-7 6-2 6-4
184413,718-2026,Cincinnati Open,"Cincinnati, USA",20260811,A,Qualifying 1st Round,0,1,2026-08-12T00:25Z,final,5,2278,Marco Trungelliti,3304,Sebastian Ofner,2278,4-6 6-4 7-6(4)
184424,718-2026,Cincinnati Open,"Cincinnati, USA",20260811,A,Qualifying 1st Round,0,1,2026-08-12T00:30Z,final,5,3375,Hugo Gaston,13829,Nicolai Budkov Kjaer,13829,6-2 3-6 6-4
184429,718-2026,Cincinnati Open,"Cincinnati, USA",20260811,A,Qualifying 1st Round,0,1,2026-08-12T01:05Z,final,5,2862,Alexei Popyrin,8136,Titouan Droguet,8136,7-6(2) 6-1
184423,718-2026,Cincinnati Open,"Cincinnati, USA",20260811,A,Qualifying 1st Round,0,1,2026-08-12T01:40Z,final,5,2361,Billy Harris,7509,Kyrian Jacquet,7509,6-2 6-1
184430,718-2026,Cincinnati Open,"Cincinnati, USA",20260811,A,Qualifying 1st Round,0,1,2026-08-12T02:05Z,final,5,10130,Martin Damm,12284,Stefanos Sakellaridis,12284,6-4 7-6(4)
184425,718-2026,Cincinnati Open,"Cincinnati, USA",20260811,A,Qualifying 1st Round,0,1,2026-08-12T02:35Z,final,5,3211,J.J. Wolf,7608,Shintaro Mochizuki,3211,6-2 2-6 6-3
184426,718-2026,Cincinnati Open,"Cincinnati, USA",20260811,A,Qualifying 1st Round,0,1,2026-08-12T02:40Z,final,5,3935,Sho Shimabukuro,1849,Hugo Dellien,3935,6-3 6-1
181793,421-2026,National Bank Open presented by Rogers,"Toronto, Canada",20260801,A,Semifinal,11,0,2026-08-12T22:10Z,final,5,12657,Rafael Jodar,3774,Brandon Nakashima,3774,7-6(3) 6-4
184409,718-2026,Cincinnati Open,"Cincinnati, USA",20260811,A,Qualifying 1st Round,0,1,2026-08-12T22:45Z,final,5,1993,Marcos Giron,10248,Henrique Rocha,10248,6-4 7-6(6)
184408,718-2026,Cincinnati Open,"Cincinnati, USA",20260811,A,Qualifying 1st Round,0,1,2026-08-12T22:50Z,final,5,3371,Nicolas Mejia,11685,Jacob Fearnley,3371,6-3 3-6 6-2
184427,718-2026,Cincinnati Open,"Cincinnati, USA",20260811,A,Qualifying 1st Round,0,1,2026-08-12T22:50Z,final,5,11751,Mark Lajal,3812,Dalibor Svrcina,11751,5-7 6-4 6-3
184428,718-2026,Cincinnati Open,"Cincinnati, USA",20260811,A,Qualifying 1st Round,0,1,2026-08-12T22:50Z,final,5,3471,Aleksandar Vukic,11641,Darwin Blanch,3471,6-3 7-6(4)
184433,718-2026,Cincinnati Open,"Cincinnati, USA",20260811,A,Qualifying Final,0,1,2026-08-13T00:30Z,final,5,8710,Aleksandr Shevchenko,3301,Christopher O'Connell,3301,6-4 6-1
181792,421-2026,National Bank Open presented by Rogers,"Toronto, Canada",20260801,A,Semifinal,11,0,2026-08-13T00:35Z,final,5,10386,Learner Tien,9250,Ben Shelton,9250,6-2 6-3
184434,718-2026,Cincinnati Open,"Cincinnati, USA",20260811,A,Qualifying Final,0,1,2026-08-13T00:45Z,final,5,8814,Luca Van Assche,1769,Dusan Lajovic,8814,7-6(5) 2-6 6-3
184441,718-2026,Cincinnati Open,"Cincinnati, USA",20260811,A,Qualifying Final,0,1,2026-08-13T01:10Z,final,5,11398,Chak Lam Coleman Wong,4099,Otto Virtanen,11398,7-6(4) 7-6(2)
184436,718-2026,Cincinnati Open,"Cincinnati, USA",20260811,A,Qualifying Final,0,1,2026-08-13T01:45Z,final,5,13480,Trevor Svajda,12932,Michael Zheng,12932,3-6 7-5 6-3
184431,718-2026,Cincinnati Open,"Cincinnati, USA",20260811,A,Qualifying Final,0,1,2026-08-13T01:50Z,final,5,10219,Jaime Faria,2875,Wu Yibing,10219,6-3 7-5
184437,718-2026,Cincinnati Open,"Cincinnati, USA",20260811,A,Qualifying Final,0,1,2026-08-13T02:10Z,final,5,2278,Marco Trungelliti,1035,Kei Nishikori,2278,4-6 7-5 6-3
184435,718-2026,Cincinnati Open,"Cincinnati, USA",20260811,A,Qualifying Final,0,1,2026-08-13T03:15Z,final,5,2362,Quentin Halys,11382,Bu Yunchaokete,2362,6-2 7-6(2)
184438,718-2026,Cincinnati Open,"Cincinnati, USA",20260811,A,Qualifying Final,0,1,2026-08-13T03:30Z,final,5,12284,Stefanos Sakellaridis,8136,Titouan Droguet,8136,6-4 6-2
184439,718-2026,Cincinnati Open,"Cincinnati, USA",20260811,A,Qualifying Final,0,1,2026-08-13T03:30Z,final,5,13829,Nicolai Budkov Kjaer,7509,Kyrian Jacquet,7509,7-5 6-4
184440,718-2026,Cincinnati Open,"Cincinnati, USA",20260811,A,Qualifying Final,0,1,2026-08-13T03:35Z,final,5,3935,Sho Shimabukuro,3211,J.J. Wolf,3211,6-3 3-6 7-5
181990,718-2026,Cincinnati Open,"Cincinnati, USA",20260811,A,Round 1,1,0,2026-08-13T15:10Z,final,5,11640,Martin Landaluce,3856,Jack Draper,11640,6-3 7-5
184442,718-2026,Cincinnati Open,"Cincinnati, USA",20260811,A,Qualifying Final,0,1,2026-08-13T16:45Z,final,5,3471,Aleksandar Vukic,11751,Mark Lajal,11751,6-7(3) 6-3 6-4
181957,718-2026,Cincinnati Open,"Cincinnati, USA",20260811,A,Round 1,1,0,2026-08-13T17:40Z,final,5,2366,Cameron Norrie,10105,Dino Prizmic,2366,3-6 6-1 6-4
184432,718-2026,Cincinnati Open,"Cincinnati, USA",20260811,A,Qualifying Final,0,1,2026-08-13T17:50Z,final,5,10248,Henrique Rocha,3371,Nicolas Mejia,3371,7-5 4-6 6-3
181968,718-2026,Cincinnati Open,"Cincinnati, USA",20260811,A,Round 1,1,0,2026-08-13T19:30Z,final,5,4011,Roman Andres Burruchaga,2337,Jan-Lennard Struff,2337,7-6(4) 2-6 6-3
182002,718-2026,Cincinnati Open,"Cincinnati, USA",20260811,A,Round 1,1,0,2026-08-13T19:35Z,final,5,4010,Thiago Agustin Tirante,2720,Jan Choinski,4010,7-6(9) 6-7(7) 7-6(4)
181971,718-2026,Cincinnati Open,"Cincinnati, USA",20260811,A,Round 1,1,0,2026-08-13T20:00Z,final,5,2860,Denis Shapovalov,1266,Adrian Mannarino,2860,6-1 6-4
181995,718-2026,Cincinnati Open,"Cincinnati, USA",20260811,A,Round 1,1,0,2026-08-13T20:25Z,final,5,3666,Camilo Ugo Carabelli,2874,Miomir Kecmanovic,2874,6-3 6-3
181998,718-2026,Cincinnati Open,"Cincinnati, USA",20260811,A,Round 1,1,0,2026-08-13T20:55Z,final,5,9992,Mariano Navone,11222,Raphael Collignon,9992,6-3 7-6(3)
181959,718-2026,Cincinnati Open,"Cincinnati, USA",20260811,A,Round 1,1,0,2026-08-13T22:55Z,ret,5,1862,Marton Fucsovics,10638,Terence Atmane,10638,3-1 RET
181976,718-2026,Cincinnati Open,"Cincinnati, USA",20260811,A,Round 1,1,0,2026-08-13T23:10Z,final,5,3716,Rinky Hijikata,242,Gael Monfils,3716,2-6 7-6(5) 6-3
181845,421-2026,National Bank Open presented by Rogers,"Toronto, Canada",20260801,A,Final,13,0,2026-08-14T00:10Z,final,5,9250,Ben Shelton,3774,Brandon Nakashima,9250,6-3 7-6(4)
181981,718-2026,Cincinnati Open,"Cincinnati, USA",20260811,A,Round 1,1,0,2026-08-14T02:40Z,final,5,3953,Zachary Svajda,10153,Mattia Bellucci,10153,7-6(0) 7-6(4)
181964,718-2026,Cincinnati Open,"Cincinnati, USA",20260811,A,Round 1,1,0,2026-08-14T15:05Z,final,5,7509,Kyrian Jacquet,11396,Adolfo Daniel Vallejo,11396,6-2 6-4
181973,718-2026,Cincinnati Open,"Cincinnati, USA",20260811,A,Round 1,1,0,2026-08-14T15:05Z,final,5,11398,Chak Lam Coleman Wong,3203,Daniel Altmaier,3203,3-6 6-3 6-4
181953,718-2026,Cincinnati Open,"Cincinnati, USA",20260811,A,Round 1,1,0,2026-08-14T15:15Z,final,5,4022,Valentin Royer,2869,Stefanos Tsitsipas,2869,7-6(4) 7-5
181962,718-2026,Cincinnati Open,"Cincinnati, USA",20260811,A,Round 1,1,0,2026-08-14T15:15Z,final,5,3935,Sho Shimabukuro,2726,Hubert Hurkacz,2726,6-2 6-4
181999,718-2026,Cincinnati Open,"Cincinnati, USA",20260811,A,Round 1,1,0,2026-08-14T15:15Z,final,5,3809,Vit Kopriva,2362,Quentin Halys,2362,7-6(5) 6-4
181983,718-2026,Cincinnati Open,"Cincinnati, USA",20260811,A,Round 1,1,0,2026-08-14T16:35Z,final,5,3340,Sebastian Baez,1287,Grigor Dimitrov,3340,1-6 6-3 6-4
181961,718-2026,Cincinnati Open,"Cincinnati, USA",20260811,A,Round 1,1,0,2026-08-14T16:40Z,final,5,3322,Yannick Hanfmann,8814,Luca Van Assche,3322,6-2 6-4
181955,718-2026,Cincinnati Open,"Cincinnati, USA",20260811,A,Round 1,1,0,2026-08-14T16:45Z,final,5,8136,Titouan Droguet,2622,Matteo Berrettini,2622,3-6 6-1 6-4
181939,718-2026,Cincinnati Open,"Cincinnati, USA",20260811,A,Round 1,1,0,2026-08-14T17:20Z,final,5,3811,Tomas Machac,1590,Pablo Carreno Busta,1590,6-3 6-2
181996,718-2026,Cincinnati Open,"Cincinnati, USA",20260811,A,Round 1,1,0,2026-08-14T18:20Z,final,5,3211,J.J. Wolf,1857,James Duckworth,1857,7-5 7-6(0)
181942,718-2026,Cincinnati Open,"Cincinnati, USA",20260811,A,Round 1,1,0,2026-08-14T18:35Z,final,5,3301,Christopher O'Connell,2416,Kamil Majchrzak,3301,6-4 7-6(5)
181941,718-2026,Cincinnati Open,"Cincinnati, USA",20260811,A,Round 1,1,0,2026-08-14T18:40Z,final,5,3310,Botic Van De Zandschulp,8710,Aleksandr Shevchenko,3310,6-4 6-4
181993,718-2026,Cincinnati Open,"Cincinnati, USA",20260811,A,Round 1,1,0,2026-08-14T18:40Z,final,5,11400,Alex Michelsen,3897,Jesper de Jong,11400,6-4 6-4
181960,718-2026,Cincinnati Open,"Cincinnati, USA",20260811,A,Round 1,1,0,2026-08-14T18:45Z,final,5,11751,Mark Lajal,4008,Juan Manuel Cerundolo,4008,6-4 6-4
181949,718-2026,Cincinnati Open,"Cincinnati, USA",20260811,A,Round 1,1,0,2026-08-14T19:05Z,final,5,4115,Nuno Borges,2320,Thanasi Kokkinakis,4115,5-7 7-6(3) 7-6(4)
181947,718-2026,Cincinnati Open,"Cincinnati, USA",20260811,A,Round 1,1,0,2026-08-14T20:30Z,final,5,3093,Adam Walton,3371,Nicolas Mejia,3093,7-6(5) 6-0
181988,718-2026,Cincinnati Open,"Cincinnati, USA",20260811,A,Round 1,1,0,2026-08-14T20:30Z,final,5,10073,Shang Juncheng,3052,Lorenzo Sonego,3052,6-3 6-3
181943,718-2026,Cincinnati Open,"Cincinnati, USA",20260811,A,Round 1,1,0,2026-08-14T20:50Z,final,5,8325,Hamad Medjedovic,2278,Marco Trungelliti,2278,7-5 7-6(2)
181972,718-2026,Cincinnati Open,"Cincinnati, USA",20260811,A,Round 1,1,0,2026-08-14T20:50Z,final,5,9213,Fabian Marozsan,12932,Michael Zheng,12932,3-6 6-1 7-6(1)
181992,718-2026,Cincinnati Open,"Cincinnati, USA",20260811,A,Round 1,1,0,2026-08-14T22:20Z,final,5,10239,Daniel Merida,464,Marin Cilic,10239,3-6 6-1 6-1
181948,718-2026,Cincinnati Open,"Cincinnati, USA",20260811,A,Round 1,1,0,2026-08-14T23:15Z,final,5,10219,Jaime Faria,3621,Jenson Brooksby,10219,6-3 6-2
181945,718-2026,Cincinnati Open,"Cincinnati, USA",20260811,A,Round 1,1,0,2026-08-15T01:20Z,final,5,3849,Aleksandar Kovacevic,2367,Karen Khachanov,3849,5-7 6-3 7-6(2)
181901,718-2026,Cincinnati Open,"Cincinnati, USA",20260811,A,Round 2,2,0,2026-08-15T15:05Z,final,5,11640,Martin Landaluce,3793,Matteo Arnaldi,11640,6-4 4-6 6-4
181898,718-2026,Cincinnati Open,"Cincinnati, USA",20260811,A,Round 2,2,0,2026-08-15T15:10Z,final,5,2874,Miomir Kecmanovic,7602,Flavio Cobolli,7602,6-1 4-6 6-3
181905,718-2026,Cincinnati Open,"Cincinnati, USA",20260811,A,Round 2,2,0,2026-08-15T15:10Z,final,5,11757,Alexander Blockx,9992,Mariano Navone,11757,6-3 6-4
181935,718-2026,Cincinnati Open,"Cincinnati, USA",20260811,A,Round 2,2,0,2026-08-15T17:45Z,final,5,11396,Adolfo Daniel Vallejo,9376,Valentin Vacherot,11396,6-3 6-3
181895,718-2026,Cincinnati Open,"Cincinnati, USA",20260811,A,Round 2,2,0,2026-08-15T18:10Z,final,5,296,Novak Djokovic,4010,Thiago Agustin Tirante,4010,2-6 6-4 6-4
181902,718-2026,Cincinnati Open,"Cincinnati, USA",20260811,A,Round 2,2,0,2026-08-15T18:20Z,final,5,10153,Mattia Bellucci,10319,Jakub Mensik,10319,7-5 2-6 7-6(5)
181907,718-2026,Cincinnati Open,"Cincinnati, USA",20260811,A,Round 2,2,0,2026-08-15T19:20Z,final,5,2337,Jan-Lennard Struff,2970,Alejandro Tabilo,2970,6-3 6-4
181918,718-2026,Cincinnati Open,"Cincinnati, USA",20260811,A,Round 2,2,0,2026-08-15T19:55Z,final,5,2362,Quentin Halys,2651,Alex de Minaur,2651,1-6 6-3 7-6(4)
181899,718-2026,Cincinnati Open,"Cincinnati, USA",20260811,A,Round 2,2,0,2026-08-15T20:30Z,final,5,7833,Luciano Darderi,3716,Rinky Hijikata,3716,6-4 6-2
181924,718-2026,Cincinnati Open,"Cincinnati, USA",20260811,A,Round 2,2,0,2026-08-15T21:00Z,final,5,10638,Terence Atmane,3739,Tomas Martin Etcheverry,10638,6-3 7-6(4)
181932,718-2026,Cincinnati Open,"Cincinnati, USA",20260811,A,Round 2,2,0,2026-08-15T21:20Z,final,5,2964,Tommy Paul,2726,Hubert Hurkacz,2964,6-4 6-7(3) 6-3
181886,718-2026,Cincinnati Open,"Cincinnati, USA",20260811,A,Round 2,2,0,2026-08-15T21:30Z,final,5,8621,Arthur Fery,1857,James Duckworth,8621,6-4 2-6 7-6(4)
181882,718-2026,Cincinnati Open,"Cincinnati, USA",20260811,A,Round 2,2,0,2026-08-15T22:30Z,final,5,3754,Jiri Lehecka,2622,Matteo Berrettini,3754,6-4 6-7(3) 6-3
181933,718-2026,Cincinnati Open,"Cincinnati, USA",20260811,A,Round 2,2,0,2026-08-15T23:05Z,final,5,12657,Rafael Jodar,2860,Denis Shapovalov,12657,7-5 4-6 7-5
181880,718-2026,Cincinnati Open,"Cincinnati, USA",20260811,A,Round 2,2,0,2026-08-16T00:10Z,final,5,3322,Yannick Hanfmann,10052,Arthur Fils,10052,7-6(5) 6-1
181917,718-2026,Cincinnati Open,"Cincinnati, USA",20260811,A,Round 2,2,0,2026-08-16T03:35Z,final,5,2375,Alexander Zverev,2366,Cameron Norrie,2375,3-6 6-3 6-3
181887,718-2026,Cincinnati Open,"Cincinnati, USA",20260811,A,Round 2,2,0,2026-08-16T15:05Z,final,5,3085,Ugo Humbert,12932,Michael Zheng,12932,6-4 6-3
181906,718-2026,Cincinnati Open,"Cincinnati, USA",20260811,A,Round 2,2,0,2026-08-16T15:05Z,ret,5,3301,Christopher O'Connell,2989,Casper Ruud,3301,7-5 1-2 RET
181894,718-2026,Cincinnati Open,"Cincinnati, USA",20260811,A,Round 2,2,0,2026-08-16T15:10Z,final,5,2278,Marco Trungelliti,2383,Daniil Medvedev,2383,6-4 7-5
181934,718-2026,Cincinnati Open,"Cincinnati, USA",20260811,A,Round 2,2,0,2026-08-16T16:50Z,final,5,3511,Arthur Rinderknech,4008,Juan Manuel Cerundolo,4008,4-6 7-6(3) 7-6(5)
181930,718-2026,Cincinnati Open,"Cincinnati, USA",20260811,A,Round 2,2,0,2026-08-16T16:55Z,final,5,11745,Joao Fonseca,3310,Botic Van De Zandschulp,11745,6-4 7-6(2)
181908,718-2026,Cincinnati Open,"Cincinnati, USA",20260811,A,Round 2,2,0,2026-08-16T17:20Z,final,5,2869,Stefanos Tsitsipas,3209,Felix Auger-Aliassime,3209,6-3 7-5
181921,718-2026,Cincinnati Open,"Cincinnati, USA",20260811,A,Round 2,2,0,2026-08-16T17:35Z,final,5,3203,Daniel Altmaier,3764,Lorenzo Musetti,3764,6-4 6-2
181927,718-2026,Cincinnati Open,"Cincinnati, USA",20260811,A,Round 2,2,0,2026-08-16T18:25Z,final,5,2946,Taylor Fritz,11400,Alex Michelsen,2946,6-3 6-4
181893,718-2026,Cincinnati Open,"Cincinnati, USA",20260811,A,Round 2,2,0,2026-08-16T18:55Z,final,5,3774,Brandon Nakashima,3849,Aleksandar Kovacevic,3774,6-2 7-5
181914,718-2026,Cincinnati Open,"Cincinnati, USA",20260811,A,Round 2,2,0,2026-08-16T19:15Z,final,5,4115,Nuno Borges,3700,Francisco Cerundolo,4115,6-4 6-4
181909,718-2026,Cincinnati Open,"Cincinnati, USA",20260811,A,Round 2,2,0,2026-08-16T19:25Z,final,5,2642,Andrey Rublev,1590,Pablo Carreno Busta,2642,7-6(5) 6-1
181928,718-2026,Cincinnati Open,"Cincinnati, USA",20260811,A,Round 2,2,0,2026-08-16T20:35Z,final,5,10386,Learner Tien,3340,Sebastian Baez,10386,6-3 7-6(4)
181931,718-2026,Cincinnati Open,"Cincinnati, USA",20260811,A,Round 2,2,0,2026-08-16T20:50Z,final,5,10239,Daniel Merida,3356,Zizou Bergs,10239,6-3 6-2
181883,718-2026,Cincinnati Open,"Cincinnati, USA",20260811,A,Round 2,2,0,2026-08-16T22:40Z,final,5,3093,Adam Walton,11226,Ignacio Buse,3093,6-4 6-3
181903,718-2026,Cincinnati Open,"Cincinnati, USA",20260811,A,Round 2,2,0,2026-08-16T23:05Z,final,5,9250,Ben Shelton,10219,Jaime Faria,10219,6-4 6-4
181936,718-2026,Cincinnati Open,"Cincinnati, USA",20260811,A,Round 2,2,0,2026-08-17T02:00Z,final,5,3052,Lorenzo Sonego,2708,Frances Tiafoe,2708,6-3 6-4
181922,718-2026,Cincinnati Open,"Cincinnati, USA",20260811,A,Round 3,3,0,2026-08-17T15:10Z,final,5,4010,Thiago Agustin Tirante,11640,Martin Landaluce,4010,7-6(5) 7-6(4)
181925,718-2026,Cincinnati Open,"Cincinnati, USA",20260811,A,Round 3,3,0,2026-08-17T15:10Z,final,5,11757,Alexander Blockx,7602,Flavio Cobolli,7602,7-5 4-6 7-5
181912,718-2026,Cincinnati Open,"Cincinnati, USA",20260811,A,Round 3,3,0,2026-08-17T18:00Z,final,5,8621,Arthur Fery,2651,Alex de Minaur,2651,7-5 7-6(3)
181888,718-2026,Cincinnati Open,"Cincinnati, USA",20260811,A,Round 3,3,0,2026-08-17T22:05Z,final,5,12657,Rafael Jodar,2970,Alejandro Tabilo,12657,6-2 6-1
181929,718-2026,Cincinnati Open,"Cincinnati, USA",20260811,A,Round 3,3,0,2026-08-17T23:10Z,final,5,3716,Rinky Hijikata,10319,Jakub Mensik,10319,6-3 6-4
181884,718-2026,Cincinnati Open,"Cincinnati, USA",20260811,A,Round 3,3,0,2026-08-17T23:50Z,final,5,2375,Alexander Zverev,10638,Terence Atmane,2375,7-6(4) 7-6(6)
181904,718-2026,Cincinnati Open,"Cincinnati, USA",20260811,A,Round 3,3,0,2026-08-18T01:05Z,final,5,3754,Jiri Lehecka,10052,Arthur Fils,10052,6-1 6-7(7) 6-3
181889,718-2026,Cincinnati Open,"Cincinnati, USA",20260811,A,Round 3,3,0,2026-08-18T02:40Z,final,5,2964,Tommy Paul,11396,Adolfo Daniel Vallejo,2964,3-6 6-3 6-4
181892,718-2026,Cincinnati Open,"Cincinnati, USA",20260811,A,Round 3,3,0,2026-08-18T15:00Z,wo,5,11745,Joao Fonseca,3301,Christopher O'Connell,3301,
181897,718-2026,Cincinnati Open,"Cincinnati, USA",20260811,A,Round 3,3,0,2026-08-18T15:10Z,final,5,2642,Andrey Rublev,4115,Nuno Borges,4115,6-3 6-4
181913,718-2026,Cincinnati Open,"Cincinnati, USA",20260811,A,Round 3,3,0,2026-08-18T16:45Z,final,5,2946,Taylor Fritz,10239,Daniel Merida,2946,6-3 6-4
181885,718-2026,Cincinnati Open,"Cincinnati, USA",20260811,A,Round 3,3,0,2026-08-18T16:50Z,final,5,12932,Michael Zheng,3764,Lorenzo Musetti,3764,6-1 6-3
181900,718-2026,Cincinnati Open,"Cincinnati, USA",20260811,A,Round 3,3,0,2026-08-18T18:50Z,final,5,3774,Brandon Nakashima,2383,Daniil Medvedev,3774,6-7(3) 7-6(4) 6-1
181879,718-2026,Cincinnati Open,"Cincinnati, USA",20260811,A,Round 3,3,0,2026-08-18T21:10Z,final,5,10219,Jaime Faria,3093,Adam Walton,10219,4-6 6-4 7-6(3)
181919,718-2026,Cincinnati Open,"Cincinnati, USA",20260811,A,Round 3,3,0,2026-08-18T23:10Z,final,5,4008,Juan Manuel Cerundolo,3209,Felix Auger-Aliassime,3209,7-5 6-1
181890,718-2026,Cincinnati Open,"Cincinnati, USA",20260811,A,Round 3,3,0,2026-08-19T00:20Z,final,5,10386,Learner Tien,2708,Frances Tiafoe,2708,6-4 4-6 6-4
181896,718-2026,Cincinnati Open,"Cincinnati, USA",20260811,A,Round 4,4,0,2026-08-19T15:10Z,final,5,12657,Rafael Jodar,7602,Flavio Cobolli,7602,4-6 7-6(3) 6-3
181878,718-2026,Cincinnati Open,"Cincinnati, USA",20260811,A,Round 4,4,0,2026-08-19T17:05Z,final,5,4010,Thiago Agustin Tirante,10319,Jakub Mensik,4010,5-7 6-4 6-4
181891,718-2026,Cincinnati Open,"Cincinnati, USA",20260811,A,Round 4,4,0,2026-08-19T18:00Z,final,5,2375,Alexander Zverev,2964,Tommy Paul,2964,4-6 7-6(6) 6-4
181877,718-2026,Cincinnati Open,"Cincinnati, USA",20260811,A,Round 4,4,0,2026-08-19T19:20Z,final,5,10052,Arthur Fils,2651,Alex de Minaur,10052,6-3 6-4
181920,718-2026,Cincinnati Open,"Cincinnati, USA",20260811,A,Round 4,4,0,2026-08-19T22:35Z,final,5,4115,Nuno Borges,3774,Brandon Nakashima,3774,6-3 6-7(5) 6-3
181881,718-2026,Cincinnati Open,"Cincinnati, USA",20260811,A,Round 4,4,0,2026-08-20T00:35Z,final,5,2946,Taylor Fritz,3301,Christopher O'Connell,2946,6-4 6-3
181926,718-2026,Cincinnati Open,"Cincinnati, USA",20260811,A,Round 4,4,0,2026-08-20T01:15Z,final,5,10219,Jaime Faria,3764,Lorenzo Musetti,3764,7-5 6-2
181923,718-2026,Cincinnati Open,"Cincinnati, USA",20260811,A,Round 4,4,0,2026-08-20T01:20Z,final,5,2708,Frances Tiafoe,3209,Felix Auger-Aliassime,2708,6-3 6-4
181911,718-2026,Cincinnati Open,"Cincinnati, USA",20260811,A,Quarterfinal,10,0,2026-08-20T19:45Z,final,5,2964,Tommy Paul,7602,Flavio Cobolli,7602,2-6 6-3 6-4
181910,718-2026,Cincinnati Open,"Cincinnati, USA",20260811,A,Quarterfinal,10,0,2026-08-21T00:40Z,final,5,4010,Thiago Agustin Tirante,10052,Arthur Fils,10052,6-3 6-2
181916,718-2026,Cincinnati Open,"Cincinnati, USA",20260811,A,Quarterfinal,10,0,2026-08-21T20:05Z,final,5,2946,Taylor Fritz,3774,Brandon Nakashima,3774,7-6(9) 4-6 6-3
181915,718-2026,Cincinnati Open,"Cincinnati, USA",20260811,A,Quarterfinal,10,0,2026-08-21T23:05Z,final,5,3764,Lorenzo Musetti,2708,Frances Tiafoe,2708,7-6(2) 7-5
184525,363-2026,Winston-Salem Open,"Winston-Salem, USA",20260822,A,Qualifying 1st Round,0,1,2026-08-22T15:00Z,final,5,1613,Pierre-Hugues Herbert,11990,Kenta Miyoshi,1613,6-2 4-6 6-2
184526,363-2026,Winston-Salem Open,"Winston-Salem, USA",20260822,A,Qualifying 1st Round,0,1,2026-08-22T15:00Z,final,5,16102,Felix Balshaw,10771,Luca Pow,16102,7-5 6-3
184528,363-2026,Winston-Salem Open,"Winston-Salem, USA",20260822,A,Qualifying 1st Round,0,1,2026-08-22T15:00Z,final,5,3541,Hugo Grenier,8878,Neil Oberleitner,3541,6-4 6-1
184527,363-2026,Winston-Salem Open,"Winston-Salem, USA",20260822,A,Qualifying 1st Round,0,1,2026-08-22T16:30Z,final,5,11399,Sebastian Gorzny,2624,Marc Polmans,11399,6-2 1-6 6-2
184529,363-2026,Winston-Salem Open,"Winston-Salem, USA",20260822,A,Qualifying 1st Round,0,1,2026-08-22T16:30Z,final,5,11985,Hunter Heck,15457,Mees Rottgering,15457,6-1 6-0
184530,363-2026,Winston-Salem Open,"Winston-Salem, USA",20260822,A,Qualifying 1st Round,0,1,2026-08-22T16:30Z,final,5,8105,Li Tu,13215,Quinn Vandecasteele,13215,6-3 6-2
184523,363-2026,Winston-Salem Open,"Winston-Salem, USA",20260822,A,Qualifying 1st Round,0,1,2026-08-22T18:00Z,final,5,11397,Abdullah Shelbayh,11489,Ryan Seggerman,11397,2-6 7-6(4) 6-3
184524,363-2026,Winston-Salem Open,"Winston-Salem, USA",20260822,A,Qualifying 1st Round,0,1,2026-08-22T18:00Z,final,5,17024,Roger Pascual Ferra,15210,Dhakshineswar Suresh,15210,3-6 6-3 6-4
181987,718-2026,Cincinnati Open,"Cincinnati, USA",20260811,A,Semifinal,11,0,2026-08-22T18:15Z,final,5,7602,Flavio Cobolli,10052,Arthur Fils,10052,6-3 6-4
181984,718-2026,Cincinnati Open,"Cincinnati, USA",20260811,A,Semifinal,11,0,2026-08-22T23:10Z,final,5,3774,Brandon Nakashima,2708,Frances Tiafoe,2708,7-5 6-3
184531,363-2026,Winston-Salem Open,"Winston-Salem, USA",20260822,A,Qualifying Final,0,1,2026-08-23T17:00Z,final,5,16102,Felix Balshaw,11399,Sebastian Gorzny,16102,4-6 6-4 6-3
184532,363-2026,Winston-Salem Open,"Winston-Salem, USA",20260822,A,Qualifying Final,0,1,2026-08-23T17:00Z,final,5,3541,Hugo Grenier,15457,Mees Rottgering,15457,6-4 6-1
184533,363-2026,Winston-Salem Open,"Winston-Salem, USA",20260822,A,Qualifying Final,0,1,2026-08-23T17:00Z,final,5,1613,Pierre-Hugues Herbert,13215,Quinn Vandecasteele,13215,3-6 7-6(4) 7-5
184534,363-2026,Winston-Salem Open,"Winston-Salem, USA",20260822,A,Qualifying Final,0,1,2026-08-23T17:00Z,final,5,11397,Abdullah Shelbayh,15210,Dhakshineswar Suresh,11397,6-3 3-6 6-3
184494,363-2026,Winston-Salem Open,"Winston-Salem, USA",20260822,A,Round 1,1,0,2026-08-23T19:10Z,final,5,8885,Giovanni Mpetshi Perricard,3621,Jenson Brooksby,3621,6-3 6-2
184504,363-2026,Winston-Salem Open,"Winston-Salem, USA",20260822,A,Round 1,1,0,2026-08-23T19:15Z,final,5,3935,Sho Shimabukuro,2874,Miomir Kecmanovic,2874,6-4 6-3
184497,363-2026,Winston-Salem Open,"Winston-Salem, USA",20260822,A,Round 1,1,0,2026-08-23T20:05Z,final,5,10044,Francisco Comesana,2875,Wu Yibing,10044,6-3 6-4
181963,718-2026,Cincinnati Open,"Cincinnati, USA",20260811,A,Final,13,0,2026-08-23T20:40Z,final,5,10052,Arthur Fils,2708,Frances Tiafoe,10052,6-3 1-6 6-0
184482,363-2026,Winston-Salem Open,"Winston-Salem, USA",20260822,A,Round 1,1,0,2026-08-23T20:55Z,final,5,11640,Martin Landaluce,10153,Mattia Bellucci,10153,6-4 6-7(3) 6-1
184481,363-2026,Winston-Salem Open,"Winston-Salem, USA",20260822,A,Round 1,1,0,2026-08-23T22:35Z,ret,5,1590,Pablo Carreno Busta,11396,Adolfo Daniel Vallejo,11396,6-4 3-0 RET
184484,363-2026,Winston-Salem Open,"Winston-Salem, USA",20260822,A,Round 1,1,0,2026-08-24T00:10Z,final,5,3716,Rinky Hijikata,11641,Darwin Blanch,3716,6-4 7-6(2)
184607,189-2026,US Open,"New York, USA",20260824,G,Qualifying 1st Round,0,1,2026-08-24T15:05Z,final,5,11685,Jacob Fearnley,2012,Roberto Carballes Baena,11685,7-6(3) 6-3
184626,189-2026,US Open,"New York, USA",20260824,G,Qualifying 1st Round,0,1,2026-08-24T15:05Z,final,5,2009,Kimmer Coppejans,3204,Jurij Rodionov,3204,6-1 6-4
184637,189-2026,US Open,"New York, USA",20260824,G,Qualifying 1st Round,0,1,2026-08-24T15:05Z,final,5,11751,Mark Lajal,18776,Jordan Lee,18776,4-6 6-3 6-3
184608,189-2026,US Open,"New York, USA",20260824,G,Qualifying 1st Round,0,1,2026-08-24T15:10Z,final,5,14707,Luka Pavlovic,3574,Juan Pablo Varillas,14707,6-3 6-7(3) 7-5
184634,189-2026,US Open,"New York, USA",20260824,G,Qualifying 1st Round,0,1,2026-08-24T15:10Z,final,5,14709,Diego Dedura,3533,Frederico Ferreira Silva,3533,7-5 6-2
184635,189-2026,US Open,"New York, USA",20260824,G,Qualifying 1st Round,0,1,2026-08-24T15:10Z,final,5,8136,Titouan Droguet,10317,Daniel Rincon,10317,2-6 6-4 7-6(1)
184647,189-2026,US Open,"New York, USA",20260824,G,Qualifying 1st Round,0,1,2026-08-24T16:40Z,final,5,10189,Juan Carlos Prado Angelo,9923,Tomas Barrios Vera,9923,6-2 5-7 6-0
184629,189-2026,US Open,"New York, USA",20260824,G,Qualifying 1st Round,0,1,2026-08-24T16:55Z,final,5,10222,Guy Den Ouden,3096,Genaro Alberto Olivieri,3096,5-7 6-4 7-5
184652,189-2026,US Open,"New York, USA",20260824,G,Qualifying 1st Round,0,1,2026-08-24T16:55Z,final,5,10155,Federico Agustin Gomez,2879,Aziz Dougaz,2879,6-4 6-2
184617,189-2026,US Open,"New York, USA",20260824,G,Qualifying 1st Round,0,1,2026-08-24T17:00Z,final,5,15353,Spencer Johnson,2228,Cristian Garin,2228,7-6(5) 4-6 7-6(9)
184631,189-2026,US Open,"New York, USA",20260824,G,Qualifying 1st Round,0,1,2026-08-24T17:15Z,final,5,11755,Vilius Gaubas,10142,Kilian Feldbausch,11755,6-3 7-6(1)
184632,189-2026,US Open,"New York, USA",20260824,G,Qualifying 1st Round,0,1,2026-08-24T17:40Z,final,5,1840,Marco Cecchinato,1586,Liam Broady,1840,7-6(4) 6-3
184658,189-2026,US Open,"New York, USA",20260824,G,Qualifying 1st Round,0,1,2026-08-24T17:50Z,final,5,11457,Joel Josef Schwaerzler,10064,Gustavo Heide,11457,2-6 6-4 6-4
184507,363-2026,Winston-Salem Open,"Winston-Salem, USA",20260822,A,Round 1,1,0,2026-08-24T18:05Z,final,5,3052,Lorenzo Sonego,1613,Pierre-Hugues Herbert,3052,7-6(4) 4-6 6-3
184485,363-2026,Winston-Salem Open,"Winston-Salem, USA",20260822,A,Round 1,1,0,2026-08-24T18:10Z,final,5,2416,Kamil Majchrzak,2355,Benjamin Bonzi,2355,6-4 7-6(7)
184489,363-2026,Winston-Salem Open,"Winston-Salem, USA",20260822,A,Round 1,1,0,2026-08-24T18:10Z,final,5,15210,Dhakshineswar Suresh,1993,Marcos Giron,15210,6-3 7-5
184500,363-2026,Winston-Salem Open,"Winston-Salem, USA",20260822,A,Round 1,1,0,2026-08-24T18:10Z,final,5,13215,Quinn Vandecasteele,1857,James Duckworth,1857,6-2 6-1
184651,189-2026,US Open,"New York, USA",20260824,G,Qualifying 1st Round,0,1,2026-08-24T18:30Z,final,5,7509,Kyrian Jacquet,9982,Lautaro Midon,7509,6-4 6-3
184615,189-2026,US Open,"New York, USA",20260824,G,Qualifying 1st Round,0,1,2026-08-24T18:35Z,final,5,4057,Franco Roncadelli,2229,Elias Ymer,2229,6-4 6-3
184653,189-2026,US Open,"New York, USA",20260824,G,Qualifying 1st Round,0,1,2026-08-24T18:40Z,final,5,11636,Andrea Guerrieri,9029,August Holmgren,11636,6-3 6-7(4) 6-2
184633,189-2026,US Open,"New York, USA",20260824,G,Qualifying 1st Round,0,1,2026-08-24T18:45Z,final,5,7886,Remy Bertola,4015,Alejandro Moro Canas,7886,6-3 6-4
184646,189-2026,US Open,"New York, USA",20260824,G,Qualifying 1st Round,0,1,2026-08-24T18:55Z,final,5,10645,Toby Samuel,7599,Francesco Maestrelli,10645,6-7(2) 6-3 6-1
184614,189-2026,US Open,"New York, USA",20260824,G,Qualifying 1st Round,0,1,2026-08-24T19:10Z,final,5,10140,Gonzalo Bueno,2361,Billy Harris,2361,6-1 6-3
184498,363-2026,Winston-Salem Open,"Winston-Salem, USA",20260822,A,Round 1,1,0,2026-08-24T19:35Z,final,5,3093,Adam Walton,3897,Jesper de Jong,3093,6-2 6-4
184503,363-2026,Winston-Salem Open,"Winston-Salem, USA",20260822,A,Round 1,1,0,2026-08-24T19:35Z,final,5,11399,Sebastian Gorzny,15548,Cruz Hewitt,15548,1-6 7-6(3) 6-4
184619,189-2026,US Open,"New York, USA",20260824,G,Qualifying 1st Round,0,1,2026-08-24T19:55Z,final,5,3812,Dalibor Svrcina,3206,Felipe Meligeni Alves,3812,6-3 6-4
184639,189-2026,US Open,"New York, USA",20260824,G,Qualifying 1st Round,0,1,2026-08-24T20:05Z,final,5,4000,Harry Wendelken,2682,Stefano Travaglia,4000,6-4 3-6 6-3
184479,363-2026,Winston-Salem Open,"Winston-Salem, USA",20260822,A,Round 1,1,0,2026-08-24T20:15Z,final,5,10130,Martin Damm,11397,Abdullah Shelbayh,10130,6-4 7-6(2)
184627,189-2026,US Open,"New York, USA",20260824,G,Qualifying 1st Round,0,1,2026-08-24T20:20Z,final,5,3549,Raul Brancaccio,3345,Thiago Seyboth Wild,3345,6-2 6-1
184625,189-2026,US Open,"New York, USA",20260824,G,Qualifying 1st Round,0,1,2026-08-24T20:30Z,final,5,3928,Keegan Smith,3562,Alexis Galarneau,3562,7-6(4) 6-3
184508,363-2026,Winston-Salem Open,"Winston-Salem, USA",20260822,A,Round 1,1,0,2026-08-24T21:00Z,final,5,2720,Jan Choinski,15457,Mees Rottgering,15457,7-5 2-6 6-4
184644,189-2026,US Open,"New York, USA",20260824,G,Qualifying 1st Round,0,1,2026-08-24T21:05Z,final,5,3820,Francesco Passaro,3998,Felix Gill,3820,7-6(3) 6-2
184603,189-2026,US Open,"New York, USA",20260824,G,Qualifying 1st Round,0,1,2026-08-24T21:30Z,final,5,7794,Lukas Neumayer,10168,James McCabe,7794,6-1 6-4
184621,189-2026,US Open,"New York, USA",20260824,G,Qualifying 1st Round,0,1,2026-08-24T21:40Z,final,5,4099,Otto Virtanen,10071,Ugo Blanchet,4099,6-4 6-4
184602,189-2026,US Open,"New York, USA",20260824,G,Qualifying 1st Round,0,1,2026-08-24T21:45Z,final,5,11398,Chak Lam Coleman Wong,13240,Elmer Moller,11398,5-7 6-3 6-4
184645,189-2026,US Open,"New York, USA",20260824,G,Qualifying 1st Round,0,1,2026-08-24T21:45Z,final,5,7924,Pol Martin Tiffon,11223,Tom Gentzsch,11223,7-5 6-3
184628,189-2026,US Open,"New York, USA",20260824,G,Qualifying 1st Round,0,1,2026-08-24T21:50Z,final,5,2242,Stefano Napolitano,2206,Mackenzie McDonald,2206,6-4 7-5
184490,363-2026,Winston-Salem Open,"Winston-Salem, USA",20260822,A,Round 1,1,0,2026-08-24T22:10Z,final,5,2636,Roman Safiullin,3541,Hugo Grenier,3541,7-6(6) 4-6 6-3
184612,189-2026,US Open,"New York, USA",20260824,G,Qualifying 1st Round,0,1,2026-08-24T22:10Z,final,5,2768,Jay Clarke,13871,Rei Sakamoto,13871,4-6 6-3 6-4
182048,363-2026,Winston-Salem Open,"Winston-Salem, USA",20260822,A,Round 2,2,0,2026-08-24T22:35Z,final,5,3621,Jenson Brooksby,2869,Stefanos Tsitsipas,2869,6-4 7-6(6)
184613,189-2026,US Open,"New York, USA",20260824,G,Qualifying 1st Round,0,1,2026-08-24T22:40Z,final,5,2365,Laslo Djere,3308,Alexandre Muller,3308,7-5 6-0
184622,189-2026,US Open,"New York, USA",20260824,G,Qualifying 1st Round,0,1,2026-08-24T23:27Z,final,5,10126,Jack Pinnington Jones,13480,Trevor Svajda,10126,7-6(4) 6-4
184493,363-2026,Winston-Salem Open,"Winston-Salem, USA",20260822,A,Round 1,1,0,2026-08-24T23:30Z,final,5,16102,Felix Balshaw,3849,Aleksandar Kovacevic,3849,6-4 7-6(4)
182053,363-2026,Winston-Salem Open,"Winston-Salem, USA",20260822,A,Round 2,2,0,2026-08-25T00:50Z,final,5,3203,Daniel Altmaier,10044,Francisco Comesana,3203,6-1 7-6(6)
184599,189-2026,US Open,"New York, USA",20260824,G,Qualifying 1st Round,0,1,2026-08-25T15:05Z,ret,5,2872,SoonWoo Kwon,1769,Dusan Lajovic,1769,4-6 7-5 3-1 RET
184604,189-2026,US Open,"New York, USA",20260824,G,Qualifying 1st Round,0,1,2026-08-25T15:05Z,final,5,3948,Henri Squire,12328,David Jorda Sanchis,12328,6-2 2-6 7-6(2)
184620,189-2026,US Open,"New York, USA",20260824,G,Qualifying 1st Round,0,1,2026-08-25T15:05Z,final,5,17853,Michael Antonius,14254,Henry Searle,17853,6-1 6-2
184623,189-2026,US Open,"New York, USA",20260824,G,Qualifying 1st Round,0,1,2026-08-25T15:05Z,final,5,3818,Timofey Skatov,11756,Gilles Arnaud Bailly,3818,6-4 6-2
184643,189-2026,US Open,"New York, USA",20260824,G,Qualifying 1st Round,0,1,2026-08-25T15:05Z,final,5,11488,Braden Shick,3512,Clement Tabur,11488,6-4 7-5
184648,189-2026,US Open,"New York, USA",20260824,G,Qualifying 1st Round,0,1,2026-08-25T15:05Z,final,5,7608,Shintaro Mochizuki,16356,Daniel Milavsky,7608,7-6(5) 6-4
184618,189-2026,US Open,"New York, USA",20260824,G,Qualifying 1st Round,0,1,2026-08-25T15:10Z,final,5,3304,Sebastian Ofner,1035,Kei Nishikori,1035,6-1 2-6 6-2
184601,189-2026,US Open,"New York, USA",20260824,G,Qualifying 1st Round,0,1,2026-08-25T16:35Z,final,5,15473,Moise Kouame,11083,Nishesh Basavareddy,11083,7-6(3) 4-6 6-3
184611,189-2026,US Open,"New York, USA",20260824,G,Qualifying 1st Round,0,1,2026-08-25T16:55Z,final,5,10321,Luka Mikrut,3894,Nikolas Sanchez Izquierdo,10321,6-3 6-4
184624,189-2026,US Open,"New York, USA",20260824,G,Qualifying 1st Round,0,1,2026-08-25T17:05Z,final,5,2936,Lorenzo Giustino,1287,Grigor Dimitrov,1287,6-0 6-3
184642,189-2026,US Open,"New York, USA",20260824,G,Qualifying 1st Round,0,1,2026-08-25T17:05Z,final,5,10954,Gauthier Onclin,4026,Vitaliy Sachko,4026,7-5 7-5
184641,189-2026,US Open,"New York, USA",20260824,G,Qualifying 1st Round,0,1,2026-08-25T17:10Z,final,5,1317,Bernard Tomic,2863,Lloyd Harris,2863,6-2 5-7 6-2
184616,189-2026,US Open,"New York, USA",20260824,G,Qualifying 1st Round,0,1,2026-08-25T17:20Z,final,5,2318,Alex Bolt,3979,Pablo Llamas Ruiz,3979,7-6(3) 7-5
184598,189-2026,US Open,"New York, USA",20260824,G,Qualifying 1st Round,0,1,2026-08-25T17:25Z,final,5,10427,Arthur Gea,2638,Sumit Nagal,10427,6-3 7-6(4)
184610,189-2026,US Open,"New York, USA",20260824,G,Qualifying 1st Round,0,1,2026-08-25T17:50Z,final,5,8871,Clement Chidekh,1841,Federico Coria,8871,6-2 6-2
184640,189-2026,US Open,"New York, USA",20260824,G,Qualifying 1st Round,0,1,2026-08-25T17:50Z,final,5,10248,Henrique Rocha,2625,Michael Mmoh,10248,7-5 6-4
182054,363-2026,Winston-Salem Open,"Winston-Salem, USA",20260822,A,Round 2,2,0,2026-08-25T18:05Z,final,5,3093,Adam Walton,11226,Ignacio Buse,11226,6-2 5-7 6-3
182057,363-2026,Winston-Salem Open,"Winston-Salem, USA",20260822,A,Round 2,2,0,2026-08-25T18:05Z,final,5,3310,Botic Van De Zandschulp,11396,Adolfo Daniel Vallejo,3310,6-2 6-0
182059,363-2026,Winston-Salem Open,"Winston-Salem, USA",20260822,A,Round 2,2,0,2026-08-25T18:05Z,final,5,2355,Benjamin Bonzi,2362,Quentin Halys,2355,2-6 7-6(5) 6-3
182062,363-2026,Winston-Salem Open,"Winston-Salem, USA",20260822,A,Round 2,2,0,2026-08-25T18:05Z,final,5,10153,Mattia Bellucci,7833,Luciano Darderi,7833,2-6 6-4 6-2
184657,189-2026,US Open,"New York, USA",20260824,G,Qualifying 1st Round,0,1,2026-08-25T18:45Z,final,5,8789,Maks Kasnikowski,13829,Nicolai Budkov Kjaer,13829,7-6(2) 4-6 6-4
184600,189-2026,US Open,"New York, USA",20260824,G,Qualifying 1st Round,0,1,2026-08-25T19:05Z,final,5,3375,Hugo Gaston,9943,Guido Ivan Justo,3375,7-5 6-3
184609,189-2026,US Open,"New York, USA",20260824,G,Qualifying 1st Round,0,1,2026-08-25T19:15Z,final,5,13358,Andre Ilagan,10373,Tristan Boyer,13358,6-4 3-6 6-4
184656,189-2026,US Open,"New York, USA",20260824,G,Qualifying 1st Round,0,1,2026-08-25T19:20Z,final,5,2623,Pedro Martinez,8819,Daniil Glinka,8819,6-3 6-2
184655,189-2026,US Open,"New York, USA",20260824,G,Qualifying 1st Round,0,1,2026-08-25T19:30Z,final,5,3110,Zsombor Piros,10318,Max Alcala Gurri,3110,6-2 6-1
184649,189-2026,US Open,"New York, USA",20260824,G,Qualifying 1st Round,0,1,2026-08-25T19:40Z,final,5,12284,Stefanos Sakellaridis,3301,Christopher O'Connell,3301,6-3 6-3
182052,363-2026,Winston-Salem Open,"Winston-Salem, USA",20260822,A,Round 2,2,0,2026-08-25T19:45Z,final,5,8814,Luca Van Assche,3849,Aleksandar Kovacevic,3849,6-1 7-6(6)
182049,363-2026,Winston-Salem Open,"Winston-Salem, USA",20260822,A,Round 2,2,0,2026-08-25T20:25Z,final,5,4008,Juan Manuel Cerundolo,15210,Dhakshineswar Suresh,4008,7-6(10) 6-3
182058,363-2026,Winston-Salem Open,"Winston-Salem, USA",20260822,A,Round 2,2,0,2026-08-25T20:35Z,final,5,11222,Raphael Collignon,3716,Rinky Hijikata,3716,3-6 7-6(7) 7-6(5)
184660,189-2026,US Open,"New York, USA",20260824,G,Qualifying 1st Round,0,1,2026-08-25T20:35Z,final,5,3314,Zdenek Kolar,3449,Borna Gojo,3449,6-1 6-4
182042,363-2026,Winston-Salem Open,"Winston-Salem, USA",20260822,A,Round 2,2,0,2026-08-25T20:45Z,final,5,8621,Arthur Fery,15548,Cruz Hewitt,8621,6-1 7-5
184661,189-2026,US Open,"New York, USA",20260824,G,Qualifying 1st Round,0,1,2026-08-25T20:55Z,ret,5,7598,Luca Nardi,14601,Federico Cina,14601,6-4 3-0 RET
184606,189-2026,US Open,"New York, USA",20260824,G,Qualifying 1st Round,0,1,2026-08-25T21:20Z,final,5,15157,Colton Smith,2627,Andrea Pellegrino,15157,4-6 6-3 6-4
184659,189-2026,US Open,"New York, USA",20260824,G,Qualifying 1st Round,0,1,2026-08-25T21:20Z,final,5,11382,Bu Yunchaokete,3798,Rio Noguchi,11382,4-6 6-4 6-2
182040,363-2026,Winston-Salem Open,"Winston-Salem, USA",20260822,A,Round 2,2,0,2026-08-25T21:30Z,final,5,1857,James Duckworth,9992,Mariano Navone,1857,6-3 7-6(5)
184605,189-2026,US Open,"New York, USA",20260824,G,Qualifying 1st Round,0,1,2026-08-25T21:35Z,final,5,3752,Jerome Kym,3830,Dan Added,3752,6-0 6-3
182050,363-2026,Winston-Salem Open,"Winston-Salem, USA",20260822,A,Round 2,2,0,2026-08-25T22:20Z,final,5,15457,Mees Rottgering,3811,Tomas Machac,15457,6-2 7-6(1)
184654,189-2026,US Open,"New York, USA",20260824,G,Qualifying 1st Round,0,1,2026-08-25T22:20Z,final,5,3696,Moez Echargui,1849,Hugo Dellien,1849,6-4 6-4
182036,363-2026,Winston-Salem Open,"Winston-Salem, USA",20260822,A,Round 2,2,0,2026-08-25T22:35Z,final,5,2383,Daniil Medvedev,10130,Martin Damm,10130,7-5 6-3
184636,189-2026,US Open,"New York, USA",20260824,G,Qualifying 1st Round,0,1,2026-08-25T22:50Z,final,5,1837,Taro Daniel,17769,Andrew Johnson,17769,2-6 6-2 6-4
184630,189-2026,US Open,"New York, USA",20260824,G,Qualifying 1st Round,0,1,2026-08-25T23:00Z,final,5,2384,SeongChan Hong,2498,Nikoloz Basilashvili,2384,6-3 7-6(1)
184638,189-2026,US Open,"New York, USA",20260824,G,Qualifying 1st Round,0,1,2026-08-25T23:00Z,final,5,18903,Jack Secord,4029,Tristan Schoolkate,4029,6-3 6-2
184650,189-2026,US Open,"New York, USA",20260824,G,Qualifying 1st Round,0,1,2026-08-25T23:30Z,final,5,3371,Nicolas Mejia,3778,Liam Draxl,3778,6-4 6-7(5) 6-4
182055,363-2026,Winston-Salem Open,"Winston-Salem, USA",20260822,A,Round 2,2,0,2026-08-26T00:00Z,final,5,3541,Hugo Grenier,3340,Sebastian Baez,3340,7-5 7-6(2)
182044,363-2026,Winston-Salem Open,"Winston-Salem, USA",20260822,A,Round 2,2,0,2026-08-26T00:15Z,final,5,2874,Miomir Kecmanovic,9213,Fabian Marozsan,9213,6-3 6-4
182046,363-2026,Winston-Salem Open,"Winston-Salem, USA",20260822,A,Round 2,2,0,2026-08-26T00:20Z,final,5,1266,Adrian Mannarino,3052,Lorenzo Sonego,3052,6-1 7-6(5)
184664,189-2026,US Open,"New York, USA",20260824,G,Qualifying 2nd Round,0,1,2026-08-26T15:05Z,final,5,10317,Daniel Rincon,18776,Jordan Lee,10317,6-3 4-6 6-1
184665,189-2026,US Open,"New York, USA",20260824,G,Qualifying 2nd Round,0,1,2026-08-26T15:05Z,final,5,3096,Genaro Alberto Olivieri,9923,Tomas Barrios Vera,9923,6-3 6-1
184671,189-2026,US Open,"New York, USA",20260824,G,Qualifying 2nd Round,0,1,2026-08-26T15:05Z,final,5,11636,Andrea Guerrieri,11457,Joel Josef Schwaerzler,11636,3-6 6-4 6-1
184681,189-2026,US Open,"New York, USA",20260824,G,Qualifying 2nd Round,0,1,2026-08-26T15:05Z,final,5,7509,Kyrian Jacquet,2879,Aziz Dougaz,2879,6-4 4-6 6-4
184777,189-2026,US Open,"New York, USA",20260824,G,Qualifying 2nd Round,0,1,2026-08-26T15:05Z,final,5,3533,Frederico Ferreira Silva,3204,Jurij Rodionov,3204,6-2 3-6 6-1
184663,189-2026,US Open,"New York, USA",20260824,G,Qualifying 2nd Round,0,1,2026-08-26T15:10Z,final,5,11685,Jacob Fearnley,14707,Luka Pavlovic,11685,6-4 6-7(4) 6-4
184774,189-2026,US Open,"New York, USA",20260824,G,Qualifying 2nd Round,0,1,2026-08-26T16:35Z,final,5,11755,Vilius Gaubas,1840,Marco Cecchinato,11755,6-4 6-3
184760,189-2026,US Open,"New York, USA",20260824,G,Qualifying 2nd Round,0,1,2026-08-26T16:50Z,final,5,11398,Chak Lam Coleman Wong,7794,Lukas Neumayer,11398,6-3 6-3
184669,189-2026,US Open,"New York, USA",20260824,G,Qualifying 2nd Round,0,1,2026-08-26T17:05Z,final,5,3818,Timofey Skatov,1287,Grigor Dimitrov,1287,7-6(5) 6-4
184673,189-2026,US Open,"New York, USA",20260824,G,Qualifying 2nd Round,0,1,2026-08-26T17:10Z,final,5,4099,Otto Virtanen,10126,Jack Pinnington Jones,4099,2-6 7-6(6) 6-3
184674,189-2026,US Open,"New York, USA",20260824,G,Qualifying 2nd Round,0,1,2026-08-26T17:10Z,final,5,2229,Elias Ymer,2228,Cristian Garin,2228,6-2 7-6(5)
184662,189-2026,US Open,"New York, USA",20260824,G,Qualifying 2nd Round,0,1,2026-08-26T17:20Z,final,5,12328,David Jorda Sanchis,1769,Dusan Lajovic,1769,7-5 7-6(2)
184682,189-2026,US Open,"New York, USA",20260824,G,Qualifying 2nd Round,0,1,2026-08-26T17:40Z,final,5,7886,Remy Bertola,4000,Harry Wendelken,4000,5-7 7-6(4) 6-4
184776,189-2026,US Open,"New York, USA",20260824,G,Qualifying 2nd Round,0,1,2026-08-26T17:45Z,final,5,10645,Toby Samuel,2361,Billy Harris,10645,4-6 6-1 6-4
182037,363-2026,Winston-Salem Open,"Winston-Salem, USA",20260822,A,Round 3,3,0,2026-08-26T18:05Z,final,5,3716,Rinky Hijikata,2355,Benjamin Bonzi,2355,6-1 6-1
182045,363-2026,Winston-Salem Open,"Winston-Salem, USA",20260822,A,Round 3,3,0,2026-08-26T18:05Z,final,5,3310,Botic Van De Zandschulp,7833,Luciano Darderi,3310,6-1 6-0
182035,363-2026,Winston-Salem Open,"Winston-Salem, USA",20260822,A,Round 3,3,0,2026-08-26T18:10Z,final,5,3203,Daniel Altmaier,11226,Ignacio Buse,11226,7-6(5) 7-5
184763,189-2026,US Open,"New York, USA",20260824,G,Qualifying 2nd Round,0,1,2026-08-26T18:20Z,final,5,3345,Thiago Seyboth Wild,2206,Mackenzie McDonald,2206,6-4 6-4
184667,189-2026,US Open,"New York, USA",20260824,G,Qualifying 2nd Round,0,1,2026-08-26T18:40Z,final,5,10427,Arthur Gea,8871,Clement Chidekh,10427,6-4 6-7(4) 6-2
184775,189-2026,US Open,"New York, USA",20260824,G,Qualifying 2nd Round,0,1,2026-08-26T18:55Z,final,5,7608,Shintaro Mochizuki,11488,Braden Shick,7608,6-4 6-1
184670,189-2026,US Open,"New York, USA",20260824,G,Qualifying 2nd Round,0,1,2026-08-26T19:00Z,final,5,3812,Dalibor Svrcina,3562,Alexis Galarneau,3812,7-6(3) 6-2
184764,189-2026,US Open,"New York, USA",20260824,G,Qualifying 2nd Round,0,1,2026-08-26T19:15Z,final,5,3820,Francesco Passaro,11223,Tom Gentzsch,3820,7-6(4) 6-4
184668,189-2026,US Open,"New York, USA",20260824,G,Qualifying 2nd Round,0,1,2026-08-26T19:30Z,final,5,10321,Luka Mikrut,11083,Nishesh Basavareddy,11083,6-2 6-4
182060,363-2026,Winston-Salem Open,"Winston-Salem, USA",20260822,A,Round 3,3,0,2026-08-26T19:35Z,final,5,8621,Arthur Fery,15457,Mees Rottgering,8621,6-3 6-3
184761,189-2026,US Open,"New York, USA",20260824,G,Qualifying 2nd Round,0,1,2026-08-26T20:30Z,final,5,3375,Hugo Gaston,13358,Andre Ilagan,3375,6-1 6-3
184772,189-2026,US Open,"New York, USA",20260824,G,Qualifying 2nd Round,0,1,2026-08-26T20:30Z,final,5,13871,Rei Sakamoto,3308,Alexandre Muller,13871,6-3 6-3
182039,363-2026,Winston-Salem Open,"Winston-Salem, USA",20260822,A,Round 3,3,0,2026-08-26T20:45Z,ret,5,4008,Juan Manuel Cerundolo,3340,Sebastian Baez,4008,6-2 4-0 RET
184672,189-2026,US Open,"New York, USA",20260824,G,Qualifying 2nd Round,0,1,2026-08-26T20:55Z,final,5,13829,Nicolai Budkov Kjaer,3301,Christopher O'Connell,3301,7-5 6-4
184773,189-2026,US Open,"New York, USA",20260824,G,Qualifying 2nd Round,0,1,2026-08-26T21:10Z,final,5,3110,Zsombor Piros,8819,Daniil Glinka,3110,6-3 5-7 6-4
184678,189-2026,US Open,"New York, USA",20260824,G,Qualifying 2nd Round,0,1,2026-08-26T21:15Z,final,5,1035,Kei Nishikori,17853,Michael Antonius,1035,6-4 6-4
184762,189-2026,US Open,"New York, USA",20260824,G,Qualifying 2nd Round,0,1,2026-08-26T21:15Z,final,5,11382,Bu Yunchaokete,3449,Borna Gojo,11382,6-4 6-4
184768,189-2026,US Open,"New York, USA",20260824,G,Qualifying 2nd Round,0,1,2026-08-26T21:40Z,final,5,10248,Henrique Rocha,2863,Lloyd Harris,2863,2-6 6-2 7-6(10)
184677,189-2026,US Open,"New York, USA",20260824,G,Qualifying 2nd Round,0,1,2026-08-26T21:50Z,final,5,3778,Liam Draxl,17769,Andrew Johnson,3778,6-4 6-2
184765,189-2026,US Open,"New York, USA",20260824,G,Qualifying 2nd Round,0,1,2026-08-26T22:05Z,final,5,4026,Vitaliy Sachko,3979,Pablo Llamas Ruiz,3979,6-2 4-6 7-6(11)
182061,363-2026,Winston-Salem Open,"Winston-Salem, USA",20260822,A,Round 3,3,0,2026-08-26T22:15Z,final,5,3052,Lorenzo Sonego,1857,James Duckworth,1857,7-5 6-3
182038,363-2026,Winston-Salem Open,"Winston-Salem, USA",20260822,A,Round 3,3,0,2026-08-26T22:35Z,final,5,3849,Aleksandar Kovacevic,2869,Stefanos Tsitsipas,3849,6-3 7-6(1)
184676,189-2026,US Open,"New York, USA",20260824,G,Qualifying 2nd Round,0,1,2026-08-26T22:45Z,final,5,14601,Federico Cina,1849,Hugo Dellien,14601,6-3 5-7 7-5
184675,189-2026,US Open,"New York, USA",20260824,G,Qualifying 2nd Round,0,1,2026-08-26T23:00Z,final,5,4029,Tristan Schoolkate,2384,SeongChan Hong,4029,6-4 7-6(6)
184666,189-2026,US Open,"New York, USA",20260824,G,Qualifying 2nd Round,0,1,2026-08-26T23:25Z,final,5,3752,Jerome Kym,15157,Colton Smith,15157,7-6(2) 2-6 6-4
182056,363-2026,Winston-Salem Open,"Winston-Salem, USA",20260822,A,Round 3,3,0,2026-08-27T00:30Z,final,5,10130,Martin Damm,9213,Fabian Marozsan,9213,2-6 6-3 6-3
184683,189-2026,US Open,"New York, USA",20260824,G,Qualifying Final,0,1,2026-08-27T15:45Z,final,5,11398,Chak Lam Coleman Wong,1769,Dusan Lajovic,11398,6-4 6-3
184686,189-2026,US Open,"New York, USA",20260824,G,Qualifying Final,0,1,2026-08-27T15:45Z,ret,5,10645,Toby Samuel,2228,Cristian Garin,10645,4-6 6-4 5-0 RET
184687,189-2026,US Open,"New York, USA",20260824,G,Qualifying Final,0,1,2026-08-27T15:45Z,final,5,10317,Daniel Rincon,9923,Tomas Barrios Vera,9923,6-4 6-3
184805,189-2026,US Open,"New York, USA",20260824,G,Qualifying Final,0,1,2026-08-27T15:55Z,final,5,2879,Aziz Dougaz,11636,Andrea Guerrieri,11636,6-2 6-4
184769,189-2026,US Open,"New York, USA",20260824,G,Qualifying Final,0,1,2026-08-27T16:30Z,wo,5,4099,Otto Virtanen,1287,Grigor Dimitrov,1287,
182051,363-2026,Winston-Salem Open,"Winston-Salem, USA",20260822,A,Quarterfinal,10,0,2026-08-27T18:05Z,final,5,2355,Benjamin Bonzi,3310,Botic Van De Zandschulp,2355,7-6(5) 6-4
182043,363-2026,Winston-Salem Open,"Winston-Salem, USA",20260822,A,Quarterfinal,10,0,2026-08-27T21:10Z,final,5,4008,Juan Manuel Cerundolo,11226,Ignacio Buse,11226,7-6(4) 4-6 6-2
182041,363-2026,Winston-Salem Open,"Winston-Salem, USA",20260822,A,Quarterfinal,10,0,2026-08-28T00:20Z,final,5,8621,Arthur Fery,3849,Aleksandar Kovacevic,8621,3-6 7-5 6-3
182047,363-2026,Winston-Salem Open,"Winston-Salem, USA",20260822,A,Quarterfinal,10,0,2026-08-28T02:20Z,final,5,9213,Fabian Marozsan,1857,James Duckworth,1857,6-7(4) 6-2 6-4
184679,189-2026,US Open,"New York, USA",20260824,G,Qualifying Final,0,1,2026-08-28T15:05Z,final,5,11685,Jacob Fearnley,3204,Jurij Rodionov,3204,4-6 6-4 6-4
184685,189-2026,US Open,"New York, USA",20260824,G,Qualifying Final,0,1,2026-08-28T15:05Z,ret,5,3110,Zsombor Piros,3301,Christopher O'Connell,3110,5-7 7-6(3) RET
184688,189-2026,US Open,"New York, USA",20260824,G,Qualifying Final,0,1,2026-08-28T15:05Z,final,5,7608,Shintaro Mochizuki,3820,Francesco Passaro,3820,6-4 6-2
184689,189-2026,US Open,"New York, USA",20260824,G,Qualifying Final,0,1,2026-08-28T15:05Z,final,5,2863,Lloyd Harris,3979,Pablo Llamas Ruiz,2863,7-6(3) 6-3
184766,189-2026,US Open,"New York, USA",20260824,G,Qualifying Final,0,1,2026-08-28T15:05Z,final,5,10427,Arthur Gea,11083,Nishesh Basavareddy,11083,6-3 6-1
184770,189-2026,US Open,"New York, USA",20260824,G,Qualifying Final,0,1,2026-08-28T15:05Z,final,5,3812,Dalibor Svrcina,2206,Mackenzie McDonald,3812,4-6 6-2 7-5
184771,189-2026,US Open,"New York, USA",20260824,G,Qualifying Final,0,1,2026-08-28T15:05Z,final,5,11755,Vilius Gaubas,4000,Harry Wendelken,4000,6-7(3) 7-6(5) 7-6(5)
184680,189-2026,US Open,"New York, USA",20260824,G,Qualifying Final,0,1,2026-08-28T16:10Z,final,5,3778,Liam Draxl,4029,Tristan Schoolkate,4029,4-6 7-5 7-6(7)
184806,189-2026,US Open,"New York, USA",20260824,G,Qualifying Final,0,1,2026-08-28T16:10Z,final,5,1035,Kei Nishikori,13871,Rei Sakamoto,13871,6-4 7-6(3)
184767,189-2026,US Open,"New York, USA",20260824,G,Qualifying Final,0,1,2026-08-28T17:05Z,final,5,3375,Hugo Gaston,15157,Colton Smith,3375,1-6 6-4 6-2
184684,189-2026,US Open,"New York, USA",20260824,G,Qualifying Final,0,1,2026-08-28T17:15Z,final,5,11382,Bu Yunchaokete,14601,Federico Cina,14601,3-6 6-4 7-5
182064,363-2026,Winston-Salem Open,"Winston-Salem, USA",20260822,A,Semifinal,11,0,2026-08-28T21:00Z,final,5,11226,Ignacio Buse,2355,Benjamin Bonzi,11226,6-2 4-6 6-1
182063,363-2026,Winston-Salem Open,"Winston-Salem, USA",20260822,A,Semifinal,11,0,2026-08-28T23:10Z,ret,5,1857,James Duckworth,8621,Arthur Fery,8621,6-4 1-2 RET
182065,363-2026,Winston-Salem Open,"Winston-Salem, USA",20260822,A,Final,13,0,2026-08-29T20:05Z,final,5,8621,Arthur Fery,11226,Ignacio Buse,11226,6-3 6-2
182656,189-2026,US Open,"New York, USA",20260824,G,Round 1,1,0,2026-08-30T15:05Z,final,5,3754,Jiri Lehecka,1590,Pablo Carreno Busta,3754,6-1 7-6(5) 4-6 6-2
182663,189-2026,US Open,"New York, USA",20260824,G,Round 1,1,0,2026-08-30T15:05Z,final,5,2875,Wu Yibing,3093,Adam Walton,2875,7-6(2) 6-2 7-5
182758,189-2026,US Open,"New York, USA",20260824,G,Round 1,1,0,2026-08-30T15:05Z,final,5,2416,Kamil Majchrzak,8325,Hamad Medjedovic,2416,6-3 6-3 6-3
182778,189-2026,US Open,"New York, USA",20260824,G,Round 1,1,0,2026-08-30T15:05Z,final,5,3935,Sho Shimabukuro,3511,Arthur Rinderknech,3511,6-7(4) 6-2 7-6(4) 6-2
182661,189-2026,US Open,"New York, USA",20260824,G,Round 1,1,0,2026-08-30T15:10Z,final,5,10105,Dino Prizmic,8710,Aleksandr Shevchenko,10105,2-6 6-3 6-3 5-7 7-5
182672,189-2026,US Open,"New York, USA",20260824,G,Round 1,1,0,2026-08-30T15:10Z,final,5,10239,Daniel Merida,1862,Marton Fucsovics,10239,6-4 6-4 6-2
182654,189-2026,US Open,"New York, USA",20260824,G,Round 1,1,0,2026-08-30T17:00Z,final,5,2863,Lloyd Harris,15221,Jack Kennedy,2863,6-4 6-2 6-2
182774,189-2026,US Open,"New York, USA",20260824,G,Round 1,1,0,2026-08-30T17:10Z,final,5,2709,Jaume Munar,10638,Terence Atmane,2709,6-7(5) 3-6 6-1 7-6(4) 7-5
182667,189-2026,US Open,"New York, USA",20260824,G,Round 1,1,0,2026-08-30T17:15Z,final,5,11398,Chak Lam Coleman Wong,2964,Tommy Paul,2964,6-7(3) 6-1 6-3 6-3
182678,189-2026,US Open,"New York, USA",20260824,G,Round 1,1,0,2026-08-30T18:00Z,final,5,8814,Luca Van Assche,2366,Cameron Norrie,8814,6-7(6) 6-2 6-2 6-3
182733,189-2026,US Open,"New York, USA",20260824,G,Round 1,1,0,2026-08-30T18:00Z,final,5,2383,Daniil Medvedev,3375,Hugo Gaston,2383,6-4 6-2 6-4
182665,189-2026,US Open,"New York, USA",20260824,G,Round 1,1,0,2026-08-30T19:00Z,final,5,10219,Jaime Faria,3621,Jenson Brooksby,10219,6-3 7-6(4) 4-6 1-6 6-2
182657,189-2026,US Open,"New York, USA",20260824,G,Round 1,1,0,2026-08-30T19:20Z,final,5,10645,Toby Samuel,3811,Tomas Machac,10645,6-2 6-3 6-2
182680,189-2026,US Open,"New York, USA",20260824,G,Round 1,1,0,2026-08-30T19:50Z,final,5,2874,Miomir Kecmanovic,2860,Denis Shapovalov,2860,6-4 4-6 6-4 6-1
182670,189-2026,US Open,"New York, USA",20260824,G,Round 1,1,0,2026-08-30T21:20Z,final,5,3739,Tomas Martin Etcheverry,3809,Vit Kopriva,3739,6-3 6-4 6-0
182675,189-2026,US Open,"New York, USA",20260824,G,Round 1,1,0,2026-08-30T23:15Z,final,5,9992,Mariano Navone,296,Novak Djokovic,9992,7-6(5) 5-7 4-6 6-2 6-1
182658,189-2026,US Open,"New York, USA",20260824,G,Round 1,1,0,2026-08-31T01:30Z,final,5,2865,Alexander Bublik,3211,J.J. Wolf,2865,6-4 6-2 3-6 6-1
182655,189-2026,US Open,"New York, USA",20260824,G,Round 1,1,0,2026-08-31T15:05Z,final,5,2869,Stefanos Tsitsipas,10052,Arthur Fils,2869,4-6 7-6(3) 6-1 6-4
182760,189-2026,US Open,"New York, USA",20260824,G,Round 1,1,0,2026-08-31T15:05Z,final,5,9376,Valentin Vacherot,3849,Aleksandar Kovacevic,9376,6-2 6-3 7-5
182673,189-2026,US Open,"New York, USA",20260824,G,Round 1,1,0,2026-08-31T15:10Z,final,5,4099,Otto Virtanen,2642,Andrey Rublev,2642,6-7(5) 6-7(0) 6-0 6-2 7-6(5)
182659,189-2026,US Open,"New York, USA",20260824,G,Round 1,1,0,2026-08-31T16:55Z,final,5,4010,Thiago Agustin Tirante,1266,Adrian Mannarino,1266,4-6 3-6 6-3 6-3 6-3
182669,189-2026,US Open,"New York, USA",20260824,G,Round 1,1,0,2026-08-31T17:10Z,final,5,3793,Matteo Arnaldi,1857,James Duckworth,1857,5-7 6-3 6-2 7-6(8)
182769,189-2026,US Open,"New York, USA",20260824,G,Round 1,1,0,2026-08-31T17:15Z,final,5,11399,Sebastian Gorzny,11222,Raphael Collignon,11399,3-6 6-3 3-6 6-3 7-6(9)
182718,189-2026,US Open,"New York, USA",20260824,G,Round 1,1,0,2026-08-31T17:25Z,final,5,3204,Jurij Rodionov,8885,Giovanni Mpetshi Perricard,3204,7-6(2) 6-0 7-6(4)
182705,189-2026,US Open,"New York, USA",20260824,G,Round 1,1,0,2026-08-31T17:30Z,final,5,2636,Roman Safiullin,3782,Carlos Alcaraz,3782,6-4 6-4 6-4
182671,189-2026,US Open,"New York, USA",20260824,G,Round 1,1,0,2026-08-31T17:45Z,final,5,11640,Martin Landaluce,11685,Jacob Fearnley,11685,4-6 6-2 4-6 7-5 6-3
182765,189-2026,US Open,"New York, USA",20260824,G,Round 1,1,0,2026-08-31T17:55Z,final,5,11400,Alex Michelsen,14601,Federico Cina,11400,6-4 6-1 6-0
182679,189-2026,US Open,"New York, USA",20260824,G,Round 1,1,0,2026-08-31T18:25Z,final,5,1842,Damir Dzumhur,2726,Hubert Hurkacz,2726,6-4 4-6 6-1 6-1
182704,189-2026,US Open,"New York, USA",20260824,G,Round 1,1,0,2026-08-31T18:25Z,final,5,3812,Dalibor Svrcina,4022,Valentin Royer,3812,6-4 6-3 5-7 5-7 6-2
182763,189-2026,US Open,"New York, USA",20260824,G,Round 1,1,0,2026-08-31T19:05Z,final,5,3471,Aleksandar Vukic,13871,Rei Sakamoto,13871,6-4 6-7(5) 6-4 3-6 6-4
182664,189-2026,US Open,"New York, USA",20260824,G,Round 1,1,0,2026-08-31T19:20Z,final,5,7833,Luciano Darderi,4000,Harry Wendelken,7833,6-2 3-6 6-2 7-5
182767,189-2026,US Open,"New York, USA",20260824,G,Round 1,1,0,2026-08-31T19:20Z,final,5,3774,Brandon Nakashima,3340,Sebastian Baez,3774,6-2 6-1 6-0
182674,189-2026,US Open,"New York, USA",20260824,G,Round 1,1,0,2026-08-31T19:45Z,final,5,2622,Matteo Berrettini,264,Stan Wawrinka,2622,7-6(4) 7-6(3) 6-0
182662,189-2026,US Open,"New York, USA",20260824,G,Round 1,1,0,2026-08-31T19:50Z,final,5,3322,Yannick Hanfmann,2970,Alejandro Tabilo,2970,6-3 6-2 6-7(7) 6-3
182743,189-2026,US Open,"New York, USA",20260824,G,Round 1,1,0,2026-08-31T20:50Z,final,5,11757,Alexander Blockx,9923,Tomas Barrios Vera,11757,6-3 6-4 6-2
182754,189-2026,US Open,"New York, USA",20260824,G,Round 1,1,0,2026-08-31T21:35Z,final,5,10073,Shang Juncheng,2278,Marco Trungelliti,2278,0-6 7-6(5) 1-6 6-3 6-4
182739,189-2026,US Open,"New York, USA",20260824,G,Round 1,1,0,2026-08-31T21:45Z,final,5,4011,Roman Andres Burruchaga,2367,Karen Khachanov,2367,6-3 6-0 6-1
182666,189-2026,US Open,"New York, USA",20260824,G,Round 1,1,0,2026-08-31T22:10Z,final,5,2362,Quentin Halys,3694,Facundo Diaz Acosta,2362,6-4 7-5 6-7(7) 6-1
182734,189-2026,US Open,"New York, USA",20260824,G,Round 1,1,0,2026-08-31T22:50Z,final,5,4115,Nuno Borges,10386,Learner Tien,10386,6-4 6-1 6-2
182676,189-2026,US Open,"New York, USA",20260824,G,Round 1,1,0,2026-08-31T23:15Z,final,5,9250,Ben Shelton,3319,Tallon Griekspoor,9250,1-6 6-1 7-6(3) 6-2
182701,189-2026,US Open,"New York, USA",20260824,G,Round 1,1,0,2026-08-31T23:15Z,final,5,3209,Felix Auger-Aliassime,3716,Rinky Hijikata,3209,7-5 4-6 6-3 7-5
182668,189-2026,US Open,"New York, USA",20260824,G,Round 1,1,0,2026-08-31T23:20Z,final,5,1287,Grigor Dimitrov,2862,Alexei Popyrin,2862,3-6 6-3 6-2 6-4
182753,189-2026,US Open,"New York, USA",20260824,G,Round 1,1,0,2026-08-31T23:25Z,final,5,10319,Jakub Mensik,7608,Shintaro Mochizuki,10319,6-1 6-4 7-5
182762,189-2026,US Open,"New York, USA",20260824,G,Round 1,1,0,2026-09-01T01:00Z,final,5,10130,Martin Damm,2708,Frances Tiafoe,2708,6-4 4-6 3-6 6-3 6-4
182721,189-2026,US Open,"New York, USA",20260824,G,Round 1,1,0,2026-09-01T15:05Z,final,5,10044,Francisco Comesana,7602,Flavio Cobolli,7602,3-6 2-6 6-3 6-4 6-4
182732,189-2026,US Open,"New York, USA",20260824,G,Round 1,1,0,2026-09-01T17:45Z,final,5,2946,Taylor Fritz,11641,Darwin Blanch,2946,6-3 6-2 6-4
182683,189-2026,US Open,"New York, USA",20260824,G,Round 1,1,0,2026-09-01T18:50Z,final,5,10153,Mattia Bellucci,3110,Zsombor Piros,10153,6-4 6-2 6-0
182706,189-2026,US Open,"New York, USA",20260824,G,Round 1,1,0,2026-09-01T18:50Z,ret,5,4030,Dane Sweeny,2886,Corentin Moutet,4030,7-6(4) 6-4 3-0 RET
182715,189-2026,US Open,"New York, USA",20260824,G,Round 1,1,0,2026-09-01T18:50Z,final,5,11083,Nishesh Basavareddy,4029,Tristan Schoolkate,4029,7-6(4) 3-6 6-3 6-4
182736,189-2026,US Open,"New York, USA",20260824,G,Round 1,1,0,2026-09-01T18:50Z,final,5,10095,Filip Misolic,3700,Francisco Cerundolo,3700,6-4 6-3 7-5
182694,189-2026,US Open,"New York, USA",20260824,G,Round 1,1,0,2026-09-01T19:40Z,final,5,3666,Camilo Ugo Carabelli,2337,Jan-Lennard Struff,2337,6-4 6-3 6-3
182710,189-2026,US Open,"New York, USA",20260824,G,Round 1,1,0,2026-09-01T20:20Z,final,5,4008,Juan Manuel Cerundolo,10427,Arthur Gea,10427,6-3 2-6 3-6 6-3 6-1
182702,189-2026,US Open,"New York, USA",20260824,G,Round 1,1,0,2026-09-01T20:25Z,final,5,8621,Arthur Fery,3764,Lorenzo Musetti,3764,6-3 6-3 7-5
182729,189-2026,US Open,"New York, USA",20260824,G,Round 1,1,0,2026-09-01T23:05Z,final,5,11396,Adolfo Daniel Vallejo,242,Gael Monfils,242,2-6 6-1 6-2 6-0
182660,189-2026,US Open,"New York, USA",20260824,G,Round 1,1,0,2026-09-02T01:00Z,final,5,2375,Alexander Zverev,3052,Lorenzo Sonego,2375,6-4 3-6 6-7(7) 7-5 6-4
182748,189-2026,US Open,"New York, USA",20260824,G,Round 2,2,0,2026-09-02T15:05Z,final,5,10239,Daniel Merida,2642,Andrey Rublev,10239,6-7(3) 6-2 6-4 6-4
182690,189-2026,US Open,"New York, USA",20260824,G,Round 2,2,0,2026-09-02T15:10Z,final,5,2709,Jaume Munar,3511,Arthur Rinderknech,3511,7-6(4) 6-2 7-5
182746,189-2026,US Open,"New York, USA",20260824,G,Round 2,2,0,2026-09-02T15:10Z,final,5,3774,Brandon Nakashima,11400,Alex Michelsen,11400,6-3 6-4 6-4
182771,189-2026,US Open,"New York, USA",20260824,G,Round 2,2,0,2026-09-02T15:10Z,final,5,2383,Daniil Medvedev,11399,Sebastian Gorzny,2383,6-1 6-3 7-5
182697,189-2026,US Open,"New York, USA",20260824,G,Round 1,1,0,2026-09-02T16:40Z,final,5,2720,Jan Choinski,3310,Botic Van De Zandschulp,3310,6-3 6-1 7-6(5)
182712,189-2026,US Open,"New York, USA",20260824,G,Round 1,1,0,2026-09-02T16:40Z,final,5,3953,Zachary Svajda,3203,Daniel Altmaier,3953,6-3 6-1 6-7(5) 6-2
182751,189-2026,US Open,"New York, USA",20260824,G,Round 1,1,0,2026-09-02T16:40Z,final,5,2635,Alex Molcan,2355,Benjamin Bonzi,2355,6-4 3-6 6-3 6-2
182750,189-2026,US Open,"New York, USA",20260824,G,Round 1,1,0,2026-09-02T16:45Z,final,5,1993,Marcos Giron,11226,Ignacio Buse,11226,3-6 6-3 6-3 6-7(6) 6-1
182730,189-2026,US Open,"New York, USA",20260824,G,Round 2,2,0,2026-09-02T17:10Z,final,5,9250,Ben Shelton,2726,Hubert Hurkacz,9250,6-3 5-7 7-6(3) 7-5
182703,189-2026,US Open,"New York, USA",20260824,G,Round 1,1,0,2026-09-02T17:20Z,final,5,12657,Rafael Jodar,11382,Bu Yunchaokete,11382,6-2 6-1 6-1
182714,189-2026,US Open,"New York, USA",20260824,G,Round 2,2,0,2026-09-02T17:20Z,final,5,3739,Tomas Martin Etcheverry,11685,Jacob Fearnley,3739,6-3 6-3 3-6 6-3
182696,189-2026,US Open,"New York, USA",20260824,G,Round 1,1,0,2026-09-02T18:10Z,final,5,11636,Andrea Guerrieri,2651,Alex de Minaur,2651,6-2 6-2 6-4
182708,189-2026,US Open,"New York, USA",20260824,G,Round 1,1,0,2026-09-02T18:30Z,final,5,9213,Fabian Marozsan,12932,Michael Zheng,12932,6-4 6-4 6-2
182773,189-2026,US Open,"New York, USA",20260824,G,Round 2,2,0,2026-09-02T20:50Z,final,5,2860,Denis Shapovalov,8814,Luca Van Assche,2860,6-0 6-4 7-6(7)
182775,189-2026,US Open,"New York, USA",20260824,G,Round 2,2,0,2026-09-02T21:20Z,final,5,2863,Lloyd Harris,2869,Stefanos Tsitsipas,2869,6-7(1) 6-3 7-6(4) 6-4
182681,189-2026,US Open,"New York, USA",20260824,G,Round 1,1,0,2026-09-02T21:40Z,final,5,3897,Jesper de Jong,3820,Francesco Passaro,3897,2-6 6-2 4-6 6-3 6-2
182776,189-2026,US Open,"New York, USA",20260824,G,Round 2,2,0,2026-09-02T22:05Z,final,5,3754,Jiri Lehecka,10645,Toby Samuel,3754,6-4 6-2 6-4
182685,189-2026,US Open,"New York, USA",20260824,G,Round 1,1,0,2026-09-02T22:25Z,final,5,3356,Zizou Bergs,3486,Carlos Taberner,3356,6-3 3-6 6-2 6-2
182759,189-2026,US Open,"New York, USA",20260824,G,Round 2,2,0,2026-09-02T22:40Z,final,5,1857,James Duckworth,2875,Wu Yibing,2875,7-5 6-3 6-1
182720,189-2026,US Open,"New York, USA",20260824,G,Round 2,2,0,2026-09-02T22:55Z,final,5,2622,Matteo Berrettini,9992,Mariano Navone,9992,3-6 6-3 6-4 7-6(4)
182742,189-2026,US Open,"New York, USA",20260824,G,Round 2,2,0,2026-09-02T23:05Z,final,5,13871,Rei Sakamoto,2708,Frances Tiafoe,2708,6-3 7-6(2) 7-5
182693,189-2026,US Open,"New York, USA",20260824,G,Round 2,2,0,2026-09-02T23:25Z,final,5,9376,Valentin Vacherot,2416,Kamil Majchrzak,9376,6-4 4-6 7-6(3) 6-2
182779,189-2026,US Open,"New York, USA",20260824,G,Round 2,2,0,2026-09-02T23:40Z,final,5,2865,Alexander Bublik,1266,Adrian Mannarino,2865,6-3 6-1 6-1
182761,189-2026,US Open,"New York, USA",20260824,G,Round 2,2,0,2026-09-02T23:50Z,final,5,10105,Dino Prizmic,2964,Tommy Paul,2964,6-2 6-3 5-7 6-4
182764,189-2026,US Open,"New York, USA",20260824,G,Round 2,2,0,2026-09-03T00:35Z,final,5,10219,Jaime Faria,3782,Carlos Alcaraz,3782,4-6 6-0 6-3 6-2
182698,189-2026,US Open,"New York, USA",20260824,G,Round 2,2,0,2026-09-03T15:05Z,final,5,3209,Felix Auger-Aliassime,2367,Karen Khachanov,2367,6-7(5) 6-3 6-2 6-2
182713,189-2026,US Open,"New York, USA",20260824,G,Round 2,2,0,2026-09-03T15:10Z,final,5,7833,Luciano Darderi,3812,Dalibor Svrcina,7833,6-3 6-7(5) 6-4 6-4
182725,189-2026,US Open,"New York, USA",20260824,G,Round 2,2,0,2026-09-03T15:10Z,final,5,2337,Jan-Lennard Struff,3700,Francisco Cerundolo,3700,5-7 7-5 4-6 6-2 6-3
182755,189-2026,US Open,"New York, USA",20260824,G,Round 2,2,0,2026-09-03T18:05Z,final,5,2946,Taylor Fritz,10153,Mattia Bellucci,2946,6-0 6-1 6-1
182711,189-2026,US Open,"New York, USA",20260824,G,Round 2,2,0,2026-09-03T18:25Z,final,5,4030,Dane Sweeny,3764,Lorenzo Musetti,4030,3-6 6-1 6-2 6-2
182752,189-2026,US Open,"New York, USA",20260824,G,Round 2,2,0,2026-09-03T18:25Z,final,5,10319,Jakub Mensik,3204,Jurij Rodionov,10319,6-3 3-6 6-2 6-3
182709,189-2026,US Open,"New York, USA",20260824,G,Round 2,2,0,2026-09-03T18:45Z,final,5,2862,Alexei Popyrin,2970,Alejandro Tabilo,2970,2-6 7-6(4) 7-6(3) 6-2
182735,189-2026,US Open,"New York, USA",20260824,G,Round 2,2,0,2026-09-03T19:00Z,final,5,4029,Tristan Schoolkate,7602,Flavio Cobolli,7602,3-6 6-3 6-4 7-5
182726,189-2026,US Open,"New York, USA",20260824,G,Round 2,2,0,2026-09-03T19:20Z,final,5,11757,Alexander Blockx,2278,Marco Trungelliti,11757,6-3 6-2 3-6 6-1
182741,189-2026,US Open,"New York, USA",20260824,G,Round 2,2,0,2026-09-03T21:05Z,final,5,2355,Benjamin Bonzi,11226,Ignacio Buse,2355,6-2 7-6(4) 6-0
182700,189-2026,US Open,"New York, USA",20260824,G,Round 2,2,0,2026-09-03T22:05Z,final,5,3310,Botic Van De Zandschulp,2651,Alex de Minaur,3310,6-4 7-5 6-2
182695,189-2026,US Open,"New York, USA",20260824,G,Round 2,2,0,2026-09-03T22:25Z,final,5,3356,Zizou Bergs,3897,Jesper de Jong,3356,7-5 1-6 6-2 7-6(2)
182684,189-2026,US Open,"New York, USA",20260824,G,Round 2,2,0,2026-09-03T22:30Z,final,5,3953,Zachary Svajda,10427,Arthur Gea,10427,5-7 6-3 6-2 6-2
182756,189-2026,US Open,"New York, USA",20260824,G,Round 2,2,0,2026-09-03T23:05Z,final,5,242,Gael Monfils,10386,Learner Tien,10386,6-3 6-4 6-3
182686,189-2026,US Open,"New York, USA",20260824,G,Round 2,2,0,2026-09-03T23:30Z,final,5,11382,Bu Yunchaokete,12932,Michael Zheng,12932,6-3 2-6 6-2 6-3
182707,189-2026,US Open,"New York, USA",20260824,G,Round 2,2,0,2026-09-04T01:40Z,final,5,2375,Alexander Zverev,2362,Quentin Halys,2375,6-4 4-6 7-6(3) 6-7(3) 6-3
182687,189-2026,US Open,"New York, USA",20260824,G,Round 3,3,0,2026-09-04T16:45Z,final,5,2383,Daniil Medvedev,3511,Arthur Rinderknech,2383,6-4 6-4 6-4
182719,189-2026,US Open,"New York, USA",20260824,G,Round 3,3,0,2026-09-04T17:00Z,final,5,2865,Alexander Bublik,2964,Tommy Paul,2964,6-4 3-6 6-7(4) 6-1 6-3
182723,189-2026,US Open,"New York, USA",20260824,G,Round 3,3,0,2026-09-04T18:20Z,final,5,2875,Wu Yibing,3782,Carlos Alcaraz,3782,6-3 6-4 6-1
182747,189-2026,US Open,"New York, USA",20260824,G,Round 3,3,0,2026-09-04T21:15Z,final,5,3754,Jiri Lehecka,2869,Stefanos Tsitsipas,2869,2-6 6-1 7-6(3) 6-1
182740,189-2026,US Open,"New York, USA",20260824,G,Round 3,3,0,2026-09-04T21:40Z,final,5,3739,Tomas Martin Etcheverry,9992,Mariano Navone,3739,6-4 6-4 6-3
182689,189-2026,US Open,"New York, USA",20260824,G,Round 3,3,0,2026-09-04T22:35Z,final,5,11400,Alex Michelsen,10239,Daniel Merida,11400,7-6(5) 6-4 6-3
182691,189-2026,US Open,"New York, USA",20260824,G,Round 3,3,0,2026-09-04T23:05Z,final,5,9376,Valentin Vacherot,2708,Frances Tiafoe,2708,6-4 6-2 6-4
182745,189-2026,US Open,"New York, USA",20260824,G,Round 3,3,0,2026-09-05T02:45Z,final,5,9250,Ben Shelton,2860,Denis Shapovalov,9250,7-6(3) 6-7(5) 6-3 6-4
182727,189-2026,US Open,"New York, USA",20260824,G,Round 3,3,0,2026-09-05T15:40Z,final,5,2946,Taylor Fritz,3700,Francisco Cerundolo,3700,3-6 4-6 6-3 6-4 6-4
182731,189-2026,US Open,"New York, USA",20260824,G,Round 3,3,0,2026-09-05T17:05Z,final,5,11757,Alexander Blockx,7602,Flavio Cobolli,11757,6-7(4) 6-3 6-0 6-3
182716,189-2026,US Open,"New York, USA",20260824,G,Round 3,3,0,2026-09-05T19:05Z,final,5,2367,Karen Khachanov,2355,Benjamin Bonzi,2367,6-3 6-2 6-4
182737,189-2026,US Open,"New York, USA",20260824,G,Round 3,3,0,2026-09-05T19:05Z,final,5,7833,Luciano Darderi,4030,Dane Sweeny,7833,6-4 6-3 6-3
182749,189-2026,US Open,"New York, USA",20260824,G,Round 3,3,0,2026-09-05T20:45Z,final,5,12932,Michael Zheng,10427,Arthur Gea,10427,7-6(7) 3-6 4-6 6-3 6-2
182757,189-2026,US Open,"New York, USA",20260824,G,Round 3,3,0,2026-09-05T21:40Z,final,5,3356,Zizou Bergs,3310,Botic Van De Zandschulp,3310,3-6 7-6(3) 4-6 7-6(6) 6-3
182728,189-2026,US Open,"New York, USA",20260824,G,Round 3,3,0,2026-09-06T02:05Z,final,5,10319,Jakub Mensik,10386,Learner Tien,10386,6-3 1-6 6-7(2) 6-3 6-4
182699,189-2026,US Open,"New York, USA",20260824,G,Round 3,3,0,2026-09-06T02:40Z,final,5,2375,Alexander Zverev,2970,Alejandro Tabilo,2375,6-2 7-6(2) 6-2
182724,189-2026,US Open,"New York, USA",20260824,G,Round 4,4,0,2026-09-06T18:10Z,final,5,2964,Tommy Paul,3782,Carlos Alcaraz,3782,6-4 6-3 6-4
182717,189-2026,US Open,"New York, USA",20260824,G,Round 4,4,0,2026-09-06T19:15Z,final,5,11400,Alex Michelsen,3739,Tomas Martin Etcheverry,11400,7-6(6) 6-4 6-4
182744,189-2026,US Open,"New York, USA",20260824,G,Round 4,4,0,2026-09-06T19:35Z,final,5,2383,Daniil Medvedev,2708,Frances Tiafoe,2708,7-6(1) 6-4 7-6(6)
182722,189-2026,US Open,"New York, USA",20260824,G,Round 4,4,0,2026-09-06T23:15Z,final,5,9250,Ben Shelton,2869,Stefanos Tsitsipas,9250,6-2 6-3 6-4
182738,189-2026,US Open,"New York, USA",20260824,G,Round 4,4,0,2026-09-07T18:05Z,final,5,3700,Francisco Cerundolo,11757,Alexander Blockx,11757,6-3 4-6 7-5 7-5
182688,189-2026,US Open,"New York, USA",20260824,G,Round 4,4,0,2026-09-07T20:45Z,final,5,10427,Arthur Gea,3310,Botic Van De Zandschulp,3310,3-6 6-7(0) 7-6(7) 7-6(3) 6-4
182692,189-2026,US Open,"New York, USA",20260824,G,Round 4,4,0,2026-09-07T21:45Z,final,5,2367,Karen Khachanov,10386,Learner Tien,2367,7-5 4-6 6-7(6) 6-1 6-4
182682,189-2026,US Open,"New York, USA",20260824,G,Round 4,4,0,2026-09-08T01:15Z,final,5,2375,Alexander Zverev,7833,Luciano Darderi,2375,6-2 6-2 7-6(3)
182777,189-2026,US Open,"New York, USA",20260824,G,Quarterfinal,10,0,2026-09-08T18:25Z,final,5,2708,Frances Tiafoe,11400,Alex Michelsen,2708,5-7 3-6 7-5 6-3 7-6(6)
182780,189-2026,US Open,"New York, USA",20260824,G,Quarterfinal,10,0,2026-09-09T03:00Z,final,5,9250,Ben Shelton,3782,Carlos Alcaraz,9250,6-7(5) 6-1 6-3 1-6 7-6(7)
182770,189-2026,US Open,"New York, USA",20260824,G,Quarterfinal,10,0,2026-09-09T21:05Z,ret,5,2367,Karen Khachanov,11757,Alexander Blockx,2367,6-2 7-5 3-2 RET
182772,189-2026,US Open,"New York, USA",20260824,G,Quarterfinal,10,0,2026-09-10T00:00Z,final,5,2375,Alexander Zverev,3310,Botic Van De Zandschulp,2375,6-2 7-5 6-1
182768,189-2026,US Open,"New York, USA",20260824,G,Semifinal,11,0,2026-09-11T19:15Z,final,5,2375,Alexander Zverev,2367,Karen Khachanov,2375,6-3 7-6(7) 7-6(6)
182766,189-2026,US Open,"New York, USA",20260824,G,Semifinal,11,0,2026-09-11T23:40Z,final,5,2708,Frances Tiafoe,9250,Ben Shelton,9250,4-6 6-3 6-3 7-5
182677,189-2026,US Open,"New York, USA",20260824,G,Final,13,0,2026-09-13T18:15Z,final,5,2375,Alexander Zverev,9250,Ben Shelton,2375,6-3 7-6(2) 5-7 6-2
186135,1001-2026,AITO Hangzhou Open,"Hangzhou, China PR",20260922,A,Qualifying 1st Round,0,1,2026-09-22T04:00Z,final,5,2318,Alex Bolt,2632,Omar Jasika,2318,6-4 6-3
186138,1001-2026,AITO Hangzhou Open,"Hangzhou, China PR",20260922,A,Qualifying 1st Round,0,1,2026-09-22T04:00Z,final,5,19092,Kaigaoge Kang,2566,Akira Santillan,2566,6-3 6-0
186141,1001-2026,AITO Hangzhou Open,"Hangzhou, China PR",20260922,A,Qualifying 1st Round,0,1,2026-09-22T04:00Z,final,5,1837,Taro Daniel,2641,Jake Delaney,1837,6-3 6-4
186127,441-2026,Chengdu Open,"Chengdu, China PR",20260922,A,Qualifying 1st Round,0,1,2026-09-22T05:00Z,final,5,3308,Alexandre Muller,14707,Luka Pavlovic,3308,6-4 6-7(6) 6-3
186131,441-2026,Chengdu Open,"Chengdu, China PR",20260922,A,Qualifying 1st Round,0,1,2026-09-22T05:00Z,final,5,2229,Elias Ymer,3562,Alexis Galarneau,3562,7-5 7-6(5)
186134,441-2026,Chengdu Open,"Chengdu, China PR",20260922,A,Qualifying 1st Round,0,1,2026-09-22T05:00Z,final,5,14190,Petr Bar Biryukov,13358,Andre Ilagan,14190,7-6(4) 7-6(5)
186137,1001-2026,AITO Hangzhou Open,"Hangzhou, China PR",20260922,A,Qualifying 1st Round,0,1,2026-09-22T05:30Z,final,5,1317,Bernard Tomic,2856,Te Rigele,1317,6-7(6) 6-4 7-5
186140,1001-2026,AITO Hangzhou Open,"Hangzhou, China PR",20260922,A,Qualifying 1st Round,0,1,2026-09-22T05:30Z,final,5,12420,Arthur Weber,15543,Hayato Matsuoka,15543,6-4 7-5
186142,1001-2026,AITO Hangzhou Open,"Hangzhou, China PR",20260922,A,Qualifying 1st Round,0,1,2026-09-22T05:30Z,final,5,3812,Dalibor Svrcina,10162,Philip Sekulic,3812,6-3 6-2
186128,441-2026,Chengdu Open,"Chengdu, China PR",20260922,A,Qualifying 1st Round,0,1,2026-09-22T06:30Z,final,5,3955,Luca Castelnuovo,3572,Pavel Kotov,3572,6-7(4) 7-5 7-5
186129,441-2026,Chengdu Open,"Chengdu, China PR",20260922,A,Qualifying 1st Round,0,1,2026-09-22T06:30Z,final,5,7608,Shintaro Mochizuki,13482,Xiao Linang,7608,7-5 4-6 7-5
186133,441-2026,Chengdu Open,"Chengdu, China PR",20260922,A,Qualifying 1st Round,0,1,2026-09-22T06:30Z,final,5,2863,Lloyd Harris,11990,Kenta Miyoshi,2863,6-3 7-5
186136,1001-2026,AITO Hangzhou Open,"Hangzhou, China PR",20260922,A,Qualifying 1st Round,0,1,2026-09-22T07:00Z,final,5,3767,Masamichi Imamura,3798,Rio Noguchi,3798,6-1 6-4
186139,1001-2026,AITO Hangzhou Open,"Hangzhou, China PR",20260922,A,Qualifying 1st Round,0,1,2026-09-22T07:00Z,final,5,2567,Sun Fajing,4044,Matthew Dellavedova,2567,3-6 6-1 7-6(4)
186130,441-2026,Chengdu Open,"Chengdu, China PR",20260922,A,Qualifying 1st Round,0,1,2026-09-22T08:00Z,final,5,2498,Nikoloz Basilashvili,18915,Hanlei Lu,2498,6-2 6-0
186132,441-2026,Chengdu Open,"Chengdu, China PR",20260922,A,Qualifying 1st Round,0,1,2026-09-22T08:00Z,final,5,2011,Kaichi Uchida,14601,Federico Cina,14601,6-1 6-2
186143,1001-2026,AITO Hangzhou Open,"Hangzhou, China PR",20260922,A,Qualifying Final,0,1,2026-09-23T04:00Z,final,5,2318,Alex Bolt,2566,Akira Santillan,2318,6-1 2-6 6-4
186145,1001-2026,AITO Hangzhou Open,"Hangzhou, China PR",20260922,A,Qualifying Final,0,1,2026-09-23T04:00Z,final,5,1837,Taro Daniel,15543,Hayato Matsuoka,1837,6-4 7-6(9)
186148,441-2026,Chengdu Open,"Chengdu, China PR",20260922,A,Qualifying Final,0,1,2026-09-23T05:00Z,final,5,3308,Alexandre Muller,14190,Petr Bar Biryukov,3308,6-4 6-4
186150,441-2026,Chengdu Open,"Chengdu, China PR",20260922,A,Qualifying Final,0,1,2026-09-23T05:00Z,final,5,2863,Lloyd Harris,3562,Alexis Galarneau,2863,6-3 7-5
183406,441-2026,Chengdu Open,"Chengdu, China PR",20260922,A,Round 1,1,0,2026-09-23T05:05Z,final,5,3340,Sebastian Baez,3621,Jenson Brooksby,3621,7-5 7-5
186144,1001-2026,AITO Hangzhou Open,"Hangzhou, China PR",20260922,A,Qualifying Final,0,1,2026-09-23T05:30Z,final,5,3812,Dalibor Svrcina,3798,Rio Noguchi,3812,6-4 6-1
186146,1001-2026,AITO Hangzhou Open,"Hangzhou, China PR",20260922,A,Qualifying Final,0,1,2026-09-23T05:30Z,final,5,1317,Bernard Tomic,2567,Sun Fajing,2567,6-4 7-5
186147,441-2026,Chengdu Open,"Chengdu, China PR",20260922,A,Qualifying Final,0,1,2026-09-23T06:30Z,final,5,7608,Shintaro Mochizuki,3572,Pavel Kotov,7608,7-5 6-3
186149,441-2026,Chengdu Open,"Chengdu, China PR",20260922,A,Qualifying Final,0,1,2026-09-23T06:30Z,final,5,2498,Nikoloz Basilashvili,14601,Federico Cina,2498,6-3 6-2
183400,441-2026,Chengdu Open,"Chengdu, China PR",20260922,A,Round 1,1,0,2026-09-23T07:10Z,final,5,3809,Vit Kopriva,15260,Hu Jia,3809,6-4 7-5
183365,1001-2026,AITO Hangzhou Open,"Hangzhou, China PR",20260922,A,Round 1,1,0,2026-09-23T08:20Z,final,5,3471,Aleksandar Vukic,7509,Kyrian Jacquet,7509,7-6(5) 3-6 6-3
183367,1001-2026,AITO Hangzhou Open,"Hangzhou, China PR",20260922,A,Round 1,1,0,2026-09-23T11:35Z,final,5,4022,Valentin Royer,3093,Adam Walton,4022,6-3 6-4
183353,1001-2026,AITO Hangzhou Open,"Hangzhou, China PR",20260922,A,Round 1,1,0,2026-09-24T05:05Z,final,5,3935,Sho Shimabukuro,3375,Hugo Gaston,3375,6-4 6-4
183354,1001-2026,AITO Hangzhou Open,"Hangzhou, China PR",20260922,A,Round 1,1,0,2026-09-24T05:05Z,final,5,4030,Dane Sweeny,1837,Taro Daniel,1837,7-6(6) 6-2
183362,1001-2026,AITO Hangzhou Open,"Hangzhou, China PR",20260922,A,Round 1,1,0,2026-09-24T05:35Z,final,5,10219,Jaime Faria,10638,Terence Atmane,10219,3-6 7-6(9) 6-4
183356,1001-2026,AITO Hangzhou Open,"Hangzhou, China PR",20260922,A,Round 1,1,0,2026-09-24T06:55Z,final,5,9213,Fabian Marozsan,2318,Alex Bolt,9213,6-4 6-2
183351,1001-2026,AITO Hangzhou Open,"Hangzhou, China PR",20260922,A,Round 1,1,0,2026-09-24T07:10Z,final,5,3716,Rinky Hijikata,3812,Dalibor Svrcina,3716,7-6(4) 6-4
183407,441-2026,Chengdu Open,"Chengdu, China PR",20260922,A,Round 1,1,0,2026-09-24T07:10Z,final,5,3319,Tallon Griekspoor,2860,Denis Shapovalov,2860,6-4 7-6(3)
183397,441-2026,Chengdu Open,"Chengdu, China PR",20260922,A,Round 1,1,0,2026-09-24T07:35Z,final,5,14601,Federico Cina,3666,Camilo Ugo Carabelli,14601,6-3 6-2
183405,441-2026,Chengdu Open,"Chengdu, China PR",20260922,A,Round 1,1,0,2026-09-24T07:35Z,final,5,1857,James Duckworth,3052,Lorenzo Sonego,3052,6-4 6-4
183360,1001-2026,AITO Hangzhou Open,"Hangzhou, China PR",20260922,A,Round 1,1,0,2026-09-24T08:25Z,final,5,11382,Bu Yunchaokete,12932,Michael Zheng,11382,6-4 6-3
183358,1001-2026,AITO Hangzhou Open,"Hangzhou, China PR",20260922,A,Round 1,1,0,2026-09-24T08:35Z,final,5,10153,Mattia Bellucci,2416,Kamil Majchrzak,2416,6-3 6-4
183404,441-2026,Chengdu Open,"Chengdu, China PR",20260922,A,Round 1,1,0,2026-09-24T08:50Z,final,5,2874,Miomir Kecmanovic,2498,Nikoloz Basilashvili,2498,7-6(3) 6-4
183401,441-2026,Chengdu Open,"Chengdu, China PR",20260922,A,Round 1,1,0,2026-09-24T08:55Z,final,5,10073,Shang Juncheng,1266,Adrian Mannarino,1266,7-6(9) 6-2
183395,441-2026,Chengdu Open,"Chengdu, China PR",20260922,A,Round 1,1,0,2026-09-24T09:15Z,final,5,15473,Moise Kouame,3308,Alexandre Muller,3308,6-4 6-0
183346,1001-2026,AITO Hangzhou Open,"Hangzhou, China PR",20260922,A,Round 1,1,0,2026-09-24T10:10Z,final,5,2567,Sun Fajing,2636,Roman Safiullin,2636,6-2 6-0
183350,1001-2026,AITO Hangzhou Open,"Hangzhou, China PR",20260922,A,Round 1,1,0,2026-09-24T10:10Z,final,5,3797,Cui Jie,11396,Adolfo Daniel Vallejo,11396,6-1 6-7(2) 6-4
183394,441-2026,Chengdu Open,"Chengdu, China PR",20260922,A,Round 1,1,0,2026-09-24T10:45Z,final,5,10130,Martin Damm,7608,Shintaro Mochizuki,10130,6-1 6-4
183396,441-2026,Chengdu Open,"Chengdu, China PR",20260922,A,Round 1,1,0,2026-09-24T10:45Z,final,5,2863,Lloyd Harris,3849,Aleksandar Kovacevic,2863,6-3 6-4
183392,441-2026,Chengdu Open,"Chengdu, China PR",20260922,A,Round 1,1,0,2026-09-24T11:00Z,final,5,8710,Aleksandr Shevchenko,2726,Hubert Hurkacz,2726,6-3 7-6(10)
183393,441-2026,Chengdu Open,"Chengdu, China PR",20260922,A,Round 1,1,0,2026-09-24T12:45Z,final,5,4008,Juan Manuel Cerundolo,13444,Zhou Yi,4008,6-4 6-3
183352,1001-2026,AITO Hangzhou Open,"Hangzhou, China PR",20260922,A,Round 1,1,0,2026-09-24T13:20Z,final,5,3024,Zhang Zhizhen,11398,Chak Lam Coleman Wong,11398,6-3 6-3
183412,441-2026,Chengdu Open,"Chengdu, China PR",20260922,A,Round 2,2,0,2026-09-25T05:05Z,final,5,3809,Vit Kopriva,2860,Denis Shapovalov,2860,6-2 6-3
