match_id,event_id,tourney_name,venue,event_start,tourney_level,round,round_order,qualifying,date,status,best_of,p1_id,p1_name,p2_id,p2_name,winner,score
178339,172-2026,Roland Garros,"Paris, France",20260518,G,Qualifying 1st Round,0,1,2026-05-18T08:05Z,final,3,3568,Miriam Bulgaru,3149,Guo Hanyu,3149,7-5 6-0
178345,172-2026,Roland Garros,"Paris, France",20260518,G,Qualifying 1st Round,0,1,2026-05-18T08:05Z,final,3,14562,Sofia Costoulas,2332,Tereza Mrdeza,14562,6-0 6-2
178346,172-2026,Roland Garros,"Paris, France",20260518,G,Qualifying 1st Round,0,1,2026-05-18T08:05Z,final,3,3153,Mai Hontama,7672,Taylah Preston,3153,7-5 6-3
178356,172-2026,Roland Garros,"Paris, France",20260518,G,Qualifying 1st Round,0,1,2026-05-18T08:05Z,final,3,7778,Victoria Jimenez Kasintseva,14946,Elena Pridankina,14946,6-7(3) 6-2 6-4
178357,172-2026,Roland Garros,"Paris, France",20260518,G,Qualifying 1st Round,0,1,2026-05-18T08:05Z,final,3,14633,Eleejah Inisan,14444,Julia Avdeeva,14444,6-2 6-3
178338,172-2026,Roland Garros,"Paris, France",20260518,G,Qualifying 1st Round,0,1,2026-05-18T08:10Z,final,3,6953,Lanlana Tararudee,8068,Despina Papamichail,8068,1-6 6-3 6-3
178354,172-2026,Roland Garros,"Paris, France",20260518,G,Qualifying 1st Round,0,1,2026-05-18T08:10Z,final,3,2180,Kathinka von Deichmann,3705,Joanna Garland,2180,6-2 6-7(3) 6-1
178355,172-2026,Roland Garros,"Paris, France",20260518,G,Qualifying 1st Round,0,1,2026-05-18T08:10Z,final,3,5252,Manon Leonard,11317,Himeno Sakatsume,11317,6-1 6-0
178368,172-2026,Roland Garros,"Paris, France",20260518,G,Qualifying 1st Round,0,1,2026-05-18T09:15Z,final,3,17104,Polina Iatcenko,5299,Carole Monnet,5299,6-4 4-6 7-6(4)
178341,172-2026,Roland Garros,"Paris, France",20260518,G,Qualifying 1st Round,0,1,2026-05-18T09:45Z,final,3,2282,Ekaterine Gorgodze,3034,Tamara Zidansek,3034,0-6 6-4 6-4
178370,172-2026,Roland Garros,"Paris, France",20260518,G,Qualifying 1st Round,0,1,2026-05-18T10:35Z,final,3,3417,Maja Chwalinska,4691,Alice Rame,3417,6-0 6-3
178366,172-2026,Roland Garros,"Paris, France",20260518,G,Qualifying 1st Round,0,1,2026-05-18T10:40Z,final,3,3031,Lina Gjorcheska,5057,Suzan Lamens,5057,6-4 6-3
178342,172-2026,Roland Garros,"Paris, France",20260518,G,Qualifying 1st Round,0,1,2026-05-18T10:45Z,final,3,7797,Sinja Kraus,12837,Celine Naef,7797,7-5 3-6 6-2
178369,172-2026,Roland Garros,"Paris, France",20260518,G,Qualifying 1st Round,0,1,2026-05-18T10:45Z,final,3,9442,Elizara Yaneva,906,Irina-Camelia Begu,906,2-6 6-3 6-4
178364,172-2026,Roland Garros,"Paris, France",20260518,G,Qualifying 1st Round,0,1,2026-05-18T12:00Z,final,3,13314,Gabriela Knutson,1374,Martina Trevisan,1374,2-6 6-0 6-2
178367,172-2026,Roland Garros,"Paris, France",20260518,G,Qualifying 1st Round,0,1,2026-05-18T12:45Z,final,3,2179,Mayar Sherif,4291,Andrea Lazaro Garcia,2179,6-4 3-6 6-4
178371,172-2026,Roland Garros,"Paris, France",20260518,G,Qualifying 1st Round,0,1,2026-05-18T12:55Z,final,3,4224,Ana Sofia Sanchez,10676,Leyre Romero Gormaz,10676,6-4 6-1
178373,172-2026,Roland Garros,"Paris, France",20260518,G,Qualifying 1st Round,0,1,2026-05-18T13:15Z,final,3,2916,Yuan Yue,2200,Harriet Dart,2200,5-7 6-4 6-2
178336,172-2026,Roland Garros,"Paris, France",20260518,G,Qualifying 1st Round,0,1,2026-05-18T13:25Z,final,3,1913,Mona Barthel,2506,Anna-Lena Friedsam,2506,7-5 2-6 6-2
178381,172-2026,Roland Garros,"Paris, France",20260518,G,Qualifying 1st Round,0,1,2026-05-18T13:25Z,final,3,14566,Aliona Falei,8411,Lisa Pigato,8411,6-1 6-3
178380,172-2026,Roland Garros,"Paris, France",20260518,G,Qualifying 1st Round,0,1,2026-05-18T14:00Z,final,3,1472,Sloane Stephens,17105,Carol Young Suh Lee,1472,6-3 6-2
178344,172-2026,Roland Garros,"Paris, France",20260518,G,Qualifying 1st Round,0,1,2026-05-18T14:05Z,final,3,7849,Noma Noha Akugue,12846,Tatiana Prozorova,7849,7-5 7-6(2)
178365,172-2026,Roland Garros,"Paris, France",20260518,G,Qualifying 1st Round,0,1,2026-05-18T14:05Z,final,3,2910,Greet Minnen,7816,Anastasia Gasanova,2910,6-3 7-5
178343,172-2026,Roland Garros,"Paris, France",20260518,G,Qualifying 1st Round,0,1,2026-05-18T14:30Z,final,3,13479,Mary Stoiana,3839,Selena Janicijevic,13479,3-6 6-4 6-4
178372,172-2026,Roland Garros,"Paris, France",20260518,G,Qualifying 1st Round,0,1,2026-05-18T15:30Z,final,3,7927,Linda Klimovicova,8410,Lola Radivojevic,8410,6-3 6-4
178385,172-2026,Roland Garros,"Paris, France",20260518,G,Qualifying 1st Round,0,1,2026-05-18T15:50Z,final,3,9169,Alina Korneeva,2043,Nao Hibino,9169,6-3 7-6(3)
178347,172-2026,Roland Garros,"Paris, France",20260518,G,Qualifying 1st Round,0,1,2026-05-18T16:35Z,final,3,14578,Matilde Jorge,5937,Elvina Kalieva,14578,7-6(4) 7-5
178392,172-2026,Roland Garros,"Paris, France",20260518,G,Qualifying 1st Round,0,1,2026-05-18T16:35Z,final,3,810,Arantxa Rus,5746,Jazmin Ortenzi,5746,6-4 1-6 7-6(10)
178374,172-2026,Roland Garros,"Paris, France",20260518,G,Qualifying 1st Round,0,1,2026-05-18T16:40Z,final,3,7436,Dominika Salkova,14080,Veronika Podrez,7436,6-2 6-4
178375,172-2026,Roland Garros,"Paris, France",20260518,G,Qualifying 1st Round,0,1,2026-05-18T17:30Z,final,3,4104,Susan Bandecchi,2692,Chloe Paquet,4104,2-6 7-5 6-4
178389,172-2026,Roland Garros,"Paris, France",20260518,G,Qualifying 1st Round,0,1,2026-05-18T17:35Z,final,3,1809,Aliaksandra Sasnovich,3406,Whitney Osuigwe,1809,6-4 6-3
178386,172-2026,Roland Garros,"Paris, France",20260518,G,Qualifying 1st Round,0,1,2026-05-18T17:40Z,final,3,2974,Kayla Day,2848,Oceane Dodin,2848,6-4 2-6 7-6(13)
178383,172-2026,Roland Garros,"Paris, France",20260518,G,Qualifying 1st Round,0,1,2026-05-19T08:05Z,final,3,12856,Daphnée Mpetshi Perricard,2979,Bianca Andreescu,2979,6-3 6-2
178337,172-2026,Roland Garros,"Paris, France",20260518,G,Qualifying 1st Round,0,1,2026-05-19T09:40Z,final,3,6724,Ashlyn Krueger,5682,Margaux Rouvroy,6724,6-4 6-3
178340,172-2026,Roland Garros,"Paris, France",20260518,G,Qualifying 1st Round,0,1,2026-05-19T09:40Z,final,3,13950,Luisina Giovannini,4680,Eva Guerrero Alvarez,13950,6-0 6-2
178382,172-2026,Roland Garros,"Paris, France",20260518,G,Qualifying 1st Round,0,1,2026-05-19T09:40Z,final,3,2760,Katherine Sebov,2736,Viktoria Hruncakova,2736,6-0 7-6(3)
178384,172-2026,Roland Garros,"Paris, France",20260518,G,Qualifying 1st Round,0,1,2026-05-19T09:40Z,final,3,5737,Yeonwoo Ku,740,Karolina Pliskova,740,0-6 6-3 6-1
178387,172-2026,Roland Garros,"Paris, France",20260518,G,Qualifying 1st Round,0,1,2026-05-19T09:40Z,final,3,14947,Amandine Monnot,8690,Marina Bassols Ribera,8690,6-2 6-1
178398,172-2026,Roland Garros,"Paris, France",20260518,G,Qualifying 1st Round,0,1,2026-05-19T09:45Z,final,3,5749,Julia Riera,15069,Laura Samson,5749,6-4 6-7(7) 6-1
178399,172-2026,Roland Garros,"Paris, France",20260518,G,Qualifying 1st Round,0,1,2026-05-19T09:45Z,final,3,6723,Robin Montgomery,2584,Maddison Inglis,6723,6-1 7-5
178379,172-2026,Roland Garros,"Paris, France",20260518,G,Qualifying 1st Round,0,1,2026-05-19T10:50Z,final,3,12957,Guiomar Maristany Zuleta De Reales,3845,Julie Belgraver,12957,6-4 6-1
178377,172-2026,Roland Garros,"Paris, France",20260518,G,Qualifying 1st Round,0,1,2026-05-19T11:05Z,final,3,5168,Nuria Brancaccio,14460,Kaitlin Quevedo,14460,4-6 6-1 7-5
178376,172-2026,Roland Garros,"Paris, France",20260518,G,Qualifying 1st Round,0,1,2026-05-19T11:10Z,final,3,16002,Teodora Kostovic,1955,Elizabeth Mandlik,16002,6-2 6-2
178349,172-2026,Roland Garros,"Paris, France",20260518,G,Qualifying 1st Round,0,1,2026-05-19T11:15Z,final,3,15755,Jeline Vandromme,13530,Aoi Ito,13530,7-5 7-5
178351,172-2026,Roland Garros,"Paris, France",20260518,G,Qualifying 1st Round,0,1,2026-05-19T11:20Z,final,3,8495,Lulu Sun,13615,Ma YeXin,8495,2-6 6-3 6-2
178378,172-2026,Roland Garros,"Paris, France",20260518,G,Qualifying 1st Round,0,1,2026-05-19T11:45Z,final,3,3133,Kaja Juvan,5076,Anna Siskova,3133,7-5 4-6 6-3
178358,172-2026,Roland Garros,"Paris, France",20260518,G,Qualifying 1st Round,0,1,2026-05-19T13:10Z,final,3,2177,Laura Pigossi,2980,Claire Liu,2980,6-1 6-1
178362,172-2026,Roland Garros,"Paris, France",20260518,G,Qualifying 1st Round,0,1,2026-05-19T14:15Z,final,3,6769,Darja Semenistaja,2403,Iryna Shymanovich,6769,6-4 6-0
178350,172-2026,Roland Garros,"Paris, France",20260518,G,Qualifying 1st Round,0,1,2026-05-19T14:30Z,final,3,3286,Jessika Ponchet,2582,Priscilla Hon,3286,7-5 6-2
178359,172-2026,Roland Garros,"Paris, France",20260518,G,Qualifying 1st Round,0,1,2026-05-19T14:55Z,final,3,15775,Ayana Akli,3889,Katarzyna Kawa,3889,6-2 7-6(4)
178363,172-2026,Roland Garros,"Paris, France",20260518,G,Qualifying 1st Round,0,1,2026-05-19T15:10Z,final,3,3001,Katarina Zavatska,2197,Carol Zhao,3001,6-2 6-1
178395,172-2026,Roland Garros,"Paris, France",20260518,G,Qualifying 1st Round,0,1,2026-05-19T15:15Z,final,3,1273,Kristina Mladenovic,3155,Wang Xiyu,3155,6-3 6-1
178352,172-2026,Roland Garros,"Paris, France",20260518,G,Qualifying 1st Round,0,1,2026-05-19T15:20Z,final,3,3330,Harmony Tan,3125,Karman Thandi,3330,6-1 6-0
178353,172-2026,Roland Garros,"Paris, France",20260518,G,Qualifying 1st Round,0,1,2026-05-19T15:30Z,final,3,6929,Linda Fruhvirtova,7434,Lucie Havlickova,6929,6-3 6-7(2) 6-3
178348,172-2026,Roland Garros,"Paris, France",20260518,G,Qualifying 1st Round,0,1,2026-05-19T16:15Z,final,3,6488,Darja Vidmanova,12315,Gao Xinyu,12315,6-3 6-1
178391,172-2026,Roland Garros,"Paris, France",20260518,G,Qualifying 1st Round,0,1,2026-05-19T16:15Z,final,3,2984,Rebeka Masarova,3220,Maria Lourdes Carle,3220,6-3 4-6 6-3
178360,172-2026,Roland Garros,"Paris, France",20260518,G,Qualifying 1st Round,0,1,2026-05-19T16:45Z,final,3,4666,Lucia Bronzetti,423,Varvara Lepchenko,4666,6-2 4-6 7-6(7)
178388,172-2026,Roland Garros,"Paris, France",20260518,G,Qualifying 1st Round,0,1,2026-05-19T16:45Z,final,3,11260,Cadence Brace,10501,Maria Timofeeva,10501,6-1 6-3
178394,172-2026,Roland Garros,"Paris, France",20260518,G,Qualifying 1st Round,0,1,2026-05-19T16:50Z,final,3,14171,Tahlia Kokkinis,2140,Storm Hunter,2140,6-3 6-1
178361,172-2026,Roland Garros,"Paris, France",20260518,G,Qualifying 1st Round,0,1,2026-05-19T17:25Z,final,3,8067,Lucrezia Stefanini,6570,Alina Charaeva,8067,6-4 7-5
178397,172-2026,Roland Garros,"Paris, France",20260518,G,Qualifying 1st Round,0,1,2026-05-19T17:40Z,final,3,4546,Irene Burillo,2027,Viktoriya Tomova,2027,6-2 4-6 6-2
178396,172-2026,Roland Garros,"Paris, France",20260518,G,Qualifying 1st Round,0,1,2026-05-19T17:55Z,final,3,6413,Polina Kudermetova,12958,Anouk Koevermans,6413,6-1 7-6(5)
178390,172-2026,Roland Garros,"Paris, France",20260518,G,Qualifying 1st Round,0,1,2026-05-19T18:15Z,final,3,3487,Francisca Jorge,2603,You Xiaodi,3487,6-2 6-3
178393,172-2026,Roland Garros,"Paris, France",20260518,G,Qualifying 1st Round,0,1,2026-05-19T18:40Z,final,3,2738,Rebecca Sramkova,8614,Kayla Cross,2738,6-4 6-0
178400,172-2026,Roland Garros,"Paris, France",20260518,G,Qualifying 2nd Round,0,1,2026-05-20T08:05Z,final,3,14562,Sofia Costoulas,3153,Mai Hontama,14562,6-4 6-3
178401,172-2026,Roland Garros,"Paris, France",20260518,G,Qualifying 2nd Round,0,1,2026-05-20T08:05Z,final,3,8068,Despina Papamichail,3149,Guo Hanyu,3149,6-2 7-6(8)
178410,172-2026,Roland Garros,"Paris, France",20260518,G,Qualifying 2nd Round,0,1,2026-05-20T08:05Z,final,3,3417,Maja Chwalinska,5299,Carole Monnet,3417,6-0 6-1
178525,172-2026,Roland Garros,"Paris, France",20260518,G,Qualifying 2nd Round,0,1,2026-05-20T08:05Z,final,3,7797,Sinja Kraus,7849,Noma Noha Akugue,7797,6-7(5) 6-0 7-5
178526,172-2026,Roland Garros,"Paris, France",20260518,G,Qualifying 2nd Round,0,1,2026-05-20T08:05Z,final,3,2506,Anna-Lena Friedsam,3034,Tamara Zidansek,2506,6-3 6-4
178416,172-2026,Roland Garros,"Paris, France",20260518,G,Qualifying 2nd Round,0,1,2026-05-20T08:10Z,final,3,906,Irina-Camelia Begu,5057,Suzan Lamens,5057,6-4 6-7(7) 6-3
178405,172-2026,Roland Garros,"Paris, France",20260518,G,Qualifying 2nd Round,0,1,2026-05-20T09:30Z,final,3,1472,Sloane Stephens,8411,Lisa Pigato,1472,6-4 6-1
178463,172-2026,Roland Garros,"Paris, France",20260518,G,Qualifying 2nd Round,0,1,2026-05-20T09:40Z,final,3,16002,Teodora Kostovic,14460,Kaitlin Quevedo,14460,7-6(3) 3-6 6-2
178461,172-2026,Roland Garros,"Paris, France",20260518,G,Qualifying 2nd Round,0,1,2026-05-20T09:45Z,final,3,2910,Greet Minnen,8410,Lola Radivojevic,2910,6-1 6-2
178415,172-2026,Roland Garros,"Paris, France",20260518,G,Qualifying 2nd Round,0,1,2026-05-20T09:50Z,final,3,2200,Harriet Dart,10676,Leyre Romero Gormaz,10676,6-1 6-4
178404,172-2026,Roland Garros,"Paris, France",20260518,G,Qualifying 2nd Round,0,1,2026-05-20T09:55Z,final,3,2179,Mayar Sherif,1374,Martina Trevisan,2179,6-7(6) 7-5 6-1
178523,172-2026,Roland Garros,"Paris, France",20260518,G,Qualifying 2nd Round,0,1,2026-05-20T09:55Z,final,3,14946,Elena Pridankina,14444,Julia Avdeeva,14946,7-5 6-1
178402,172-2026,Roland Garros,"Paris, France",20260518,G,Qualifying 2nd Round,0,1,2026-05-20T10:00Z,final,3,2180,Kathinka von Deichmann,11317,Himeno Sakatsume,11317,6-3 2-6 6-3
178417,172-2026,Roland Garros,"Paris, France",20260518,G,Qualifying 2nd Round,0,1,2026-05-20T10:20Z,final,3,3133,Kaja Juvan,12957,Guiomar Maristany Zuleta De Reales,12957,6-4 6-4
178418,172-2026,Roland Garros,"Paris, France",20260518,G,Qualifying 2nd Round,0,1,2026-05-20T11:05Z,final,3,2736,Viktoria Hruncakova,2979,Bianca Andreescu,2736,6-7(2) 6-4 6-4
178407,172-2026,Roland Garros,"Paris, France",20260518,G,Qualifying 2nd Round,0,1,2026-05-20T11:15Z,final,3,5749,Julia Riera,6723,Robin Montgomery,5749,2-6 6-2 6-1
178529,172-2026,Roland Garros,"Paris, France",20260518,G,Qualifying 2nd Round,0,1,2026-05-20T11:30Z,final,3,9169,Alina Korneeva,5746,Jazmin Ortenzi,9169,4-6 6-4 6-2
178413,172-2026,Roland Garros,"Paris, France",20260518,G,Qualifying 2nd Round,0,1,2026-05-20T11:35Z,final,3,13479,Mary Stoiana,14578,Matilde Jorge,13479,6-4 6-4
178420,172-2026,Roland Garros,"Paris, France",20260518,G,Qualifying 2nd Round,0,1,2026-05-20T12:00Z,final,3,8690,Marina Bassols Ribera,740,Karolina Pliskova,8690,6-3 6-2
178458,172-2026,Roland Garros,"Paris, France",20260518,G,Qualifying 2nd Round,0,1,2026-05-20T12:10Z,final,3,6724,Ashlyn Krueger,13950,Luisina Giovannini,6724,6-4 6-3
178409,172-2026,Roland Garros,"Paris, France",20260518,G,Qualifying 2nd Round,0,1,2026-05-20T12:35Z,final,3,7436,Dominika Salkova,4104,Susan Bandecchi,4104,6-3 4-6 7-5
178419,172-2026,Roland Garros,"Paris, France",20260518,G,Qualifying 2nd Round,0,1,2026-05-20T13:05Z,final,3,2140,Storm Hunter,3155,Wang Xiyu,3155,6-2 7-5
178411,172-2026,Roland Garros,"Paris, France",20260518,G,Qualifying 2nd Round,0,1,2026-05-20T13:25Z,final,3,1809,Aliaksandra Sasnovich,2848,Oceane Dodin,1809,6-1 6-0
178524,172-2026,Roland Garros,"Paris, France",20260518,G,Qualifying 2nd Round,0,1,2026-05-20T13:25Z,final,3,6929,Linda Fruhvirtova,3286,Jessika Ponchet,6929,6-1 6-4
178459,172-2026,Roland Garros,"Paris, France",20260518,G,Qualifying 2nd Round,0,1,2026-05-20T13:45Z,final,3,8495,Lulu Sun,13530,Aoi Ito,8495,6-3 6-3
178408,172-2026,Roland Garros,"Paris, France",20260518,G,Qualifying 2nd Round,0,1,2026-05-20T14:50Z,final,3,12315,Gao Xinyu,3330,Harmony Tan,3330,6-3 5-7 6-3
178460,172-2026,Roland Garros,"Paris, France",20260518,G,Qualifying 2nd Round,0,1,2026-05-20T14:55Z,final,3,6769,Darja Semenistaja,3001,Katarina Zavatska,3001,7-5 5-7 6-2
178403,172-2026,Roland Garros,"Paris, France",20260518,G,Qualifying 2nd Round,0,1,2026-05-20T15:05Z,final,3,2980,Claire Liu,3889,Katarzyna Kawa,2980,6-3 6-0
178528,172-2026,Roland Garros,"Paris, France",20260518,G,Qualifying 2nd Round,0,1,2026-05-20T15:30Z,final,3,3220,Maria Lourdes Carle,10501,Maria Timofeeva,3220,2-6 6-0 6-4
178462,172-2026,Roland Garros,"Paris, France",20260518,G,Qualifying 2nd Round,0,1,2026-05-20T15:45Z,final,3,6413,Polina Kudermetova,2027,Viktoriya Tomova,6413,7-6(2) 6-7(5) 6-3
178457,172-2026,Roland Garros,"Paris, France",20260518,G,Qualifying 2nd Round,0,1,2026-05-20T16:55Z,final,3,4666,Lucia Bronzetti,8067,Lucrezia Stefanini,4666,6-4 6-1
178414,172-2026,Roland Garros,"Paris, France",20260518,G,Qualifying 2nd Round,0,1,2026-05-20T17:05Z,final,3,2738,Rebecca Sramkova,3487,Francisca Jorge,2738,6-3 6-4
178412,172-2026,Roland Garros,"Paris, France",20260518,G,Qualifying Final,0,1,2026-05-21T09:05Z,final,3,7797,Sinja Kraus,2506,Anna-Lena Friedsam,7797,6-1 6-1
178423,172-2026,Roland Garros,"Paris, France",20260518,G,Qualifying Final,0,1,2026-05-21T09:05Z,final,3,3417,Maja Chwalinska,5057,Suzan Lamens,3417,7-6(4) 7-5
178547,172-2026,Roland Garros,"Paris, France",20260518,G,Qualifying Final,0,1,2026-05-21T09:05Z,final,3,10676,Leyre Romero Gormaz,1472,Sloane Stephens,1472,3-6 6-2 6-1
178406,172-2026,Roland Garros,"Paris, France",20260518,G,Qualifying Final,0,1,2026-05-21T11:10Z,final,3,2179,Mayar Sherif,2910,Greet Minnen,2179,6-3 6-0
178545,172-2026,Roland Garros,"Paris, France",20260518,G,Qualifying Final,0,1,2026-05-21T11:20Z,final,3,3149,Guo Hanyu,14562,Sofia Costoulas,3149,6-3 6-4
178422,172-2026,Roland Garros,"Paris, France",20260518,G,Qualifying Final,0,1,2026-05-21T11:50Z,final,3,14946,Elena Pridankina,11317,Himeno Sakatsume,14946,6-2 6-1
178426,172-2026,Roland Garros,"Paris, France",20260518,G,Qualifying Final,0,1,2026-05-21T13:25Z,final,3,9169,Alina Korneeva,5749,Julia Riera,9169,6-3 6-2
178421,172-2026,Roland Garros,"Paris, France",20260518,G,Qualifying Final,0,1,2026-05-21T13:40Z,final,3,6724,Ashlyn Krueger,13479,Mary Stoiana,6724,6-7(4) 6-3 6-1
178424,172-2026,Roland Garros,"Paris, France",20260518,G,Qualifying Final,0,1,2026-05-22T09:05Z,final,3,3330,Harmony Tan,6929,Linda Fruhvirtova,6929,6-3 7-6(4)
178434,172-2026,Roland Garros,"Paris, France",20260518,G,Qualifying Final,0,1,2026-05-22T09:05Z,final,3,1809,Aliaksandra Sasnovich,8690,Marina Bassols Ribera,8690,7-6(4) 7-5
178546,172-2026,Roland Garros,"Paris, France",20260518,G,Qualifying Final,0,1,2026-05-22T09:05Z,final,3,4104,Susan Bandecchi,2736,Viktoria Hruncakova,4104,6-1 6-2
178548,172-2026,Roland Garros,"Paris, France",20260518,G,Qualifying Final,0,1,2026-05-22T09:05Z,final,3,12957,Guiomar Maristany Zuleta De Reales,14460,Kaitlin Quevedo,14460,3-6 6-4 6-3
178425,172-2026,Roland Garros,"Paris, France",20260518,G,Qualifying Final,0,1,2026-05-22T11:10Z,ret,3,3001,Katarina Zavatska,4666,Lucia Bronzetti,4666,3-6 7-6(4) 3-0 RET
178464,172-2026,Roland Garros,"Paris, France",20260518,G,Qualifying Final,0,1,2026-05-22T11:30Z,final,3,8495,Lulu Sun,2980,Claire Liu,2980,6-1 6-0
178438,172-2026,Roland Garros,"Paris, France",20260518,G,Qualifying Final,0,1,2026-05-22T11:55Z,final,3,2738,Rebecca Sramkova,3220,Maria Lourdes Carle,2738,6-4 5-7 6-2
178465,172-2026,Roland Garros,"Paris, France",20260518,G,Qualifying Final,0,1,2026-05-22T14:25Z,final,3,6413,Polina Kudermetova,3155,Wang Xiyu,3155,6-3 6-3
175636,172-2026,Roland Garros,"Paris, France",20260518,G,Round 1,1,0,2026-05-24T09:05Z,final,3,3382,Marta Kostyuk,6571,Oksana Selekhmeteva,3382,6-2 6-3
175629,172-2026,Roland Garros,"Paris, France",20260518,G,Round 1,1,0,2026-05-24T09:10Z,final,3,10830,Lilli Tagger,3387,Wang Xinyu,3387,6-3 3-6 6-4
175639,172-2026,Roland Garros,"Paris, France",20260518,G,Round 1,1,0,2026-05-24T09:10Z,final,3,1549,Ajla Tomljanovic,3223,Catherine McNally,3223,3-6 7-6(5) 6-3
175599,172-2026,Roland Garros,"Paris, France",20260518,G,Round 1,1,0,2026-05-24T09:15Z,final,3,4666,Lucia Bronzetti,2392,Marie Bouzkova,2392,6-3 6-1
175635,172-2026,Roland Garros,"Paris, France",20260518,G,Round 1,1,0,2026-05-24T10:05Z,final,3,7797,Sinja Kraus,2183,Belinda Bencic,2183,6-2 6-3
175637,172-2026,Roland Garros,"Paris, France",20260518,G,Round 1,1,0,2026-05-24T10:50Z,final,3,3746,Katie Volynets,3508,Clara Burel,3746,6-3 6-1
175609,172-2026,Roland Garros,"Paris, France",20260518,G,Round 1,1,0,2026-05-24T11:40Z,final,3,2902,Anna Blinkova,13478,Yuliia Starodubtseva,13478,6-3 6-1
175607,172-2026,Roland Garros,"Paris, France",20260518,G,Round 1,1,0,2026-05-24T11:55Z,final,3,1831,Danka Kovinic,3155,Wang Xiyu,3155,6-3 6-1
175648,172-2026,Roland Garros,"Paris, France",20260518,G,Round 1,1,0,2026-05-24T12:05Z,final,3,8419,Tereza Valentova,1649,Magda Linette,1649,5-7 6-4 7-6(9)
175595,172-2026,Roland Garros,"Paris, France",20260518,G,Round 1,1,0,2026-05-24T12:15Z,final,3,3913,Hailey Baptiste,2042,Barbora Krejcikova,3913,6-7(7) 7-6(6) 6-2
175628,172-2026,Roland Garros,"Paris, France",20260518,G,Round 1,1,0,2026-05-24T13:30Z,final,3,2929,Sara Sorribes Tormo,3040,Tamara Korpatsch,3040,6-4 6-2
175646,172-2026,Roland Garros,"Paris, France",20260518,G,Round 1,1,0,2026-05-24T13:35Z,final,3,7815,Francesca Jones,2028,Beatriz Haddad Maia,7815,1-6 7-6(4) 6-2
175601,172-2026,Roland Garros,"Paris, France",20260518,G,Round 1,1,0,2026-05-24T14:10Z,ret,3,2672,Magdalena Frech,2748,Elena-Gabriela Ruse,2672,7-6(5) 2-1 RET
175644,172-2026,Roland Garros,"Paris, France",20260518,G,Round 1,1,0,2026-05-24T14:35Z,final,3,9820,Mirra Andreeva,2387,Fiona Ferro,9820,6-3 6-3
175589,172-2026,Roland Garros,"Paris, France",20260518,G,Round 1,1,0,2026-05-24T15:40Z,final,3,3398,Emma Raducanu,6500,Solana Sierra,6500,6-0 7-6(4)
175641,172-2026,Roland Garros,"Paris, France",20260518,G,Round 1,1,0,2026-05-24T16:20Z,final,3,3792,Clara Tauson,5941,Daria Snigur,5941,3-6 7-5 6-2
175649,172-2026,Roland Garros,"Paris, France",20260518,G,Round 1,1,0,2026-05-24T16:35Z,final,3,7819,Sara Bejlek,1472,Sloane Stephens,7819,6-3 6-2
175640,172-2026,Roland Garros,"Paris, France",20260518,G,Round 1,1,0,2026-05-24T16:40Z,final,3,2746,Sofia Kenin,5848,Peyton Stearns,5848,6-3 6-3
175645,172-2026,Roland Garros,"Paris, France",20260518,G,Round 1,1,0,2026-05-24T17:45Z,final,3,8690,Marina Bassols Ribera,3184,Emiliana Arango,8690,6-3 6-4
175593,172-2026,Roland Garros,"Paris, France",20260518,G,Round 1,1,0,2026-05-24T19:15Z,final,3,14024,Ksenia Efremova,1774,Sorana Cirstea,1774,6-3 6-1
175594,172-2026,Roland Garros,"Paris, France",20260518,G,Round 1,1,0,2026-05-25T09:05Z,final,3,2191,Daria Kasatkina,5604,Zeynep Sonmez,2191,6-4 6-4
175598,172-2026,Roland Garros,"Paris, France",20260518,G,Round 1,1,0,2026-05-25T09:05Z,final,3,2615,Jasmine Paolini,3142,Dayana Yastremska,2615,7-5 6-3
175600,172-2026,Roland Garros,"Paris, France",20260518,G,Round 1,1,0,2026-05-25T09:05Z,final,3,3840,Liudmila Samsonova,2617,Jil Teichmann,2617,6-4 6-4
175606,172-2026,Roland Garros,"Paris, France",20260518,G,Round 1,1,0,2026-05-25T09:10Z,final,3,4104,Susan Bandecchi,3157,Cristina Bucsa,4104,6-4 2-6 6-4
175633,172-2026,Roland Garros,"Paris, France",20260518,G,Round 1,1,0,2026-05-25T09:10Z,final,3,3417,Maja Chwalinska,6048,Zheng Qinwen,3417,6-4 6-0
175643,172-2026,Roland Garros,"Paris, France",20260518,G,Round 1,1,0,2026-05-25T10:05Z,final,3,12287,Emerson Jones,3730,Iga Swiatek,3730,6-1 6-2
175647,172-2026,Roland Garros,"Paris, France",20260518,G,Round 1,1,0,2026-05-25T10:55Z,final,3,2599,Julia Grabher,2738,Rebecca Sramkova,2599,6-2 6-2
175638,172-2026,Roland Garros,"Paris, France",20260518,G,Round 1,1,0,2026-05-25T11:25Z,final,3,2346,Tatjana Maria,2221,Elise Mertens,2221,7-5 6-0
175611,172-2026,Roland Garros,"Paris, France",20260518,G,Round 1,1,0,2026-05-25T11:35Z,final,3,5878,Veronika Erjavec,3126,Elena Rybakina,3126,6-2 6-2
175591,172-2026,Roland Garros,"Paris, France",20260518,G,Round 1,1,0,2026-05-25T11:40Z,final,3,8404,Petra Marcinko,5260,Eva Lys,5260,6-3 6-0
175632,172-2026,Roland Garros,"Paris, France",20260518,G,Round 1,1,0,2026-05-25T12:00Z,final,3,1797,Elina Svitolina,2734,Anna Bondar,1797,3-6 6-1 7-6(3)
175619,172-2026,Roland Garros,"Paris, France",20260518,G,Round 1,1,0,2026-05-25T12:40Z,final,3,14146,Maya Joint,2971,Anastasia Potapova,2971,6-1 6-2
175623,172-2026,Roland Garros,"Paris, France",20260518,G,Round 1,1,0,2026-05-25T13:00Z,final,3,6708,Talia Gibson,1802,Yulia Putintseva,1802,4-6 6-4 6-1
175631,172-2026,Roland Garros,"Paris, France",20260518,G,Round 1,1,0,2026-05-25T13:00Z,final,3,14460,Kaitlin Quevedo,4453,Leolia Jeanjean,14460,7-6(5) 7-6(2)
175651,172-2026,Roland Garros,"Paris, France",20260518,G,Round 1,1,0,2026-05-25T13:35Z,final,3,3000,Panna Udvardy,2458,Viktorija Golubic,2458,6-0 6-2
175624,172-2026,Roland Garros,"Paris, France",20260518,G,Round 1,1,0,2026-05-25T14:55Z,final,3,14710,Tiantsoa Rakotomanga Rajaonah,3221,Amanda Anisimova,3221,6-3 6-1
175596,172-2026,Roland Garros,"Paris, France",20260518,G,Round 1,1,0,2026-05-25T15:40Z,final,3,3908,Kamilla Rakhimova,2737,Jaqueline Cristian,3908,6-3 4-6 6-4
175650,172-2026,Roland Garros,"Paris, France",20260518,G,Round 1,1,0,2026-05-25T16:10Z,final,3,2195,Jelena Ostapenko,10500,Ella Seidel,2195,6-4 6-4
175618,172-2026,Roland Garros,"Paris, France",20260518,G,Round 1,1,0,2026-05-25T16:50Z,final,3,9917,Akasha Urhobo,2054,Katie Boulter,2054,6-4 4-6 6-4
175626,172-2026,Roland Garros,"Paris, France",20260518,G,Round 1,1,0,2026-05-25T17:40Z,final,3,3404,Camila Osorio,3182,Ekaterina Alexandrova,3404,6-2 6-4
175616,172-2026,Roland Garros,"Paris, France",20260518,G,Round 1,1,0,2026-05-25T17:50Z,final,3,3149,Guo Hanyu,5528,McCartney Kessler,5528,4-6 7-6(1) 7-5
175615,172-2026,Roland Garros,"Paris, France",20260518,G,Round 1,1,0,2026-05-25T18:05Z,final,3,8017,Diana Shnaider,2751,Renata Zarazua,8017,6-4 6-1
175652,172-2026,Roland Garros,"Paris, France",20260518,G,Round 1,1,0,2026-05-25T18:25Z,final,3,5309,Alycia Parks,3641,Leylah Fernandez,5309,6-4 6-4
175597,172-2026,Roland Garros,"Paris, France",20260518,G,Round 1,1,0,2026-05-25T18:45Z,final,3,5775,Anastasia Zakharova,3039,Karolina Muchova,3039,7-5 6-2
175608,172-2026,Roland Garros,"Paris, France",20260518,G,Round 1,1,0,2026-05-26T09:10Z,final,3,14311,Iva Jovic,7759,Alexandra Eala,14311,6-4 6-2
175610,172-2026,Roland Garros,"Paris, France",20260518,G,Round 1,1,0,2026-05-26T09:10Z,final,3,3785,Emma Navarro,6368,Janice Tjen,3785,6-4 6-3
175612,172-2026,Roland Garros,"Paris, France",20260518,G,Round 1,1,0,2026-05-26T09:10Z,final,3,2040,Donna Vekic,5161,Alice Tubello,2040,6-3 6-2
175627,172-2026,Roland Garros,"Paris, France",20260518,G,Round 1,1,0,2026-05-26T09:10Z,ret,3,2980,Claire Liu,5734,Moyuka Uchijima,2980,3-6 6-0 4-1 RET
175590,172-2026,Roland Garros,"Paris, France",20260518,G,Round 1,1,0,2026-05-26T10:05Z,final,3,3038,Aryna Sabalenka,6059,Jessica Bouzas Maneiro,3038,6-4 6-2
175630,172-2026,Roland Garros,"Paris, France",20260518,G,Round 1,1,0,2026-05-26T10:50Z,final,3,6970,Linda Noskova,3018,Maria Sakkari,3018,7-5 7-6(3)
175634,172-2026,Roland Garros,"Paris, France",20260518,G,Round 1,1,0,2026-05-26T11:10Z,final,3,3380,Ann Li,707,Zhang Shuai,3380,6-4 6-2
175620,172-2026,Roland Garros,"Paris, France",20260518,G,Round 1,1,0,2026-05-26T12:50Z,final,3,2764,Dalma Galfi,2179,Mayar Sherif,2179,7-5 6-4
175604,172-2026,Roland Garros,"Paris, France",20260518,G,Round 1,1,0,2026-05-26T12:55Z,final,3,1881,Laura Siegemund,2789,Naomi Osaka,2789,6-3 7-6(3)
175621,172-2026,Roland Garros,"Paris, France",20260518,G,Round 1,1,0,2026-05-26T13:25Z,final,3,3626,Coco Gauff,2114,Taylor Townsend,3626,6-4 6-0
175603,172-2026,Roland Garros,"Paris, France",20260518,G,Round 1,1,0,2026-05-26T13:30Z,final,3,6816,Antonia Ruzic,6724,Ashlyn Krueger,6816,3-6 6-2 6-2
175592,172-2026,Roland Garros,"Paris, France",20260518,G,Round 1,1,0,2026-05-26T13:40Z,final,3,6929,Linda Fruhvirtova,6061,Elsa Jacquemot,6061,6-4 6-3
175625,172-2026,Roland Garros,"Paris, France",20260518,G,Round 1,1,0,2026-05-26T14:30Z,final,3,9169,Alina Korneeva,3831,Elisabetta Cocciaretto,9169,6-3 6-3
175642,172-2026,Roland Garros,"Paris, France",20260518,G,Round 1,1,0,2026-05-26T15:10Z,final,3,2411,Anhelina Kalinina,3332,Diane Parry,3332,0-6 6-2 6-4
175622,172-2026,Roland Garros,"Paris, France",20260518,G,Round 1,1,0,2026-05-26T15:15Z,final,3,2977,Anna Kalinskaya,6403,Lois Boisson,2977,6-2 6-2
175602,172-2026,Roland Garros,"Paris, France",20260518,G,Round 1,1,0,2026-05-26T16:15Z,final,3,3388,Simona Waltert,2248,Katerina Siniakova,2248,6-4 7-6(4)
175613,172-2026,Roland Garros,"Paris, France",20260518,G,Round 1,1,0,2026-05-26T16:30Z,final,3,14946,Elena Pridankina,5705,Oleksandra Oliynykova,5705,6-1 6-2
175617,172-2026,Roland Garros,"Paris, France",20260518,G,Round 1,1,0,2026-05-26T16:55Z,final,3,8808,Hanne Vandewinkel,1556,Madison Keys,1556,6-3 6-0
175605,172-2026,Roland Garros,"Paris, France",20260518,G,Round 1,1,0,2026-05-26T18:00Z,final,3,11219,Victoria Mboko,7804,Nikola Bartunkova,11219,6-1 6-2
175614,172-2026,Roland Garros,"Paris, France",20260518,G,Round 1,1,0,2026-05-26T18:30Z,final,3,2588,Kimberly Birrell,2113,Jessica Pegula,2588,1-6 6-3 6-3
175555,172-2026,Roland Garros,"Paris, France",20260518,G,Round 2,2,0,2026-05-27T09:05Z,final,3,3223,Catherine McNally,2183,Belinda Bencic,2183,6-4 6-0
175545,172-2026,Roland Garros,"Paris, France",20260518,G,Round 2,2,0,2026-05-27T09:10Z,final,3,3040,Tamara Korpatsch,3387,Wang Xinyu,3040,6-2 2-6 6-3
175576,172-2026,Roland Garros,"Paris, France",20260518,G,Round 2,2,0,2026-05-27T10:05Z,final,3,7819,Sara Bejlek,3730,Iga Swiatek,3730,6-2 6-3
175542,172-2026,Roland Garros,"Paris, France",20260518,G,Round 2,2,0,2026-05-27T11:10Z,final,3,5941,Daria Snigur,5848,Peyton Stearns,5848,6-4 6-0
175579,172-2026,Roland Garros,"Paris, France",20260518,G,Round 2,2,0,2026-05-27T12:00Z,final,3,2195,Jelena Ostapenko,1649,Magda Linette,1649,6-2 2-6 6-2
175536,172-2026,Roland Garros,"Paris, France",20260518,G,Round 2,2,0,2026-05-27T12:05Z,final,3,1797,Elina Svitolina,14460,Kaitlin Quevedo,1797,6-0 6-4
175571,172-2026,Roland Garros,"Paris, France",20260518,G,Round 2,2,0,2026-05-27T12:05Z,final,3,2458,Viktorija Golubic,5309,Alycia Parks,2458,6-2 6-2
175564,172-2026,Roland Garros,"Paris, France",20260518,G,Round 2,2,0,2026-05-27T12:30Z,final,3,3382,Marta Kostyuk,3746,Katie Volynets,3382,6-7(4) 6-3 6-3
175551,172-2026,Roland Garros,"Paris, France",20260518,G,Round 2,2,0,2026-05-27T12:40Z,final,3,7815,Francesca Jones,2392,Marie Bouzkova,2392,6-0 7-6(3)
175556,172-2026,Roland Garros,"Paris, France",20260518,G,Round 2,2,0,2026-05-27T13:25Z,final,3,13478,Yuliia Starodubtseva,3126,Elena Rybakina,13478,3-6 6-1 7-6(4)
175548,172-2026,Roland Garros,"Paris, France",20260518,G,Round 2,2,0,2026-05-27T16:05Z,final,3,2617,Jil Teichmann,2672,Magdalena Frech,2617,7-5 6-4
175567,172-2026,Roland Garros,"Paris, France",20260518,G,Round 2,2,0,2026-05-27T16:15Z,final,3,2615,Jasmine Paolini,6500,Solana Sierra,6500,3-6 6-4 6-3
175565,172-2026,Roland Garros,"Paris, France",20260518,G,Round 2,2,0,2026-05-27T16:40Z,ret,3,3913,Hailey Baptiste,3155,Wang Xiyu,3155,5-4 RET
175570,172-2026,Roland Garros,"Paris, France",20260518,G,Round 2,2,0,2026-05-27T16:55Z,final,3,5260,Eva Lys,1774,Sorana Cirstea,1774,6-3 6-0
175550,172-2026,Roland Garros,"Paris, France",20260518,G,Round 2,2,0,2026-05-27T17:55Z,final,3,9820,Mirra Andreeva,8690,Marina Bassols Ribera,9820,3-6 6-1 6-1
175539,172-2026,Roland Garros,"Paris, France",20260518,G,Round 2,2,0,2026-05-27T18:55Z,final,3,3908,Kamilla Rakhimova,3039,Karolina Muchova,3039,6-2 6-2
175558,172-2026,Roland Garros,"Paris, France",20260518,G,Round 2,2,0,2026-05-28T09:10Z,final,3,5705,Oleksandra Oliynykova,2588,Kimberly Birrell,5705,6-3 0-6 7-6(5)
175566,172-2026,Roland Garros,"Paris, France",20260518,G,Round 2,2,0,2026-05-28T09:10Z,final,3,2040,Donna Vekic,2789,Naomi Osaka,2789,7-6(1) 6-4
175541,172-2026,Roland Garros,"Paris, France",20260518,G,Round 2,2,0,2026-05-28T09:15Z,final,3,14311,Iva Jovic,3785,Emma Navarro,14311,6-0 6-3
175563,172-2026,Roland Garros,"Paris, France",20260518,G,Round 2,2,0,2026-05-28T11:35Z,final,3,8017,Diana Shnaider,5528,McCartney Kessler,8017,7-6(3) 6-1
175532,172-2026,Roland Garros,"Paris, France",20260518,G,Round 2,2,0,2026-05-28T12:00Z,final,3,3417,Maja Chwalinska,2221,Elise Mertens,3417,6-4 6-0
175577,172-2026,Roland Garros,"Paris, France",20260518,G,Round 2,2,0,2026-05-28T12:15Z,final,3,1802,Yulia Putintseva,3404,Camila Osorio,3404,7-5 6-7(6) 7-5
175535,172-2026,Roland Garros,"Paris, France",20260518,G,Round 2,2,0,2026-05-28T13:30Z,final,3,3018,Maria Sakkari,2980,Claire Liu,3018,6-7(7) 6-3 6-3
175582,172-2026,Roland Garros,"Paris, France",20260518,G,Round 2,2,0,2026-05-28T13:30Z,final,3,2977,Anna Kalinskaya,9169,Alina Korneeva,2977,7-6(2) 6-4
175538,172-2026,Roland Garros,"Paris, France",20260518,G,Round 2,2,0,2026-05-28T13:55Z,final,3,2191,Daria Kasatkina,4104,Susan Bandecchi,2191,7-5 7-6(11)
175534,172-2026,Roland Garros,"Paris, France",20260518,G,Round 2,2,0,2026-05-28T14:10Z,final,3,3380,Ann Li,3332,Diane Parry,3332,6-3 6-4
175529,172-2026,Roland Garros,"Paris, France",20260518,G,Round 2,2,0,2026-05-28T14:30Z,ret,3,2599,Julia Grabher,3221,Amanda Anisimova,3221,6-0 RET
175559,172-2026,Roland Garros,"Paris, France",20260518,G,Round 2,2,0,2026-05-28T15:35Z,final,3,3626,Coco Gauff,2179,Mayar Sherif,3626,6-3 6-2
175561,172-2026,Roland Garros,"Paris, France",20260518,G,Round 2,2,0,2026-05-28T16:00Z,final,3,6816,Antonia Ruzic,1556,Madison Keys,1556,6-4 6-4
175546,172-2026,Roland Garros,"Paris, France",20260518,G,Round 2,2,0,2026-05-28T16:05Z,final,3,3038,Aryna Sabalenka,6061,Elsa Jacquemot,3038,7-5 6-2
175573,172-2026,Roland Garros,"Paris, France",20260518,G,Round 2,2,0,2026-05-28T17:45Z,final,3,2054,Katie Boulter,2971,Anastasia Potapova,2971,5-7 6-4 6-2
175569,172-2026,Roland Garros,"Paris, France",20260518,G,Round 2,2,0,2026-05-28T18:05Z,final,3,11219,Victoria Mboko,2248,Katerina Siniakova,11219,5-7 6-4 6-2
175553,172-2026,Roland Garros,"Paris, France",20260518,G,Round 3,3,0,2026-05-29T09:05Z,final,3,3382,Marta Kostyuk,2458,Viktorija Golubic,3382,6-4 6-3
175528,172-2026,Roland Garros,"Paris, France",20260518,G,Round 3,3,0,2026-05-29T09:10Z,final,3,3155,Wang Xiyu,13478,Yuliia Starodubtseva,3155,6-3 7-5
175560,172-2026,Roland Garros,"Paris, France",20260518,G,Round 3,3,0,2026-05-29T10:05Z,final,3,1649,Magda Linette,3730,Iga Swiatek,3730,6-4 6-4
175557,172-2026,Roland Garros,"Paris, France",20260518,G,Round 3,3,0,2026-05-29T12:00Z,final,3,9820,Mirra Andreeva,2392,Marie Bouzkova,9820,6-4 6-2
175572,172-2026,Roland Garros,"Paris, France",20260518,G,Round 3,3,0,2026-05-29T12:15Z,final,3,2617,Jil Teichmann,3039,Karolina Muchova,2617,6-1 7-5
175581,172-2026,Roland Garros,"Paris, France",20260518,G,Round 3,3,0,2026-05-29T13:00Z,final,3,6500,Solana Sierra,1774,Sorana Cirstea,1774,6-0 6-0
175537,172-2026,Roland Garros,"Paris, France",20260518,G,Round 3,3,0,2026-05-29T14:35Z,final,3,1797,Elina Svitolina,3040,Tamara Korpatsch,1797,6-2 6-3
175547,172-2026,Roland Garros,"Paris, France",20260518,G,Round 3,3,0,2026-05-29T18:40Z,final,3,5848,Peyton Stearns,2183,Belinda Bencic,2183,6-3 6-3
175527,172-2026,Roland Garros,"Paris, France",20260518,G,Round 3,3,0,2026-05-30T09:05Z,final,3,3018,Maria Sakkari,3417,Maja Chwalinska,3417,1-6 6-3 6-2
175580,172-2026,Roland Garros,"Paris, France",20260518,G,Round 3,3,0,2026-05-30T09:10Z,final,3,14311,Iva Jovic,2789,Naomi Osaka,2789,7-6(5) 6-7(3) 6-4
178569,227-2026,Lexus Birmingham Open,"Birmingham, Great Britain",20260530,A,Qualifying 1st Round,0,1,2026-05-30T09:50Z,final,3,6724,Ashlyn Krueger,13135,Hannah Klugman,6724,6-1 6-2
175578,172-2026,Roland Garros,"Paris, France",20260518,G,Round 3,3,0,2026-05-30T10:05Z,final,3,8017,Diana Shnaider,5705,Oleksandra Oliynykova,8017,7-5 6-1
178562,227-2026,Lexus Birmingham Open,"Birmingham, Great Britain",20260530,A,Qualifying 1st Round,0,1,2026-05-30T10:10Z,final,3,10871,Mimi Xu,8614,Kayla Cross,10871,6-3 5-7 6-0
178568,227-2026,Lexus Birmingham Open,"Birmingham, Great Britain",20260530,A,Qualifying 1st Round,0,1,2026-05-30T10:10Z,final,3,2984,Rebeka Masarova,2774,Emily Appleton,2984,6-2 6-3
178564,227-2026,Lexus Birmingham Open,"Birmingham, Great Britain",20260530,A,Qualifying 1st Round,0,1,2026-05-30T10:35Z,final,3,11555,Sayaka Ishii,17702,Vendula Valdmannova,17702,3-6 6-2 6-4
178558,227-2026,Lexus Birmingham Open,"Birmingham, Great Britain",20260530,A,Qualifying 1st Round,0,1,2026-05-30T10:40Z,final,3,16496,Anouck Vrancken Peeters,13314,Gabriela Knutson,13314,4-6 6-4 6-2
178559,227-2026,Lexus Birmingham Open,"Birmingham, Great Britain",20260530,A,Qualifying 1st Round,0,1,2026-05-30T11:05Z,final,3,2910,Greet Minnen,2747,Jodie Burrage,2910,7-6(3) 6-7(6) 6-1
178565,227-2026,Lexus Birmingham Open,"Birmingham, Great Britain",20260530,A,Qualifying 1st Round,0,1,2026-05-30T11:35Z,final,3,5613,Mananchaya Sawangkaew,4583,Yuriko Lily Miyazaki,5613,6-2 6-3
178560,227-2026,Lexus Birmingham Open,"Birmingham, Great Britain",20260530,A,Qualifying 1st Round,0,1,2026-05-30T12:10Z,final,3,1382,Heather Watson,2736,Viktoria Hruncakova,2736,3-6 6-4 7-5
175530,172-2026,Roland Garros,"Paris, France",20260518,G,Round 3,3,0,2026-05-30T12:20Z,final,3,3332,Diane Parry,3221,Amanda Anisimova,3332,6-3 4-6 7-6(3)
175585,172-2026,Roland Garros,"Paris, France",20260518,G,Round 3,3,0,2026-05-30T12:30Z,final,3,3038,Aryna Sabalenka,2191,Daria Kasatkina,3038,6-0 7-5
175533,172-2026,Roland Garros,"Paris, France",20260518,G,Round 3,3,0,2026-05-30T12:35Z,final,3,2977,Anna Kalinskaya,3404,Camila Osorio,2977,6-3 0-6 6-2
178563,227-2026,Lexus Birmingham Open,"Birmingham, Great Britain",20260530,A,Qualifying 1st Round,0,1,2026-05-30T12:50Z,final,3,2043,Nao Hibino,3954,Mariam Bolkvadze,2043,7-6(7) 6-1
178561,227-2026,Lexus Birmingham Open,"Birmingham, Great Britain",20260530,A,Qualifying 1st Round,0,1,2026-05-30T13:05Z,final,3,18428,Victoria Allen,2349,Tereza Martincova,2349,6-1 6-4
178567,227-2026,Lexus Birmingham Open,"Birmingham, Great Britain",20260530,A,Qualifying 1st Round,0,1,2026-05-30T13:40Z,final,3,2197,Carol Zhao,12837,Celine Naef,12837,6-4 6-3
178566,227-2026,Lexus Birmingham Open,"Birmingham, Great Britain",20260530,A,Qualifying 1st Round,0,1,2026-05-30T14:25Z,final,3,12959,Amelia Rajecki,13530,Aoi Ito,13530,6-4 6-2
175526,172-2026,Roland Garros,"Paris, France",20260518,G,Round 3,3,0,2026-05-30T15:30Z,final,3,3626,Coco Gauff,2971,Anastasia Potapova,2971,4-6 7-6(1) 6-4
175583,172-2026,Roland Garros,"Paris, France",20260518,G,Round 3,3,0,2026-05-30T17:20Z,final,3,11219,Victoria Mboko,1556,Madison Keys,1556,6-3 5-7 7-5
175531,172-2026,Roland Garros,"Paris, France",20260518,G,Round 4,4,0,2026-05-31T09:05Z,final,3,1774,Sorana Cirstea,3155,Wang Xiyu,1774,6-3 7-6(4)
175574,172-2026,Roland Garros,"Paris, France",20260518,G,Round 4,4,0,2026-05-31T09:05Z,final,3,3382,Marta Kostyuk,3730,Iga Swiatek,3382,7-5 6-1
178570,227-2026,Lexus Birmingham Open,"Birmingham, Great Britain",20260530,A,Qualifying Final,0,1,2026-05-31T09:40Z,final,3,6724,Ashlyn Krueger,13314,Gabriela Knutson,6724,6-4 7-6(5)
178572,227-2026,Lexus Birmingham Open,"Birmingham, Great Britain",20260530,A,Qualifying Final,0,1,2026-05-31T09:40Z,final,3,2043,Nao Hibino,17702,Vendula Valdmannova,2043,6-4 6-2
178573,227-2026,Lexus Birmingham Open,"Birmingham, Great Britain",20260530,A,Qualifying Final,0,1,2026-05-31T09:40Z,final,3,2910,Greet Minnen,2736,Viktoria Hruncakova,2910,7-6(5) 6-1
175575,172-2026,Roland Garros,"Paris, France",20260518,G,Round 4,4,0,2026-05-31T11:10Z,final,3,1797,Elina Svitolina,2183,Belinda Bencic,1797,4-6 6-4 6-0
178574,227-2026,Lexus Birmingham Open,"Birmingham, Great Britain",20260530,A,Qualifying Final,0,1,2026-05-31T11:15Z,final,3,5613,Mananchaya Sawangkaew,13530,Aoi Ito,5613,7-6(3) 6-3
178571,227-2026,Lexus Birmingham Open,"Birmingham, Great Britain",20260530,A,Qualifying Final,0,1,2026-05-31T11:25Z,final,3,2984,Rebeka Masarova,12837,Celine Naef,2984,4-6 6-4 6-0
178575,227-2026,Lexus Birmingham Open,"Birmingham, Great Britain",20260530,A,Qualifying Final,0,1,2026-05-31T11:25Z,final,3,2349,Tereza Martincova,10871,Mimi Xu,2349,7-6(2) 6-1
175584,172-2026,Roland Garros,"Paris, France",20260518,G,Round 4,4,0,2026-05-31T15:35Z,final,3,9820,Mirra Andreeva,2617,Jil Teichmann,9820,6-3 6-2
178576,897-2026,Open delle Puglie Trofeo,"Foggia, Italy",20260601,A,Qualifying Final,0,1,2026-06-01T09:05Z,final,3,10678,Lucia Cortez Llorca,16490,Viola Turini,16490,3-6 6-2 6-2
178579,897-2026,Open delle Puglie Trofeo,"Foggia, Italy",20260601,A,Qualifying Final,0,1,2026-06-01T09:10Z,final,3,13617,Dang Yiming,7848,Eleonora Alvisi,13617,4-6 7-5 6-2
175554,172-2026,Roland Garros,"Paris, France",20260518,G,Round 4,4,0,2026-06-01T09:15Z,final,3,2971,Anastasia Potapova,2977,Anna Kalinskaya,2977,6-4 2-6 7-6(7)
176200,227-2026,Lexus Birmingham Open,"Birmingham, Great Britain",20260530,A,Round 1,1,0,2026-06-01T09:45Z,final,3,5937,Elvina Kalieva,6708,Talia Gibson,5937,7-5 2-6 6-4
176208,227-2026,Lexus Birmingham Open,"Birmingham, Great Britain",20260530,A,Round 1,1,0,2026-06-01T10:55Z,final,3,5613,Mananchaya Sawangkaew,7927,Linda Klimovicova,5613,6-4 7-5
178578,897-2026,Open delle Puglie Trofeo,"Foggia, Italy",20260601,A,Qualifying Final,0,1,2026-06-01T11:35Z,final,3,4803,Andreea Prisacariu,18439,Francesca Dell'Edera,4803,6-3 6-2
178577,897-2026,Open delle Puglie Trofeo,"Foggia, Italy",20260601,A,Qualifying Final,0,1,2026-06-01T12:15Z,final,3,15341,Mariia Kozyreva,5969,Nika Radisic,5969,6-2 6-4
175540,172-2026,Roland Garros,"Paris, France",20260518,G,Round 4,4,0,2026-06-01T12:30Z,final,3,1556,Madison Keys,8017,Diana Shnaider,8017,6-3 3-6 6-0
175562,172-2026,Roland Garros,"Paris, France",20260518,G,Round 4,4,0,2026-06-01T12:50Z,final,3,3417,Maja Chwalinska,3332,Diane Parry,3417,6-3 6-2
176253,897-2026,Open delle Puglie Trofeo,"Foggia, Italy",20260601,A,Round 1,1,0,2026-06-01T13:20Z,final,3,9442,Elizara Yaneva,8411,Lisa Pigato,8411,7-6(5) 6-1
176235,897-2026,Open delle Puglie Trofeo,"Foggia, Italy",20260601,A,Round 1,1,0,2026-06-01T14:00Z,final,3,3215,Tatiana Pieri,2035,Victoria Bosio,3215,6-0 2-6 6-2
176260,897-2026,Open delle Puglie Trofeo,"Foggia, Italy",20260601,A,Round 1,1,0,2026-06-01T14:05Z,final,3,12315,Gao Xinyu,6259,Darya Astakhova,6259,6-4 6-1
176249,897-2026,Open delle Puglie Trofeo,"Foggia, Italy",20260601,A,Round 1,1,0,2026-06-01T15:15Z,final,3,423,Varvara Lepchenko,2403,Iryna Shymanovich,423,5-7 6-3 6-1
176257,897-2026,Open delle Puglie Trofeo,"Foggia, Italy",20260601,A,Round 1,1,0,2026-06-01T15:50Z,final,3,12291,Sapfo Sakellaridi,14562,Sofia Costoulas,14562,6-4 2-6 6-3
175544,172-2026,Roland Garros,"Paris, France",20260518,G,Round 4,4,0,2026-06-01T18:30Z,final,3,3038,Aryna Sabalenka,2789,Naomi Osaka,3038,7-5 6-3
175568,172-2026,Roland Garros,"Paris, France",20260518,G,Quarterfinal,10,0,2026-06-02T09:05Z,final,3,9820,Mirra Andreeva,1774,Sorana Cirstea,9820,6-0 6-3
176203,227-2026,Lexus Birmingham Open,"Birmingham, Great Britain",20260530,A,Round 1,1,0,2026-06-02T09:40Z,final,3,7804,Nikola Bartunkova,2200,Harriet Dart,7804,3-6 6-3 7-5
176211,227-2026,Lexus Birmingham Open,"Birmingham, Great Britain",20260530,A,Round 1,1,0,2026-06-02T09:40Z,final,3,2984,Rebeka Masarova,2349,Tereza Martincova,2984,6-7(6) 6-1 6-1
176188,227-2026,Lexus Birmingham Open,"Birmingham, Great Britain",20260530,A,Round 1,1,0,2026-06-02T09:45Z,final,3,7759,Alexandra Eala,2582,Priscilla Hon,7759,6-0 6-2
175543,172-2026,Roland Garros,"Paris, France",20260518,G,Quarterfinal,10,0,2026-06-02T10:30Z,final,3,1797,Elina Svitolina,3382,Marta Kostyuk,3382,6-3 2-6 6-2
176198,227-2026,Lexus Birmingham Open,"Birmingham, Great Britain",20260530,A,Round 1,1,0,2026-06-02T10:55Z,final,3,14877,Mika Stojsavljevic,12287,Emerson Jones,14877,3-6 6-1 7-5
176240,897-2026,Open delle Puglie Trofeo,"Foggia, Italy",20260601,A,Round 1,1,0,2026-06-02T11:05Z,final,3,5161,Alice Tubello,5299,Carole Monnet,5299,6-3 6-2
176258,897-2026,Open delle Puglie Trofeo,"Foggia, Italy",20260601,A,Round 1,1,0,2026-06-02T11:10Z,final,3,8068,Despina Papamichail,2692,Chloe Paquet,2692,7-5 6-3
176189,227-2026,Lexus Birmingham Open,"Birmingham, Great Britain",20260530,A,Round 1,1,0,2026-06-02T11:55Z,final,3,2910,Greet Minnen,6570,Alina Charaeva,6570,6-3 6-1
176241,897-2026,Open delle Puglie Trofeo,"Foggia, Italy",20260601,A,Round 1,1,0,2026-06-02T12:05Z,final,3,12846,Tatiana Prozorova,5168,Nuria Brancaccio,12846,6-4 6-0
178581,864-2026,Makarska Open,"Makarska, Croatia",20260602,A,Qualifying Final,0,1,2026-06-02T12:05Z,final,3,8318,Yasmine Kabbaj,2669,Dalila Jakupovic,8318,6-3 6-3
178583,864-2026,Makarska Open,"Makarska, Croatia",20260602,A,Qualifying Final,0,1,2026-06-02T12:10Z,final,3,7438,Erika Andreeva,5868,Elina Avanesyan,7438,7-6(6) 6-4
176259,897-2026,Open delle Puglie Trofeo,"Foggia, Italy",20260601,A,Round 1,1,0,2026-06-02T12:35Z,final,3,4803,Andreea Prisacariu,5969,Nika Radisic,5969,2-6 6-2 6-2
176202,227-2026,Lexus Birmingham Open,"Birmingham, Great Britain",20260530,A,Round 1,1,0,2026-06-02T12:45Z,final,3,13479,Mary Stoiana,8495,Lulu Sun,13479,4-6 7-6(8) 6-2
176209,227-2026,Lexus Birmingham Open,"Birmingham, Great Britain",20260530,A,Round 1,1,0,2026-06-02T13:10Z,final,3,2974,Kayla Day,8808,Hanne Vandewinkel,2974,7-6(2) 6-2
176243,897-2026,Open delle Puglie Trofeo,"Foggia, Italy",20260601,A,Round 1,1,0,2026-06-02T13:15Z,final,3,13046,Giorgia Pedone,2282,Ekaterine Gorgodze,13046,6-3 6-3
178582,864-2026,Makarska Open,"Makarska, Croatia",20260602,A,Qualifying Final,0,1,2026-06-02T13:15Z,final,3,9917,Akasha Urhobo,3520,Lea Boskovic,3520,7-6(4) 6-2
176207,227-2026,Lexus Birmingham Open,"Birmingham, Great Britain",20260530,A,Round 1,1,0,2026-06-02T13:30Z,final,3,2043,Nao Hibino,6368,Janice Tjen,6368,6-4 3-6 6-2
177728,864-2026,Makarska Open,"Makarska, Croatia",20260602,A,Round 1,1,0,2026-06-02T13:40Z,final,3,4453,Leolia Jeanjean,4438,Kajsa Rinaldo Persson,4438,6-1 4-6 6-3
176234,897-2026,Open delle Puglie Trofeo,"Foggia, Italy",20260601,A,Round 1,1,0,2026-06-02T13:50Z,final,3,2179,Mayar Sherif,5607,Carlota Martinez Cirez,2179,6-0 6-3
178580,864-2026,Makarska Open,"Makarska, Croatia",20260602,A,Qualifying Final,0,1,2026-06-02T14:30Z,final,3,5328,Caijsa Hennemann,3836,Jule Niemeier,5328,6-3 6-1
176238,897-2026,Open delle Puglie Trofeo,"Foggia, Italy",20260601,A,Round 1,1,0,2026-06-02T15:10Z,final,3,4263,Miriana Tona,16490,Viola Turini,16490,6-3 6-2
176250,897-2026,Open delle Puglie Trofeo,"Foggia, Italy",20260601,A,Round 1,1,0,2026-06-02T15:15Z,final,3,8623,Lisa Zaar,14606,Tyra Caterina Grant,14606,3-6 6-3 6-3
176236,897-2026,Open delle Puglie Trofeo,"Foggia, Italy",20260601,A,Round 1,1,0,2026-06-02T15:20Z,final,3,10676,Leyre Romero Gormaz,2603,You Xiaodi,10676,6-1 6-7(7) 6-0
177718,864-2026,Makarska Open,"Makarska, Croatia",20260602,A,Round 1,1,0,2026-06-02T15:20Z,final,3,2203,Ana Konjuh,7436,Dominika Salkova,7436,6-3 6-2
177731,864-2026,Makarska Open,"Makarska, Croatia",20260602,A,Round 1,1,0,2026-06-02T16:10Z,final,3,3568,Miriam Bulgaru,7849,Noma Noha Akugue,7849,7-6(3) 7-5
177716,864-2026,Makarska Open,"Makarska, Croatia",20260602,A,Round 1,1,0,2026-06-02T16:20Z,final,3,3388,Simona Waltert,16002,Teodora Kostovic,3388,6-0 6-3
177727,864-2026,Makarska Open,"Makarska, Croatia",20260602,A,Round 1,1,0,2026-06-02T17:40Z,final,3,3034,Tamara Zidansek,5868,Elina Avanesyan,5868,7-5 4-6 6-3
176197,227-2026,Lexus Birmingham Open,"Birmingham, Great Britain",20260530,A,Round 1,1,0,2026-06-02T17:45Z,final,3,13314,Gabriela Knutson,3705,Joanna Garland,13314,7-6(6) 6-3
176247,897-2026,Open delle Puglie Trofeo,"Foggia, Italy",20260601,A,Round 1,1,0,2026-06-02T18:05Z,final,3,11462,Vittoria Paganetti,4666,Lucia Bronzetti,4666,6-1 6-0
177726,864-2026,Makarska Open,"Makarska, Croatia",20260602,A,Round 1,1,0,2026-06-02T18:10Z,final,3,2929,Sara Sorribes Tormo,7778,Victoria Jimenez Kasintseva,2929,6-1 6-1
176193,227-2026,Lexus Birmingham Open,"Birmingham, Great Britain",20260530,A,Round 1,1,0,2026-06-03T04:00Z,ret,3,1549,Ajla Tomljanovic,2752,Katie Swan,2752,7-6(4) 3-2 RET
177721,864-2026,Makarska Open,"Makarska, Croatia",20260602,A,Round 1,1,0,2026-06-03T09:05Z,final,3,4291,Andrea Lazaro Garcia,15069,Laura Samson,4291,6-4 6-1
177723,864-2026,Makarska Open,"Makarska, Croatia",20260602,A,Round 1,1,0,2026-06-03T09:05Z,final,3,7806,Barbora Palicova,8534,Lucija Ciric Bagaric,7806,6-2 6-4
175549,172-2026,Roland Garros,"Paris, France",20260518,G,Quarterfinal,10,0,2026-06-03T09:10Z,final,3,2977,Anna Kalinskaya,3417,Maja Chwalinska,3417,7-6(3) 6-3
176244,897-2026,Open delle Puglie Trofeo,"Foggia, Italy",20260601,A,Round 2,2,0,2026-06-03T11:05Z,final,3,6259,Darya Astakhova,8411,Lisa Pigato,6259,6-3 2-6 6-3
175552,172-2026,Roland Garros,"Paris, France",20260518,G,Quarterfinal,10,0,2026-06-03T11:30Z,final,3,3038,Aryna Sabalenka,8017,Diana Shnaider,8017,3-6 7-5 6-0
176245,897-2026,Open delle Puglie Trofeo,"Foggia, Italy",20260601,A,Round 1,1,0,2026-06-03T12:10Z,final,3,13619,Laura Mair,13617,Dang Yiming,13619,2-6 6-4 6-3
176201,227-2026,Lexus Birmingham Open,"Birmingham, Great Britain",20260530,A,Round 1,1,0,2026-06-03T12:15Z,final,3,12837,Celine Naef,2584,Maddison Inglis,12837,6-2 6-3
176210,227-2026,Lexus Birmingham Open,"Birmingham, Great Britain",20260530,A,Round 1,1,0,2026-06-03T12:15Z,final,3,2346,Tatjana Maria,6929,Linda Fruhvirtova,2346,6-0 6-1
176205,227-2026,Lexus Birmingham Open,"Birmingham, Great Britain",20260530,A,Round 1,1,0,2026-06-03T12:30Z,final,3,6724,Ashlyn Krueger,11317,Himeno Sakatsume,6724,6-4 6-3
176252,897-2026,Open delle Puglie Trofeo,"Foggia, Italy",20260601,A,Round 2,2,0,2026-06-03T13:30Z,ret,3,3215,Tatiana Pieri,14562,Sofia Costoulas,3215,1-6 2-3 RET
176242,897-2026,Open delle Puglie Trofeo,"Foggia, Italy",20260601,A,Round 2,2,0,2026-06-03T14:50Z,final,3,2692,Chloe Paquet,5969,Nika Radisic,2692,6-3 6-3
176251,897-2026,Open delle Puglie Trofeo,"Foggia, Italy",20260601,A,Round 2,2,0,2026-06-03T18:05Z,final,3,423,Varvara Lepchenko,14606,Tyra Caterina Grant,14606,7-6(3) 2-6 6-2
177725,864-2026,Makarska Open,"Makarska, Croatia",20260602,A,Round 1,1,0,2026-06-04T09:05Z,final,3,8404,Petra Marcinko,5328,Caijsa Hennemann,8404,6-1 6-0
176214,227-2026,Lexus Birmingham Open,"Birmingham, Great Britain",20260530,A,Round 2,2,0,2026-06-04T09:40Z,final,3,14877,Mika Stojsavljevic,5937,Elvina Kalieva,14877,6-4 6-7(2) 6-2
177717,864-2026,Makarska Open,"Makarska, Croatia",20260602,A,Round 1,1,0,2026-06-04T09:50Z,final,3,3889,Katarzyna Kawa,14146,Maya Joint,14146,7-5 6-1
177729,864-2026,Makarska Open,"Makarska, Croatia",20260602,A,Round 1,1,0,2026-06-04T10:15Z,final,3,3518,Tena Lukas,6769,Darja Semenistaja,6769,6-3 5-7 7-6(5)
176212,227-2026,Lexus Birmingham Open,"Birmingham, Great Britain",20260530,A,Round 1,1,0,2026-06-04T10:35Z,final,3,7672,Taylah Preston,10831,Alicia Dudeney,7672,6-4 6-7(4) 6-3
177730,864-2026,Makarska Open,"Makarska, Croatia",20260602,A,Round 1,1,0,2026-06-04T10:35Z,final,3,8410,Lola Radivojevic,13219,Mia Ristic,8410,7-6(4) 0-6 7-5
176216,227-2026,Lexus Birmingham Open,"Birmingham, Great Britain",20260530,A,Round 2,2,0,2026-06-04T10:40Z,final,3,6724,Ashlyn Krueger,6368,Janice Tjen,6724,6-1 6-3
176261,897-2026,Open delle Puglie Trofeo,"Foggia, Italy",20260601,A,Round 2,2,0,2026-06-04T11:05Z,final,3,5299,Carole Monnet,12846,Tatiana Prozorova,5299,1-6 6-4 6-3
177720,864-2026,Makarska Open,"Makarska, Croatia",20260602,A,Round 1,1,0,2026-06-04T11:20Z,final,3,2738,Rebecca Sramkova,9917,Akasha Urhobo,9917,3-6 6-3 6-1
177719,864-2026,Makarska Open,"Makarska, Croatia",20260602,A,Round 1,1,0,2026-06-04T11:35Z,final,3,7434,Lucie Havlickova,8318,Yasmine Kabbaj,8318,7-6(5) 7-5
176204,227-2026,Lexus Birmingham Open,"Birmingham, Great Britain",20260530,A,Round 2,2,0,2026-06-04T12:10Z,final,3,12837,Celine Naef,13479,Mary Stoiana,13479,7-5 2-6 7-6(5)
176192,227-2026,Lexus Birmingham Open,"Birmingham, Great Britain",20260530,A,Round 2,2,0,2026-06-04T12:35Z,final,3,5613,Mananchaya Sawangkaew,2974,Kayla Day,5613,6-4 6-1
176199,227-2026,Lexus Birmingham Open,"Birmingham, Great Britain",20260530,A,Round 2,2,0,2026-06-04T12:55Z,final,3,7759,Alexandra Eala,6570,Alina Charaeva,7759,6-2 7-5
175587,172-2026,Roland Garros,"Paris, France",20260518,G,Semifinal,11,0,2026-06-04T13:05Z,final,3,3382,Marta Kostyuk,9820,Mirra Andreeva,9820,6-1 6-3
176194,227-2026,Lexus Birmingham Open,"Birmingham, Great Britain",20260530,A,Round 2,2,0,2026-06-04T13:20Z,final,3,2346,Tatjana Maria,2984,Rebeka Masarova,2984,6-4 6-3
176256,897-2026,Open delle Puglie Trofeo,"Foggia, Italy",20260601,A,Round 2,2,0,2026-06-04T13:20Z,final,3,10676,Leyre Romero Gormaz,16490,Viola Turini,10676,6-4 6-4
177742,864-2026,Makarska Open,"Makarska, Croatia",20260602,A,Round 2,2,0,2026-06-04T13:20Z,final,3,8410,Lola Radivojevic,2929,Sara Sorribes Tormo,2929,6-2 6-4
177722,864-2026,Makarska Open,"Makarska, Croatia",20260602,A,Round 1,1,0,2026-06-04T13:50Z,final,3,6723,Robin Montgomery,3520,Lea Boskovic,3520,3-6 7-5 6-1
176215,227-2026,Lexus Birmingham Open,"Birmingham, Great Britain",20260530,A,Round 2,2,0,2026-06-04T14:10Z,final,3,2752,Katie Swan,7672,Taylah Preston,7672,6-4 6-2
177724,864-2026,Makarska Open,"Makarska, Croatia",20260602,A,Round 1,1,0,2026-06-04T14:10Z,final,3,10501,Maria Timofeeva,7438,Erika Andreeva,10501,6-3 6-2
176206,227-2026,Lexus Birmingham Open,"Birmingham, Great Britain",20260530,A,Round 2,2,0,2026-06-04T14:45Z,final,3,7804,Nikola Bartunkova,13314,Gabriela Knutson,7804,6-4 7-6(4)
175586,172-2026,Roland Garros,"Paris, France",20260518,G,Semifinal,11,0,2026-06-04T15:05Z,final,3,8017,Diana Shnaider,3417,Maja Chwalinska,3417,7-6(4) 6-4
176254,897-2026,Open delle Puglie Trofeo,"Foggia, Italy",20260601,A,Round 2,2,0,2026-06-04T15:20Z,final,3,2179,Mayar Sherif,13046,Giorgia Pedone,13046,2-6 6-4 6-3
177738,864-2026,Makarska Open,"Makarska, Croatia",20260602,A,Round 2,2,0,2026-06-04T15:50Z,final,3,8318,Yasmine Kabbaj,14146,Maya Joint,8318,6-3 6-4
177732,864-2026,Makarska Open,"Makarska, Croatia",20260602,A,Round 2,2,0,2026-06-04T16:00Z,final,3,5868,Elina Avanesyan,7436,Dominika Salkova,5868,3-6 7-6(5) 6-3
177741,864-2026,Makarska Open,"Makarska, Croatia",20260602,A,Round 2,2,0,2026-06-04T16:15Z,final,3,3388,Simona Waltert,4291,Andrea Lazaro Garcia,4291,6-4 6-3
177739,864-2026,Makarska Open,"Makarska, Croatia",20260602,A,Round 2,2,0,2026-06-04T17:50Z,final,3,10501,Maria Timofeeva,3520,Lea Boskovic,10501,6-4 6-3
177733,864-2026,Makarska Open,"Makarska, Croatia",20260602,A,Round 2,2,0,2026-06-04T17:55Z,final,3,8404,Petra Marcinko,7806,Barbora Palicova,7806,0-6 7-6(3) 6-4
176255,897-2026,Open delle Puglie Trofeo,"Foggia, Italy",20260601,A,Round 2,2,0,2026-06-04T18:30Z,final,3,13619,Laura Mair,4666,Lucia Bronzetti,4666,6-2 6-1
177743,864-2026,Makarska Open,"Makarska, Croatia",20260602,A,Round 2,2,0,2026-06-04T18:40Z,final,3,4438,Kajsa Rinaldo Persson,7849,Noma Noha Akugue,7849,6-2 7-5
177740,864-2026,Makarska Open,"Makarska, Croatia",20260602,A,Round 2,2,0,2026-06-04T20:30Z,final,3,9917,Akasha Urhobo,6769,Darja Semenistaja,6769,6-4 6-4
176196,227-2026,Lexus Birmingham Open,"Birmingham, Great Britain",20260530,A,Quarterfinal,10,0,2026-06-05T09:35Z,final,3,7672,Taylah Preston,6724,Ashlyn Krueger,6724,2-6 6-3 6-4
176213,227-2026,Lexus Birmingham Open,"Birmingham, Great Britain",20260530,A,Quarterfinal,10,0,2026-06-05T11:30Z,final,3,2984,Rebeka Masarova,13479,Mary Stoiana,2984,6-4 3-6 6-0
176239,897-2026,Open delle Puglie Trofeo,"Foggia, Italy",20260601,A,Quarterfinal,10,0,2026-06-05T12:05Z,final,3,2692,Chloe Paquet,6259,Darya Astakhova,6259,7-5 6-3
176195,227-2026,Lexus Birmingham Open,"Birmingham, Great Britain",20260530,A,Quarterfinal,10,0,2026-06-05T13:20Z,final,3,7804,Nikola Bartunkova,14877,Mika Stojsavljevic,7804,6-4 6-7(8) 7-6(4)
177735,864-2026,Makarska Open,"Makarska, Croatia",20260602,A,Quarterfinal,10,0,2026-06-05T14:05Z,final,3,4291,Andrea Lazaro Garcia,6769,Darja Semenistaja,6769,7-6(4) 3-6 7-6(5)
177737,864-2026,Makarska Open,"Makarska, Croatia",20260602,A,Quarterfinal,10,0,2026-06-05T14:05Z,final,3,7806,Barbora Palicova,5868,Elina Avanesyan,5868,6-0 3-6 6-1
176248,897-2026,Open delle Puglie Trofeo,"Foggia, Italy",20260601,A,Quarterfinal,10,0,2026-06-05T14:20Z,final,3,10676,Leyre Romero Gormaz,5299,Carole Monnet,10676,1-6 6-2 6-1
177736,864-2026,Makarska Open,"Makarska, Croatia",20260602,A,Quarterfinal,10,0,2026-06-05T16:15Z,final,3,10501,Maria Timofeeva,8318,Yasmine Kabbaj,10501,7-5 6-1
176217,227-2026,Lexus Birmingham Open,"Birmingham, Great Britain",20260530,A,Quarterfinal,10,0,2026-06-05T16:30Z,final,3,7759,Alexandra Eala,5613,Mananchaya Sawangkaew,7759,6-3 6-2
176237,897-2026,Open delle Puglie Trofeo,"Foggia, Italy",20260601,A,Quarterfinal,10,0,2026-06-05T16:30Z,final,3,14606,Tyra Caterina Grant,3215,Tatiana Pieri,14606,6-4 6-1
177734,864-2026,Makarska Open,"Makarska, Croatia",20260602,A,Quarterfinal,10,0,2026-06-05T17:35Z,final,3,7849,Noma Noha Akugue,2929,Sara Sorribes Tormo,2929,6-0 6-4
176246,897-2026,Open delle Puglie Trofeo,"Foggia, Italy",20260601,A,Quarterfinal,10,0,2026-06-05T18:05Z,final,3,13046,Giorgia Pedone,4666,Lucia Bronzetti,4666,6-2 6-4
179621,415-2026,Libéma Open,"'s-Hertogenbosch, Netherlands",20260606,A,Qualifying 1st Round,0,1,2026-06-06T09:05Z,final,3,2910,Greet Minnen,2027,Viktoriya Tomova,2910,6-1 6-1
179619,415-2026,Libéma Open,"'s-Hertogenbosch, Netherlands",20260606,A,Qualifying 1st Round,0,1,2026-06-06T09:10Z,final,3,3746,Katie Volynets,2043,Nao Hibino,3746,6-2 6-2
179622,415-2026,Libéma Open,"'s-Hertogenbosch, Netherlands",20260606,A,Qualifying 1st Round,0,1,2026-06-06T09:10Z,final,3,10500,Ella Seidel,2980,Claire Liu,10500,7-6(5) 6-3
179618,415-2026,Libéma Open,"'s-Hertogenbosch, Netherlands",20260606,A,Qualifying 1st Round,0,1,2026-06-06T10:20Z,final,3,17105,Carol Young Suh Lee,2780,Zhu Lin,2780,6-4 4-6 6-1
179620,415-2026,Libéma Open,"'s-Hertogenbosch, Netherlands",20260606,A,Qualifying 1st Round,0,1,2026-06-06T10:55Z,final,3,8808,Hanne Vandewinkel,1913,Mona Barthel,8808,6-3 6-3
176190,227-2026,Lexus Birmingham Open,"Birmingham, Great Britain",20260530,A,Semifinal,11,0,2026-06-06T11:05Z,final,3,7759,Alexandra Eala,2984,Rebeka Masarova,7759,6-2 4-6 6-3
176191,227-2026,Lexus Birmingham Open,"Birmingham, Great Britain",20260530,A,Semifinal,11,0,2026-06-06T11:05Z,final,3,7804,Nikola Bartunkova,6724,Ashlyn Krueger,7804,6-4 7-6(7)
179617,415-2026,Libéma Open,"'s-Hertogenbosch, Netherlands",20260606,A,Qualifying 1st Round,0,1,2026-06-06T12:30Z,final,3,2916,Yuan Yue,6723,Robin Montgomery,6723,6-7(4) 7-6(1) 6-1
175588,172-2026,Roland Garros,"Paris, France",20260518,G,Final,13,0,2026-06-06T13:25Z,final,3,3417,Maja Chwalinska,9820,Mirra Andreeva,9820,6-3 6-2
177744,864-2026,Makarska Open,"Makarska, Croatia",20260602,A,Semifinal,11,0,2026-06-06T15:05Z,final,3,2929,Sara Sorribes Tormo,10501,Maria Timofeeva,10501,6-2 7-5
177745,864-2026,Makarska Open,"Makarska, Croatia",20260602,A,Semifinal,11,0,2026-06-06T15:05Z,final,3,5868,Elina Avanesyan,6769,Darja Semenistaja,6769,6-1 6-2
176263,897-2026,Open delle Puglie Trofeo,"Foggia, Italy",20260601,A,Semifinal,11,0,2026-06-06T15:50Z,final,3,14606,Tyra Caterina Grant,6259,Darya Astakhova,14606,6-2 6-3
176262,897-2026,Open delle Puglie Trofeo,"Foggia, Italy",20260601,A,Semifinal,11,0,2026-06-06T17:25Z,final,3,4666,Lucia Bronzetti,10676,Leyre Romero Gormaz,10676,6-4 6-1
179671,1066-2026,Memorial Eugenio Fontana,"Modena, Italy",20260607,A,Qualifying Final,0,1,2026-06-07T08:05Z,final,3,5746,Jazmin Ortenzi,16490,Viola Turini,5746,0-6 7-5 6-0
179623,415-2026,Libéma Open,"'s-Hertogenbosch, Netherlands",20260606,A,Qualifying Final,0,1,2026-06-07T09:05Z,final,3,8808,Hanne Vandewinkel,12958,Anouk Koevermans,8808,6-0 6-4
179625,415-2026,Libéma Open,"'s-Hertogenbosch, Netherlands",20260606,A,Qualifying Final,0,1,2026-06-07T09:05Z,final,3,10500,Ella Seidel,2910,Greet Minnen,2910,6-1 2-6 6-0
179636,997-2026,The HSBC Championships,"London, Great Britain",20260607,A,Qualifying 1st Round,0,1,2026-06-07T09:35Z,final,3,2747,Jodie Burrage,2902,Anna Blinkova,2902,6-1 6-3
179629,997-2026,The HSBC Championships,"London, Great Britain",20260607,A,Qualifying 1st Round,0,1,2026-06-07T09:40Z,final,3,2582,Priscilla Hon,6413,Polina Kudermetova,6413,4-6 6-4 6-3
179630,997-2026,The HSBC Championships,"London, Great Britain",20260607,A,Qualifying 1st Round,0,1,2026-06-07T09:40Z,final,3,6708,Talia Gibson,6570,Alina Charaeva,6570,6-2 7-6(6)
179637,997-2026,The HSBC Championships,"London, Great Britain",20260607,A,Qualifying 1st Round,0,1,2026-06-07T09:40Z,final,3,2040,Donna Vekic,5299,Carole Monnet,2040,6-3 6-4
179685,1015-2026,Lexus Ilkley Open,"Ilkley, Great Britain",20260607,A,Qualifying 1st Round,0,1,2026-06-07T10:05Z,final,3,3330,Harmony Tan,12959,Amelia Rajecki,3330,6-4 6-4
179686,1015-2026,Lexus Ilkley Open,"Ilkley, Great Britain",20260607,A,Qualifying 1st Round,0,1,2026-06-07T10:05Z,final,3,16488,Tegan Bush,2774,Emily Appleton,2774,3-6 6-1 6-2
179669,1066-2026,Memorial Eugenio Fontana,"Modena, Italy",20260607,A,Qualifying Final,0,1,2026-06-07T10:10Z,final,3,14710,Tiantsoa Rakotomanga Rajaonah,2692,Chloe Paquet,14710,6-2 5-7 6-3
179684,1015-2026,Lexus Ilkley Open,"Ilkley, Great Britain",20260607,A,Qualifying 1st Round,0,1,2026-06-07T10:15Z,final,3,14946,Elena Pridankina,10673,Ella McDonald,10673,1-6 6-1 6-4
179626,415-2026,Libéma Open,"'s-Hertogenbosch, Netherlands",20260606,A,Qualifying Final,0,1,2026-06-07T10:50Z,final,3,3746,Katie Volynets,2780,Zhu Lin,3746,6-7(4) 7-6(8) 6-1
179627,997-2026,The HSBC Championships,"London, Great Britain",20260607,A,Qualifying 1st Round,0,1,2026-06-07T11:00Z,final,3,1382,Heather Watson,2028,Beatriz Haddad Maia,1382,7-5 6-0
179628,997-2026,The HSBC Championships,"London, Great Britain",20260607,A,Qualifying 1st Round,0,1,2026-06-07T11:10Z,final,3,707,Zhang Shuai,13135,Hannah Klugman,707,6-2 4-6 6-4
179635,997-2026,The HSBC Championships,"London, Great Britain",20260607,A,Qualifying 1st Round,0,1,2026-06-07T11:25Z,final,3,6816,Antonia Ruzic,13530,Aoi Ito,6816,6-3 6-4
176218,227-2026,Lexus Birmingham Open,"Birmingham, Great Britain",20260530,A,Final,13,0,2026-06-07T11:30Z,final,3,7759,Alexandra Eala,7804,Nikola Bartunkova,7759,5-7 6-3 7-5
179682,1015-2026,Lexus Ilkley Open,"Ilkley, Great Britain",20260607,A,Qualifying 1st Round,0,1,2026-06-07T11:45Z,final,3,12837,Celine Naef,2543,Hiroko Kuwata,12837,6-1 6-4
179634,997-2026,The HSBC Championships,"London, Great Britain",20260607,A,Qualifying 1st Round,0,1,2026-06-07T12:00Z,final,3,2140,Storm Hunter,1809,Aliaksandra Sasnovich,2140,5-7 7-6(7) 7-6(4)
179683,1015-2026,Lexus Ilkley Open,"Ilkley, Great Britain",20260607,A,Qualifying 1st Round,0,1,2026-06-07T12:05Z,final,3,10870,Ranah Stoiber,18428,Victoria Allen,10870,6-3 6-4
179624,415-2026,Libéma Open,"'s-Hertogenbosch, Netherlands",20260606,A,Qualifying Final,0,1,2026-06-07T12:20Z,final,3,6723,Robin Montgomery,3705,Joanna Garland,6723,7-6(3) 6-3
179632,997-2026,The HSBC Championships,"London, Great Britain",20260607,A,Qualifying 1st Round,0,1,2026-06-07T12:20Z,final,3,2346,Tatjana Maria,4583,Yuriko Lily Miyazaki,2346,6-2 1-6 6-2
179681,1015-2026,Lexus Ilkley Open,"Ilkley, Great Britain",20260607,A,Qualifying 1st Round,0,1,2026-06-07T12:20Z,final,3,1844,Katy Dunne,3582,Momoko Kobori,3582,7-5 6-2
179689,1015-2026,Lexus Ilkley Open,"Ilkley, Great Britain",20260607,A,Qualifying 1st Round,0,1,2026-06-07T12:50Z,final,3,16495,Brooke Anna Black,2349,Tereza Martincova,2349,6-4 6-1
179638,997-2026,The HSBC Championships,"London, Great Britain",20260607,A,Qualifying 1st Round,0,1,2026-06-07T12:55Z,final,3,2584,Maddison Inglis,5309,Alycia Parks,2584,5-7 6-4 6-4
179633,997-2026,The HSBC Championships,"London, Great Britain",20260607,A,Qualifying 1st Round,0,1,2026-06-07T13:05Z,final,3,6061,Elsa Jacquemot,3149,Guo Hanyu,3149,6-2 4-6 6-4
179670,1066-2026,Memorial Eugenio Fontana,"Modena, Italy",20260607,A,Qualifying Final,0,1,2026-06-07T13:05Z,final,3,2035,Victoria Bosio,11602,Francesca Pace,2035,6-2 5-7 7-6(7)
179631,997-2026,The HSBC Championships,"London, Great Britain",20260607,A,Qualifying 1st Round,0,1,2026-06-07T14:15Z,final,3,2282,Ekaterine Gorgodze,3908,Kamilla Rakhimova,3908,6-2 6-3
179639,997-2026,The HSBC Championships,"London, Great Britain",20260607,A,Qualifying Final,0,1,2026-06-07T14:55Z,final,3,2040,Donna Vekic,2902,Anna Blinkova,2902,6-2 6-4
179688,1015-2026,Lexus Ilkley Open,"Ilkley, Great Britain",20260607,A,Qualifying 1st Round,0,1,2026-06-07T15:00Z,final,3,15341,Mariia Kozyreva,8393,Clervie Ngounoue,8393,7-6(1) 6-2
179687,1015-2026,Lexus Ilkley Open,"Ilkley, Great Britain",20260607,A,Qualifying 1st Round,0,1,2026-06-07T15:05Z,final,3,2403,Iryna Shymanovich,18443,Savannah Dada-Mascoll,2403,6-0 6-4
179680,1015-2026,Lexus Ilkley Open,"Ilkley, Great Britain",20260607,A,Qualifying 1st Round,0,1,2026-06-07T15:10Z,final,3,17702,Vendula Valdmannova,11555,Sayaka Ishii,17702,6-3 6-1
179642,997-2026,The HSBC Championships,"London, Great Britain",20260607,A,Qualifying Final,0,1,2026-06-07T15:20Z,final,3,6570,Alina Charaeva,6413,Polina Kudermetova,6413,6-3 4-6 6-4
179641,997-2026,The HSBC Championships,"London, Great Britain",20260607,A,Qualifying Final,0,1,2026-06-07T15:40Z,final,3,707,Zhang Shuai,1382,Heather Watson,707,6-3 6-4
179672,1066-2026,Memorial Eugenio Fontana,"Modena, Italy",20260607,A,Qualifying Final,0,1,2026-06-07T16:10Z,final,3,17102,Noemi Basiletti,12838,Beatrice Ricci,17102,6-2 1-6 6-0
176264,897-2026,Open delle Puglie Trofeo,"Foggia, Italy",20260601,A,Final,13,0,2026-06-07T16:35Z,final,3,10676,Leyre Romero Gormaz,14606,Tyra Caterina Grant,10676,7-5 0-6 6-2
179690,1015-2026,Lexus Ilkley Open,"Ilkley, Great Britain",20260607,A,Qualifying 1st Round,0,1,2026-06-07T16:35Z,final,3,8614,Kayla Cross,16608,Megan Knight,8614,6-1 6-1
179640,997-2026,The HSBC Championships,"London, Great Britain",20260607,A,Qualifying Final,0,1,2026-06-07T16:40Z,final,3,6816,Antonia Ruzic,2140,Storm Hunter,6816,6-3 4-6 7-5
179643,997-2026,The HSBC Championships,"London, Great Britain",20260607,A,Qualifying Final,0,1,2026-06-07T17:10Z,final,3,2346,Tatjana Maria,3908,Kamilla Rakhimova,2346,6-4 6-3
179644,997-2026,The HSBC Championships,"London, Great Britain",20260607,A,Qualifying Final,0,1,2026-06-07T17:20Z,final,3,3149,Guo Hanyu,2584,Maddison Inglis,2584,6-3 2-6 6-2
177746,864-2026,Makarska Open,"Makarska, Croatia",20260602,A,Final,13,0,2026-06-07T18:05Z,final,3,6769,Darja Semenistaja,10501,Maria Timofeeva,10501,6-2 6-3
177816,415-2026,Libéma Open,"'s-Hertogenbosch, Netherlands",20260606,A,Round 1,1,0,2026-06-08T09:05Z,final,3,3182,Ekaterina Alexandrova,3000,Panna Udvardy,3000,6-4 7-6(5)
177818,415-2026,Libéma Open,"'s-Hertogenbosch, Netherlands",20260606,A,Round 1,1,0,2026-06-08T09:05Z,final,3,1649,Magda Linette,2588,Kimberly Birrell,1649,2-6 6-1 6-2
177765,1066-2026,Memorial Eugenio Fontana,"Modena, Italy",20260607,A,Round 1,1,0,2026-06-08T10:35Z,final,3,3155,Wang Xiyu,15069,Laura Samson,15069,7-6(3) 7-5
179679,1015-2026,Lexus Ilkley Open,"Ilkley, Great Britain",20260607,A,Qualifying 1st Round,0,1,2026-06-08T10:50Z,final,3,18444,Edie Griffiths,2551,Naiktha Bains,18444,2-6 7-6(9) 7-5
177820,415-2026,Libéma Open,"'s-Hertogenbosch, Netherlands",20260606,A,Round 1,1,0,2026-06-08T10:55Z,final,3,2191,Daria Kasatkina,6723,Robin Montgomery,6723,5-7 6-0 6-4
179676,1015-2026,Lexus Ilkley Open,"Ilkley, Great Britain",20260607,A,Qualifying Final,0,1,2026-06-08T10:55Z,final,3,10673,Ella McDonald,10870,Ranah Stoiber,10673,6-2 6-4
177817,415-2026,Libéma Open,"'s-Hertogenbosch, Netherlands",20260606,A,Round 1,1,0,2026-06-08T11:00Z,final,3,2979,Bianca Andreescu,2221,Elise Mertens,2221,6-1 6-2
179675,1015-2026,Lexus Ilkley Open,"Ilkley, Great Britain",20260607,A,Qualifying Final,0,1,2026-06-08T12:25Z,final,3,8614,Kayla Cross,2349,Tereza Martincova,2349,6-3 6-4
179678,1015-2026,Lexus Ilkley Open,"Ilkley, Great Britain",20260607,A,Qualifying Final,0,1,2026-06-08T12:30Z,final,3,3330,Harmony Tan,2774,Emily Appleton,3330,7-5 6-3
177814,415-2026,Libéma Open,"'s-Hertogenbosch, Netherlands",20260606,A,Round 1,1,0,2026-06-08T12:35Z,final,3,5941,Daria Snigur,2731,Paula Badosa,5941,6-1 7-6(2)
179677,1015-2026,Lexus Ilkley Open,"Ilkley, Great Britain",20260607,A,Qualifying Final,0,1,2026-06-08T13:05Z,final,3,12837,Celine Naef,3582,Momoko Kobori,12837,7-5 7-5
177772,1066-2026,Memorial Eugenio Fontana,"Modena, Italy",20260607,A,Round 1,1,0,2026-06-08T13:10Z,final,3,14460,Kaitlin Quevedo,5746,Jazmin Ortenzi,14460,6-3 6-4
177909,1015-2026,Lexus Ilkley Open,"Ilkley, Great Britain",20260607,A,Round 1,1,0,2026-06-08T13:45Z,final,3,10831,Alicia Dudeney,11317,Himeno Sakatsume,10831,6-4 6-3
177850,997-2026,The HSBC Championships,"London, Great Britain",20260607,A,Round 1,1,0,2026-06-08T13:55Z,final,3,740,Karolina Pliskova,5528,McCartney Kessler,740,6-7(1) 6-3 6-4
177854,997-2026,The HSBC Championships,"London, Great Britain",20260607,A,Round 1,1,0,2026-06-08T13:55Z,final,3,6048,Zheng Qinwen,2737,Jaqueline Cristian,2737,6-4 7-6(4)
177868,997-2026,The HSBC Championships,"London, Great Britain",20260607,A,Round 1,1,0,2026-06-08T13:55Z,final,3,2200,Harriet Dart,3840,Liudmila Samsonova,2200,5-7 6-4 6-3
179674,1015-2026,Lexus Ilkley Open,"Ilkley, Great Britain",20260607,A,Qualifying Final,0,1,2026-06-08T14:05Z,final,3,17702,Vendula Valdmannova,18444,Edie Griffiths,17702,6-2 6-2
177809,415-2026,Libéma Open,"'s-Hertogenbosch, Netherlands",20260606,A,Round 1,1,0,2026-06-08T14:15Z,final,3,16296,Mia Pohankova,3792,Clara Tauson,16296,6-4 6-4
177774,1066-2026,Memorial Eugenio Fontana,"Modena, Italy",20260607,A,Round 1,1,0,2026-06-08T14:35Z,final,3,7849,Noma Noha Akugue,14710,Tiantsoa Rakotomanga Rajaonah,7849,6-4 6-4
179673,1015-2026,Lexus Ilkley Open,"Ilkley, Great Britain",20260607,A,Qualifying Final,0,1,2026-06-08T15:05Z,final,3,2403,Iryna Shymanovich,8393,Clervie Ngounoue,2403,6-3 6-3
177914,1015-2026,Lexus Ilkley Open,"Ilkley, Great Britain",20260607,A,Round 1,1,0,2026-06-08T15:25Z,final,3,7927,Linda Klimovicova,7797,Sinja Kraus,7797,6-2 6-3
177775,1066-2026,Memorial Eugenio Fontana,"Modena, Italy",20260607,A,Round 1,1,0,2026-06-08T16:00Z,final,3,1374,Martina Trevisan,13529,Jennifer Ruggeri,1374,6-0 6-3
177767,1066-2026,Memorial Eugenio Fontana,"Modena, Italy",20260607,A,Round 1,1,0,2026-06-08T16:15Z,final,3,15755,Jeline Vandromme,4676,Angela Fita Boluda,15755,6-4 6-3
177913,1015-2026,Lexus Ilkley Open,"Ilkley, Great Britain",20260607,A,Round 1,1,0,2026-06-08T16:30Z,final,3,2458,Viktorija Golubic,18448,Daniella Britton,2458,6-3 6-3
177911,1015-2026,Lexus Ilkley Open,"Ilkley, Great Britain",20260607,A,Round 1,1,0,2026-06-08T17:00Z,final,3,14080,Veronika Podrez,12846,Tatiana Prozorova,12846,6-4 6-2
177910,1015-2026,Lexus Ilkley Open,"Ilkley, Great Britain",20260607,A,Round 1,1,0,2026-06-08T17:25Z,final,3,5613,Mananchaya Sawangkaew,9917,Akasha Urhobo,9917,7-6(3) 6-0
177777,1066-2026,Memorial Eugenio Fontana,"Modena, Italy",20260607,A,Round 1,1,0,2026-06-08T18:30Z,final,3,3889,Katarzyna Kawa,8411,Lisa Pigato,3889,6-4 6-4
177810,415-2026,Libéma Open,"'s-Hertogenbosch, Netherlands",20260606,A,Round 1,1,0,2026-06-09T09:50Z,final,3,3142,Dayana Yastremska,7819,Sara Bejlek,3142,6-1 6-2
177821,415-2026,Libéma Open,"'s-Hertogenbosch, Netherlands",20260606,A,Round 1,1,0,2026-06-09T09:55Z,final,3,3746,Katie Volynets,5604,Zeynep Sonmez,5604,6-3 2-6 6-3
177800,415-2026,Libéma Open,"'s-Hertogenbosch, Netherlands",20260606,A,Round 1,1,0,2026-06-09T10:00Z,final,3,2910,Greet Minnen,6368,Janice Tjen,2910,7-6(4) 6-1
177848,997-2026,The HSBC Championships,"London, Great Britain",20260607,A,Round 1,1,0,2026-06-09T10:05Z,final,3,1774,Sorana Cirstea,2584,Maddison Inglis,1774,6-4 5-7 6-2
177754,1066-2026,Memorial Eugenio Fontana,"Modena, Italy",20260607,A,Round 1,1,0,2026-06-09T11:05Z,final,3,8690,Marina Bassols Ribera,6769,Darja Semenistaja,6769,6-3 2-6 7-5
177776,1066-2026,Memorial Eugenio Fontana,"Modena, Italy",20260607,A,Round 1,1,0,2026-06-09T11:05Z,final,3,3034,Tamara Zidansek,11603,Federica Urgesi,3034,7-5 6-0
177866,997-2026,The HSBC Championships,"London, Great Britain",20260607,A,Round 1,1,0,2026-06-09T11:10Z,final,3,3398,Emma Raducanu,2902,Anna Blinkova,3398,6-0 6-3
177865,997-2026,The HSBC Championships,"London, Great Britain",20260607,A,Round 1,1,0,2026-06-09T11:15Z,final,3,14311,Iva Jovic,6816,Antonia Ruzic,14311,6-3 6-4
177907,1015-2026,Lexus Ilkley Open,"Ilkley, Great Britain",20260607,A,Round 1,1,0,2026-06-09T11:15Z,final,3,9169,Alina Korneeva,12837,Celine Naef,12837,6-4 7-5
177823,415-2026,Libéma Open,"'s-Hertogenbosch, Netherlands",20260606,A,Round 1,1,0,2026-06-09T11:25Z,final,3,2042,Barbora Krejcikova,2751,Renata Zarazua,2042,6-1 6-2
177894,1015-2026,Lexus Ilkley Open,"Ilkley, Great Britain",20260607,A,Round 1,1,0,2026-06-09T11:50Z,final,3,2974,Kayla Day,13479,Mary Stoiana,13479,7-5 6-4
177899,1015-2026,Lexus Ilkley Open,"Ilkley, Great Britain",20260607,A,Round 1,1,0,2026-06-09T11:50Z,final,3,8067,Lucrezia Stefanini,17702,Vendula Valdmannova,8067,6-4 6-3
177781,1066-2026,Memorial Eugenio Fontana,"Modena, Italy",20260607,A,Round 1,1,0,2026-06-09T12:00Z,final,3,7436,Dominika Salkova,5161,Alice Tubello,7436,6-1 3-6 6-4
177802,415-2026,Libéma Open,"'s-Hertogenbosch, Netherlands",20260606,A,Round 1,1,0,2026-06-09T12:05Z,final,3,3040,Tamara Korpatsch,2748,Elena-Gabriela Ruse,2748,6-4 7-6(5)
177855,997-2026,The HSBC Championships,"London, Great Britain",20260607,A,Round 1,1,0,2026-06-09T13:00Z,final,3,2054,Katie Boulter,3641,Leylah Fernandez,2054,3-6 7-6(4) 7-5
177770,1066-2026,Memorial Eugenio Fontana,"Modena, Italy",20260607,A,Round 1,1,0,2026-06-09T13:05Z,final,3,12315,Gao Xinyu,4666,Lucia Bronzetti,4666,4-6 6-3 6-1
177902,1015-2026,Lexus Ilkley Open,"Ilkley, Great Britain",20260607,A,Round 1,1,0,2026-06-09T13:20Z,final,3,5937,Elvina Kalieva,6724,Ashlyn Krueger,6724,6-2 6-2
177892,1015-2026,Lexus Ilkley Open,"Ilkley, Great Britain",20260607,A,Round 1,1,0,2026-06-09T13:40Z,final,3,8495,Lulu Sun,10673,Ella McDonald,8495,2-6 6-2 6-2
177856,997-2026,The HSBC Championships,"London, Great Britain",20260607,A,Round 1,1,0,2026-06-09T13:45Z,final,3,1881,Laura Siegemund,7815,Francesca Jones,1881,6-2 6-3
177771,1066-2026,Memorial Eugenio Fontana,"Modena, Italy",20260607,A,Round 1,1,0,2026-06-09T13:55Z,final,3,2035,Victoria Bosio,5168,Nuria Brancaccio,5168,6-4 7-5
177904,1015-2026,Lexus Ilkley Open,"Ilkley, Great Britain",20260607,A,Round 1,1,0,2026-06-09T13:55Z,final,3,6488,Darja Vidmanova,6929,Linda Fruhvirtova,6488,6-7(6) 7-6(10) 6-2
177779,1066-2026,Memorial Eugenio Fontana,"Modena, Italy",20260607,A,Round 1,1,0,2026-06-09T14:25Z,final,3,10676,Leyre Romero Gormaz,2603,You Xiaodi,10676,6-4 6-1
177860,997-2026,The HSBC Championships,"London, Great Britain",20260607,A,Round 1,1,0,2026-06-09T14:25Z,final,3,707,Zhang Shuai,7759,Alexandra Eala,7759,6-3 6-2
177864,997-2026,The HSBC Championships,"London, Great Britain",20260607,A,Round 1,1,0,2026-06-09T15:00Z,final,3,3018,Maria Sakkari,2346,Tatjana Maria,2346,6-3 6-3
177852,997-2026,The HSBC Championships,"London, Great Britain",20260607,A,Round 1,1,0,2026-06-09T15:35Z,final,3,2392,Marie Bouzkova,6413,Polina Kudermetova,2392,6-0 6-3
177773,1066-2026,Memorial Eugenio Fontana,"Modena, Italy",20260607,A,Round 1,1,0,2026-06-09T15:50Z,final,3,4291,Andrea Lazaro Garcia,2599,Julia Grabher,2599,6-4 6-2
177846,997-2026,The HSBC Championships,"London, Great Britain",20260607,A,Round 1,1,0,2026-06-09T15:55Z,final,3,14877,Mika Stojsavljevic,2040,Donna Vekic,2040,6-2 6-3
177778,1066-2026,Memorial Eugenio Fontana,"Modena, Italy",20260607,A,Round 1,1,0,2026-06-09T16:00Z,final,3,13046,Giorgia Pedone,2179,Mayar Sherif,2179,6-2 6-0
177759,1066-2026,Memorial Eugenio Fontana,"Modena, Italy",20260607,A,Round 1,1,0,2026-06-09T17:35Z,final,3,7778,Victoria Jimenez Kasintseva,3909,Jessica Pieri,7778,6-2 6-4
177757,1066-2026,Memorial Eugenio Fontana,"Modena, Italy",20260607,A,Round 1,1,0,2026-06-09T18:35Z,final,3,17102,Noemi Basiletti,423,Varvara Lepchenko,423,6-2 6-3
177806,415-2026,Libéma Open,"'s-Hertogenbosch, Netherlands",20260606,A,Round 1,1,0,2026-06-10T09:05Z,final,3,6403,Lois Boisson,6500,Solana Sierra,6500,6-4 5-7 6-3
177815,415-2026,Libéma Open,"'s-Hertogenbosch, Netherlands",20260606,A,Round 1,1,0,2026-06-10T09:05Z,final,3,2971,Anastasia Potapova,5057,Suzan Lamens,2971,6-7(5) 6-4 6-4
177763,1066-2026,Memorial Eugenio Fontana,"Modena, Italy",20260607,A,Round 2,2,0,2026-06-10T10:05Z,final,3,7849,Noma Noha Akugue,3889,Katarzyna Kawa,3889,7-6(4) 6-1
177863,997-2026,The HSBC Championships,"London, Great Britain",20260607,A,Round 2,2,0,2026-06-10T10:40Z,final,3,14311,Iva Jovic,7759,Alexandra Eala,14311,6-2 6-2
177760,1066-2026,Memorial Eugenio Fontana,"Modena, Italy",20260607,A,Round 2,2,0,2026-06-10T12:05Z,final,3,14460,Kaitlin Quevedo,15755,Jeline Vandromme,14460,6-3 3-6 6-4
177859,997-2026,The HSBC Championships,"London, Great Britain",20260607,A,Round 2,2,0,2026-06-10T12:10Z,final,3,1881,Laura Siegemund,3221,Amanda Anisimova,3221,6-1 6-3
177804,415-2026,Libéma Open,"'s-Hertogenbosch, Netherlands",20260606,A,Round 1,1,0,2026-06-10T12:50Z,final,3,7804,Nikola Bartunkova,8808,Hanne Vandewinkel,8808,4-6 7-6(5) 7-5
177812,415-2026,Libéma Open,"'s-Hertogenbosch, Netherlands",20260606,A,Round 1,1,0,2026-06-10T12:50Z,final,3,6059,Jessica Bouzas Maneiro,1549,Ajla Tomljanovic,1549,6-3 6-1
177808,415-2026,Libéma Open,"'s-Hertogenbosch, Netherlands",20260606,A,Round 1,1,0,2026-06-10T13:05Z,final,3,3785,Emma Navarro,3223,Catherine McNally,3223,4-6 6-0 6-4
177897,1015-2026,Lexus Ilkley Open,"Ilkley, Great Britain",20260607,A,Round 1,1,0,2026-06-10T13:05Z,final,3,12287,Emerson Jones,2764,Dalma Galfi,2764,7-6(6) 6-7(2) 7-5
177758,1066-2026,Memorial Eugenio Fontana,"Modena, Italy",20260607,A,Round 2,2,0,2026-06-10T14:05Z,final,3,15069,Laura Samson,6769,Darja Semenistaja,15069,6-2 7-5
177847,997-2026,The HSBC Championships,"London, Great Britain",20260607,A,Round 2,2,0,2026-06-10T14:35Z,ret,3,11219,Victoria Mboko,740,Karolina Pliskova,740,6-2 3-4 RET
177764,1066-2026,Memorial Eugenio Fontana,"Modena, Italy",20260607,A,Round 2,2,0,2026-06-10T14:50Z,final,3,7436,Dominika Salkova,1374,Martina Trevisan,7436,6-1 7-6(5)
177901,1015-2026,Lexus Ilkley Open,"Ilkley, Great Britain",20260607,A,Round 1,1,0,2026-06-10T15:05Z,final,3,10871,Mimi Xu,1955,Elizabeth Mandlik,1955,4-6 6-4 6-1
177905,1015-2026,Lexus Ilkley Open,"Ilkley, Great Britain",20260607,A,Round 1,1,0,2026-06-10T15:25Z,final,3,2403,Iryna Shymanovich,6953,Lanlana Tararudee,6953,7-6(6) 7-6(5)
177903,1015-2026,Lexus Ilkley Open,"Ilkley, Great Britain",20260607,A,Round 1,1,0,2026-06-10T15:45Z,final,3,7672,Taylah Preston,3330,Harmony Tan,3330,4-6 6-3 6-1
177906,1015-2026,Lexus Ilkley Open,"Ilkley, Great Britain",20260607,A,Round 1,1,0,2026-06-10T16:00Z,final,3,2349,Tereza Martincova,2752,Katie Swan,2752,7-5 6-2
177803,415-2026,Libéma Open,"'s-Hertogenbosch, Netherlands",20260606,A,Round 2,2,0,2026-06-11T09:05Z,final,3,2748,Elena-Gabriela Ruse,2221,Elise Mertens,2748,6-3 6-3
177813,415-2026,Libéma Open,"'s-Hertogenbosch, Netherlands",20260606,A,Round 2,2,0,2026-06-11T09:05Z,final,3,6723,Robin Montgomery,2910,Greet Minnen,6723,6-4 7-6(4)
177819,415-2026,Libéma Open,"'s-Hertogenbosch, Netherlands",20260606,A,Round 2,2,0,2026-06-11T09:05Z,ret,3,2971,Anastasia Potapova,5604,Zeynep Sonmez,5604,6-1 2-0 RET
177822,415-2026,Libéma Open,"'s-Hertogenbosch, Netherlands",20260606,A,Round 2,2,0,2026-06-11T10:15Z,final,3,1649,Magda Linette,16296,Mia Pohankova,1649,6-2 6-2
177761,1066-2026,Memorial Eugenio Fontana,"Modena, Italy",20260607,A,Round 2,2,0,2026-06-11T11:05Z,final,3,10676,Leyre Romero Gormaz,2179,Mayar Sherif,10676,6-4 6-2
177807,415-2026,Libéma Open,"'s-Hertogenbosch, Netherlands",20260606,A,Round 2,2,0,2026-06-11T11:20Z,final,3,3000,Panna Udvardy,5941,Daria Snigur,5941,6-4 3-6 6-4
177805,415-2026,Libéma Open,"'s-Hertogenbosch, Netherlands",20260606,A,Round 2,2,0,2026-06-11T11:50Z,final,3,2042,Barbora Krejcikova,8808,Hanne Vandewinkel,2042,6-1 6-4
177756,1066-2026,Memorial Eugenio Fontana,"Modena, Italy",20260607,A,Round 2,2,0,2026-06-11T13:05Z,final,3,3034,Tamara Zidansek,5168,Nuria Brancaccio,5168,6-2 6-2
177762,1066-2026,Memorial Eugenio Fontana,"Modena, Italy",20260607,A,Round 2,2,0,2026-06-11T16:05Z,final,3,7778,Victoria Jimenez Kasintseva,423,Varvara Lepchenko,7778,6-2 6-2
177755,1066-2026,Memorial Eugenio Fontana,"Modena, Italy",20260607,A,Round 2,2,0,2026-06-11T18:35Z,final,3,4666,Lucia Bronzetti,2599,Julia Grabher,4666,7-6(6) 7-6(4)
177811,415-2026,Libéma Open,"'s-Hertogenbosch, Netherlands",20260606,A,Round 2,2,0,2026-06-12T09:05Z,final,3,3223,Catherine McNally,6500,Solana Sierra,3223,6-4 6-3
177824,415-2026,Libéma Open,"'s-Hertogenbosch, Netherlands",20260606,A,Quarterfinal,10,0,2026-06-12T09:10Z,final,3,2042,Barbora Krejcikova,2748,Elena-Gabriela Ruse,2042,6-1 6-2
177851,997-2026,The HSBC Championships,"London, Great Britain",20260607,A,Round 2,2,0,2026-06-12T10:05Z,final,3,3126,Elena Rybakina,2346,Tatjana Maria,3126,6-7(4) 7-5 6-0
177853,997-2026,The HSBC Championships,"London, Great Britain",20260607,A,Round 2,2,0,2026-06-12T10:05Z,final,3,2737,Jaqueline Cristian,2054,Katie Boulter,2054,6-1 6-3
177849,997-2026,The HSBC Championships,"London, Great Britain",20260607,A,Round 2,2,0,2026-06-12T10:10Z,final,3,2392,Marie Bouzkova,2040,Donna Vekic,2040,7-6(9) 6-3
177766,1066-2026,Memorial Eugenio Fontana,"Modena, Italy",20260607,A,Quarterfinal,10,0,2026-06-12T11:05Z,final,3,7436,Dominika Salkova,3889,Katarzyna Kawa,3889,6-1 6-1
177869,997-2026,The HSBC Championships,"London, Great Britain",20260607,A,Round 2,2,0,2026-06-12T11:30Z,final,3,2200,Harriet Dart,3908,Kamilla Rakhimova,3908,5-7 6-1 7-5
177801,415-2026,Libéma Open,"'s-Hertogenbosch, Netherlands",20260606,A,Round 2,2,0,2026-06-12T11:50Z,final,3,1549,Ajla Tomljanovic,3142,Dayana Yastremska,1549,4-6 6-4 7-5
177895,1015-2026,Lexus Ilkley Open,"Ilkley, Great Britain",20260607,A,Round 2,2,0,2026-06-12T12:05Z,final,3,8495,Lulu Sun,13479,Mary Stoiana,13479,6-2 6-3
177912,1015-2026,Lexus Ilkley Open,"Ilkley, Great Britain",20260607,A,Round 2,2,0,2026-06-12T12:05Z,final,3,12846,Tatiana Prozorova,7797,Sinja Kraus,12846,6-4 6-3
177780,1066-2026,Memorial Eugenio Fontana,"Modena, Italy",20260607,A,Quarterfinal,10,0,2026-06-12T12:20Z,final,3,7778,Victoria Jimenez Kasintseva,10676,Leyre Romero Gormaz,7778,6-3 7-6(3)
177867,997-2026,The HSBC Championships,"London, Great Britain",20260607,A,Round 2,2,0,2026-06-12T12:35Z,final,3,1774,Sorana Cirstea,3398,Emma Raducanu,3398,6-4 6-2
177825,415-2026,Libéma Open,"'s-Hertogenbosch, Netherlands",20260606,A,Quarterfinal,10,0,2026-06-12T12:55Z,final,3,5604,Zeynep Sonmez,1649,Magda Linette,1649,6-4 6-2
177896,1015-2026,Lexus Ilkley Open,"Ilkley, Great Britain",20260607,A,Round 2,2,0,2026-06-12T13:05Z,final,3,10831,Alicia Dudeney,6724,Ashlyn Krueger,6724,6-4 3-6 6-2
177900,1015-2026,Lexus Ilkley Open,"Ilkley, Great Britain",20260607,A,Round 2,2,0,2026-06-12T13:05Z,final,3,2458,Viktorija Golubic,2752,Katie Swan,2752,6-4 7-6(5)
177893,1015-2026,Lexus Ilkley Open,"Ilkley, Great Britain",20260607,A,Round 2,2,0,2026-06-12T13:20Z,final,3,1955,Elizabeth Mandlik,2764,Dalma Galfi,1955,6-4 6-4
177898,1015-2026,Lexus Ilkley Open,"Ilkley, Great Britain",20260607,A,Round 2,2,0,2026-06-12T13:40Z,final,3,6488,Darja Vidmanova,8067,Lucrezia Stefanini,6488,6-2 6-1
177870,997-2026,The HSBC Championships,"London, Great Britain",20260607,A,Quarterfinal,10,0,2026-06-12T14:20Z,final,3,14311,Iva Jovic,3221,Amanda Anisimova,14311,6-2 3-6 6-3
177826,415-2026,Libéma Open,"'s-Hertogenbosch, Netherlands",20260606,A,Quarterfinal,10,0,2026-06-12T14:25Z,final,3,5941,Daria Snigur,6723,Robin Montgomery,6723,6-4 6-4
177871,997-2026,The HSBC Championships,"London, Great Britain",20260607,A,Quarterfinal,10,0,2026-06-12T14:40Z,final,3,740,Karolina Pliskova,2040,Donna Vekic,2040,6-4 4-6 6-3
177915,1015-2026,Lexus Ilkley Open,"Ilkley, Great Britain",20260607,A,Round 2,2,0,2026-06-12T14:50Z,final,3,12837,Celine Naef,9917,Akasha Urhobo,12837,6-3 6-4
177908,1015-2026,Lexus Ilkley Open,"Ilkley, Great Britain",20260607,A,Round 2,2,0,2026-06-12T14:55Z,final,3,3330,Harmony Tan,6953,Lanlana Tararudee,3330,6-2 7-6(3)
177918,1015-2026,Lexus Ilkley Open,"Ilkley, Great Britain",20260607,A,Quarterfinal,10,0,2026-06-12T15:50Z,final,3,13479,Mary Stoiana,12846,Tatiana Prozorova,13479,7-5 6-1
177769,1066-2026,Memorial Eugenio Fontana,"Modena, Italy",20260607,A,Quarterfinal,10,0,2026-06-12T16:30Z,final,3,5168,Nuria Brancaccio,4666,Lucia Bronzetti,4666,6-4 6-2
177917,1015-2026,Lexus Ilkley Open,"Ilkley, Great Britain",20260607,A,Quarterfinal,10,0,2026-06-12T16:30Z,final,3,6488,Darja Vidmanova,1955,Elizabeth Mandlik,6488,6-7(2) 6-3 7-6(2)
177873,997-2026,The HSBC Championships,"London, Great Britain",20260607,A,Quarterfinal,10,0,2026-06-12T16:55Z,final,3,3126,Elena Rybakina,2054,Katie Boulter,2054,7-5 2-6 6-4
177919,1015-2026,Lexus Ilkley Open,"Ilkley, Great Britain",20260607,A,Quarterfinal,10,0,2026-06-12T17:15Z,ret,3,2752,Katie Swan,6724,Ashlyn Krueger,6724,6-1 RET
177916,1015-2026,Lexus Ilkley Open,"Ilkley, Great Britain",20260607,A,Quarterfinal,10,0,2026-06-12T17:40Z,final,3,12837,Celine Naef,3330,Harmony Tan,12837,7-6(6) 6-3
177768,1066-2026,Memorial Eugenio Fontana,"Modena, Italy",20260607,A,Quarterfinal,10,0,2026-06-12T18:35Z,final,3,14460,Kaitlin Quevedo,15069,Laura Samson,15069,6-3 6-4
177827,415-2026,Libéma Open,"'s-Hertogenbosch, Netherlands",20260606,A,Quarterfinal,10,0,2026-06-13T09:05Z,final,3,3223,Catherine McNally,1549,Ajla Tomljanovic,1549,6-4 6-4
177829,415-2026,Libéma Open,"'s-Hertogenbosch, Netherlands",20260606,A,Semifinal,11,0,2026-06-13T09:05Z,final,3,2042,Barbora Krejcikova,1649,Magda Linette,2042,6-3 7-6(4)
179693,635-2026,VANDA Pharmaceuticals Berlin Tennis Open,"Berlin, Germany",20260613,A,Qualifying 1st Round,0,1,2026-06-13T09:05Z,final,3,2984,Rebeka Masarova,7849,Noma Noha Akugue,2984,4-6 6-1 6-2
179699,635-2026,VANDA Pharmaceuticals Berlin Tennis Open,"Berlin, Germany",20260613,A,Qualifying 1st Round,0,1,2026-06-13T09:05Z,final,3,2672,Magdalena Frech,1809,Aliaksandra Sasnovich,2672,6-7(3) 6-4 7-6(4)
179702,635-2026,VANDA Pharmaceuticals Berlin Tennis Open,"Berlin, Germany",20260613,A,Qualifying 1st Round,0,1,2026-06-13T09:05Z,final,3,18476,Milena Steinkamp,707,Zhang Shuai,707,6-3 6-2
179717,866-2026,Lexus Nottingham Open,"Nottingham, Great Britain",20260613,A,Qualifying 1st Round,0,1,2026-06-13T10:10Z,final,3,3184,Emiliana Arango,2734,Anna Bondar,2734,6-3 6-4
179695,635-2026,VANDA Pharmaceuticals Berlin Tennis Open,"Berlin, Germany",20260613,A,Qualifying 1st Round,0,1,2026-06-13T10:15Z,final,3,16296,Mia Pohankova,3040,Tamara Korpatsch,16296,6-2 7-6(1)
179715,866-2026,Lexus Nottingham Open,"Nottingham, Great Britain",20260613,A,Qualifying 1st Round,0,1,2026-06-13T10:35Z,final,3,10871,Mimi Xu,2588,Kimberly Birrell,2588,6-2 6-3
177872,997-2026,The HSBC Championships,"London, Great Britain",20260607,A,Quarterfinal,10,0,2026-06-13T11:35Z,final,3,3398,Emma Raducanu,3908,Kamilla Rakhimova,3398,6-3 7-5
179710,866-2026,Lexus Nottingham Open,"Nottingham, Great Britain",20260613,A,Qualifying 1st Round,0,1,2026-06-13T11:45Z,final,3,6816,Antonia Ruzic,3133,Kaja Juvan,6816,6-3 6-4
179719,866-2026,Lexus Nottingham Open,"Nottingham, Great Britain",20260613,A,Qualifying 1st Round,0,1,2026-06-13T11:50Z,final,3,13135,Hannah Klugman,5775,Anastasia Zakharova,13135,7-6(5) 6-2
177920,1015-2026,Lexus Ilkley Open,"Ilkley, Great Britain",20260607,A,Semifinal,11,0,2026-06-13T12:10Z,final,3,6724,Ashlyn Krueger,6488,Darja Vidmanova,6724,6-4 3-6 6-4
179714,866-2026,Lexus Nottingham Open,"Nottingham, Great Britain",20260613,A,Qualifying 1st Round,0,1,2026-06-13T12:10Z,final,3,2191,Daria Kasatkina,2902,Anna Blinkova,2902,6-3 6-2
177828,415-2026,Libéma Open,"'s-Hertogenbosch, Netherlands",20260606,A,Semifinal,11,0,2026-06-13T12:20Z,final,3,6723,Robin Montgomery,1549,Ajla Tomljanovic,6723,6-4 6-2
179713,866-2026,Lexus Nottingham Open,"Nottingham, Great Britain",20260613,A,Qualifying 1st Round,0,1,2026-06-13T13:40Z,final,3,3000,Panna Udvardy,3746,Katie Volynets,3746,7-5 6-2
177875,997-2026,The HSBC Championships,"London, Great Britain",20260607,A,Semifinal,11,0,2026-06-13T13:50Z,final,3,2054,Katie Boulter,2040,Donna Vekic,2040,6-1 6-3
177936,1015-2026,Lexus Ilkley Open,"Ilkley, Great Britain",20260607,A,Semifinal,11,0,2026-06-13T14:20Z,final,3,13479,Mary Stoiana,12837,Celine Naef,12837,1-6 6-3 6-4
179712,866-2026,Lexus Nottingham Open,"Nottingham, Great Britain",20260613,A,Qualifying 1st Round,0,1,2026-06-13T15:45Z,final,3,11317,Himeno Sakatsume,14877,Mika Stojsavljevic,11317,6-2 7-6(2)
177874,997-2026,The HSBC Championships,"London, Great Britain",20260607,A,Semifinal,11,0,2026-06-13T16:20Z,final,3,3398,Emma Raducanu,14311,Iva Jovic,3398,6-2 6-2
177783,1066-2026,Memorial Eugenio Fontana,"Modena, Italy",20260607,A,Semifinal,11,0,2026-06-13T16:30Z,final,3,7778,Victoria Jimenez Kasintseva,3889,Katarzyna Kawa,3889,2-6 6-4 6-3
179711,866-2026,Lexus Nottingham Open,"Nottingham, Great Britain",20260613,A,Qualifying 1st Round,0,1,2026-06-13T16:30Z,final,3,10831,Alicia Dudeney,1802,Yulia Putintseva,10831,6-1 6-3
179718,866-2026,Lexus Nottingham Open,"Nottingham, Great Britain",20260613,A,Qualifying 1st Round,0,1,2026-06-13T16:30Z,final,3,2458,Viktorija Golubic,5878,Veronika Erjavec,2458,5-7 7-5 6-4
179709,866-2026,Lexus Nottingham Open,"Nottingham, Great Britain",20260613,A,Qualifying 1st Round,0,1,2026-06-13T17:45Z,final,3,6571,Oksana Selekhmeteva,7672,Taylah Preston,7672,6-4 6-3
179716,866-2026,Lexus Nottingham Open,"Nottingham, Great Britain",20260613,A,Qualifying 1st Round,0,1,2026-06-13T18:20Z,final,3,5604,Zeynep Sonmez,6953,Lanlana Tararudee,5604,6-4 6-0
177782,1066-2026,Memorial Eugenio Fontana,"Modena, Italy",20260607,A,Semifinal,11,0,2026-06-13T19:15Z,final,3,4666,Lucia Bronzetti,15069,Laura Samson,4666,7-6(3) 6-1
179752,1065-2026,Internazionali Femminili Di Brescia,"Brescia, Italy",20260614,A,Qualifying 1st Round,0,1,2026-06-14T08:35Z,final,3,13529,Jennifer Ruggeri,16394,Yelyzaveta Kotliar,13529,5-7 6-2 6-4
179754,1065-2026,Internazionali Femminili Di Brescia,"Brescia, Italy",20260614,A,Qualifying 1st Round,0,1,2026-06-14T08:35Z,final,3,3215,Tatiana Pieri,11455,Diletta Cherubini,3215,6-1 6-7(4) 6-3
179768,1070-2026,Figueira Da Foz Ladies Open,"Figueira Da Foz, Portugal",20260614,A,Qualifying 1st Round,0,1,2026-06-14T09:00Z,final,3,18499,Polina Isakova,4852,Anastasia Kulikova,4852,6-3 6-0
179771,1070-2026,Figueira Da Foz Ladies Open,"Figueira Da Foz, Portugal",20260614,A,Qualifying 1st Round,0,1,2026-06-14T09:05Z,final,3,10677,Carmen Lopez Martinez,3582,Momoko Kobori,3582,6-1 6-0
177840,415-2026,Libéma Open,"'s-Hertogenbosch, Netherlands",20260606,A,Final,13,0,2026-06-14T10:05Z,wo,3,6723,Robin Montgomery,2042,Barbora Krejcikova,6723,
179722,866-2026,Lexus Nottingham Open,"Nottingham, Great Britain",20260613,A,Qualifying Final,0,1,2026-06-14T10:05Z,final,3,3746,Katie Volynets,2588,Kimberly Birrell,3746,2-6 6-4 7-6(3)
179764,1070-2026,Figueira Da Foz Ladies Open,"Figueira Da Foz, Portugal",20260614,A,Qualifying 1st Round,0,1,2026-06-14T10:10Z,final,3,3406,Whitney Osuigwe,18481,Carla Tomai,3406,6-0 6-0
179767,1070-2026,Figueira Da Foz Ladies Open,"Figueira Da Foz, Portugal",20260614,A,Qualifying 1st Round,0,1,2026-06-14T10:20Z,final,3,18482,Valentina Losciale,16295,Angelina Voloshchuk,16295,6-1 6-4
177937,1015-2026,Lexus Ilkley Open,"Ilkley, Great Britain",20260607,A,Final,13,0,2026-06-14T10:35Z,final,3,6724,Ashlyn Krueger,12837,Celine Naef,6724,7-5 6-2
179758,1065-2026,Internazionali Femminili Di Brescia,"Brescia, Italy",20260614,A,Qualifying 1st Round,0,1,2026-06-14T11:55Z,final,3,8534,Lucija Ciric Bagaric,2427,Deborah Chiesa,2427,6-0 6-2
179755,1065-2026,Internazionali Femminili Di Brescia,"Brescia, Italy",20260614,A,Qualifying 1st Round,0,1,2026-06-14T12:00Z,final,3,18479,Julie Struplova,4792,Ekaterina Kazionova,4792,6-4 6-1
179769,1070-2026,Figueira Da Foz Ladies Open,"Figueira Da Foz, Portugal",20260614,A,Qualifying 1st Round,0,1,2026-06-14T12:05Z,final,3,18480,Maria Martinez Vaquero,5256,Feng Shuo,18480,6-4 3-6 6-4
179770,1070-2026,Figueira Da Foz Ladies Open,"Figueira Da Foz, Portugal",20260614,A,Qualifying 1st Round,0,1,2026-06-14T12:05Z,final,3,17217,Min Liu,4720,Alana Smith,4720,6-2 6-4
179720,866-2026,Lexus Nottingham Open,"Nottingham, Great Britain",20260613,A,Qualifying Final,0,1,2026-06-14T12:35Z,final,3,2458,Viktorija Golubic,2746,Sofia Kenin,2458,6-3 6-4
177876,997-2026,The HSBC Championships,"London, Great Britain",20260607,A,Final,13,0,2026-06-14T12:40Z,final,3,2040,Donna Vekic,3398,Emma Raducanu,2040,6-0 7-6(6)
179721,866-2026,Lexus Nottingham Open,"Nottingham, Great Britain",20260613,A,Qualifying Final,0,1,2026-06-14T12:55Z,final,3,6816,Antonia Ruzic,7672,Taylah Preston,6816,6-3 6-7(6) 7-5
179723,866-2026,Lexus Nottingham Open,"Nottingham, Great Britain",20260613,A,Qualifying Final,0,1,2026-06-14T13:05Z,final,3,5604,Zeynep Sonmez,13135,Hannah Klugman,5604,6-2 6-4
179753,1065-2026,Internazionali Femminili Di Brescia,"Brescia, Italy",20260614,A,Qualifying 1st Round,0,1,2026-06-14T13:10Z,final,3,13219,Mia Ristic,4585,Verena Meliss,13219,6-0 6-2
179757,1065-2026,Internazionali Femminili Di Brescia,"Brescia, Italy",20260614,A,Qualifying 1st Round,0,1,2026-06-14T13:35Z,final,3,2692,Chloe Paquet,4402,Amy Zhu,2692,7-5 6-1
179765,1070-2026,Figueira Da Foz Ladies Open,"Figueira Da Foz, Portugal",20260614,A,Qualifying 1st Round,0,1,2026-06-14T13:40Z,final,3,2760,Katherine Sebov,6526,Allura Zamarripa,6526,6-3 6-3
179724,866-2026,Lexus Nottingham Open,"Nottingham, Great Britain",20260613,A,Qualifying Final,0,1,2026-06-14T13:55Z,final,3,11317,Himeno Sakatsume,10831,Alicia Dudeney,11317,6-3 6-3
179766,1070-2026,Figueira Da Foz Ladies Open,"Figueira Da Foz, Portugal",20260614,A,Qualifying 1st Round,0,1,2026-06-14T14:25Z,final,3,5725,Valentina Ryser,18483,Sana Garakani,5725,6-1 6-1
179756,1065-2026,Internazionali Femminili Di Brescia,"Brescia, Italy",20260614,A,Qualifying 1st Round,0,1,2026-06-14T14:40Z,final,3,17334,Radka Zelnickova,17102,Noemi Basiletti,17102,6-3 7-5
179759,1065-2026,Internazionali Femminili Di Brescia,"Brescia, Italy",20260614,A,Qualifying 1st Round,0,1,2026-06-14T15:20Z,ret,3,3154,Lara Salden,8386,Amarissa Toth,8386,6-7(6) 2-2 RET
177784,1066-2026,Memorial Eugenio Fontana,"Modena, Italy",20260607,A,Final,13,0,2026-06-14T18:05Z,final,3,3889,Katarzyna Kawa,4666,Lucia Bronzetti,3889,6-1 4-6 7-6(6)
179691,635-2026,VANDA Pharmaceuticals Berlin Tennis Open,"Berlin, Germany",20260613,A,Qualifying 1st Round,0,1,2026-06-15T08:35Z,final,3,3332,Diane Parry,10500,Ella Seidel,3332,6-3 6-4
179694,635-2026,VANDA Pharmaceuticals Berlin Tennis Open,"Berlin, Germany",20260613,A,Qualifying 1st Round,0,1,2026-06-15T08:35Z,final,3,8495,Lulu Sun,2411,Anhelina Kalinina,2411,6-4 6-3
179697,635-2026,VANDA Pharmaceuticals Berlin Tennis Open,"Berlin, Germany",20260613,A,Qualifying 1st Round,0,1,2026-06-15T08:35Z,final,3,5057,Suzan Lamens,2764,Dalma Galfi,5057,6-3 7-6(4)
179761,1065-2026,Internazionali Femminili Di Brescia,"Brescia, Italy",20260614,A,Qualifying Final,0,1,2026-06-15T08:35Z,final,3,13529,Jennifer Ruggeri,3215,Tatiana Pieri,13529,6-4 6-2
177948,1065-2026,Internazionali Femminili Di Brescia,"Brescia, Italy",20260614,A,Round 1,1,0,2026-06-15T08:40Z,final,3,9442,Elizara Yaneva,13046,Giorgia Pedone,9442,6-3 6-3
179773,1070-2026,Figueira Da Foz Ladies Open,"Figueira Da Foz, Portugal",20260614,A,Qualifying Final,0,1,2026-06-15T09:35Z,final,3,3406,Whitney Osuigwe,16295,Angelina Voloshchuk,16295,6-1 6-4
179774,1070-2026,Figueira Da Foz Ladies Open,"Figueira Da Foz, Portugal",20260614,A,Qualifying Final,0,1,2026-06-15T09:35Z,final,3,4852,Anastasia Kulikova,3582,Momoko Kobori,4852,6-1 2-6 7-5
178003,866-2026,Lexus Nottingham Open,"Nottingham, Great Britain",20260613,A,Round 1,1,0,2026-06-15T10:10Z,final,3,2346,Tatjana Maria,6368,Janice Tjen,2346,6-3 6-2
178007,866-2026,Lexus Nottingham Open,"Nottingham, Great Britain",20260613,A,Round 1,1,0,2026-06-15T10:10Z,final,3,2392,Marie Bouzkova,8419,Tereza Valentova,2392,6-3 6-3
179763,1065-2026,Internazionali Femminili Di Brescia,"Brescia, Italy",20260614,A,Qualifying Final,0,1,2026-06-15T10:10Z,final,3,4792,Ekaterina Kazionova,2427,Deborah Chiesa,2427,3-6 6-2 6-2
179696,635-2026,VANDA Pharmaceuticals Berlin Tennis Open,"Berlin, Germany",20260613,A,Qualifying 1st Round,0,1,2026-06-15T10:15Z,final,3,15148,Tessa Johanna Brockmann,5309,Alycia Parks,15148,4-6 6-4 6-2
179700,635-2026,VANDA Pharmaceuticals Berlin Tennis Open,"Berlin, Germany",20260613,A,Qualifying 1st Round,0,1,2026-06-15T10:15Z,final,3,2780,Zhu Lin,7797,Sinja Kraus,2780,6-2 6-3
179760,1065-2026,Internazionali Femminili Di Brescia,"Brescia, Italy",20260614,A,Qualifying Final,0,1,2026-06-15T10:25Z,final,3,13219,Mia Ristic,17102,Noemi Basiletti,13219,6-2 6-3
178005,866-2026,Lexus Nottingham Open,"Nottingham, Great Britain",20260613,A,Round 1,1,0,2026-06-15T10:40Z,final,3,6048,Zheng Qinwen,3018,Maria Sakkari,6048,4-6 7-6(1) 6-4
179707,635-2026,VANDA Pharmaceuticals Berlin Tennis Open,"Berlin, Germany",20260613,A,Qualifying Final,0,1,2026-06-15T10:40Z,final,3,2672,Magdalena Frech,707,Zhang Shuai,707,6-2 6-4
179692,635-2026,VANDA Pharmaceuticals Berlin Tennis Open,"Berlin, Germany",20260613,A,Qualifying 1st Round,0,1,2026-06-15T10:45Z,final,3,10501,Maria Timofeeva,2751,Renata Zarazua,2751,7-5 6-2
179762,1065-2026,Internazionali Femminili Di Brescia,"Brescia, Italy",20260614,A,Qualifying Final,0,1,2026-06-15T11:05Z,final,3,2692,Chloe Paquet,8386,Amarissa Toth,2692,6-4 6-3
179772,1070-2026,Figueira Da Foz Ladies Open,"Figueira Da Foz, Portugal",20260614,A,Qualifying Final,0,1,2026-06-15T11:15Z,final,3,5725,Valentina Ryser,4720,Alana Smith,5725,7-5 0-6 7-6(3)
177995,866-2026,Lexus Nottingham Open,"Nottingham, Great Britain",20260613,A,Round 1,1,0,2026-06-15T11:30Z,final,3,2734,Anna Bondar,3785,Emma Navarro,3785,6-7(6) 6-3 6-2
179698,635-2026,VANDA Pharmaceuticals Berlin Tennis Open,"Berlin, Germany",20260613,A,Qualifying 1st Round,0,1,2026-06-15T11:35Z,final,3,2248,Katerina Siniakova,2916,Yuan Yue,2248,6-4 6-2
179775,1070-2026,Figueira Da Foz Ladies Open,"Figueira Da Foz, Portugal",20260614,A,Qualifying Final,0,1,2026-06-15T11:55Z,final,3,6526,Allura Zamarripa,18480,Maria Martinez Vaquero,6526,6-4 6-4
177992,866-2026,Lexus Nottingham Open,"Nottingham, Great Britain",20260613,A,Round 1,1,0,2026-06-15T12:05Z,final,3,14146,Maya Joint,13478,Yuliia Starodubtseva,13478,6-7(8) 7-5 6-4
178047,635-2026,VANDA Pharmaceuticals Berlin Tennis Open,"Berlin, Germany",20260613,A,Round 1,1,0,2026-06-15T12:05Z,ret,3,3182,Ekaterina Alexandrova,2971,Anastasia Potapova,3182,6-1 RET
179703,635-2026,VANDA Pharmaceuticals Berlin Tennis Open,"Berlin, Germany",20260613,A,Qualifying Final,0,1,2026-06-15T12:20Z,final,3,5057,Suzan Lamens,15148,Tessa Johanna Brockmann,5057,6-2 6-2
177949,1065-2026,Internazionali Femminili Di Brescia,"Brescia, Italy",20260614,A,Round 1,1,0,2026-06-15T12:25Z,final,3,16498,Alessandra Mazzola,13950,Luisina Giovannini,13950,6-7(3) 6-1 6-4
179701,635-2026,VANDA Pharmaceuticals Berlin Tennis Open,"Berlin, Germany",20260613,A,Qualifying 1st Round,0,1,2026-06-15T12:35Z,final,3,8404,Petra Marcinko,13530,Aoi Ito,8404,6-2 4-6 6-2
177945,1065-2026,Internazionali Femminili Di Brescia,"Brescia, Italy",20260614,A,Round 1,1,0,2026-06-15T12:50Z,final,3,2180,Kathinka von Deichmann,7150,Anastasiia Sobolieva,7150,4-6 6-4 6-1
178168,1070-2026,Figueira Da Foz Ladies Open,"Figueira Da Foz, Portugal",20260614,A,Round 1,1,0,2026-06-15T13:10Z,final,3,17296,Hayu Kinoshita,2736,Viktoria Hruncakova,2736,6-1 6-1
178196,1070-2026,Figueira Da Foz Ladies Open,"Figueira Da Foz, Portugal",20260614,A,Round 1,1,0,2026-06-15T13:25Z,final,3,5252,Manon Leonard,6570,Alina Charaeva,6570,6-0 6-0
178044,635-2026,VANDA Pharmaceuticals Berlin Tennis Open,"Berlin, Germany",20260613,A,Round 1,1,0,2026-06-15T13:35Z,final,3,7804,Nikola Bartunkova,8017,Diana Shnaider,7804,6-2 6-7(2) 6-3
177990,866-2026,Lexus Nottingham Open,"Nottingham, Great Britain",20260613,A,Round 1,1,0,2026-06-15T13:40Z,final,3,6708,Talia Gibson,7815,Francesca Jones,6708,6-3 5-7 7-6(4)
179704,635-2026,VANDA Pharmaceuticals Berlin Tennis Open,"Berlin, Germany",20260613,A,Qualifying Final,0,1,2026-06-15T13:40Z,final,3,3332,Diane Parry,2411,Anhelina Kalinina,3332,6-4 7-5
179708,635-2026,VANDA Pharmaceuticals Berlin Tennis Open,"Berlin, Germany",20260613,A,Qualifying Final,0,1,2026-06-15T14:00Z,final,3,2984,Rebeka Masarova,16296,Mia Pohankova,2984,6-1 6-4
177999,866-2026,Lexus Nottingham Open,"Nottingham, Great Britain",20260613,A,Round 1,1,0,2026-06-15T14:15Z,final,3,11317,Himeno Sakatsume,6059,Jessica Bouzas Maneiro,6059,7-5 6-2
178204,1070-2026,Figueira Da Foz Ladies Open,"Figueira Da Foz, Portugal",20260614,A,Round 1,1,0,2026-06-15T14:25Z,final,3,3185,Ayla Aksu,4224,Ana Sofia Sanchez,3185,6-2 6-2
178192,1070-2026,Figueira Da Foz Ladies Open,"Figueira Da Foz, Portugal",20260614,A,Round 1,1,0,2026-06-15T14:30Z,final,3,1639,Sachia Vickery,2028,Beatriz Haddad Maia,1639,7-5 7-5
177951,1065-2026,Internazionali Femminili Di Brescia,"Brescia, Italy",20260614,A,Round 1,1,0,2026-06-15T15:20Z,final,3,10521,Raluka Serban,2179,Mayar Sherif,2179,6-1 7-6(5)
179706,635-2026,VANDA Pharmaceuticals Berlin Tennis Open,"Berlin, Germany",20260613,A,Qualifying Final,0,1,2026-06-15T15:30Z,final,3,8404,Petra Marcinko,2751,Renata Zarazua,2751,1-6 6-4 6-3
177944,1065-2026,Internazionali Femminili Di Brescia,"Brescia, Italy",20260614,A,Round 1,1,0,2026-06-15T15:35Z,final,3,2282,Ekaterine Gorgodze,5168,Nuria Brancaccio,2282,4-6 6-2 7-6(3)
179705,635-2026,VANDA Pharmaceuticals Berlin Tennis Open,"Berlin, Germany",20260613,A,Qualifying Final,0,1,2026-06-15T15:45Z,final,3,2248,Katerina Siniakova,2780,Zhu Lin,2248,6-4 6-2
178199,1070-2026,Figueira Da Foz Ladies Open,"Figueira Da Foz, Portugal",20260614,A,Round 1,1,0,2026-06-15T15:50Z,final,3,17734,Carolyn Ansari,7806,Barbora Palicova,7806,6-4 6-2
177991,866-2026,Lexus Nottingham Open,"Nottingham, Great Britain",20260613,A,Round 1,1,0,2026-06-15T16:00Z,final,3,2902,Anna Blinkova,7672,Taylah Preston,7672,4-6 6-3 6-3
178042,635-2026,VANDA Pharmaceuticals Berlin Tennis Open,"Berlin, Germany",20260613,A,Round 1,1,0,2026-06-15T16:05Z,final,3,2221,Elise Mertens,3840,Liudmila Samsonova,2221,1-6 6-3 6-0
178174,1070-2026,Figueira Da Foz Ladies Open,"Figueira Da Foz, Portugal",20260614,A,Round 1,1,0,2026-06-15T16:30Z,final,3,4104,Susan Bandecchi,328,Vera Zvonareva,4104,2-6 6-4 6-2
177957,1065-2026,Internazionali Femminili Di Brescia,"Brescia, Italy",20260614,A,Round 1,1,0,2026-06-15T18:05Z,final,3,14710,Tiantsoa Rakotomanga Rajaonah,2146,Yuliana Lizarazo,14710,6-0 6-2
177943,1065-2026,Internazionali Femminili Di Brescia,"Brescia, Italy",20260614,A,Round 1,1,0,2026-06-16T08:35Z,final,3,2599,Julia Grabher,2692,Chloe Paquet,2599,6-2 6-2
177947,1065-2026,Internazionali Femminili Di Brescia,"Brescia, Italy",20260614,A,Round 1,1,0,2026-06-16T08:35Z,final,3,6259,Darya Astakhova,17102,Noemi Basiletti,6259,2-6 6-1 6-3
178032,635-2026,VANDA Pharmaceuticals Berlin Tennis Open,"Berlin, Germany",20260613,A,Round 1,1,0,2026-06-16T09:05Z,final,3,1556,Madison Keys,3387,Wang Xinyu,1556,7-6(3) 6-1
178033,635-2026,VANDA Pharmaceuticals Berlin Tennis Open,"Berlin, Germany",20260613,A,Round 1,1,0,2026-06-16T09:05Z,final,3,2672,Magdalena Frech,5260,Eva Lys,5260,7-6(7) 6-3
177988,866-2026,Lexus Nottingham Open,"Nottingham, Great Britain",20260613,A,Round 1,1,0,2026-06-16T10:05Z,final,3,3380,Ann Li,2588,Kimberly Birrell,3380,4-6 7-6(3) 6-4
178170,1070-2026,Figueira Da Foz Ladies Open,"Figueira Da Foz, Portugal",20260614,A,Round 1,1,0,2026-06-16T10:05Z,final,3,5737,Yeonwoo Ku,8067,Lucrezia Stefanini,5737,6-4 7-5
178209,1070-2026,Figueira Da Foz Ladies Open,"Figueira Da Foz, Portugal",20260614,A,Round 1,1,0,2026-06-16T10:05Z,final,3,14578,Matilde Jorge,2617,Jil Teichmann,2617,7-5 6-1
177959,1065-2026,Internazionali Femminili Di Brescia,"Brescia, Italy",20260614,A,Round 1,1,0,2026-06-16T10:20Z,final,3,13219,Mia Ristic,2427,Deborah Chiesa,13219,7-5 3-6 6-4
177997,866-2026,Lexus Nottingham Open,"Nottingham, Great Britain",20260613,A,Round 1,1,0,2026-06-16T10:35Z,final,3,5528,McCartney Kessler,3746,Katie Volynets,3746,6-3 6-3
178052,635-2026,VANDA Pharmaceuticals Berlin Tennis Open,"Berlin, Germany",20260613,A,Round 1,1,0,2026-06-16T10:35Z,final,3,6970,Linda Noskova,2751,Renata Zarazua,6970,6-1 6-4
177954,1065-2026,Internazionali Femminili Di Brescia,"Brescia, Italy",20260614,A,Round 1,1,0,2026-06-16T11:20Z,final,3,5746,Jazmin Ortenzi,11602,Francesca Pace,5746,6-3 6-3
178053,635-2026,VANDA Pharmaceuticals Berlin Tennis Open,"Berlin, Germany",20260613,A,Round 1,1,0,2026-06-16T11:30Z,final,3,707,Zhang Shuai,3039,Karolina Muchova,3039,6-1 6-3
178171,1070-2026,Figueira Da Foz Ladies Open,"Figueira Da Foz, Portugal",20260614,A,Round 1,1,0,2026-06-16T12:05Z,final,3,5461,Katarina Kuzmova,4969,Viktoria Morvayova,5461,6-3 6-2
178203,1070-2026,Figueira Da Foz Ladies Open,"Figueira Da Foz, Portugal",20260614,A,Round 1,1,0,2026-06-16T12:05Z,final,3,8560,Elena Micic,3487,Francisca Jorge,8560,6-4 7-6(3)
177984,866-2026,Lexus Nottingham Open,"Nottingham, Great Britain",20260613,A,Round 1,1,0,2026-06-16T12:15Z,final,3,5604,Zeynep Sonmez,3641,Leylah Fernandez,5604,6-4 7-6(1)
178056,635-2026,VANDA Pharmaceuticals Berlin Tennis Open,"Berlin, Germany",20260613,A,Round 1,1,0,2026-06-16T12:20Z,final,3,2248,Katerina Siniakova,2984,Rebeka Masarova,2248,6-2 6-4
178001,866-2026,Lexus Nottingham Open,"Nottingham, Great Britain",20260613,A,Round 1,1,0,2026-06-16T12:40Z,final,3,10831,Alicia Dudeney,3142,Dayana Yastremska,3142,6-4 7-6(2)
177939,1065-2026,Internazionali Femminili Di Brescia,"Brescia, Italy",20260614,A,Round 1,1,0,2026-06-16T12:55Z,final,3,1831,Danka Kovinic,3568,Miriam Bulgaru,3568,6-4 6-3
178172,1070-2026,Figueira Da Foz Ladies Open,"Figueira Da Foz, Portugal",20260614,A,Round 1,1,0,2026-06-16T13:20Z,final,3,4852,Anastasia Kulikova,3153,Mai Hontama,4852,4-6 6-3 6-4
177956,1065-2026,Internazionali Femminili Di Brescia,"Brescia, Italy",20260614,A,Round 1,1,0,2026-06-16T13:25Z,final,3,13529,Jennifer Ruggeri,15344,Elena Ruxandra Bertea,13529,1-6 6-4 6-1
178036,635-2026,VANDA Pharmaceuticals Berlin Tennis Open,"Berlin, Germany",20260613,A,Round 1,1,0,2026-06-16T13:35Z,ret,3,1797,Elina Svitolina,2977,Anna Kalinskaya,1797,6-1 4-1 RET
177987,866-2026,Lexus Nottingham Open,"Nottingham, Great Britain",20260613,A,Round 1,1,0,2026-06-16T13:50Z,final,3,3223,Catherine McNally,6816,Antonia Ruzic,3223,6-3 6-0
178037,635-2026,VANDA Pharmaceuticals Berlin Tennis Open,"Berlin, Germany",20260613,A,Round 1,1,0,2026-06-16T13:55Z,final,3,3792,Clara Tauson,3332,Diane Parry,3332,6-3 6-4
178207,1070-2026,Figueira Da Foz Ladies Open,"Figueira Da Foz, Portugal",20260614,A,Round 1,1,0,2026-06-16T14:05Z,final,3,6488,Darja Vidmanova,16295,Angelina Voloshchuk,6488,6-4 1-6 6-4
177985,866-2026,Lexus Nottingham Open,"Nottingham, Great Britain",20260613,A,Round 1,1,0,2026-06-16T14:30Z,final,3,2200,Harriet Dart,13135,Hannah Klugman,13135,6-2 6-4
178006,866-2026,Lexus Nottingham Open,"Nottingham, Great Britain",20260613,A,Round 1,1,0,2026-06-16T14:30Z,final,3,2458,Viktorija Golubic,2746,Sofia Kenin,2458,6-2 4-6 6-3
177938,1065-2026,Internazionali Femminili Di Brescia,"Brescia, Italy",20260614,A,Round 1,1,0,2026-06-16T15:00Z,final,3,3155,Wang Xiyu,12315,Gao Xinyu,3155,6-3 6-0
177994,866-2026,Lexus Nottingham Open,"Nottingham, Great Britain",20260613,A,Round 1,1,0,2026-06-16T15:15Z,final,3,7819,Sara Bejlek,740,Karolina Pliskova,740,2-6 7-6(3) 6-2
177950,1065-2026,Internazionali Femminili Di Brescia,"Brescia, Italy",20260614,A,Round 1,1,0,2026-06-16T15:25Z,final,3,2387,Fiona Ferro,4438,Kajsa Rinaldo Persson,2387,6-2 4-6 6-3
178031,635-2026,VANDA Pharmaceuticals Berlin Tennis Open,"Berlin, Germany",20260613,A,Round 1,1,0,2026-06-16T15:40Z,final,3,5057,Suzan Lamens,2731,Paula Badosa,2731,6-3 6-2
178179,1070-2026,Figueira Da Foz Ladies Open,"Figueira Da Foz, Portugal",20260614,A,Round 1,1,0,2026-06-16T15:50Z,final,3,1273,Kristina Mladenovic,5725,Valentina Ryser,5725,6-1 6-3
177941,1065-2026,Internazionali Femminili Di Brescia,"Brescia, Italy",20260614,A,Round 1,1,0,2026-06-16T16:05Z,final,3,6343,Ane Mintegi Del Olmo,2603,You Xiaodi,6343,1-6 6-4 6-1
178169,1070-2026,Figueira Da Foz Ladies Open,"Figueira Da Foz, Portugal",20260614,A,Round 1,1,0,2026-06-16T16:25Z,final,3,9169,Alina Korneeva,13708,Tian Fangran,9169,6-2 6-4
177953,1065-2026,Internazionali Femminili Di Brescia,"Brescia, Italy",20260614,A,Round 1,1,0,2026-06-16T16:50Z,final,3,5299,Carole Monnet,1374,Martina Trevisan,5299,7-5 7-6(5)
178195,1070-2026,Figueira Da Foz Ladies Open,"Figueira Da Foz, Portugal",20260614,A,Round 1,1,0,2026-06-16T17:10Z,ret,3,6419,Martyna Kubka,14566,Aliona Falei,6419,6-3 4-0 RET
178191,1070-2026,Figueira Da Foz Ladies Open,"Figueira Da Foz, Portugal",20260614,A,Round 1,1,0,2026-06-16T18:00Z,final,3,15755,Jeline Vandromme,6526,Allura Zamarripa,15755,3-6 7-6(3) 7-5
177940,1065-2026,Internazionali Femminili Di Brescia,"Brescia, Italy",20260614,A,Round 2,2,0,2026-06-17T08:35Z,final,3,6259,Darya Astakhova,13950,Luisina Giovannini,13950,6-3 6-1
178038,635-2026,VANDA Pharmaceuticals Berlin Tennis Open,"Berlin, Germany",20260613,A,Round 2,2,0,2026-06-17T09:05Z,final,3,2221,Elise Mertens,7804,Nikola Bartunkova,7804,6-1 6-4
178034,635-2026,VANDA Pharmaceuticals Berlin Tennis Open,"Berlin, Germany",20260613,A,Round 1,1,0,2026-06-17T09:10Z,final,3,2040,Donna Vekic,7759,Alexandra Eala,7759,7-5 6-4
178175,1070-2026,Figueira Da Foz Ladies Open,"Figueira Da Foz, Portugal",20260614,A,Round 2,2,0,2026-06-17T10:00Z,final,3,7806,Barbora Palicova,2617,Jil Teichmann,2617,6-4 4-6 6-3
178198,1070-2026,Figueira Da Foz Ladies Open,"Figueira Da Foz, Portugal",20260614,A,Round 2,2,0,2026-06-17T10:00Z,wo,3,3185,Ayla Aksu,1639,Sachia Vickery,3185,
177942,1065-2026,Internazionali Femminili Di Brescia,"Brescia, Italy",20260614,A,Round 2,2,0,2026-06-17T10:15Z,final,3,2599,Julia Grabher,7150,Anastasiia Sobolieva,7150,6-2 4-6 7-5
177993,866-2026,Lexus Nottingham Open,"Nottingham, Great Britain",20260613,A,Round 2,2,0,2026-06-17T10:40Z,final,3,13478,Yuliia Starodubtseva,3785,Emma Navarro,3785,6-4 6-7(3) 6-4
178180,1070-2026,Figueira Da Foz Ladies Open,"Figueira Da Foz, Portugal",20260614,A,Round 2,2,0,2026-06-17T11:05Z,final,3,2736,Viktoria Hruncakova,5737,Yeonwoo Ku,5737,6-4 6-3
178039,635-2026,VANDA Pharmaceuticals Berlin Tennis Open,"Berlin, Germany",20260613,A,Round 2,2,0,2026-06-17T11:25Z,final,3,2113,Jessica Pegula,2248,Katerina Siniakova,2113,6-2 6-4
177955,1065-2026,Internazionali Femminili Di Brescia,"Brescia, Italy",20260614,A,Round 2,2,0,2026-06-17T13:00Z,final,3,2387,Fiona Ferro,2282,Ekaterine Gorgodze,2282,7-6(3) 2-6 6-4
178176,1070-2026,Figueira Da Foz Ladies Open,"Figueira Da Foz, Portugal",20260614,A,Round 2,2,0,2026-06-17T13:25Z,final,3,4852,Anastasia Kulikova,6570,Alina Charaeva,6570,6-2 6-2
178050,635-2026,VANDA Pharmaceuticals Berlin Tennis Open,"Berlin, Germany",20260613,A,Round 2,2,0,2026-06-17T13:35Z,final,3,2731,Paula Badosa,3626,Coco Gauff,2731,1-6 6-3 6-2
178000,866-2026,Lexus Nottingham Open,"Nottingham, Great Britain",20260613,A,Round 2,2,0,2026-06-17T13:55Z,ret,3,3746,Katie Volynets,6059,Jessica Bouzas Maneiro,6059,7-5 1-0 RET
178193,1070-2026,Figueira Da Foz Ladies Open,"Figueira Da Foz, Portugal",20260614,A,Round 2,2,0,2026-06-17T14:45Z,final,3,4104,Susan Bandecchi,5461,Katarina Kuzmova,4104,4-6 7-5 6-2
177998,866-2026,Lexus Nottingham Open,"Nottingham, Great Britain",20260613,A,Round 2,2,0,2026-06-17T15:35Z,final,3,3142,Dayana Yastremska,2346,Tatjana Maria,2346,6-1 6-2
178041,635-2026,VANDA Pharmaceuticals Berlin Tennis Open,"Berlin, Germany",20260613,A,Round 2,2,0,2026-06-17T15:35Z,final,3,3038,Aryna Sabalenka,3182,Ekaterina Alexandrova,3038,6-4 6-4
177960,1065-2026,Internazionali Femminili Di Brescia,"Brescia, Italy",20260614,A,Round 2,2,0,2026-06-17T16:05Z,final,3,14710,Tiantsoa Rakotomanga Rajaonah,13219,Mia Ristic,14710,6-7(6) 6-3 6-1
178002,866-2026,Lexus Nottingham Open,"Nottingham, Great Britain",20260613,A,Round 2,2,0,2026-06-17T16:50Z,final,3,6708,Talia Gibson,6048,Zheng Qinwen,6708,6-3 7-6(10)
177952,1065-2026,Internazionali Femminili Di Brescia,"Brescia, Italy",20260614,A,Round 2,2,0,2026-06-18T08:35Z,final,3,5746,Jazmin Ortenzi,9442,Elizara Yaneva,9442,6-2 6-1
178049,635-2026,VANDA Pharmaceuticals Berlin Tennis Open,"Berlin, Germany",20260613,A,Round 2,2,0,2026-06-18T09:05Z,final,3,6970,Linda Noskova,3332,Diane Parry,6970,6-2 6-2
177958,1065-2026,Internazionali Femminili Di Brescia,"Brescia, Italy",20260614,A,Round 2,2,0,2026-06-18T10:00Z,final,3,3568,Miriam Bulgaru,6343,Ane Mintegi Del Olmo,6343,6-4 6-2
178208,1070-2026,Figueira Da Foz Ladies Open,"Figueira Da Foz, Portugal",20260614,A,Round 2,2,0,2026-06-18T10:00Z,final,3,9169,Alina Korneeva,6419,Martyna Kubka,6419,7-6(4) 5-7 6-4
177989,866-2026,Lexus Nottingham Open,"Nottingham, Great Britain",20260613,A,Round 2,2,0,2026-06-18T10:10Z,final,3,2458,Viktorija Golubic,5604,Zeynep Sonmez,2458,7-5 4-6 6-4
178046,635-2026,VANDA Pharmaceuticals Berlin Tennis Open,"Berlin, Germany",20260613,A,Round 2,2,0,2026-06-18T10:30Z,final,3,1797,Elina Svitolina,5260,Eva Lys,1797,6-3 6-2
177986,866-2026,Lexus Nottingham Open,"Nottingham, Great Britain",20260613,A,Round 2,2,0,2026-06-18T10:35Z,final,3,740,Karolina Pliskova,3223,Catherine McNally,740,6-4 7-6(3)
178004,866-2026,Lexus Nottingham Open,"Nottingham, Great Britain",20260613,A,Round 2,2,0,2026-06-18T12:55Z,final,3,2392,Marie Bouzkova,13135,Hannah Klugman,2392,7-5 6-2
178205,1070-2026,Figueira Da Foz Ladies Open,"Figueira Da Foz, Portugal",20260614,A,Round 2,2,0,2026-06-18T13:05Z,final,3,6488,Darja Vidmanova,8560,Elena Micic,6488,6-3 6-4
178051,635-2026,VANDA Pharmaceuticals Berlin Tennis Open,"Berlin, Germany",20260613,A,Round 2,2,0,2026-06-18T13:35Z,final,3,1556,Madison Keys,3039,Karolina Muchova,1556,6-4 7-5
177961,1065-2026,Internazionali Femminili Di Brescia,"Brescia, Italy",20260614,A,Round 2,2,0,2026-06-18T14:10Z,final,3,13529,Jennifer Ruggeri,2179,Mayar Sherif,2179,3-6 6-3 6-3
177996,866-2026,Lexus Nottingham Open,"Nottingham, Great Britain",20260613,A,Round 2,2,0,2026-06-18T14:55Z,final,3,3380,Ann Li,7672,Taylah Preston,3380,5-7 6-2 6-2
178173,1070-2026,Figueira Da Foz Ladies Open,"Figueira Da Foz, Portugal",20260614,A,Round 2,2,0,2026-06-18T14:55Z,final,3,15755,Jeline Vandromme,5725,Valentina Ryser,15755,6-1 7-6(4)
178048,635-2026,VANDA Pharmaceuticals Berlin Tennis Open,"Berlin, Germany",20260613,A,Round 2,2,0,2026-06-18T15:35Z,final,3,7759,Alexandra Eala,3126,Elena Rybakina,7759,7-5 6-4
177946,1065-2026,Internazionali Femminili Di Brescia,"Brescia, Italy",20260614,A,Round 2,2,0,2026-06-18T16:45Z,final,3,3155,Wang Xiyu,5299,Carole Monnet,3155,6-3 6-1
177965,1065-2026,Internazionali Femminili Di Brescia,"Brescia, Italy",20260614,A,Quarterfinal,10,0,2026-06-19T08:35Z,final,3,7150,Anastasiia Sobolieva,6343,Ane Mintegi Del Olmo,7150,7-6(4) 6-3
178045,635-2026,VANDA Pharmaceuticals Berlin Tennis Open,"Berlin, Germany",20260613,A,Quarterfinal,10,0,2026-06-19T09:05Z,final,3,2113,Jessica Pegula,1556,Madison Keys,2113,7-6(5) 7-6(8)
178200,1070-2026,Figueira Da Foz Ladies Open,"Figueira Da Foz, Portugal",20260614,A,Quarterfinal,10,0,2026-06-19T10:00Z,final,3,6488,Darja Vidmanova,2617,Jil Teichmann,6488,4-6 6-3 6-2
178011,866-2026,Lexus Nottingham Open,"Nottingham, Great Britain",20260613,A,Quarterfinal,10,0,2026-06-19T10:05Z,final,3,2392,Marie Bouzkova,2346,Tatjana Maria,2392,7-5 6-0
177963,1065-2026,Internazionali Femminili Di Brescia,"Brescia, Italy",20260614,A,Quarterfinal,10,0,2026-06-19T10:45Z,final,3,9442,Elizara Yaneva,2282,Ekaterine Gorgodze,9442,2-6 6-1 6-2
178197,1070-2026,Figueira Da Foz Ladies Open,"Figueira Da Foz, Portugal",20260614,A,Quarterfinal,10,0,2026-06-19T11:05Z,final,3,6419,Martyna Kubka,5737,Yeonwoo Ku,5737,3-6 6-4 6-1
178055,635-2026,VANDA Pharmaceuticals Berlin Tennis Open,"Berlin, Germany",20260613,A,Quarterfinal,10,0,2026-06-19T11:10Z,final,3,6970,Linda Noskova,2731,Paula Badosa,6970,6-1 6-3
178008,866-2026,Lexus Nottingham Open,"Nottingham, Great Britain",20260613,A,Quarterfinal,10,0,2026-06-19T12:05Z,final,3,740,Karolina Pliskova,6708,Talia Gibson,740,7-5 6-4
178206,1070-2026,Figueira Da Foz Ladies Open,"Figueira Da Foz, Portugal",20260614,A,Quarterfinal,10,0,2026-06-19T12:40Z,final,3,4104,Susan Bandecchi,6570,Alina Charaeva,6570,5-7 6-2 7-5
178043,635-2026,VANDA Pharmaceuticals Berlin Tennis Open,"Berlin, Germany",20260613,A,Quarterfinal,10,0,2026-06-19T13:35Z,final,3,3038,Aryna Sabalenka,7804,Nikola Bartunkova,3038,2-6 7-6(2) 6-4
178009,866-2026,Lexus Nottingham Open,"Nottingham, Great Britain",20260613,A,Quarterfinal,10,0,2026-06-19T13:50Z,final,3,6059,Jessica Bouzas Maneiro,3785,Emma Navarro,3785,7-6(6) 6-2
177964,1065-2026,Internazionali Femminili Di Brescia,"Brescia, Italy",20260614,A,Quarterfinal,10,0,2026-06-19T14:10Z,final,3,3155,Wang Xiyu,13950,Luisina Giovannini,3155,6-2 6-1
178194,1070-2026,Figueira Da Foz Ladies Open,"Figueira Da Foz, Portugal",20260614,A,Quarterfinal,10,0,2026-06-19T15:15Z,final,3,15755,Jeline Vandromme,3185,Ayla Aksu,3185,7-5 1-6 6-4
178010,866-2026,Lexus Nottingham Open,"Nottingham, Great Britain",20260613,A,Quarterfinal,10,0,2026-06-19T15:45Z,final,3,3380,Ann Li,2458,Viktorija Golubic,2458,6-3 2-6 6-3
177962,1065-2026,Internazionali Femminili Di Brescia,"Brescia, Italy",20260614,A,Quarterfinal,10,0,2026-06-19T16:05Z,final,3,14710,Tiantsoa Rakotomanga Rajaonah,2179,Mayar Sherif,2179,6-2 6-2
178057,635-2026,VANDA Pharmaceuticals Berlin Tennis Open,"Berlin, Germany",20260613,A,Quarterfinal,10,0,2026-06-19T16:20Z,final,3,1797,Elina Svitolina,7759,Alexandra Eala,7759,6-3 6-4
179824,636-2026,Bad Homburg Open powered by Solarwatt,"Bad Homburg, Germany",20260620,A,Qualifying 1st Round,0,1,2026-06-20T09:05Z,final,3,3332,Diane Parry,13530,Aoi Ito,3332,6-2 6-1
179827,636-2026,Bad Homburg Open powered by Solarwatt,"Bad Homburg, Germany",20260620,A,Qualifying 1st Round,0,1,2026-06-20T09:05Z,final,3,906,Irina-Camelia Begu,3040,Tamara Korpatsch,906,6-1 6-4
178177,1070-2026,Figueira Da Foz Ladies Open,"Figueira Da Foz, Portugal",20260614,A,Semifinal,11,0,2026-06-20T10:00Z,final,3,5737,Yeonwoo Ku,6488,Darja Vidmanova,6488,6-4 6-3
178059,635-2026,VANDA Pharmaceuticals Berlin Tennis Open,"Berlin, Germany",20260613,A,Semifinal,11,0,2026-06-20T10:05Z,final,3,3038,Aryna Sabalenka,2113,Jessica Pegula,2113,6-4 6-7(4) 6-0
179839,444-2026,Lexus Eastbourne Open,"Eastbourne, Great Britain",20260620,A,Qualifying 1st Round,0,1,2026-06-20T10:05Z,final,3,10871,Mimi Xu,6061,Elsa Jacquemot,6061,5-7 6-2 6-3
179844,444-2026,Lexus Eastbourne Open,"Eastbourne, Great Britain",20260620,A,Qualifying 1st Round,0,1,2026-06-20T10:05Z,final,3,3404,Camila Osorio,1549,Ajla Tomljanovic,1549,6-2 6-4
179846,444-2026,Lexus Eastbourne Open,"Eastbourne, Great Britain",20260620,A,Qualifying 1st Round,0,1,2026-06-20T10:10Z,final,3,6953,Lanlana Tararudee,5878,Veronika Erjavec,5878,5-7 6-2 7-6(5)
179825,636-2026,Bad Homburg Open powered by Solarwatt,"Bad Homburg, Germany",20260620,A,Qualifying 1st Round,0,1,2026-06-20T10:30Z,final,3,2902,Anna Blinkova,14444,Julia Avdeeva,2902,7-6(4) 6-2
178012,866-2026,Lexus Nottingham Open,"Nottingham, Great Britain",20260613,A,Semifinal,11,0,2026-06-20T10:35Z,final,3,740,Karolina Pliskova,2392,Marie Bouzkova,2392,6-4 6-1
179823,636-2026,Bad Homburg Open powered by Solarwatt,"Bad Homburg, Germany",20260620,A,Qualifying 1st Round,0,1,2026-06-20T10:40Z,final,3,6500,Solana Sierra,10500,Ella Seidel,6500,6-2 6-1
178178,1070-2026,Figueira Da Foz Ladies Open,"Figueira Da Foz, Portugal",20260614,A,Semifinal,11,0,2026-06-20T11:30Z,final,3,6570,Alina Charaeva,3185,Ayla Aksu,3185,6-3 6-7(5) 7-6(4)
179828,636-2026,Bad Homburg Open powered by Solarwatt,"Bad Homburg, Germany",20260620,A,Qualifying 1st Round,0,1,2026-06-20T12:00Z,final,3,2751,Renata Zarazua,16280,Mariella Thamm,2751,6-3 7-6(4)
178013,866-2026,Lexus Nottingham Open,"Nottingham, Great Britain",20260613,A,Semifinal,11,0,2026-06-20T12:10Z,final,3,3785,Emma Navarro,2458,Viktorija Golubic,3785,7-6(5) 6-2
179829,636-2026,Bad Homburg Open powered by Solarwatt,"Bad Homburg, Germany",20260620,A,Qualifying 1st Round,0,1,2026-06-20T12:25Z,final,3,1374,Martina Trevisan,2114,Taylor Townsend,2114,6-4 6-2
179840,444-2026,Lexus Eastbourne Open,"Eastbourne, Great Britain",20260620,A,Qualifying 1st Round,0,1,2026-06-20T12:45Z,final,3,5604,Zeynep Sonmez,8808,Hanne Vandewinkel,5604,6-3 6-4
179841,444-2026,Lexus Eastbourne Open,"Eastbourne, Great Britain",20260620,A,Qualifying 1st Round,0,1,2026-06-20T13:40Z,final,3,5848,Peyton Stearns,2774,Emily Appleton,5848,7-5 6-3
179845,444-2026,Lexus Eastbourne Open,"Eastbourne, Great Britain",20260620,A,Qualifying 1st Round,0,1,2026-06-20T13:55Z,final,3,5775,Anastasia Zakharova,10830,Lilli Tagger,5775,6-4 5-7 7-6(7)
177966,1065-2026,Internazionali Femminili Di Brescia,"Brescia, Italy",20260614,A,Semifinal,11,0,2026-06-20T14:05Z,final,3,3155,Wang Xiyu,7150,Anastasiia Sobolieva,3155,6-2 6-2
179826,636-2026,Bad Homburg Open powered by Solarwatt,"Bad Homburg, Germany",20260620,A,Qualifying 1st Round,0,1,2026-06-20T14:10Z,final,3,707,Zhang Shuai,2748,Elena-Gabriela Ruse,2748,7-5 6-4
179830,636-2026,Bad Homburg Open powered by Solarwatt,"Bad Homburg, Germany",20260620,A,Qualifying 1st Round,0,1,2026-06-20T14:25Z,final,3,2349,Tereza Martincova,7797,Sinja Kraus,7797,6-4 6-3
179843,444-2026,Lexus Eastbourne Open,"Eastbourne, Great Britain",20260620,A,Qualifying 1st Round,0,1,2026-06-20T14:25Z,final,3,18568,Indianna Spink,2588,Kimberly Birrell,2588,7-6(6) 6-4
179836,444-2026,Lexus Eastbourne Open,"Eastbourne, Great Britain",20260620,A,Qualifying 1st Round,0,1,2026-06-20T15:40Z,final,3,5705,Oleksandra Oliynykova,18567,Sofia Johnson,18567,6-0 6-2
177967,1065-2026,Internazionali Femminili Di Brescia,"Brescia, Italy",20260614,A,Semifinal,11,0,2026-06-20T15:50Z,final,3,2179,Mayar Sherif,9442,Elizara Yaneva,2179,6-3 6-3
179838,444-2026,Lexus Eastbourne Open,"Eastbourne, Great Britain",20260620,A,Qualifying 1st Round,0,1,2026-06-20T15:55Z,final,3,8404,Petra Marcinko,3388,Simona Waltert,8404,6-4 6-7(4) 6-4
178058,635-2026,VANDA Pharmaceuticals Berlin Tennis Open,"Berlin, Germany",20260613,A,Semifinal,11,0,2026-06-20T16:05Z,final,3,6970,Linda Noskova,7759,Alexandra Eala,6970,6-2 6-4
179835,444-2026,Lexus Eastbourne Open,"Eastbourne, Great Britain",20260620,A,Qualifying 1st Round,0,1,2026-06-20T16:10Z,final,3,3184,Emiliana Arango,5309,Alycia Parks,3184,4-6 6-3 7-5
179837,444-2026,Lexus Eastbourne Open,"Eastbourne, Great Britain",20260620,A,Qualifying 1st Round,0,1,2026-06-20T16:45Z,final,3,2746,Sofia Kenin,5941,Daria Snigur,5941,6-3 6-1
179842,444-2026,Lexus Eastbourne Open,"Eastbourne, Great Britain",20260620,A,Qualifying 1st Round,0,1,2026-06-20T16:55Z,final,3,3908,Kamilla Rakhimova,6571,Oksana Selekhmeteva,6571,7-6(3) 2-6 6-1
179831,636-2026,Bad Homburg Open powered by Solarwatt,"Bad Homburg, Germany",20260620,A,Qualifying Final,0,1,2026-06-21T09:05Z,final,3,3332,Diane Parry,906,Irina-Camelia Begu,906,6-4 7-6(5)
179832,636-2026,Bad Homburg Open powered by Solarwatt,"Bad Homburg, Germany",20260620,A,Qualifying Final,0,1,2026-06-21T09:05Z,final,3,6500,Solana Sierra,2902,Anna Blinkova,6500,3-6 7-5 6-4
178096,636-2026,Bad Homburg Open powered by Solarwatt,"Bad Homburg, Germany",20260620,A,Round 1,1,0,2026-06-21T09:20Z,final,3,3840,Liudmila Samsonova,2248,Katerina Siniakova,3840,6-3 7-5
178202,1070-2026,Figueira Da Foz Ladies Open,"Figueira Da Foz, Portugal",20260614,A,Final,13,0,2026-06-21T10:00Z,final,3,6488,Darja Vidmanova,3185,Ayla Aksu,6488,6-2 6-3
179847,444-2026,Lexus Eastbourne Open,"Eastbourne, Great Britain",20260620,A,Qualifying Final,0,1,2026-06-21T10:05Z,final,3,1549,Ajla Tomljanovic,5878,Veronika Erjavec,1549,6-1 7-5
178014,866-2026,Lexus Nottingham Open,"Nottingham, Great Britain",20260613,A,Final,13,0,2026-06-21T11:05Z,final,3,2392,Marie Bouzkova,3785,Emma Navarro,2392,7-6(5) 4-6 6-2
179848,444-2026,Lexus Eastbourne Open,"Eastbourne, Great Britain",20260620,A,Qualifying Final,0,1,2026-06-21T11:05Z,final,3,6571,Oksana Selekhmeteva,5775,Anastasia Zakharova,5775,7-6(8) 2-6 7-6(7)
179850,444-2026,Lexus Eastbourne Open,"Eastbourne, Great Britain",20260620,A,Qualifying Final,0,1,2026-06-21T11:05Z,final,3,5604,Zeynep Sonmez,6061,Elsa Jacquemot,5604,2-6 6-1 6-3
179833,636-2026,Bad Homburg Open powered by Solarwatt,"Bad Homburg, Germany",20260620,A,Qualifying Final,0,1,2026-06-21T11:20Z,final,3,2751,Renata Zarazua,7797,Sinja Kraus,7797,6-2 7-5
178083,636-2026,Bad Homburg Open powered by Solarwatt,"Bad Homburg, Germany",20260620,A,Round 1,1,0,2026-06-21T11:30Z,final,3,2054,Katie Boulter,3641,Leylah Fernandez,3641,6-7(5) 6-3 6-3
179852,444-2026,Lexus Eastbourne Open,"Eastbourne, Great Britain",20260620,A,Qualifying Final,0,1,2026-06-21T11:35Z,final,3,5848,Peyton Stearns,2588,Kimberly Birrell,2588,7-5 6-0
179834,636-2026,Bad Homburg Open powered by Solarwatt,"Bad Homburg, Germany",20260620,A,Qualifying Final,0,1,2026-06-21T11:50Z,final,3,2748,Elena-Gabriela Ruse,2114,Taylor Townsend,2748,3-6 6-1 6-4
179849,444-2026,Lexus Eastbourne Open,"Eastbourne, Great Britain",20260620,A,Qualifying Final,0,1,2026-06-21T14:20Z,final,3,18567,Sofia Johnson,3184,Emiliana Arango,3184,6-3 6-2
179851,444-2026,Lexus Eastbourne Open,"Eastbourne, Great Britain",20260620,A,Qualifying Final,0,1,2026-06-21T15:10Z,final,3,8404,Petra Marcinko,5941,Daria Snigur,5941,6-4 6-2
178060,635-2026,VANDA Pharmaceuticals Berlin Tennis Open,"Berlin, Germany",20260613,A,Final,13,0,2026-06-21T15:35Z,final,3,2113,Jessica Pegula,6970,Linda Noskova,6970,6-4 4-6 6-3
177968,1065-2026,Internazionali Femminili Di Brescia,"Brescia, Italy",20260614,A,Final,13,0,2026-06-21T15:55Z,final,3,3155,Wang Xiyu,2179,Mayar Sherif,2179,6-4 6-3
178086,636-2026,Bad Homburg Open powered by Solarwatt,"Bad Homburg, Germany",20260620,A,Round 1,1,0,2026-06-22T09:05Z,final,3,3792,Clara Tauson,8017,Diana Shnaider,3792,6-4 6-4
178081,636-2026,Bad Homburg Open powered by Solarwatt,"Bad Homburg, Germany",20260620,A,Round 1,1,0,2026-06-22T09:45Z,final,3,2751,Renata Zarazua,3387,Wang Xinyu,3387,6-1 6-2
178137,444-2026,Lexus Eastbourne Open,"Eastbourne, Great Britain",20260620,A,Round 1,1,0,2026-06-22T10:05Z,final,3,13135,Hannah Klugman,8419,Tereza Valentova,8419,7-5 5-7 7-5
178138,444-2026,Lexus Eastbourne Open,"Eastbourne, Great Britain",20260620,A,Round 1,1,0,2026-06-22T10:05Z,final,3,5941,Daria Snigur,2411,Anhelina Kalinina,2411,7-6(1) 7-5
178077,636-2026,Bad Homburg Open powered by Solarwatt,"Bad Homburg, Germany",20260620,A,Round 1,1,0,2026-06-22T11:10Z,final,3,7797,Sinja Kraus,2977,Anna Kalinskaya,2977,6-4 6-1
178095,636-2026,Bad Homburg Open powered by Solarwatt,"Bad Homburg, Germany",20260620,A,Round 1,1,0,2026-06-22T11:10Z,final,3,2789,Naomi Osaka,2672,Magdalena Frech,2789,6-4 6-1
178125,444-2026,Lexus Eastbourne Open,"Eastbourne, Great Britain",20260620,A,Round 1,1,0,2026-06-22T11:30Z,final,3,6816,Antonia Ruzic,8404,Petra Marcinko,8404,7-6(6) 4-6 7-6(4)
178079,636-2026,Bad Homburg Open powered by Solarwatt,"Bad Homburg, Germany",20260620,A,Round 1,1,0,2026-06-22T12:00Z,final,3,6500,Solana Sierra,6048,Zheng Qinwen,6048,7-5 4-6 6-4
178123,444-2026,Lexus Eastbourne Open,"Eastbourne, Great Britain",20260620,A,Round 1,1,0,2026-06-22T12:10Z,final,3,14146,Maya Joint,3184,Emiliana Arango,3184,7-6(2) 6-4
178139,444-2026,Lexus Eastbourne Open,"Eastbourne, Great Britain",20260620,A,Round 1,1,0,2026-06-22T13:25Z,final,3,1549,Ajla Tomljanovic,3831,Elisabetta Cocciaretto,1549,6-2 6-7(5) 7-5
178090,636-2026,Bad Homburg Open powered by Solarwatt,"Bad Homburg, Germany",20260620,A,Round 1,1,0,2026-06-22T14:45Z,final,3,403,Venus Williams,906,Irina-Camelia Begu,906,6-2 4-6 7-6(6)
178133,444-2026,Lexus Eastbourne Open,"Eastbourne, Great Britain",20260620,A,Round 1,1,0,2026-06-22T15:00Z,final,3,2195,Jelena Ostapenko,7815,Francesca Jones,2195,6-2 6-2
178144,444-2026,Lexus Eastbourne Open,"Eastbourne, Great Britain",20260620,A,Round 1,1,0,2026-06-22T16:25Z,final,3,5528,McCartney Kessler,2191,Daria Kasatkina,5528,6-3 7-6(3)
178092,636-2026,Bad Homburg Open powered by Solarwatt,"Bad Homburg, Germany",20260620,A,Round 1,1,0,2026-06-22T17:55Z,final,3,7759,Alexandra Eala,2221,Elise Mertens,2221,6-3 6-3
178076,636-2026,Bad Homburg Open powered by Solarwatt,"Bad Homburg, Germany",20260620,A,Round 1,1,0,2026-06-23T09:05Z,final,3,5260,Eva Lys,3785,Emma Navarro,3785,7-6(6) 6-3
178093,636-2026,Bad Homburg Open powered by Solarwatt,"Bad Homburg, Germany",20260620,A,Round 1,1,0,2026-06-23T09:35Z,final,3,2748,Elena-Gabriela Ruse,6970,Linda Noskova,2748,6-1 6-3
178094,636-2026,Bad Homburg Open powered by Solarwatt,"Bad Homburg, Germany",20260620,A,Round 1,1,0,2026-06-23T09:35Z,final,3,3380,Ann Li,3182,Ekaterina Alexandrova,3182,6-1 6-7(5) 6-1
178122,444-2026,Lexus Eastbourne Open,"Eastbourne, Great Britain",20260620,A,Round 1,1,0,2026-06-23T10:05Z,final,3,2615,Jasmine Paolini,2346,Tatjana Maria,2346,6-4 6-3
178129,444-2026,Lexus Eastbourne Open,"Eastbourne, Great Britain",20260620,A,Round 1,1,0,2026-06-23T10:05Z,final,3,6368,Janice Tjen,3223,Catherine McNally,3223,7-5 6-7(5) 6-3
178140,444-2026,Lexus Eastbourne Open,"Eastbourne, Great Britain",20260620,A,Round 1,1,0,2026-06-23T10:05Z,final,3,10831,Alicia Dudeney,6059,Jessica Bouzas Maneiro,6059,6-0 6-3
178143,444-2026,Lexus Eastbourne Open,"Eastbourne, Great Britain",20260620,A,Round 1,1,0,2026-06-23T10:05Z,final,3,13478,Yuliia Starodubtseva,5775,Anastasia Zakharova,5775,6-4 3-6 6-3
180003,188-2026,Wimbledon,"London, Great Britain",20260622,G,Qualifying 1st Round,0,1,2026-06-23T10:05Z,final,3,5168,Nuria Brancaccio,4291,Andrea Lazaro Garcia,4291,6-3 6-4
180004,188-2026,Wimbledon,"London, Great Britain",20260622,G,Qualifying 1st Round,0,1,2026-06-23T10:05Z,final,3,9169,Alina Korneeva,10858,Alexandra Shubladze,9169,2-6 7-6(2) 6-3
180005,188-2026,Wimbledon,"London, Great Britain",20260622,G,Qualifying 1st Round,0,1,2026-06-23T10:05Z,final,3,5749,Julia Riera,18448,Daniella Britton,5749,2-6 6-2 6-4
180012,188-2026,Wimbledon,"London, Great Britain",20260622,G,Qualifying 1st Round,0,1,2026-06-23T10:05Z,final,3,3330,Harmony Tan,16296,Mia Pohankova,3330,7-6(3) 2-6 6-1
180015,188-2026,Wimbledon,"London, Great Britain",20260622,G,Qualifying 1st Round,0,1,2026-06-23T10:05Z,final,3,8495,Lulu Sun,7927,Linda Klimovicova,8495,7-6(3) 7-5
180016,188-2026,Wimbledon,"London, Great Britain",20260622,G,Qualifying 1st Round,0,1,2026-06-23T10:05Z,final,3,14606,Tyra Caterina Grant,7672,Taylah Preston,14606,6-1 2-6 6-4
180032,188-2026,Wimbledon,"London, Great Britain",20260622,G,Qualifying 1st Round,0,1,2026-06-23T10:05Z,final,3,2910,Greet Minnen,2387,Fiona Ferro,2910,6-3 6-1
180033,188-2026,Wimbledon,"London, Great Britain",20260622,G,Qualifying 1st Round,0,1,2026-06-23T10:05Z,final,3,7436,Dominika Salkova,2403,Iryna Shymanovich,2403,7-6(5) 3-6 6-4
180036,188-2026,Wimbledon,"London, Great Britain",20260622,G,Qualifying 1st Round,0,1,2026-06-23T10:05Z,final,3,7849,Noma Noha Akugue,8411,Lisa Pigato,7849,7-6(2) 6-3
180040,188-2026,Wimbledon,"London, Great Britain",20260622,G,Qualifying 1st Round,0,1,2026-06-23T10:05Z,final,3,2177,Laura Pigossi,2848,Oceane Dodin,2848,7-5 6-4
180042,188-2026,Wimbledon,"London, Great Britain",20260622,G,Qualifying 1st Round,0,1,2026-06-23T10:05Z,final,3,8614,Kayla Cross,13479,Mary Stoiana,13479,6-3 6-4
180013,188-2026,Wimbledon,"London, Great Britain",20260622,G,Qualifying 1st Round,0,1,2026-06-23T10:10Z,final,3,5734,Moyuka Uchijima,18451,Esther Adeshina,18451,6-1 3-6 7-5
180014,188-2026,Wimbledon,"London, Great Britain",20260622,G,Qualifying 1st Round,0,1,2026-06-23T10:10Z,final,3,12837,Celine Naef,3705,Joanna Garland,3705,3-6 7-5 6-4
180018,188-2026,Wimbledon,"London, Great Britain",20260622,G,Qualifying 1st Round,0,1,2026-06-23T10:10Z,final,3,8699,Fiona Crawley,11317,Himeno Sakatsume,8699,7-5 4-6 7-6(8)
180034,188-2026,Wimbledon,"London, Great Britain",20260622,G,Qualifying 1st Round,0,1,2026-06-23T10:10Z,final,3,2760,Katherine Sebov,5746,Jazmin Ortenzi,2760,4-6 6-3 6-2
180039,188-2026,Wimbledon,"London, Great Britain",20260622,G,Qualifying 1st Round,0,1,2026-06-23T10:10Z,final,3,12958,Anouk Koevermans,5613,Mananchaya Sawangkaew,5613,6-3 1-6 6-4
178084,636-2026,Bad Homburg Open powered by Solarwatt,"Bad Homburg, Germany",20260620,A,Round 2,2,0,2026-06-23T11:00Z,final,3,3387,Wang Xinyu,3641,Leylah Fernandez,3387,6-3 6-4
180041,188-2026,Wimbledon,"London, Great Britain",20260622,G,Qualifying 1st Round,0,1,2026-06-23T11:20Z,final,3,2764,Dalma Galfi,3487,Francisca Jorge,3487,7-6(5) 6-3
178127,444-2026,Lexus Eastbourne Open,"Eastbourne, Great Britain",20260620,A,Round 1,1,0,2026-06-23T11:30Z,final,3,7819,Sara Bejlek,1881,Laura Siegemund,7819,3-6 7-6(2) 7-6(3)
180011,188-2026,Wimbledon,"London, Great Britain",20260622,G,Qualifying 1st Round,0,1,2026-06-23T11:45Z,final,3,5161,Alice Tubello,14946,Elena Pridankina,14946,6-2 6-0
180044,188-2026,Wimbledon,"London, Great Britain",20260622,G,Qualifying 1st Round,0,1,2026-06-23T11:45Z,final,3,4676,Angela Fita Boluda,3031,Lina Gjorcheska,3031,6-2 6-4
178134,444-2026,Lexus Eastbourne Open,"Eastbourne, Great Britain",20260620,A,Round 1,1,0,2026-06-23T11:50Z,final,3,6708,Talia Gibson,1556,Madison Keys,1556,6-4 6-4
180045,188-2026,Wimbledon,"London, Great Britain",20260622,G,Qualifying 1st Round,0,1,2026-06-23T11:50Z,final,3,2584,Maddison Inglis,4666,Lucia Bronzetti,4666,6-3 3-6 6-4
180037,188-2026,Wimbledon,"London, Great Britain",20260622,G,Qualifying 1st Round,0,1,2026-06-23T12:00Z,final,3,13615,Ma YeXin,7438,Erika Andreeva,7438,6-0 6-3
180035,188-2026,Wimbledon,"London, Great Britain",20260622,G,Qualifying 1st Round,0,1,2026-06-23T12:05Z,final,3,3889,Katarzyna Kawa,4104,Susan Bandecchi,3889,6-1 6-3
179987,188-2026,Wimbledon,"London, Great Britain",20260622,G,Qualifying 1st Round,0,1,2026-06-23T12:15Z,final,3,11260,Cadence Brace,2974,Kayla Day,2974,6-4 6-3
180006,188-2026,Wimbledon,"London, Great Britain",20260622,G,Qualifying 1st Round,0,1,2026-06-23T12:20Z,final,3,6929,Linda Fruhvirtova,12287,Emerson Jones,12287,6-2 6-1
180038,188-2026,Wimbledon,"London, Great Britain",20260622,G,Qualifying 1st Round,0,1,2026-06-23T12:20Z,final,3,13950,Luisina Giovannini,8067,Lucrezia Stefanini,8067,7-6(6) 7-6(5)
180043,188-2026,Wimbledon,"London, Great Britain",20260622,G,Qualifying 1st Round,0,1,2026-06-23T12:25Z,final,3,2441,Justina Mikulskyte,2197,Carol Zhao,2441,6-3 7-6(6)
180008,188-2026,Wimbledon,"London, Great Britain",20260622,G,Qualifying 1st Round,0,1,2026-06-23T12:30Z,final,3,8068,Despina Papamichail,2980,Claire Liu,2980,6-2 6-1
180009,188-2026,Wimbledon,"London, Great Britain",20260622,G,Qualifying 1st Round,0,1,2026-06-23T12:35Z,final,3,14460,Kaitlin Quevedo,11555,Sayaka Ishii,14460,6-0 6-3
180010,188-2026,Wimbledon,"London, Great Britain",20260622,G,Qualifying 1st Round,0,1,2026-06-23T12:35Z,final,3,12959,Amelia Rajecki,5057,Suzan Lamens,5057,6-3 7-5
178135,444-2026,Lexus Eastbourne Open,"Eastbourne, Great Britain",20260620,A,Round 1,1,0,2026-06-23T12:45Z,ret,3,3000,Panna Udvardy,2734,Anna Bondar,3000,7-6(4) 3-2 RET
180007,188-2026,Wimbledon,"London, Great Britain",20260622,G,Qualifying 1st Round,0,1,2026-06-23T12:50Z,final,3,423,Varvara Lepchenko,7816,Anastasia Gasanova,7816,2-6 6-1 7-6(10)
180027,188-2026,Wimbledon,"London, Great Britain",20260622,G,Qualifying 1st Round,0,1,2026-06-23T12:50Z,final,3,6769,Darja Semenistaja,5076,Anna Siskova,6769,7-6(2) 1-6 7-5
180049,188-2026,Wimbledon,"London, Great Britain",20260622,G,Qualifying 1st Round,0,1,2026-06-23T12:55Z,final,3,4691,Alice Rame,4384,Caroline Werner,4384,6-3 5-7 6-2
179990,188-2026,Wimbledon,"London, Great Britain",20260622,G,Qualifying 1st Round,0,1,2026-06-23T13:15Z,final,3,2984,Rebeka Masarova,2617,Jil Teichmann,2617,7-6(2) 6-4
180023,188-2026,Wimbledon,"London, Great Britain",20260622,G,Qualifying 1st Round,0,1,2026-06-23T13:15Z,final,3,2282,Ekaterine Gorgodze,17702,Vendula Valdmannova,2282,6-2 7-6(2)
178132,444-2026,Lexus Eastbourne Open,"Eastbourne, Great Britain",20260620,A,Round 1,1,0,2026-06-23T13:25Z,final,3,5604,Zeynep Sonmez,2200,Harriet Dart,5604,4-6 6-2 7-5
179989,188-2026,Wimbledon,"London, Great Britain",20260622,G,Qualifying 1st Round,0,1,2026-06-23T13:25Z,final,3,2140,Storm Hunter,14562,Sofia Costoulas,2140,7-5 6-4
180026,188-2026,Wimbledon,"London, Great Britain",20260622,G,Qualifying 1st Round,0,1,2026-06-23T13:25Z,final,3,2582,Priscilla Hon,2043,Nao Hibino,2043,6-2 6-2
180000,188-2026,Wimbledon,"London, Great Britain",20260622,G,Qualifying 1st Round,0,1,2026-06-23T13:30Z,final,3,6724,Ashlyn Krueger,13314,Gabriela Knutson,6724,7-5 7-5
180001,188-2026,Wimbledon,"London, Great Britain",20260622,G,Qualifying 1st Round,0,1,2026-06-23T13:30Z,final,3,5712,Bai Zhuoxuan,3034,Tamara Zidansek,5712,6-2 7-5
178099,636-2026,Bad Homburg Open powered by Solarwatt,"Bad Homburg, Germany",20260620,A,Round 2,2,0,2026-06-23T13:35Z,final,3,2789,Naomi Osaka,2221,Elise Mertens,2789,6-3 6-3
180021,188-2026,Wimbledon,"London, Great Britain",20260622,G,Qualifying 1st Round,0,1,2026-06-23T13:50Z,final,3,3746,Katie Volynets,15069,Laura Samson,3746,7-6(5) 6-1
180047,188-2026,Wimbledon,"London, Great Britain",20260622,G,Qualifying 1st Round,0,1,2026-06-23T14:00Z,final,3,6413,Polina Kudermetova,3286,Jessika Ponchet,6413,1-6 6-2 6-3
179988,188-2026,Wimbledon,"London, Great Britain",20260622,G,Qualifying 1st Round,0,1,2026-06-23T14:10Z,final,3,2979,Bianca Andreescu,1095,Polona Hercog,2979,6-4 6-2
180002,188-2026,Wimbledon,"London, Great Britain",20260622,G,Qualifying 1st Round,0,1,2026-06-23T14:10Z,final,3,17104,Polina Iatcenko,10676,Leyre Romero Gormaz,17104,6-0 6-3
180024,188-2026,Wimbledon,"London, Great Britain",20260622,G,Qualifying 1st Round,0,1,2026-06-23T14:30Z,final,3,4583,Yuriko Lily Miyazaki,9442,Elizara Yaneva,9442,6-2 6-4
179986,188-2026,Wimbledon,"London, Great Britain",20260622,G,Qualifying 1st Round,0,1,2026-06-23T14:45Z,final,3,1809,Aliaksandra Sasnovich,1844,Katy Dunne,1809,1-6 6-3 6-2
180048,188-2026,Wimbledon,"London, Great Britain",20260622,G,Qualifying 1st Round,0,1,2026-06-23T14:45Z,final,3,1955,Elizabeth Mandlik,6570,Alina Charaeva,6570,6-2 6-4
179999,188-2026,Wimbledon,"London, Great Britain",20260622,G,Qualifying 1st Round,0,1,2026-06-23T14:55Z,final,3,3153,Mai Hontama,9917,Akasha Urhobo,3153,7-6(6) 6-3
180020,188-2026,Wimbledon,"London, Great Britain",20260622,G,Qualifying 1st Round,0,1,2026-06-23T14:55Z,final,3,8410,Lola Radivojevic,8690,Marina Bassols Ribera,8690,6-7(10) 6-2 7-6(7)
179998,188-2026,Wimbledon,"London, Great Britain",20260622,G,Qualifying 1st Round,0,1,2026-06-23T15:05Z,final,3,5299,Carole Monnet,12846,Tatiana Prozorova,12846,6-2 6-4
179991,188-2026,Wimbledon,"London, Great Britain",20260622,G,Qualifying 1st Round,0,1,2026-06-23T15:15Z,final,3,5737,Yeonwoo Ku,16002,Teodora Kostovic,16002,6-1 6-4
179993,188-2026,Wimbledon,"London, Great Britain",20260622,G,Qualifying 1st Round,0,1,2026-06-23T15:25Z,final,3,2738,Rebecca Sramkova,2736,Viktoria Hruncakova,2738,7-6(5) 7-6(3)
180019,188-2026,Wimbledon,"London, Great Britain",20260622,G,Qualifying 1st Round,0,1,2026-06-23T15:25Z,final,3,3436,Caroline Dolehide,6723,Robin Montgomery,6723,6-4 7-6(1)
180025,188-2026,Wimbledon,"London, Great Britain",20260622,G,Qualifying 1st Round,0,1,2026-06-23T15:25Z,final,3,2603,You Xiaodi,4453,Leolia Jeanjean,4453,4-6 6-2 6-3
180029,188-2026,Wimbledon,"London, Great Britain",20260622,G,Qualifying 1st Round,0,1,2026-06-23T15:25Z,final,3,2599,Julia Grabher,3954,Mariam Bolkvadze,3954,6-4 7-6(6)
178097,636-2026,Bad Homburg Open powered by Solarwatt,"Bad Homburg, Germany",20260620,A,Round 2,2,0,2026-06-23T15:35Z,final,3,3840,Liudmila Samsonova,1797,Elina Svitolina,1797,3-6 6-3 6-2
179996,188-2026,Wimbledon,"London, Great Britain",20260622,G,Qualifying 1st Round,0,1,2026-06-23T15:40Z,final,3,1382,Heather Watson,2179,Mayar Sherif,1382,6-2 6-2
180046,188-2026,Wimbledon,"London, Great Britain",20260622,G,Qualifying 1st Round,0,1,2026-06-23T15:40Z,final,3,2506,Anna-Lena Friedsam,8393,Clervie Ngounoue,8393,6-3 7-5
179992,188-2026,Wimbledon,"London, Great Britain",20260622,G,Qualifying 1st Round,0,1,2026-06-23T15:45Z,final,3,10501,Maria Timofeeva,3406,Whitney Osuigwe,10501,6-1 6-4
179994,188-2026,Wimbledon,"London, Great Britain",20260622,G,Qualifying 1st Round,0,1,2026-06-23T15:50Z,final,3,1913,Mona Barthel,2780,Zhu Lin,2780,6-4 6-3
179997,188-2026,Wimbledon,"London, Great Britain",20260622,G,Qualifying 1st Round,0,1,2026-06-23T15:55Z,final,3,810,Arantxa Rus,14080,Veronika Podrez,14080,6-4 6-4
180031,188-2026,Wimbledon,"London, Great Britain",20260622,G,Qualifying 1st Round,0,1,2026-06-23T15:55Z,final,3,3220,Maria Lourdes Carle,7434,Lucie Havlickova,3220,7-5 5-7 6-4
180017,188-2026,Wimbledon,"London, Great Britain",20260622,G,Qualifying 1st Round,0,1,2026-06-23T16:15Z,final,3,3155,Wang Xiyu,3149,Guo Hanyu,3155,7-6(4) 6-3
178141,444-2026,Lexus Eastbourne Open,"Eastbourne, Great Britain",20260620,A,Round 1,1,0,2026-06-23T16:20Z,final,3,2588,Kimberly Birrell,2042,Barbora Krejcikova,2588,6-3 7-6(6)
180022,188-2026,Wimbledon,"London, Great Britain",20260622,G,Qualifying 1st Round,0,1,2026-06-23T16:30Z,final,3,10673,Ella McDonald,5937,Elvina Kalieva,5937,3-6 7-6(4) 6-4
180028,188-2026,Wimbledon,"London, Great Britain",20260622,G,Qualifying 1st Round,0,1,2026-06-23T16:40Z,final,3,17296,Hayu Kinoshita,2027,Viktoriya Tomova,17296,7-5 6-3
179995,188-2026,Wimbledon,"London, Great Britain",20260622,G,Qualifying 1st Round,0,1,2026-06-23T16:45Z,final,3,14710,Tiantsoa Rakotomanga Rajaonah,17105,Carol Young Suh Lee,14710,6-4 4-6 6-3
180030,188-2026,Wimbledon,"London, Great Britain",20260622,G,Qualifying 1st Round,0,1,2026-06-23T16:55Z,final,3,15755,Jeline Vandromme,2916,Yuan Yue,15755,4-6 6-0 6-2
178080,636-2026,Bad Homburg Open powered by Solarwatt,"Bad Homburg, Germany",20260620,A,Round 2,2,0,2026-06-24T09:05Z,final,3,3182,Ekaterina Alexandrova,9820,Mirra Andreeva,3182,6-3 6-4
178136,444-2026,Lexus Eastbourne Open,"Eastbourne, Great Britain",20260620,A,Round 2,2,0,2026-06-24T10:05Z,final,3,2346,Tatjana Maria,5775,Anastasia Zakharova,2346,6-2 6-1
178145,444-2026,Lexus Eastbourne Open,"Eastbourne, Great Britain",20260620,A,Round 2,2,0,2026-06-24T10:05Z,final,3,6059,Jessica Bouzas Maneiro,1556,Madison Keys,1556,6-0 6-1
180052,188-2026,Wimbledon,"London, Great Britain",20260622,G,Qualifying 2nd Round,0,1,2026-06-24T10:05Z,final,3,8495,Lulu Sun,2848,Oceane Dodin,2848,7-6(10) 7-6(5)
180062,188-2026,Wimbledon,"London, Great Britain",20260622,G,Qualifying 2nd Round,0,1,2026-06-24T10:05Z,final,3,2403,Iryna Shymanovich,2910,Greet Minnen,2403,6-4 6-2
180063,188-2026,Wimbledon,"London, Great Britain",20260622,G,Qualifying 2nd Round,0,1,2026-06-24T10:05Z,final,3,18451,Esther Adeshina,3330,Harmony Tan,3330,6-2 6-2
180070,188-2026,Wimbledon,"London, Great Britain",20260622,G,Qualifying 2nd Round,0,1,2026-06-24T10:05Z,final,3,3705,Joanna Garland,14606,Tyra Caterina Grant,14606,6-4 6-4
180100,188-2026,Wimbledon,"London, Great Britain",20260622,G,Qualifying 2nd Round,0,1,2026-06-24T10:05Z,final,3,5613,Mananchaya Sawangkaew,13479,Mary Stoiana,5613,2-6 6-4 7-5
180084,188-2026,Wimbledon,"London, Great Britain",20260622,G,Qualifying 2nd Round,0,1,2026-06-24T10:10Z,final,3,2760,Katherine Sebov,7849,Noma Noha Akugue,2760,6-4 5-7 7-5
178082,636-2026,Bad Homburg Open powered by Solarwatt,"Bad Homburg, Germany",20260620,A,Round 2,2,0,2026-06-24T10:50Z,final,3,6048,Zheng Qinwen,3792,Clara Tauson,3792,5-7 6-4 6-2
178085,636-2026,Bad Homburg Open powered by Solarwatt,"Bad Homburg, Germany",20260620,A,Round 2,2,0,2026-06-24T10:55Z,final,3,2977,Anna Kalinskaya,2748,Elena-Gabriela Ruse,2748,7-5 6-2
178128,444-2026,Lexus Eastbourne Open,"Eastbourne, Great Britain",20260620,A,Round 2,2,0,2026-06-24T11:15Z,final,3,2195,Jelena Ostapenko,3000,Panna Udvardy,2195,3-6 6-1 6-2
178142,444-2026,Lexus Eastbourne Open,"Eastbourne, Great Britain",20260620,A,Round 2,2,0,2026-06-24T11:30Z,final,3,5528,McCartney Kessler,2411,Anhelina Kalinina,5528,6-4 6-3
178131,444-2026,Lexus Eastbourne Open,"Eastbourne, Great Britain",20260620,A,Round 2,2,0,2026-06-24T11:45Z,final,3,8419,Tereza Valentova,1549,Ajla Tomljanovic,8419,6-2 5-7 6-4
180058,188-2026,Wimbledon,"London, Great Britain",20260622,G,Qualifying 2nd Round,0,1,2026-06-24T13:00Z,final,3,14460,Kaitlin Quevedo,2980,Claire Liu,2980,6-4 6-4
180082,188-2026,Wimbledon,"London, Great Britain",20260622,G,Qualifying 2nd Round,0,1,2026-06-24T13:10Z,final,3,5749,Julia Riera,8699,Fiona Crawley,8699,6-2 3-6 7-6(1)
180061,188-2026,Wimbledon,"London, Great Britain",20260622,G,Qualifying 2nd Round,0,1,2026-06-24T13:15Z,final,3,9169,Alina Korneeva,4291,Andrea Lazaro Garcia,9169,6-2 6-7(5) 7-5
180072,188-2026,Wimbledon,"London, Great Britain",20260622,G,Qualifying 2nd Round,0,1,2026-06-24T13:15Z,final,3,7438,Erika Andreeva,2974,Kayla Day,2974,6-2 6-2
178130,444-2026,Lexus Eastbourne Open,"Eastbourne, Great Britain",20260620,A,Round 2,2,0,2026-06-24T13:30Z,wo,3,5604,Zeynep Sonmez,7819,Sara Bejlek,5604,
180099,188-2026,Wimbledon,"London, Great Britain",20260622,G,Qualifying 2nd Round,0,1,2026-06-24T13:30Z,final,3,14946,Elena Pridankina,5057,Suzan Lamens,14946,7-5 4-6 6-3
178124,444-2026,Lexus Eastbourne Open,"Eastbourne, Great Britain",20260620,A,Round 2,2,0,2026-06-24T13:35Z,final,3,3223,Catherine McNally,3184,Emiliana Arango,3223,6-3 6-0
178091,636-2026,Bad Homburg Open powered by Solarwatt,"Bad Homburg, Germany",20260620,A,Round 2,2,0,2026-06-24T13:40Z,final,3,3730,Iga Swiatek,3785,Emma Navarro,3785,7-5 2-6 6-3
180064,188-2026,Wimbledon,"London, Great Britain",20260622,G,Qualifying 2nd Round,0,1,2026-06-24T13:45Z,final,3,3889,Katarzyna Kawa,8067,Lucrezia Stefanini,3889,6-4 2-6 6-2
180068,188-2026,Wimbledon,"London, Great Britain",20260622,G,Qualifying 2nd Round,0,1,2026-06-24T14:40Z,final,3,7816,Anastasia Gasanova,12287,Emerson Jones,7816,5-7 6-4 6-3
180057,188-2026,Wimbledon,"London, Great Britain",20260622,G,Qualifying 2nd Round,0,1,2026-06-24T15:00Z,final,3,3487,Francisca Jorge,3031,Lina Gjorcheska,3031,5-7 6-2 6-1
178126,444-2026,Lexus Eastbourne Open,"Eastbourne, Great Britain",20260620,A,Round 2,2,0,2026-06-24T15:05Z,final,3,8404,Petra Marcinko,2588,Kimberly Birrell,8404,6-1 6-4
180059,188-2026,Wimbledon,"London, Great Britain",20260622,G,Qualifying 2nd Round,0,1,2026-06-24T15:15Z,final,3,14710,Tiantsoa Rakotomanga Rajaonah,2780,Zhu Lin,2780,6-2 6-3
180086,188-2026,Wimbledon,"London, Great Britain",20260622,G,Qualifying 2nd Round,0,1,2026-06-24T15:30Z,final,3,2441,Justina Mikulskyte,4666,Lucia Bronzetti,4666,6-3 6-3
180066,188-2026,Wimbledon,"London, Great Britain",20260622,G,Qualifying 2nd Round,0,1,2026-06-24T15:55Z,final,3,2282,Ekaterine Gorgodze,4453,Leolia Jeanjean,4453,6-3 6-2
180083,188-2026,Wimbledon,"London, Great Britain",20260622,G,Qualifying 2nd Round,0,1,2026-06-24T15:55Z,final,3,6769,Darja Semenistaja,2043,Nao Hibino,6769,6-4 1-6 6-2
178087,636-2026,Bad Homburg Open powered by Solarwatt,"Bad Homburg, Germany",20260620,A,Round 2,2,0,2026-06-24T16:00Z,final,3,3039,Karolina Muchova,906,Irina-Camelia Begu,3039,6-1 6-1
180054,188-2026,Wimbledon,"London, Great Britain",20260622,G,Qualifying 2nd Round,0,1,2026-06-24T16:00Z,final,3,1809,Aliaksandra Sasnovich,2140,Storm Hunter,1809,5-7 6-1 7-5
180085,188-2026,Wimbledon,"London, Great Britain",20260622,G,Qualifying 2nd Round,0,1,2026-06-24T16:15Z,final,3,2979,Bianca Andreescu,2617,Jil Teichmann,2979,6-7(4) 6-1 6-4
180069,188-2026,Wimbledon,"London, Great Britain",20260622,G,Qualifying 2nd Round,0,1,2026-06-24T16:20Z,final,3,3746,Katie Volynets,9442,Elizara Yaneva,3746,6-1 6-4
180055,188-2026,Wimbledon,"London, Great Britain",20260622,G,Qualifying 2nd Round,0,1,2026-06-24T16:25Z,final,3,2738,Rebecca Sramkova,16002,Teodora Kostovic,16002,4-6 7-6(4) 6-4
180060,188-2026,Wimbledon,"London, Great Britain",20260622,G,Qualifying 2nd Round,0,1,2026-06-24T16:25Z,final,3,12846,Tatiana Prozorova,1382,Heather Watson,1382,5-7 6-3 7-5
180097,188-2026,Wimbledon,"London, Great Britain",20260622,G,Qualifying 2nd Round,0,1,2026-06-24T16:25Z,final,3,6724,Ashlyn Krueger,3153,Mai Hontama,6724,6-3 5-7 6-3
180051,188-2026,Wimbledon,"London, Great Britain",20260622,G,Qualifying 2nd Round,0,1,2026-06-24T16:30Z,final,3,3220,Maria Lourdes Carle,15755,Jeline Vandromme,15755,6-7(1) 6-4 6-3
180067,188-2026,Wimbledon,"London, Great Britain",20260622,G,Qualifying 2nd Round,0,1,2026-06-24T17:20Z,final,3,6723,Robin Montgomery,5937,Elvina Kalieva,6723,6-2 6-2
180071,188-2026,Wimbledon,"London, Great Britain",20260622,G,Qualifying 2nd Round,0,1,2026-06-24T17:25Z,final,3,6413,Polina Kudermetova,8393,Clervie Ngounoue,6413,6-1 6-2
180098,188-2026,Wimbledon,"London, Great Britain",20260622,G,Qualifying 2nd Round,0,1,2026-06-24T17:25Z,ret,3,3155,Wang Xiyu,8690,Marina Bassols Ribera,8690,3-6 6-1 4-0 RET
180065,188-2026,Wimbledon,"London, Great Britain",20260622,G,Qualifying 2nd Round,0,1,2026-06-24T17:35Z,final,3,4384,Caroline Werner,6570,Alina Charaeva,6570,5-7 6-4 6-0
180050,188-2026,Wimbledon,"London, Great Britain",20260622,G,Qualifying 2nd Round,0,1,2026-06-24T17:45Z,final,3,10501,Maria Timofeeva,14080,Veronika Podrez,10501,6-4 6-2
180056,188-2026,Wimbledon,"London, Great Britain",20260622,G,Qualifying 2nd Round,0,1,2026-06-24T17:50Z,final,3,17104,Polina Iatcenko,5712,Bai Zhuoxuan,17104,7-6(7) 6-2
180053,188-2026,Wimbledon,"London, Great Britain",20260622,G,Qualifying 2nd Round,0,1,2026-06-24T17:55Z,final,3,3954,Mariam Bolkvadze,17296,Hayu Kinoshita,3954,6-3 6-2
178100,636-2026,Bad Homburg Open powered by Solarwatt,"Bad Homburg, Germany",20260620,A,Quarterfinal,10,0,2026-06-25T04:00Z,wo,3,3387,Wang Xinyu,1797,Elina Svitolina,3387,
180074,188-2026,Wimbledon,"London, Great Britain",20260622,G,Qualifying Final,0,1,2026-06-25T10:05Z,final,3,9169,Alina Korneeva,8699,Fiona Crawley,9169,6-2 6-0
180077,188-2026,Wimbledon,"London, Great Britain",20260622,G,Qualifying Final,0,1,2026-06-25T10:05Z,final,3,3889,Katarzyna Kawa,2974,Kayla Day,2974,6-2 7-5
180080,188-2026,Wimbledon,"London, Great Britain",20260622,G,Qualifying Final,0,1,2026-06-25T10:05Z,final,3,3330,Harmony Tan,14606,Tyra Caterina Grant,14606,6-4 7-6(5)
180088,188-2026,Wimbledon,"London, Great Britain",20260622,G,Qualifying Final,0,1,2026-06-25T10:05Z,final,3,2403,Iryna Shymanovich,2760,Katherine Sebov,2403,4-6 6-3 7-6(5)
180090,188-2026,Wimbledon,"London, Great Britain",20260622,G,Qualifying Final,0,1,2026-06-25T10:05Z,final,3,2848,Oceane Dodin,5613,Mananchaya Sawangkaew,5613,5-7 7-5 6-1
178148,444-2026,Lexus Eastbourne Open,"Eastbourne, Great Britain",20260620,A,Quarterfinal,10,0,2026-06-25T10:10Z,final,3,2195,Jelena Ostapenko,5604,Zeynep Sonmez,2195,6-3 6-0
180081,188-2026,Wimbledon,"London, Great Britain",20260622,G,Qualifying Final,0,1,2026-06-25T10:10Z,final,3,2980,Claire Liu,14946,Elena Pridankina,2980,6-2 4-6 6-1
178101,636-2026,Bad Homburg Open powered by Solarwatt,"Bad Homburg, Germany",20260620,A,Quarterfinal,10,0,2026-06-25T11:05Z,final,3,2789,Naomi Osaka,3182,Ekaterina Alexandrova,2789,6-2 6-2
178149,444-2026,Lexus Eastbourne Open,"Eastbourne, Great Britain",20260620,A,Quarterfinal,10,0,2026-06-25T11:50Z,final,3,5528,McCartney Kessler,1556,Madison Keys,1556,6-3 6-1
180091,188-2026,Wimbledon,"London, Great Britain",20260622,G,Qualifying Final,0,1,2026-06-25T12:10Z,final,3,6413,Polina Kudermetova,6570,Alina Charaeva,6413,4-6 6-4 6-1
180093,188-2026,Wimbledon,"London, Great Britain",20260622,G,Qualifying Final,0,1,2026-06-25T12:45Z,final,3,16002,Teodora Kostovic,2780,Zhu Lin,16002,6-3 6-4
180073,188-2026,Wimbledon,"London, Great Britain",20260622,G,Qualifying Final,0,1,2026-06-25T13:05Z,final,3,6724,Ashlyn Krueger,17104,Polina Iatcenko,6724,7-6(8) 6-1
180076,188-2026,Wimbledon,"London, Great Britain",20260622,G,Qualifying Final,0,1,2026-06-25T13:05Z,final,3,6769,Darja Semenistaja,7816,Anastasia Gasanova,7816,6-4 6-2
180092,188-2026,Wimbledon,"London, Great Britain",20260622,G,Qualifying Final,0,1,2026-06-25T13:15Z,final,3,3954,Mariam Bolkvadze,15755,Jeline Vandromme,3954,6-4 4-6 6-3
180089,188-2026,Wimbledon,"London, Great Britain",20260622,G,Qualifying Final,0,1,2026-06-25T13:25Z,final,3,10501,Maria Timofeeva,1382,Heather Watson,10501,3-6 6-2 6-1
178102,636-2026,Bad Homburg Open powered by Solarwatt,"Bad Homburg, Germany",20260620,A,Quarterfinal,10,0,2026-06-25T13:40Z,final,3,3785,Emma Navarro,2748,Elena-Gabriela Ruse,2748,6-4 6-2
180078,188-2026,Wimbledon,"London, Great Britain",20260622,G,Qualifying Final,0,1,2026-06-25T13:50Z,final,3,3746,Katie Volynets,4453,Leolia Jeanjean,4453,6-3 6-4
178147,444-2026,Lexus Eastbourne Open,"Eastbourne, Great Britain",20260620,A,Quarterfinal,10,0,2026-06-25T14:05Z,final,3,2346,Tatjana Maria,8419,Tereza Valentova,2346,6-3 7-5
180079,188-2026,Wimbledon,"London, Great Britain",20260622,G,Qualifying Final,0,1,2026-06-25T14:10Z,final,3,1809,Aliaksandra Sasnovich,2979,Bianca Andreescu,2979,6-3 7-6(4)
180075,188-2026,Wimbledon,"London, Great Britain",20260622,G,Qualifying Final,0,1,2026-06-25T14:15Z,final,3,8690,Marina Bassols Ribera,6723,Robin Montgomery,6723,3-6 6-1 6-1
180087,188-2026,Wimbledon,"London, Great Britain",20260622,G,Qualifying Final,0,1,2026-06-25T14:30Z,final,3,3031,Lina Gjorcheska,4666,Lucia Bronzetti,3031,6-1 6-2
178103,636-2026,Bad Homburg Open powered by Solarwatt,"Bad Homburg, Germany",20260620,A,Quarterfinal,10,0,2026-06-25T15:10Z,final,3,3039,Karolina Muchova,3792,Clara Tauson,3039,1-6 6-2 6-4
178146,444-2026,Lexus Eastbourne Open,"Eastbourne, Great Britain",20260620,A,Quarterfinal,10,0,2026-06-25T16:00Z,final,3,3223,Catherine McNally,8404,Petra Marcinko,8404,6-3 4-6 6-4
178151,444-2026,Lexus Eastbourne Open,"Eastbourne, Great Britain",20260620,A,Semifinal,11,0,2026-06-26T10:05Z,ret,3,2346,Tatjana Maria,2195,Jelena Ostapenko,2346,6-1 1-2 RET
178105,636-2026,Bad Homburg Open powered by Solarwatt,"Bad Homburg, Germany",20260620,A,Semifinal,11,0,2026-06-26T11:05Z,final,3,3387,Wang Xinyu,2789,Naomi Osaka,2789,6-3 6-3
178150,444-2026,Lexus Eastbourne Open,"Eastbourne, Great Britain",20260620,A,Semifinal,11,0,2026-06-26T12:20Z,ret,3,8404,Petra Marcinko,1556,Madison Keys,1556,6-1 RET
178104,636-2026,Bad Homburg Open powered by Solarwatt,"Bad Homburg, Germany",20260620,A,Semifinal,11,0,2026-06-26T13:05Z,final,3,2748,Elena-Gabriela Ruse,3039,Karolina Muchova,3039,6-4 6-4
178106,636-2026,Bad Homburg Open powered by Solarwatt,"Bad Homburg, Germany",20260620,A,Final,13,0,2026-06-27T09:05Z,ret,3,3039,Karolina Muchova,2789,Naomi Osaka,3039,6-1 1-0 RET
178152,444-2026,Lexus Eastbourne Open,"Eastbourne, Great Britain",20260620,A,Final,13,0,2026-06-27T11:05Z,final,3,2346,Tatjana Maria,1556,Madison Keys,1556,7-5 6-4
177533,188-2026,Wimbledon,"London, Great Britain",20260622,G,Round 1,1,0,2026-06-29T10:05Z,final,3,2183,Belinda Bencic,14877,Mika Stojsavljevic,2183,6-2 6-1
177526,188-2026,Wimbledon,"London, Great Britain",20260622,G,Round 1,1,0,2026-06-29T10:10Z,final,3,2737,Jaqueline Cristian,14311,Iva Jovic,14311,7-6(1) 6-0
177579,188-2026,Wimbledon,"London, Great Britain",20260622,G,Round 1,1,0,2026-06-29T10:10Z,final,3,2929,Sara Sorribes Tormo,7778,Victoria Jimenez Kasintseva,2929,6-2 6-3
177585,188-2026,Wimbledon,"London, Great Britain",20260622,G,Round 1,1,0,2026-06-29T10:10Z,final,3,2113,Jessica Pegula,6488,Darja Vidmanova,2113,7-5 6-3
177587,188-2026,Wimbledon,"London, Great Britain",20260622,G,Round 1,1,0,2026-06-29T10:15Z,final,3,5613,Mananchaya Sawangkaew,3417,Maja Chwalinska,5613,2-6 7-5 6-2
177532,188-2026,Wimbledon,"London, Great Britain",20260622,G,Round 1,1,0,2026-06-29T11:50Z,final,3,3387,Wang Xinyu,3831,Elisabetta Cocciaretto,3387,6-3 2-6 6-2
177528,188-2026,Wimbledon,"London, Great Britain",20260622,G,Round 1,1,0,2026-06-29T11:55Z,final,3,3380,Ann Li,5604,Zeynep Sonmez,5604,7-5 1-6 6-4
177576,188-2026,Wimbledon,"London, Great Britain",20260622,G,Round 1,1,0,2026-06-29T12:05Z,final,3,2195,Jelena Ostapenko,2200,Harriet Dart,2195,6-3 3-6 6-4
177542,188-2026,Wimbledon,"London, Great Britain",20260622,G,Round 1,1,0,2026-06-29T12:10Z,final,3,1802,Yulia Putintseva,2346,Tatjana Maria,2346,6-4 6-4
177566,188-2026,Wimbledon,"London, Great Britain",20260622,G,Round 1,1,0,2026-06-29T12:55Z,final,3,2979,Bianca Andreescu,707,Zhang Shuai,707,7-6(3) 7-6(6)
177588,188-2026,Wimbledon,"London, Great Britain",20260622,G,Round 1,1,0,2026-06-29T13:10Z,final,3,5309,Alycia Parks,10831,Alicia Dudeney,5309,6-3 6-3
177568,188-2026,Wimbledon,"London, Great Britain",20260622,G,Round 1,1,0,2026-06-29T13:20Z,final,3,6816,Antonia Ruzic,6769,Darja Semenistaja,6816,6-3 3-6 6-3
177527,188-2026,Wimbledon,"London, Great Britain",20260622,G,Round 1,1,0,2026-06-29T14:30Z,final,3,2980,Claire Liu,8808,Hanne Vandewinkel,2980,4-6 6-3 6-4
177563,188-2026,Wimbledon,"London, Great Britain",20260622,G,Round 1,1,0,2026-06-29T14:40Z,final,3,6061,Elsa Jacquemot,2789,Naomi Osaka,2789,6-1 7-5
177544,188-2026,Wimbledon,"London, Great Britain",20260622,G,Round 1,1,0,2026-06-29T15:30Z,final,3,6953,Lanlana Tararudee,10830,Lilli Tagger,6953,7-6(3) 5-7 6-4
177584,188-2026,Wimbledon,"London, Great Britain",20260622,G,Round 1,1,0,2026-06-29T15:35Z,final,3,5848,Peyton Stearns,7804,Nikola Bartunkova,7804,6-4 3-6 7-5
177573,188-2026,Wimbledon,"London, Great Britain",20260622,G,Round 1,1,0,2026-06-29T15:50Z,final,3,3641,Leylah Fernandez,6368,Janice Tjen,6368,6-1 7-6(3)
177571,188-2026,Wimbledon,"London, Great Britain",20260622,G,Round 1,1,0,2026-06-29T16:10Z,final,3,10871,Mimi Xu,2191,Daria Kasatkina,2191,6-2 3-6 6-2
177575,188-2026,Wimbledon,"London, Great Britain",20260622,G,Round 1,1,0,2026-06-29T16:25Z,final,3,3038,Aryna Sabalenka,16002,Teodora Kostovic,3038,6-2 6-3
177583,188-2026,Wimbledon,"London, Great Britain",20260622,G,Round 1,1,0,2026-06-29T16:25Z,final,3,2042,Barbora Krejcikova,13135,Hannah Klugman,2042,6-1 6-4
177534,188-2026,Wimbledon,"London, Great Britain",20260622,G,Round 1,1,0,2026-06-29T16:35Z,final,3,2672,Magdalena Frech,2977,Anna Kalinskaya,2977,7-6(5) 6-4
177577,188-2026,Wimbledon,"London, Great Britain",20260622,G,Round 1,1,0,2026-06-29T17:00Z,final,3,5705,Oleksandra Oliynykova,5528,McCartney Kessler,5528,6-0 6-0
177578,188-2026,Wimbledon,"London, Great Britain",20260622,G,Round 1,1,0,2026-06-29T17:00Z,final,3,3142,Dayana Yastremska,13530,Aoi Ito,3142,7-6(1) 4-6 7-5
177530,188-2026,Wimbledon,"London, Great Britain",20260622,G,Round 1,1,0,2026-06-29T17:10Z,final,3,6500,Solana Sierra,2734,Anna Bondar,6500,6-3 5-7 7-5
177586,188-2026,Wimbledon,"London, Great Britain",20260622,G,Round 1,1,0,2026-06-29T17:20Z,final,3,1649,Magda Linette,9820,Mirra Andreeva,9820,7-5 6-4
177589,188-2026,Wimbledon,"London, Great Britain",20260622,G,Round 1,1,0,2026-06-29T17:20Z,final,3,2248,Katerina Siniakova,6048,Zheng Qinwen,2248,6-4 6-4
177539,188-2026,Wimbledon,"London, Great Britain",20260622,G,Round 1,1,0,2026-06-29T17:40Z,final,3,3039,Karolina Muchova,5775,Anastasia Zakharova,3039,6-3 6-2
177580,188-2026,Wimbledon,"London, Great Britain",20260622,G,Round 1,1,0,2026-06-29T17:55Z,final,3,3182,Ekaterina Alexandrova,3000,Panna Udvardy,3182,6-4 6-2
177529,188-2026,Wimbledon,"London, Great Britain",20260622,G,Round 1,1,0,2026-06-29T18:00Z,final,3,3040,Tamara Korpatsch,3626,Coco Gauff,3626,6-2 6-1
177536,188-2026,Wimbledon,"London, Great Britain",20260622,G,Round 1,1,0,2026-06-29T18:05Z,final,3,7816,Anastasia Gasanova,3184,Emiliana Arango,7816,6-3 6-1
177535,188-2026,Wimbledon,"London, Great Britain",20260622,G,Round 1,1,0,2026-06-29T18:10Z,final,3,7815,Francesca Jones,3332,Diane Parry,3332,6-4 6-4
177582,188-2026,Wimbledon,"London, Great Britain",20260622,G,Round 1,1,0,2026-06-29T18:10Z,final,3,6059,Jessica Bouzas Maneiro,2971,Anastasia Potapova,6059,6-2 6-3
177560,188-2026,Wimbledon,"London, Great Britain",20260622,G,Round 1,1,0,2026-06-30T10:00Z,final,3,3018,Maria Sakkari,3792,Clara Tauson,3018,6-3 6-3
177537,188-2026,Wimbledon,"London, Great Britain",20260622,G,Round 1,1,0,2026-06-30T10:05Z,final,3,6708,Talia Gibson,2392,Marie Bouzkova,2392,6-1 3-6 6-2
177538,188-2026,Wimbledon,"London, Great Britain",20260622,G,Round 1,1,0,2026-06-30T10:05Z,final,3,2054,Katie Boulter,14606,Tyra Caterina Grant,14606,6-4 6-2
177551,188-2026,Wimbledon,"London, Great Britain",20260622,G,Round 1,1,0,2026-06-30T10:05Z,final,3,2615,Jasmine Paolini,6723,Robin Montgomery,2615,0-6 6-4 7-5
177553,188-2026,Wimbledon,"London, Great Britain",20260622,G,Round 1,1,0,2026-06-30T10:05Z,final,3,2411,Anhelina Kalinina,3908,Kamilla Rakhimova,3908,4-6 6-4 7-5
177564,188-2026,Wimbledon,"London, Great Britain",20260622,G,Round 1,1,0,2026-06-30T10:05Z,final,3,2974,Kayla Day,1556,Madison Keys,1556,6-7(5) 6-4 6-3
177565,188-2026,Wimbledon,"London, Great Britain",20260622,G,Round 1,1,0,2026-06-30T10:05Z,final,3,906,Irina-Camelia Begu,2752,Katie Swan,2752,6-4 6-4
177570,188-2026,Wimbledon,"London, Great Britain",20260622,G,Round 1,1,0,2026-06-30T10:05Z,final,3,8419,Tereza Valentova,740,Karolina Pliskova,740,6-3 6-4
177572,188-2026,Wimbledon,"London, Great Britain",20260622,G,Round 1,1,0,2026-06-30T10:05Z,final,3,8404,Petra Marcinko,2746,Sofia Kenin,2746,7-6(4) 6-4
177574,188-2026,Wimbledon,"London, Great Britain",20260622,G,Round 1,1,0,2026-06-30T10:05Z,final,3,3221,Amanda Anisimova,3031,Lina Gjorcheska,3221,6-3 6-2
177554,188-2026,Wimbledon,"London, Great Britain",20260622,G,Round 1,1,0,2026-06-30T12:20Z,final,3,2403,Iryna Shymanovich,2458,Viktorija Golubic,2458,6-2 2-6 6-1
177569,188-2026,Wimbledon,"London, Great Britain",20260622,G,Round 1,1,0,2026-06-30T12:35Z,final,3,2114,Taylor Townsend,3730,Iga Swiatek,3730,6-1 2-6 6-3
177581,188-2026,Wimbledon,"London, Great Britain",20260622,G,Round 1,1,0,2026-06-30T13:05Z,final,3,2588,Kimberly Birrell,9169,Alina Korneeva,2588,6-3 0-6 6-2
177540,188-2026,Wimbledon,"London, Great Britain",20260622,G,Round 1,1,0,2026-06-30T13:10Z,final,3,2028,Beatriz Haddad Maia,10501,Maria Timofeeva,10501,6-3 6-2
177550,188-2026,Wimbledon,"London, Great Britain",20260622,G,Round 1,1,0,2026-06-30T14:10Z,final,3,5878,Veronika Erjavec,4453,Leolia Jeanjean,4453,6-4 4-6 7-6(6)
177531,188-2026,Wimbledon,"London, Great Britain",20260622,G,Round 1,1,0,2026-06-30T14:15Z,final,3,6403,Lois Boisson,3126,Elena Rybakina,3126,6-4 1-6 6-3
177557,188-2026,Wimbledon,"London, Great Britain",20260622,G,Round 1,1,0,2026-06-30T14:20Z,final,3,13478,Yuliia Starodubtseva,2902,Anna Blinkova,2902,6-7(3) 6-4 6-1
177555,188-2026,Wimbledon,"London, Great Britain",20260622,G,Round 1,1,0,2026-06-30T14:35Z,final,3,3785,Emma Navarro,2731,Paula Badosa,3785,4-6 6-3 7-5
177548,188-2026,Wimbledon,"London, Great Britain",20260622,G,Round 1,1,0,2026-06-30T15:10Z,final,3,2748,Elena-Gabriela Ruse,3223,Catherine McNally,3223,7-5 6-3
177558,188-2026,Wimbledon,"London, Great Britain",20260622,G,Round 1,1,0,2026-06-30T15:15Z,final,3,6571,Oksana Selekhmeteva,7797,Sinja Kraus,6571,6-1 7-5
177541,188-2026,Wimbledon,"London, Great Britain",20260622,G,Round 1,1,0,2026-06-30T15:20Z,final,3,2221,Elise Mertens,1881,Laura Siegemund,2221,6-2 6-4
177559,188-2026,Wimbledon,"London, Great Britain",20260622,G,Round 1,1,0,2026-06-30T16:05Z,final,3,1797,Elina Svitolina,5941,Daria Snigur,5941,7-5 6-2
177549,188-2026,Wimbledon,"London, Great Britain",20260622,G,Round 1,1,0,2026-06-30T16:25Z,final,3,1549,Ajla Tomljanovic,3954,Mariam Bolkvadze,3954,6-2 2-6 6-4
177562,188-2026,Wimbledon,"London, Great Britain",20260622,G,Round 1,1,0,2026-06-30T16:35Z,final,3,7759,Alexandra Eala,2751,Renata Zarazua,7759,6-1 6-2
177567,188-2026,Wimbledon,"London, Great Britain",20260622,G,Round 1,1,0,2026-06-30T16:45Z,final,3,1774,Sorana Cirstea,7819,Sara Bejlek,1774,6-1 7-6(6)
177556,188-2026,Wimbledon,"London, Great Britain",20260622,G,Round 1,1,0,2026-06-30T17:05Z,final,3,6724,Ashlyn Krueger,2040,Donna Vekic,6724,3-6 7-6(3) 6-4
177543,188-2026,Wimbledon,"London, Great Britain",20260622,G,Round 1,1,0,2026-06-30T17:10Z,final,3,10500,Ella Seidel,6970,Linda Noskova,6970,6-4 6-3
177546,188-2026,Wimbledon,"London, Great Britain",20260622,G,Round 1,1,0,2026-06-30T17:10Z,final,3,6413,Polina Kudermetova,3840,Liudmila Samsonova,3840,6-3 6-3
177547,188-2026,Wimbledon,"London, Great Britain",20260622,G,Round 1,1,0,2026-06-30T17:10Z,final,3,8017,Diana Shnaider,5260,Eva Lys,8017,7-5 6-1
177552,188-2026,Wimbledon,"London, Great Britain",20260622,G,Round 1,1,0,2026-06-30T17:30Z,final,3,3256,Nadia Podoroska,3382,Marta Kostyuk,3382,6-1 6-2
177545,188-2026,Wimbledon,"London, Great Britain",20260622,G,Round 1,1,0,2026-06-30T18:30Z,final,3,3404,Camila Osorio,3388,Simona Waltert,3404,6-2 6-1
177561,188-2026,Wimbledon,"London, Great Britain",20260622,G,Round 1,1,0,2026-06-30T18:30Z,final,3,394,Serena Williams,14146,Maya Joint,14146,6-3 6-7(6) 6-3
177590,188-2026,Wimbledon,"London, Great Britain",20260622,G,Round 2,2,0,2026-07-01T10:05Z,final,3,2195,Jelena Ostapenko,6816,Antonia Ruzic,2195,6-2 6-0
177596,188-2026,Wimbledon,"London, Great Britain",20260622,G,Round 2,2,0,2026-07-01T10:05Z,final,3,5309,Alycia Parks,5613,Mananchaya Sawangkaew,5613,7-5 6-0
177599,188-2026,Wimbledon,"London, Great Britain",20260622,G,Round 2,2,0,2026-07-01T10:05Z,final,3,6368,Janice Tjen,2191,Daria Kasatkina,2191,6-7(5) 6-1 6-4
177601,188-2026,Wimbledon,"London, Great Britain",20260622,G,Round 2,2,0,2026-07-01T10:05Z,final,3,7816,Anastasia Gasanova,2789,Naomi Osaka,2789,6-3 6-2
177612,188-2026,Wimbledon,"London, Great Britain",20260622,G,Round 2,2,0,2026-07-01T11:30Z,final,3,5604,Zeynep Sonmez,2980,Claire Liu,2980,7-5 6-3
177591,188-2026,Wimbledon,"London, Great Britain",20260622,G,Round 2,2,0,2026-07-01T12:05Z,final,3,3038,Aryna Sabalenka,5528,McCartney Kessler,3038,6-1 7-6(9)
177592,188-2026,Wimbledon,"London, Great Britain",20260622,G,Round 2,2,0,2026-07-01T12:20Z,final,3,3142,Dayana Yastremska,6059,Jessica Bouzas Maneiro,6059,6-3 6-7(1) 6-2
177600,188-2026,Wimbledon,"London, Great Britain",20260622,G,Round 2,2,0,2026-07-01T12:30Z,final,3,3039,Karolina Muchova,707,Zhang Shuai,3039,6-3 6-2
177609,188-2026,Wimbledon,"London, Great Britain",20260622,G,Round 2,2,0,2026-07-01T13:40Z,final,3,3332,Diane Parry,2977,Anna Kalinskaya,2977,6-4 3-6 7-6(8)
177611,188-2026,Wimbledon,"London, Great Britain",20260622,G,Round 2,2,0,2026-07-01T14:10Z,final,3,6500,Solana Sierra,3626,Coco Gauff,3626,6-3 3-6 7-6(7)
177595,188-2026,Wimbledon,"London, Great Britain",20260622,G,Round 2,2,0,2026-07-01T15:00Z,final,3,2248,Katerina Siniakova,7804,Nikola Bartunkova,7804,6-2 6-4
177598,188-2026,Wimbledon,"London, Great Britain",20260622,G,Round 2,2,0,2026-07-01T15:35Z,final,3,2042,Barbora Krejcikova,9820,Mirra Andreeva,2042,4-6 7-5 6-4
177597,188-2026,Wimbledon,"London, Great Britain",20260622,G,Round 2,2,0,2026-07-01T15:40Z,final,3,2113,Jessica Pegula,2929,Sara Sorribes Tormo,2113,7-6(6) 6-1
177593,188-2026,Wimbledon,"London, Great Britain",20260622,G,Round 2,2,0,2026-07-01T15:50Z,final,3,2346,Tatjana Maria,14311,Iva Jovic,14311,6-1 6-2
177610,188-2026,Wimbledon,"London, Great Britain",20260622,G,Round 2,2,0,2026-07-01T16:40Z,final,3,2183,Belinda Bencic,3387,Wang Xinyu,2183,7-5 6-0
177594,188-2026,Wimbledon,"London, Great Britain",20260622,G,Round 2,2,0,2026-07-01T16:50Z,final,3,3182,Ekaterina Alexandrova,6953,Lanlana Tararudee,3182,7-5 7-5
177608,188-2026,Wimbledon,"London, Great Britain",20260622,G,Round 2,2,0,2026-07-02T10:05Z,final,3,3785,Emma Navarro,6571,Oksana Selekhmeteva,3785,3-6 6-4 6-1
177616,188-2026,Wimbledon,"London, Great Britain",20260622,G,Round 2,2,0,2026-07-02T10:05Z,final,3,8017,Diana Shnaider,3840,Liudmila Samsonova,3840,6-4 4-6 6-2
177607,188-2026,Wimbledon,"London, Great Britain",20260622,G,Round 2,2,0,2026-07-02T10:10Z,final,3,5941,Daria Snigur,4453,Leolia Jeanjean,5941,6-4 6-3
177615,188-2026,Wimbledon,"London, Great Britain",20260622,G,Round 2,2,0,2026-07-02T10:10Z,final,3,14606,Tyra Caterina Grant,2392,Marie Bouzkova,2392,7-5 6-3
177606,188-2026,Wimbledon,"London, Great Britain",20260622,G,Round 2,2,0,2026-07-02T11:55Z,final,3,3954,Mariam Bolkvadze,6724,Ashlyn Krueger,6724,6-1 6-0
177621,188-2026,Wimbledon,"London, Great Britain",20260622,G,Round 2,2,0,2026-07-02T12:05Z,final,3,2752,Katie Swan,1556,Madison Keys,1556,6-1 6-4
177604,188-2026,Wimbledon,"London, Great Britain",20260622,G,Round 2,2,0,2026-07-02T12:10Z,final,3,7759,Alexandra Eala,14146,Maya Joint,7759,3-6 6-2 6-0
177619,188-2026,Wimbledon,"London, Great Britain",20260622,G,Round 2,2,0,2026-07-02T12:35Z,final,3,740,Karolina Pliskova,3730,Iga Swiatek,3730,6-1 6-3
177603,188-2026,Wimbledon,"London, Great Britain",20260622,G,Round 2,2,0,2026-07-02T13:20Z,final,3,2902,Anna Blinkova,3382,Marta Kostyuk,3382,6-7(5) 6-3 6-3
177618,188-2026,Wimbledon,"London, Great Britain",20260622,G,Round 2,2,0,2026-07-02T14:05Z,final,3,3221,Amanda Anisimova,2746,Sofia Kenin,3221,6-2 4-6 7-6(3)
177605,188-2026,Wimbledon,"London, Great Britain",20260622,G,Round 2,2,0,2026-07-02T14:50Z,final,3,3908,Kamilla Rakhimova,3018,Maria Sakkari,3018,6-3 0-6 7-6(7)
177614,188-2026,Wimbledon,"London, Great Britain",20260622,G,Round 2,2,0,2026-07-02T16:10Z,final,3,2221,Elise Mertens,10501,Maria Timofeeva,2221,2-6 6-3 6-0
177602,188-2026,Wimbledon,"London, Great Britain",20260622,G,Round 2,2,0,2026-07-02T17:05Z,final,3,2615,Jasmine Paolini,2458,Viktorija Golubic,2615,7-6(0) 6-4
177620,188-2026,Wimbledon,"London, Great Britain",20260622,G,Round 2,2,0,2026-07-02T17:10Z,final,3,1774,Sorana Cirstea,2588,Kimberly Birrell,1774,6-3 6-4
177613,188-2026,Wimbledon,"London, Great Britain",20260622,G,Round 2,2,0,2026-07-02T17:30Z,final,3,3223,Catherine McNally,3126,Elena Rybakina,3126,6-1 6-2
177617,188-2026,Wimbledon,"London, Great Britain",20260622,G,Round 2,2,0,2026-07-02T17:45Z,final,3,3404,Camila Osorio,6970,Linda Noskova,6970,6-3 4-6 6-2
177698,188-2026,Wimbledon,"London, Great Britain",20260622,G,Round 3,3,0,2026-07-03T10:05Z,final,3,2183,Belinda Bencic,2977,Anna Kalinskaya,2183,6-4 4-6 7-6(6)
177697,188-2026,Wimbledon,"London, Great Britain",20260622,G,Round 3,3,0,2026-07-03T12:05Z,final,3,2191,Daria Kasatkina,2789,Naomi Osaka,2789,6-1 6-3
177688,188-2026,Wimbledon,"London, Great Britain",20260622,G,Round 3,3,0,2026-07-03T12:10Z,final,3,3182,Ekaterina Alexandrova,14311,Iva Jovic,14311,6-3 3-6 6-4
177696,188-2026,Wimbledon,"London, Great Britain",20260622,G,Round 3,3,0,2026-07-03T12:40Z,final,3,2113,Jessica Pegula,6059,Jessica Bouzas Maneiro,2113,6-1 6-3
177689,188-2026,Wimbledon,"London, Great Britain",20260622,G,Round 3,3,0,2026-07-03T15:55Z,final,3,7804,Nikola Bartunkova,2042,Barbora Krejcikova,2042,6-3 7-5
177690,188-2026,Wimbledon,"London, Great Britain",20260622,G,Round 3,3,0,2026-07-03T16:15Z,final,3,3038,Aryna Sabalenka,2195,Jelena Ostapenko,3038,6-4 6-4
177709,188-2026,Wimbledon,"London, Great Britain",20260622,G,Round 3,3,0,2026-07-03T16:20Z,final,3,2980,Claire Liu,3626,Coco Gauff,3626,6-3 6-7(5) 6-2
177622,188-2026,Wimbledon,"London, Great Britain",20260622,G,Round 3,3,0,2026-07-03T16:30Z,final,3,3039,Karolina Muchova,5613,Mananchaya Sawangkaew,3039,6-2 7-6(1)
177699,188-2026,Wimbledon,"London, Great Britain",20260622,G,Round 3,3,0,2026-07-04T10:05Z,final,3,3785,Emma Navarro,3382,Marta Kostyuk,3382,6-2 4-6 6-1
177693,188-2026,Wimbledon,"London, Great Britain",20260622,G,Round 3,3,0,2026-07-04T10:10Z,final,3,3840,Liudmila Samsonova,2392,Marie Bouzkova,2392,4-6 7-6(3) 6-4
177692,188-2026,Wimbledon,"London, Great Britain",20260622,G,Round 3,3,0,2026-07-04T11:55Z,final,3,5941,Daria Snigur,6724,Ashlyn Krueger,6724,6-3 6-2
177710,188-2026,Wimbledon,"London, Great Britain",20260622,G,Round 3,3,0,2026-07-04T12:05Z,final,3,2221,Elise Mertens,3126,Elena Rybakina,2221,7-6(4) 6-1
177708,188-2026,Wimbledon,"London, Great Britain",20260622,G,Round 3,3,0,2026-07-04T12:35Z,final,3,7759,Alexandra Eala,3730,Iga Swiatek,7759,7-6(9) 6-2
177691,188-2026,Wimbledon,"London, Great Britain",20260622,G,Round 3,3,0,2026-07-04T13:05Z,final,3,2615,Jasmine Paolini,3018,Maria Sakkari,2615,6-1 6-2
177695,188-2026,Wimbledon,"London, Great Britain",20260622,G,Round 3,3,0,2026-07-04T14:25Z,final,3,1774,Sorana Cirstea,6970,Linda Noskova,6970,2-6 6-3 7-6(9)
177694,188-2026,Wimbledon,"London, Great Britain",20260622,G,Round 3,3,0,2026-07-04T15:15Z,final,3,3221,Amanda Anisimova,1556,Madison Keys,1556,3-6 6-2 6-3
180103,873-2026,Grand Est Open 88,"Contrexeville, France",20260705,A,Qualifying 1st Round,0,1,2026-07-05T09:05Z,final,3,6413,Polina Kudermetova,18648,Liv Boulard,18648,7-6(2) 6-4
180104,873-2026,Grand Est Open 88,"Contrexeville, France",20260705,A,Qualifying 1st Round,0,1,2026-07-05T09:05Z,final,3,14947,Amandine Monnot,10674,Jasmijn Gimbrere,14947,6-3 7-6(5)
180106,873-2026,Grand Est Open 88,"Contrexeville, France",20260705,A,Qualifying 1st Round,0,1,2026-07-05T09:05Z,final,3,4629,Alicia Herrero Linana,18649,Dune Vaissaud,4629,5-7 6-1 6-0
180108,873-2026,Grand Est Open 88,"Contrexeville, France",20260705,A,Qualifying 1st Round,0,1,2026-07-05T11:10Z,final,3,4366,Yana Morderger,6508,Lucie Nguyen Tan,6508,6-0 6-2
180102,873-2026,Grand Est Open 88,"Contrexeville, France",20260705,A,Qualifying 1st Round,0,1,2026-07-05T11:15Z,final,3,8198,Yara Bartashevich,13541,Maria Sara Popa,13541,6-1 7-6(6)
180105,873-2026,Grand Est Open 88,"Contrexeville, France",20260705,A,Qualifying 1st Round,0,1,2026-07-05T11:40Z,final,3,3285,Tayisiya Morderger,16394,Yelyzaveta Kotliar,16394,3-6 6-3 6-0
177702,188-2026,Wimbledon,"London, Great Britain",20260622,G,Round 4,4,0,2026-07-05T12:05Z,final,3,2113,Jessica Pegula,14311,Iva Jovic,2113,4-6 6-3 6-1
177700,188-2026,Wimbledon,"London, Great Britain",20260622,G,Round 4,4,0,2026-07-05T12:40Z,final,3,3039,Karolina Muchova,2042,Barbora Krejcikova,3039,7-5 5-7 6-3
180101,873-2026,Grand Est Open 88,"Contrexeville, France",20260705,A,Qualifying 1st Round,0,1,2026-07-05T12:45Z,final,3,5197,Michaela Bayerlova,14631,Diana Martynov,14631,6-4 6-1
180107,873-2026,Grand Est Open 88,"Contrexeville, France",20260705,A,Qualifying 1st Round,0,1,2026-07-05T13:25Z,final,3,17743,Gina Dittmann,14632,Astrid Lew Yan Foon,14632,6-4 6-4
177701,188-2026,Wimbledon,"London, Great Britain",20260622,G,Round 4,4,0,2026-07-05T16:30Z,final,3,3038,Aryna Sabalenka,2789,Naomi Osaka,2789,6-2 7-6(2)
177623,188-2026,Wimbledon,"London, Great Britain",20260622,G,Round 4,4,0,2026-07-05T19:35Z,final,3,2183,Belinda Bencic,3626,Coco Gauff,3626,4-6 6-3 6-4
178675,306-2026,Nordea Open,"Båstad, Sweden",20260706,A,Round 1,1,0,2026-07-06T09:05Z,final,3,7849,Noma Noha Akugue,4546,Irene Burillo,4546,7-5 2-6 6-2
178677,306-2026,Nordea Open,"Båstad, Sweden",20260706,A,Round 1,1,0,2026-07-06T09:05Z,final,3,5705,Oleksandra Oliynykova,5734,Moyuka Uchijima,5734,5-7 6-2 7-5
178684,306-2026,Nordea Open,"Båstad, Sweden",20260706,A,Round 1,1,0,2026-07-06T09:05Z,final,3,3568,Miriam Bulgaru,3042,Valeriya Strakhova,3568,6-2 6-2
180109,873-2026,Grand Est Open 88,"Contrexeville, France",20260705,A,Qualifying Final,0,1,2026-07-06T09:05Z,final,3,14947,Amandine Monnot,13541,Maria Sara Popa,14947,7-5 7-6(5)
180110,873-2026,Grand Est Open 88,"Contrexeville, France",20260705,A,Qualifying Final,0,1,2026-07-06T09:05Z,final,3,18648,Liv Boulard,16394,Yelyzaveta Kotliar,16394,6-4 6-3
180112,873-2026,Grand Est Open 88,"Contrexeville, France",20260705,A,Qualifying Final,0,1,2026-07-06T09:05Z,final,3,4629,Alicia Herrero Linana,6508,Lucie Nguyen Tan,4629,6-1 6-1
177703,188-2026,Wimbledon,"London, Great Britain",20260622,G,Round 4,4,0,2026-07-06T10:05Z,final,3,6724,Ashlyn Krueger,3382,Marta Kostyuk,3382,6-4 6-4
180111,873-2026,Grand Est Open 88,"Contrexeville, France",20260705,A,Qualifying Final,0,1,2026-07-06T10:40Z,final,3,14632,Astrid Lew Yan Foon,14631,Diana Martynov,14631,6-3 4-6 7-5
178683,306-2026,Nordea Open,"Båstad, Sweden",20260706,A,Round 1,1,0,2026-07-06T10:45Z,final,3,10676,Leyre Romero Gormaz,6769,Darja Semenistaja,10676,6-2 2-6 6-2
179096,873-2026,Grand Est Open 88,"Contrexeville, France",20260705,A,Round 1,1,0,2026-07-06T10:50Z,final,3,1272,Amandine Hesse,7806,Barbora Palicova,1272,6-4 6-2
179100,873-2026,Grand Est Open 88,"Contrexeville, France",20260705,A,Round 1,1,0,2026-07-06T11:25Z,final,3,2599,Julia Grabher,2984,Rebeka Masarova,2984,7-6(5) 4-6 7-5
178694,306-2026,Nordea Open,"Båstad, Sweden",20260706,A,Round 1,1,0,2026-07-06T11:35Z,final,3,13760,Martha Matoula,1802,Yulia Putintseva,1802,7-6(3) 6-1
177711,188-2026,Wimbledon,"London, Great Britain",20260622,G,Round 4,4,0,2026-07-06T11:50Z,final,3,2392,Marie Bouzkova,2221,Elise Mertens,2221,6-4 6-4
178693,306-2026,Nordea Open,"Båstad, Sweden",20260706,A,Round 1,1,0,2026-07-06T12:05Z,final,3,3184,Emiliana Arango,18670,Lea Nilsson,3184,6-2 6-2
177687,188-2026,Wimbledon,"London, Great Britain",20260622,G,Round 4,4,0,2026-07-06T12:35Z,final,3,2615,Jasmine Paolini,7759,Alexandra Eala,2615,6-4 4-6 6-3
179095,873-2026,Grand Est Open 88,"Contrexeville, France",20260705,A,Round 1,1,0,2026-07-06T12:35Z,final,3,2902,Anna Blinkova,7438,Erika Andreeva,2902,7-6(4) 7-5
178687,306-2026,Nordea Open,"Båstad, Sweden",20260706,A,Round 1,1,0,2026-07-06T13:35Z,final,3,3388,Simona Waltert,3889,Katarzyna Kawa,3388,6-4 6-1
178692,306-2026,Nordea Open,"Båstad, Sweden",20260706,A,Round 1,1,0,2026-07-06T13:45Z,final,3,8690,Marina Bassols Ribera,2731,Paula Badosa,2731,6-3 6-2
179101,873-2026,Grand Est Open 88,"Contrexeville, France",20260705,A,Round 1,1,0,2026-07-06T14:50Z,final,3,4384,Caroline Werner,7436,Dominika Salkova,4384,6-1 7-5
177704,188-2026,Wimbledon,"London, Great Britain",20260622,G,Round 4,4,0,2026-07-06T15:10Z,final,3,1556,Madison Keys,6970,Linda Noskova,6970,6-4 7-6(2)
179099,873-2026,Grand Est Open 88,"Contrexeville, France",20260705,A,Round 1,1,0,2026-07-06T15:30Z,final,3,13218,Francesca Curmi,2848,Oceane Dodin,13218,6-4 6-3
178689,306-2026,Nordea Open,"Båstad, Sweden",20260706,A,Round 1,1,0,2026-07-06T15:40Z,final,3,18669,Tiana Tian Deng,14460,Kaitlin Quevedo,14460,6-2 6-3
179088,873-2026,Grand Est Open 88,"Contrexeville, France",20260705,A,Round 1,1,0,2026-07-07T09:05Z,final,3,14947,Amandine Monnot,4453,Leolia Jeanjean,4453,6-4 6-3
179106,873-2026,Grand Est Open 88,"Contrexeville, France",20260705,A,Round 1,1,0,2026-07-07T09:05Z,final,3,8318,Yasmine Kabbaj,2179,Mayar Sherif,2179,6-4 6-2
179094,873-2026,Grand Est Open 88,"Contrexeville, France",20260705,A,Round 1,1,0,2026-07-07T09:10Z,final,3,3220,Maria Lourdes Carle,2177,Laura Pigossi,3220,6-2 6-1
178696,306-2026,Nordea Open,"Båstad, Sweden",20260706,A,Round 1,1,0,2026-07-07T10:10Z,final,3,16681,June Bjork,5328,Caijsa Hennemann,5328,6-2 6-3
178685,306-2026,Nordea Open,"Båstad, Sweden",20260706,A,Round 1,1,0,2026-07-07T10:30Z,final,3,5133,Aneta Laboutkova,18671,Grace Bernstein,5133,6-1 6-1
178695,306-2026,Nordea Open,"Båstad, Sweden",20260706,A,Round 1,1,0,2026-07-07T10:40Z,final,3,1913,Mona Barthel,8410,Lola Radivojevic,8410,6-4 6-2
179098,873-2026,Grand Est Open 88,"Contrexeville, France",20260705,A,Round 1,1,0,2026-07-07T10:55Z,final,3,15755,Jeline Vandromme,14631,Diana Martynov,15755,6-3 6-3
179087,873-2026,Grand Est Open 88,"Contrexeville, France",20260705,A,Round 1,1,0,2026-07-07T11:00Z,final,3,5161,Alice Tubello,13681,Ren Yufei,5161,2-6 7-5 6-4
179090,873-2026,Grand Est Open 88,"Contrexeville, France",20260705,A,Round 1,1,0,2026-07-07T11:05Z,final,3,7815,Francesca Jones,4691,Alice Rame,7815,6-2 7-5
178690,306-2026,Nordea Open,"Båstad, Sweden",20260706,A,Round 1,1,0,2026-07-07T11:40Z,final,3,7797,Sinja Kraus,2980,Claire Liu,7797,7-5 6-0
178701,306-2026,Nordea Open,"Båstad, Sweden",20260706,A,Round 1,1,0,2026-07-07T12:00Z,final,3,16680,Linea Bajraliu,3040,Tamara Korpatsch,3040,6-2 6-3
177714,188-2026,Wimbledon,"London, Great Britain",20260622,G,Quarterfinal,10,0,2026-07-07T12:35Z,final,3,2113,Jessica Pegula,3626,Coco Gauff,3626,4-6 6-3 6-3
179107,873-2026,Grand Est Open 88,"Contrexeville, France",20260705,A,Round 1,1,0,2026-07-07T12:45Z,final,3,5868,Elina Avanesyan,4629,Alicia Herrero Linana,4629,6-2 6-4
179103,873-2026,Grand Est Open 88,"Contrexeville, France",20260705,A,Round 1,1,0,2026-07-07T13:00Z,final,3,5160,Aurora Zantedeschi,6061,Elsa Jacquemot,5160,6-1 6-2
178673,306-2026,Nordea Open,"Båstad, Sweden",20260706,A,Round 1,1,0,2026-07-07T13:45Z,final,3,2764,Dalma Galfi,4438,Kajsa Rinaldo Persson,4438,6-4 7-6(4)
179097,873-2026,Grand Est Open 88,"Contrexeville, France",20260705,A,Round 1,1,0,2026-07-07T13:50Z,final,3,16394,Yelyzaveta Kotliar,6571,Oksana Selekhmeteva,6571,6-4 6-4
177715,188-2026,Wimbledon,"London, Great Britain",20260622,G,Quarterfinal,10,0,2026-07-07T15:10Z,final,3,2789,Naomi Osaka,3039,Karolina Muchova,3039,7-6(4) 6-4
179109,873-2026,Grand Est Open 88,"Contrexeville, France",20260705,A,Round 1,1,0,2026-07-07T15:35Z,final,3,8404,Petra Marcinko,3508,Clara Burel,3508,6-7(3) 6-0 6-2
179105,873-2026,Grand Est Open 88,"Contrexeville, France",20260705,A,Round 1,1,0,2026-07-07T15:45Z,final,3,4676,Angela Fita Boluda,8411,Lisa Pigato,8411,6-1 1-6 7-6(7)
178702,306-2026,Nordea Open,"Båstad, Sweden",20260706,A,Round 1,1,0,2026-07-07T16:35Z,final,3,8623,Lisa Zaar,423,Varvara Lepchenko,423,6-4 4-6 7-6(1)
178679,306-2026,Nordea Open,"Båstad, Sweden",20260706,A,Round 2,2,0,2026-07-08T09:05Z,final,3,8410,Lola Radivojevic,1802,Yulia Putintseva,1802,6-4 7-5
178680,306-2026,Nordea Open,"Båstad, Sweden",20260706,A,Round 2,2,0,2026-07-08T09:05Z,final,3,7797,Sinja Kraus,5328,Caijsa Hennemann,7797,6-2 6-4
178681,306-2026,Nordea Open,"Båstad, Sweden",20260706,A,Round 2,2,0,2026-07-08T09:05Z,final,3,3568,Miriam Bulgaru,10676,Leyre Romero Gormaz,10676,6-3 6-3
179112,873-2026,Grand Est Open 88,"Contrexeville, France",20260705,A,Round 2,2,0,2026-07-08T09:05Z,final,3,2984,Rebeka Masarova,13218,Francesca Curmi,13218,6-4 6-4
178682,306-2026,Nordea Open,"Båstad, Sweden",20260706,A,Round 2,2,0,2026-07-08T10:45Z,final,3,3388,Simona Waltert,5133,Aneta Laboutkova,3388,6-2 6-0
178678,306-2026,Nordea Open,"Båstad, Sweden",20260706,A,Round 2,2,0,2026-07-08T10:50Z,final,3,3184,Emiliana Arango,2731,Paula Badosa,2731,6-3 6-2
179113,873-2026,Grand Est Open 88,"Contrexeville, France",20260705,A,Round 2,2,0,2026-07-08T10:50Z,final,3,5161,Alice Tubello,4384,Caroline Werner,5161,6-3 6-3
178676,306-2026,Nordea Open,"Båstad, Sweden",20260706,A,Round 2,2,0,2026-07-08T11:30Z,final,3,423,Varvara Lepchenko,3040,Tamara Korpatsch,423,6-1 6-2
177712,188-2026,Wimbledon,"London, Great Britain",20260622,G,Quarterfinal,10,0,2026-07-08T12:05Z,final,3,6970,Linda Noskova,2221,Elise Mertens,6970,6-3 7-5
178699,306-2026,Nordea Open,"Båstad, Sweden",20260706,A,Round 2,2,0,2026-07-08T12:25Z,final,3,4438,Kajsa Rinaldo Persson,14460,Kaitlin Quevedo,14460,7-6(5) 3-6 6-3
179110,873-2026,Grand Est Open 88,"Contrexeville, France",20260705,A,Round 2,2,0,2026-07-08T12:30Z,final,3,2902,Anna Blinkova,3220,Maria Lourdes Carle,2902,6-4 7-6(5)
177705,188-2026,Wimbledon,"London, Great Britain",20260622,G,Quarterfinal,10,0,2026-07-08T12:35Z,final,3,3382,Marta Kostyuk,2615,Jasmine Paolini,3382,6-3 6-2
178700,306-2026,Nordea Open,"Båstad, Sweden",20260706,A,Round 2,2,0,2026-07-08T13:10Z,final,3,5734,Moyuka Uchijima,4546,Irene Burillo,4546,6-4 6-7(2) 7-5
181572,1018-2026,Cerity Partners Hall of Fame Open for the Van Alen Cup Presented by the Margaret Fund,"Newport, USA",20260705,A,Round 1,1,0,2026-07-08T15:20Z,final,3,13315,Olivia Lincer,2346,Tatjana Maria,2346,6-3 6-2
181588,1018-2026,Cerity Partners Hall of Fame Open for the Van Alen Cup Presented by the Margaret Fund,"Newport, USA",20260705,A,Round 1,1,0,2026-07-08T15:20Z,final,3,11555,Sayaka Ishii,8614,Kayla Cross,8614,6-2 6-3
181589,1018-2026,Cerity Partners Hall of Fame Open for the Van Alen Cup Presented by the Margaret Fund,"Newport, USA",20260705,A,Round 1,1,0,2026-07-08T15:30Z,final,3,445,Madison Brengle,4224,Ana Sofia Sanchez,445,7-5 6-3
179102,873-2026,Grand Est Open 88,"Contrexeville, France",20260705,A,Round 2,2,0,2026-07-08T15:35Z,final,3,1272,Amandine Hesse,2179,Mayar Sherif,2179,6-3 7-5
181573,1018-2026,Cerity Partners Hall of Fame Open for the Van Alen Cup Presented by the Margaret Fund,"Newport, USA",20260705,A,Round 1,1,0,2026-07-08T15:35Z,final,3,2760,Katherine Sebov,11260,Cadence Brace,2760,6-2 6-2
181586,1018-2026,Cerity Partners Hall of Fame Open for the Van Alen Cup Presented by the Margaret Fund,"Newport, USA",20260705,A,Round 1,1,0,2026-07-08T15:35Z,final,3,18673,Kylie Collins,4720,Alana Smith,18673,6-4 6-4
181587,1018-2026,Cerity Partners Hall of Fame Open for the Van Alen Cup Presented by the Margaret Fund,"Newport, USA",20260705,A,Round 1,1,0,2026-07-08T16:35Z,final,3,3746,Katie Volynets,5803,Ariana Arseneault,3746,3-6 6-1 6-1
181577,1018-2026,Cerity Partners Hall of Fame Open for the Van Alen Cup Presented by the Margaret Fund,"Newport, USA",20260705,A,Round 1,1,0,2026-07-08T18:40Z,final,3,2403,Iryna Shymanovich,17296,Hayu Kinoshita,2403,6-3 6-2
181576,1018-2026,Cerity Partners Hall of Fame Open for the Van Alen Cup Presented by the Margaret Fund,"Newport, USA",20260705,A,Round 1,1,0,2026-07-08T18:55Z,final,3,7812,Katrina Scott,13479,Mary Stoiana,13479,6-2 6-2
181598,1018-2026,Cerity Partners Hall of Fame Open for the Van Alen Cup Presented by the Margaret Fund,"Newport, USA",20260705,A,Round 1,1,0,2026-07-08T19:10Z,ret,3,16685,Lea Ma,8393,Clervie Ngounoue,16685,6-4 6-6 RET
181585,1018-2026,Cerity Partners Hall of Fame Open for the Van Alen Cup Presented by the Margaret Fund,"Newport, USA",20260705,A,Round 1,1,0,2026-07-08T19:45Z,final,3,1639,Sachia Vickery,6823,Reese Brantmeier,6823,6-1 6-4
181584,1018-2026,Cerity Partners Hall of Fame Open for the Van Alen Cup Presented by the Margaret Fund,"Newport, USA",20260705,A,Round 1,1,0,2026-07-08T20:10Z,final,3,3582,Momoko Kobori,1955,Elizabeth Mandlik,1955,6-1 6-4
181583,1018-2026,Cerity Partners Hall of Fame Open for the Van Alen Cup Presented by the Margaret Fund,"Newport, USA",20260705,A,Round 1,1,0,2026-07-08T21:50Z,final,3,5613,Mananchaya Sawangkaew,3436,Caroline Dolehide,5613,6-3 6-4
181575,1018-2026,Cerity Partners Hall of Fame Open for the Van Alen Cup Presented by the Margaret Fund,"Newport, USA",20260705,A,Round 1,1,0,2026-07-08T22:20Z,final,3,8067,Lucrezia Stefanini,2197,Carol Zhao,8067,6-3 6-1
178691,306-2026,Nordea Open,"Båstad, Sweden",20260706,A,Quarterfinal,10,0,2026-07-09T09:05Z,final,3,3388,Simona Waltert,10676,Leyre Romero Gormaz,3388,6-2 6-1
179111,873-2026,Grand Est Open 88,"Contrexeville, France",20260705,A,Round 2,2,0,2026-07-09T09:05Z,final,3,15755,Jeline Vandromme,6571,Oksana Selekhmeteva,15755,6-0 6-1
178674,306-2026,Nordea Open,"Båstad, Sweden",20260706,A,Quarterfinal,10,0,2026-07-09T10:25Z,final,3,4546,Irene Burillo,14460,Kaitlin Quevedo,14460,4-6 6-4 6-4
179104,873-2026,Grand Est Open 88,"Contrexeville, France",20260705,A,Round 2,2,0,2026-07-09T10:30Z,final,3,3508,Clara Burel,4629,Alicia Herrero Linana,4629,6-3 4-6 6-3
177706,188-2026,Wimbledon,"London, Great Britain",20260622,G,Semifinal,11,0,2026-07-09T12:35Z,final,3,3039,Karolina Muchova,3626,Coco Gauff,3039,6-2 1-6 7-6(10)
179108,873-2026,Grand Est Open 88,"Contrexeville, France",20260705,A,Round 2,2,0,2026-07-09T13:25Z,ret,3,8411,Lisa Pigato,5160,Aurora Zantedeschi,5160,6-2 5-5 RET
178686,306-2026,Nordea Open,"Båstad, Sweden",20260706,A,Quarterfinal,10,0,2026-07-09T13:30Z,final,3,2731,Paula Badosa,423,Varvara Lepchenko,2731,7-5 7-6(3)
181595,1018-2026,Cerity Partners Hall of Fame Open for the Van Alen Cup Presented by the Margaret Fund,"Newport, USA",20260705,A,Round 2,2,0,2026-07-09T15:05Z,final,3,2760,Katherine Sebov,2346,Tatjana Maria,2346,6-3 6-3
181601,1018-2026,Cerity Partners Hall of Fame Open for the Van Alen Cup Presented by the Margaret Fund,"Newport, USA",20260705,A,Round 2,2,0,2026-07-09T15:05Z,final,3,3746,Katie Volynets,18673,Kylie Collins,3746,6-3 6-4
181602,1018-2026,Cerity Partners Hall of Fame Open for the Van Alen Cup Presented by the Margaret Fund,"Newport, USA",20260705,A,Round 2,2,0,2026-07-09T15:05Z,final,3,445,Madison Brengle,8614,Kayla Cross,445,6-3 6-1
179114,873-2026,Grand Est Open 88,"Contrexeville, France",20260705,A,Round 2,2,0,2026-07-09T15:35Z,final,3,7815,Francesca Jones,4453,Leolia Jeanjean,4453,1-6 6-4 7-5
177713,188-2026,Wimbledon,"London, Great Britain",20260622,G,Semifinal,11,0,2026-07-09T15:45Z,final,3,3382,Marta Kostyuk,6970,Linda Noskova,6970,6-4 6-4
178688,306-2026,Nordea Open,"Båstad, Sweden",20260706,A,Quarterfinal,10,0,2026-07-09T16:15Z,final,3,7797,Sinja Kraus,1802,Yulia Putintseva,1802,6-2 6-3
181603,1018-2026,Cerity Partners Hall of Fame Open for the Van Alen Cup Presented by the Margaret Fund,"Newport, USA",20260705,A,Round 1,1,0,2026-07-09T16:35Z,final,3,6488,Darja Vidmanova,17734,Carolyn Ansari,6488,6-3 6-1
181574,1018-2026,Cerity Partners Hall of Fame Open for the Van Alen Cup Presented by the Margaret Fund,"Newport, USA",20260705,A,Round 1,1,0,2026-07-09T16:45Z,final,3,14252,Sahaja Yamalapalli,13951,Anna Rogers,13951,7-6(5) 6-4
181599,1018-2026,Cerity Partners Hall of Fame Open for the Van Alen Cup Presented by the Margaret Fund,"Newport, USA",20260705,A,Round 2,2,0,2026-07-09T17:05Z,final,3,5613,Mananchaya Sawangkaew,16685,Lea Ma,5613,6-2 6-3
181597,1018-2026,Cerity Partners Hall of Fame Open for the Van Alen Cup Presented by the Margaret Fund,"Newport, USA",20260705,A,Round 2,2,0,2026-07-09T17:40Z,final,3,2403,Iryna Shymanovich,13479,Mary Stoiana,13479,3-6 6-2 6-3
181590,1018-2026,Cerity Partners Hall of Fame Open for the Van Alen Cup Presented by the Margaret Fund,"Newport, USA",20260705,A,Round 1,1,0,2026-07-09T18:10Z,final,3,13738,Mei Yamaguchi,2910,Greet Minnen,2910,7-5 6-3
181600,1018-2026,Cerity Partners Hall of Fame Open for the Van Alen Cup Presented by the Margaret Fund,"Newport, USA",20260705,A,Round 2,2,0,2026-07-09T18:55Z,final,3,6823,Reese Brantmeier,1955,Elizabeth Mandlik,1955,6-3 4-6 6-2
181596,1018-2026,Cerity Partners Hall of Fame Open for the Van Alen Cup Presented by the Margaret Fund,"Newport, USA",20260705,A,Round 2,2,0,2026-07-09T20:00Z,final,3,8067,Lucrezia Stefanini,13951,Anna Rogers,8067,6-2 6-1
181571,1018-2026,Cerity Partners Hall of Fame Open for the Van Alen Cup Presented by the Margaret Fund,"Newport, USA",20260705,A,Round 2,2,0,2026-07-09T21:05Z,final,3,6488,Darja Vidmanova,2910,Greet Minnen,2910,7-6(2) 4-6 6-1
178698,306-2026,Nordea Open,"Båstad, Sweden",20260706,A,Semifinal,11,0,2026-07-10T09:05Z,final,3,14460,Kaitlin Quevedo,3388,Simona Waltert,3388,7-5 6-2
179091,873-2026,Grand Est Open 88,"Contrexeville, France",20260705,A,Quarterfinal,10,0,2026-07-10T09:05Z,final,3,13218,Francesca Curmi,15755,Jeline Vandromme,15755,6-3 6-0
179093,873-2026,Grand Est Open 88,"Contrexeville, France",20260705,A,Quarterfinal,10,0,2026-07-10T10:30Z,final,3,4629,Alicia Herrero Linana,2179,Mayar Sherif,2179,6-2 6-3
178697,306-2026,Nordea Open,"Båstad, Sweden",20260706,A,Semifinal,11,0,2026-07-10T10:55Z,final,3,1802,Yulia Putintseva,2731,Paula Badosa,2731,6-1 6-2
179089,873-2026,Grand Est Open 88,"Contrexeville, France",20260705,A,Quarterfinal,10,0,2026-07-10T12:15Z,final,3,2902,Anna Blinkova,5160,Aurora Zantedeschi,5160,6-4 7-6(5)
181592,1018-2026,Cerity Partners Hall of Fame Open for the Van Alen Cup Presented by the Margaret Fund,"Newport, USA",20260705,A,Quarterfinal,10,0,2026-07-10T15:05Z,final,3,5613,Mananchaya Sawangkaew,13479,Mary Stoiana,5613,3-6 6-2 7-5
179092,873-2026,Grand Est Open 88,"Contrexeville, France",20260705,A,Quarterfinal,10,0,2026-07-10T15:35Z,final,3,4453,Leolia Jeanjean,5161,Alice Tubello,4453,3-6 6-3 6-4
181593,1018-2026,Cerity Partners Hall of Fame Open for the Van Alen Cup Presented by the Margaret Fund,"Newport, USA",20260705,A,Quarterfinal,10,0,2026-07-10T17:50Z,final,3,3746,Katie Volynets,1955,Elizabeth Mandlik,3746,3-6 6-4 6-3
181591,1018-2026,Cerity Partners Hall of Fame Open for the Van Alen Cup Presented by the Margaret Fund,"Newport, USA",20260705,A,Quarterfinal,10,0,2026-07-10T19:00Z,final,3,8067,Lucrezia Stefanini,2346,Tatjana Maria,2346,6-1 6-0
181594,1018-2026,Cerity Partners Hall of Fame Open for the Van Alen Cup Presented by the Margaret Fund,"Newport, USA",20260705,A,Quarterfinal,10,0,2026-07-10T20:15Z,final,3,2910,Greet Minnen,445,Madison Brengle,2910,7-5 6-0
178703,306-2026,Nordea Open,"Båstad, Sweden",20260706,A,Final,13,0,2026-07-11T12:05Z,final,3,3388,Simona Waltert,2731,Paula Badosa,2731,7-5 7-5
179116,873-2026,Grand Est Open 88,"Contrexeville, France",20260705,A,Semifinal,11,0,2026-07-11T12:35Z,final,3,15755,Jeline Vandromme,5160,Aurora Zantedeschi,15755,6-3 6-4
181605,1069-2026,Vanda Pharmaceuticals Athens Open,"Athens, Greece",20260711,A,Qualifying 1st Round,0,1,2026-07-11T13:05Z,final,3,5352,Mina Hodzic,2167,Hao-Ching Chan,5352,6-3 6-4
181615,1069-2026,Vanda Pharmaceuticals Athens Open,"Athens, Greece",20260711,A,Qualifying 1st Round,0,1,2026-07-11T13:05Z,final,3,18674,Artemis Aslanisvili,11673,Madison Sieg,11673,6-3 6-0
181619,1069-2026,Vanda Pharmaceuticals Athens Open,"Athens, Greece",20260711,A,Qualifying 1st Round,0,1,2026-07-11T13:05Z,final,3,18675,Eleni  Tsetsou,5109,Yasmine Mansouri,5109,7-5 7-6(4)
179115,873-2026,Grand Est Open 88,"Contrexeville, France",20260705,A,Semifinal,11,0,2026-07-11T14:35Z,final,3,2179,Mayar Sherif,4453,Leolia Jeanjean,2179,7-5 7-6(3)
181617,1069-2026,Vanda Pharmaceuticals Athens Open,"Athens, Greece",20260711,A,Qualifying 1st Round,0,1,2026-07-11T14:35Z,final,3,18676,Maria Rentoumi,4263,Miriana Tona,4263,6-1 6-1
181636,1069-2026,Vanda Pharmaceuticals Athens Open,"Athens, Greece",20260711,A,Qualifying 1st Round,0,1,2026-07-11T14:50Z,final,3,8560,Elena Micic,2056,Makoto Ninomiya,8560,6-0 6-2
177707,188-2026,Wimbledon,"London, Great Britain",20260622,G,Final,13,0,2026-07-11T15:05Z,final,3,3039,Karolina Muchova,6970,Linda Noskova,6970,6-2 5-7 6-3
181578,1018-2026,Cerity Partners Hall of Fame Open for the Van Alen Cup Presented by the Margaret Fund,"Newport, USA",20260705,A,Semifinal,11,0,2026-07-11T15:05Z,final,3,5613,Mananchaya Sawangkaew,2346,Tatjana Maria,2346,6-2 6-1
181606,1069-2026,Vanda Pharmaceuticals Athens Open,"Athens, Greece",20260711,A,Qualifying 1st Round,0,1,2026-07-11T15:30Z,final,3,4183,Ekaterina Yashina,4772,Lina Glushko,4183,3-6 6-3 7-5
181637,1069-2026,Vanda Pharmaceuticals Athens Open,"Athens, Greece",20260711,A,Qualifying 1st Round,0,1,2026-07-11T16:05Z,final,3,18678,Alexandra Panagiotidou,4852,Anastasia Kulikova,4852,6-1 6-1
181638,1069-2026,Vanda Pharmaceuticals Athens Open,"Athens, Greece",20260711,A,Qualifying 1st Round,0,1,2026-07-11T16:05Z,final,3,3478,Tang Qianhui,17205,Elina Nepliy,17205,2-6 6-4 6-4
181579,1018-2026,Cerity Partners Hall of Fame Open for the Van Alen Cup Presented by the Margaret Fund,"Newport, USA",20260705,A,Semifinal,11,0,2026-07-11T16:20Z,final,3,2910,Greet Minnen,3746,Katie Volynets,3746,6-3 6-2
181618,1069-2026,Vanda Pharmaceuticals Athens Open,"Athens, Greece",20260711,A,Qualifying 1st Round,0,1,2026-07-11T17:20Z,final,3,4969,Viktoria Morvayova,18677,Franziska Sziedat,4969,6-2 6-1
181683,874-2026,Unicredit Iasi Open,"Iasi, Romania",20260712,A,Qualifying 1st Round,0,1,2026-07-12T07:05Z,final,3,4926,Zhibek Kulambayeva,8623,Lisa Zaar,4926,7-6(4) 6-3
181685,874-2026,Unicredit Iasi Open,"Iasi, Romania",20260712,A,Qualifying 1st Round,0,1,2026-07-12T07:05Z,final,3,10676,Leyre Romero Gormaz,18686,Cristiana Nicoleta Todoni,10676,6-0 6-3
181690,874-2026,Unicredit Iasi Open,"Iasi, Romania",20260712,A,Qualifying 1st Round,0,1,2026-07-12T07:10Z,final,3,3283,Georgina Garcia Perez,4803,Andreea Prisacariu,3283,6-1 6-4
181681,874-2026,Unicredit Iasi Open,"Iasi, Romania",20260712,A,Qualifying 1st Round,0,1,2026-07-12T08:40Z,final,3,4384,Caroline Werner,5814,Ilinca Amariei,5814,0-6 6-4 6-2
181682,874-2026,Unicredit Iasi Open,"Iasi, Romania",20260712,A,Qualifying 1st Round,0,1,2026-07-12T09:00Z,final,3,17423,Carmen Andreea Herea,4792,Ekaterina Kazionova,17423,6-3 7-5
181718,1072-2026,Generali Open Ladies Kitzbühel,"Kitzbühel, Austria",20260712,A,Qualifying Final,0,1,2026-07-12T09:05Z,final,3,2035,Victoria Bosio,18689,Karina Kovalchuk,2035,6-3 6-4
181686,874-2026,Unicredit Iasi Open,"Iasi, Romania",20260712,A,Qualifying 1st Round,0,1,2026-07-12T09:25Z,final,3,14946,Elena Pridankina,13542,Eva Maria Ionescu,14946,6-1 6-2
181670,1071-2026,Enka Open,"Istanbul, Türkiye",20260712,A,Qualifying 1st Round,0,1,2026-07-12T10:05Z,final,3,18680,Darya Khamutsianskaya,17699,Saumya Vig,18680,6-0 6-0
181673,1071-2026,Enka Open,"Istanbul, Türkiye",20260712,A,Qualifying 1st Round,0,1,2026-07-12T10:05Z,final,3,3070,Isabella Shinikova,18682,Doga Turkmen,3070,6-0 6-1
181674,1071-2026,Enka Open,"Istanbul, Türkiye",20260712,A,Qualifying 1st Round,0,1,2026-07-12T10:05Z,final,3,18684,Arina Arifullina,2594,Zhang Ying,2594,6-4 6-3
181715,1072-2026,Generali Open Ladies Kitzbühel,"Kitzbühel, Austria",20260712,A,Qualifying Final,0,1,2026-07-12T10:40Z,final,3,7806,Barbora Palicova,4458,Martina Colmegna,4458,6-3 7-6(2)
181691,874-2026,Unicredit Iasi Open,"Iasi, Romania",20260712,A,Qualifying 1st Round,0,1,2026-07-12T10:45Z,final,3,5868,Elina Avanesyan,4688,Emily Seibold,5868,6-2 6-0
181716,1072-2026,Generali Open Ladies Kitzbühel,"Kitzbühel, Austria",20260712,A,Qualifying Final,0,1,2026-07-12T10:50Z,final,3,13369,Gina Feistel,11455,Diletta Cherubini,13369,6-2 6-2
181692,874-2026,Unicredit Iasi Open,"Iasi, Romania",20260712,A,Qualifying 1st Round,0,1,2026-07-12T10:55Z,final,3,4476,Irina Fetecau,3215,Tatiana Pieri,4476,6-4 5-7 6-1
181675,1071-2026,Enka Open,"Istanbul, Türkiye",20260712,A,Qualifying 1st Round,0,1,2026-07-12T11:05Z,final,3,17854,Varvara Panshina,16202,Ilay Yoruk,17854,6-1 6-2
181676,1071-2026,Enka Open,"Istanbul, Türkiye",20260712,A,Qualifying 1st Round,0,1,2026-07-12T11:20Z,final,3,18701,Ayse Bal,17165,Yujia Huang,17165,7-6(0) 6-2
181672,1071-2026,Enka Open,"Istanbul, Türkiye",20260712,A,Qualifying 1st Round,0,1,2026-07-12T11:40Z,final,3,18681,Daria Zelinskaya,8681,Weronika Falkowska,8681,6-2 6-4
181688,874-2026,Unicredit Iasi Open,"Iasi, Romania",20260712,A,Qualifying 1st Round,0,1,2026-07-12T12:15Z,final,3,10963,Martina Okalova,10197,Ipek Oz,10197,6-0 6-3
181671,1071-2026,Enka Open,"Istanbul, Türkiye",20260712,A,Qualifying 1st Round,0,1,2026-07-12T12:25Z,final,3,11553,Rina Saigo,4134,Naoko Eto,11553,6-0 6-0
181717,1072-2026,Generali Open Ladies Kitzbühel,"Kitzbühel, Austria",20260712,A,Qualifying Final,0,1,2026-07-12T13:05Z,final,3,5682,Margaux Rouvroy,2669,Dalila Jakupovic,2669,6-1 6-1
179117,873-2026,Grand Est Open 88,"Contrexeville, France",20260705,A,Final,13,0,2026-07-12T13:30Z,final,3,2179,Mayar Sherif,15755,Jeline Vandromme,2179,3-6 7-6(0) 7-5
181684,874-2026,Unicredit Iasi Open,"Iasi, Romania",20260712,A,Qualifying 1st Round,0,1,2026-07-12T13:45Z,final,3,2980,Claire Liu,13541,Maria Sara Popa,2980,6-3 6-4
181669,1071-2026,Enka Open,"Istanbul, Türkiye",20260712,A,Qualifying 1st Round,0,1,2026-07-12T13:50Z,final,3,18683,Duru Soke,11630,Priska Nugroho,11630,6-4 6-0
181687,874-2026,Unicredit Iasi Open,"Iasi, Romania",20260712,A,Qualifying 1st Round,0,1,2026-07-12T13:55Z,final,3,15341,Mariia Kozyreva,14955,Alevtina Ibragimova,14955,6-2 6-0
181639,1069-2026,Vanda Pharmaceuticals Athens Open,"Athens, Greece",20260711,A,Qualifying Final,0,1,2026-07-12T14:05Z,final,3,10830,Lilli Tagger,11673,Madison Sieg,10830,6-0 6-3
181641,1069-2026,Vanda Pharmaceuticals Athens Open,"Athens, Greece",20260711,A,Qualifying Final,0,1,2026-07-12T14:05Z,final,3,13530,Aoi Ito,5109,Yasmine Mansouri,13530,6-4 6-0
181700,1017-2026,ATV Bancomat Tennis Open,"Rome, Italy",20260712,A,Qualifying Final,0,1,2026-07-12T14:05Z,final,3,16498,Alessandra Mazzola,18688,Francesca Gandolfi,16498,6-3 6-4
181702,1017-2026,ATV Bancomat Tennis Open,"Rome, Italy",20260712,A,Qualifying Final,0,1,2026-07-12T14:05Z,final,3,1272,Amandine Hesse,16394,Yelyzaveta Kotliar,16394,6-3 5-7 6-3
181642,1069-2026,Vanda Pharmaceuticals Athens Open,"Athens, Greece",20260711,A,Qualifying Final,0,1,2026-07-12T14:10Z,final,3,2043,Nao Hibino,4263,Miriana Tona,2043,6-4 6-0
181640,1069-2026,Vanda Pharmaceuticals Athens Open,"Athens, Greece",20260711,A,Qualifying Final,0,1,2026-07-12T15:30Z,final,3,4969,Viktoria Morvayova,17205,Elina Nepliy,4969,6-4 6-1
181644,1069-2026,Vanda Pharmaceuticals Athens Open,"Athens, Greece",20260711,A,Qualifying Final,0,1,2026-07-12T15:40Z,final,3,8560,Elena Micic,4852,Anastasia Kulikova,8560,6-3 3-6 6-4
181689,874-2026,Unicredit Iasi Open,"Iasi, Romania",20260712,A,Qualifying 1st Round,0,1,2026-07-12T15:40Z,final,3,423,Varvara Lepchenko,18687,Maia Ilinca Burcescu,423,4-6 6-3 6-3
181699,1017-2026,ATV Bancomat Tennis Open,"Rome, Italy",20260712,A,Qualifying Final,0,1,2026-07-12T15:50Z,final,3,17102,Noemi Basiletti,14651,Anastasia Abbagnato,17102,6-4 6-1
181643,1069-2026,Vanda Pharmaceuticals Athens Open,"Athens, Greece",20260711,A,Qualifying Final,0,1,2026-07-12T16:10Z,final,3,5352,Mina Hodzic,4183,Ekaterina Yashina,5352,6-1 6-2
181569,1018-2026,Cerity Partners Hall of Fame Open for the Van Alen Cup Presented by the Margaret Fund,"Newport, USA",20260705,A,Final,13,0,2026-07-12T17:05Z,final,3,3746,Katie Volynets,2346,Tatjana Maria,2346,6-2 6-4
181701,1017-2026,ATV Bancomat Tennis Open,"Rome, Italy",20260712,A,Qualifying Final,0,1,2026-07-12T17:10Z,final,3,3490,Elena Malygina,16490,Viola Turini,3490,7-5 4-6 7-6(2)
181695,874-2026,Unicredit Iasi Open,"Iasi, Romania",20260712,A,Qualifying Final,0,1,2026-07-13T08:05Z,final,3,5814,Ilinca Amariei,17423,Carmen Andreea Herea,5814,3-6 6-4 6-2
181698,874-2026,Unicredit Iasi Open,"Iasi, Romania",20260712,A,Qualifying Final,0,1,2026-07-13T08:05Z,final,3,14946,Elena Pridankina,3283,Georgina Garcia Perez,14946,6-1 6-1
179219,1017-2026,ATV Bancomat Tennis Open,"Rome, Italy",20260712,A,Round 1,1,0,2026-07-13T08:35Z,final,3,8410,Lola Radivojevic,13681,Ren Yufei,8410,6-4 6-0
179223,1017-2026,ATV Bancomat Tennis Open,"Rome, Italy",20260712,A,Round 1,1,0,2026-07-13T08:40Z,final,3,7815,Francesca Jones,4700,Dalila Spiteri,7815,1-6 6-1 6-0
179133,1072-2026,Generali Open Ladies Kitzbühel,"Kitzbühel, Austria",20260712,A,Round 1,1,0,2026-07-13T09:00Z,final,3,2599,Julia Grabher,15344,Elena Ruxandra Bertea,2599,6-3 5-7 6-4
179148,1072-2026,Generali Open Ladies Kitzbühel,"Kitzbühel, Austria",20260712,A,Round 1,1,0,2026-07-13T09:05Z,final,3,8068,Despina Papamichail,7438,Erika Andreeva,7438,6-2 6-1
181696,874-2026,Unicredit Iasi Open,"Iasi, Romania",20260712,A,Qualifying Final,0,1,2026-07-13T09:20Z,final,3,5868,Elina Avanesyan,4476,Irina Fetecau,5868,6-2 6-2
181677,1071-2026,Enka Open,"Istanbul, Türkiye",20260712,A,Qualifying Final,0,1,2026-07-13T10:05Z,final,3,17854,Varvara Panshina,8681,Weronika Falkowska,8681,6-4 6-4
181678,1071-2026,Enka Open,"Istanbul, Türkiye",20260712,A,Qualifying Final,0,1,2026-07-13T10:05Z,final,3,3070,Isabella Shinikova,17165,Yujia Huang,3070,6-4 6-2
181679,1071-2026,Enka Open,"Istanbul, Türkiye",20260712,A,Qualifying Final,0,1,2026-07-13T10:05Z,final,3,18680,Darya Khamutsianskaya,2594,Zhang Ying,18680,1-6 6-4 7-5
181693,874-2026,Unicredit Iasi Open,"Iasi, Romania",20260712,A,Qualifying Final,0,1,2026-07-13T10:20Z,final,3,10676,Leyre Romero Gormaz,4926,Zhibek Kulambayeva,10676,6-1 6-4
179158,1072-2026,Generali Open Ladies Kitzbühel,"Kitzbühel, Austria",20260712,A,Round 1,1,0,2026-07-13T10:35Z,final,3,13219,Mia Ristic,16296,Mia Pohankova,13219,6-3 7-5
181694,874-2026,Unicredit Iasi Open,"Iasi, Romania",20260712,A,Qualifying Final,0,1,2026-07-13T10:35Z,final,3,2980,Claire Liu,10197,Ipek Oz,2980,6-4 6-1
181680,1071-2026,Enka Open,"Istanbul, Türkiye",20260712,A,Qualifying Final,0,1,2026-07-13T11:35Z,final,3,11553,Rina Saigo,11630,Priska Nugroho,11630,6-4 6-2
179146,1072-2026,Generali Open Ladies Kitzbühel,"Kitzbühel, Austria",20260712,A,Round 1,1,0,2026-07-13T11:50Z,final,3,8318,Yasmine Kabbaj,18702,Ekaterina Perelygina,18702,2-6 6-4 6-3
179312,874-2026,Unicredit Iasi Open,"Iasi, Romania",20260712,A,Round 1,1,0,2026-07-13T12:05Z,final,3,6570,Alina Charaeva,7778,Victoria Jimenez Kasintseva,6570,6-0 6-1
181697,874-2026,Unicredit Iasi Open,"Iasi, Romania",20260712,A,Qualifying Final,0,1,2026-07-13T12:05Z,final,3,423,Varvara Lepchenko,14955,Alevtina Ibragimova,14955,6-3 6-4
179302,874-2026,Unicredit Iasi Open,"Iasi, Romania",20260712,A,Round 1,1,0,2026-07-13T12:15Z,final,3,2734,Anna Bondar,2929,Sara Sorribes Tormo,2734,7-5 6-4
179179,1071-2026,Enka Open,"Istanbul, Türkiye",20260712,A,Round 1,1,0,2026-07-13T12:30Z,final,3,8808,Hanne Vandewinkel,17105,Carol Young Suh Lee,8808,6-3 6-3
179192,1071-2026,Enka Open,"Istanbul, Türkiye",20260712,A,Round 1,1,0,2026-07-13T12:30Z,final,3,15220,Kristina Penickova,3125,Karman Thandi,15220,3-6 7-6(4) 6-4
179135,1072-2026,Generali Open Ladies Kitzbühel,"Kitzbühel, Austria",20260712,A,Round 1,1,0,2026-07-13T13:05Z,final,3,14444,Julia Avdeeva,13369,Gina Feistel,13369,6-2 6-2
179221,1017-2026,ATV Bancomat Tennis Open,"Rome, Italy",20260712,A,Round 1,1,0,2026-07-13T14:05Z,final,3,4438,Kajsa Rinaldo Persson,6259,Darya Astakhova,6259,6-3 6-1
179224,1017-2026,ATV Bancomat Tennis Open,"Rome, Italy",20260712,A,Round 1,1,0,2026-07-13T14:05Z,final,3,3031,Lina Gjorcheska,2427,Deborah Chiesa,2427,6-7(1) 6-3 6-3
179144,1072-2026,Generali Open Ladies Kitzbühel,"Kitzbühel, Austria",20260712,A,Round 1,1,0,2026-07-13T14:15Z,final,3,5626,Anastasia Tikhonova,17826,Eva Bennemann,17826,6-4 7-5
181623,1069-2026,Vanda Pharmaceuticals Athens Open,"Athens, Greece",20260711,A,Round 1,1,0,2026-07-13T14:25Z,final,3,1649,Magda Linette,3153,Mai Hontama,3153,6-4 7-5
179171,1071-2026,Enka Open,"Istanbul, Türkiye",20260712,A,Round 1,1,0,2026-07-13T14:30Z,final,3,13314,Gabriela Knutson,14445,Irem Kurt,13314,6-4 4-6 6-0
179145,1072-2026,Generali Open Ladies Kitzbühel,"Kitzbühel, Austria",20260712,A,Round 1,1,0,2026-07-13T14:35Z,final,3,1095,Polona Hercog,2669,Dalila Jakupovic,1095,6-2 2-6 6-4
181624,1069-2026,Vanda Pharmaceuticals Athens Open,"Athens, Greece",20260711,A,Round 1,1,0,2026-07-13T14:35Z,final,3,6048,Zheng Qinwen,6059,Jessica Bouzas Maneiro,6048,7-5 6-1
181633,1069-2026,Vanda Pharmaceuticals Athens Open,"Athens, Greece",20260711,A,Round 1,1,0,2026-07-13T14:35Z,final,3,18685,Marianne Argyrokastriti,10830,Lilli Tagger,10830,6-1 6-1
179309,874-2026,Unicredit Iasi Open,"Iasi, Romania",20260712,A,Round 1,1,0,2026-07-13T14:40Z,final,3,3256,Nadia Podoroska,8404,Petra Marcinko,8404,6-2 3-6 6-4
179218,1017-2026,ATV Bancomat Tennis Open,"Rome, Italy",20260712,A,Round 1,1,0,2026-07-13T15:25Z,final,3,4691,Alice Rame,7849,Noma Noha Akugue,7849,6-1 7-5
179181,1071-2026,Enka Open,"Istanbul, Türkiye",20260712,A,Round 1,1,0,2026-07-13T15:40Z,final,3,5712,Bai Zhuoxuan,12846,Tatiana Prozorova,12846,6-3 6-1
181631,1069-2026,Vanda Pharmaceuticals Athens Open,"Athens, Greece",20260711,A,Round 1,1,0,2026-07-13T16:00Z,final,3,4969,Viktoria Morvayova,7819,Sara Bejlek,7819,6-0 7-5
179137,1072-2026,Generali Open Ladies Kitzbühel,"Kitzbühel, Austria",20260712,A,Round 1,1,0,2026-07-13T16:15Z,final,3,5878,Veronika Erjavec,2035,Victoria Bosio,5878,6-3 6-7(3) 6-4
180311,1069-2026,Vanda Pharmaceuticals Athens Open,"Athens, Greece",20260711,A,Round 1,1,0,2026-07-13T16:30Z,final,3,5352,Mina Hodzic,2200,Harriet Dart,2200,6-3 3-6 7-6(4)
179184,1071-2026,Enka Open,"Istanbul, Türkiye",20260712,A,Round 1,1,0,2026-07-13T16:45Z,final,3,2431,Kyoka Okamura,6953,Lanlana Tararudee,6953,6-2 6-1
181621,1069-2026,Vanda Pharmaceuticals Athens Open,"Athens, Greece",20260711,A,Round 1,1,0,2026-07-13T16:45Z,final,3,6413,Polina Kudermetova,3018,Maria Sakkari,3018,6-0 7-6(1)
179174,1071-2026,Enka Open,"Istanbul, Türkiye",20260712,A,Round 1,1,0,2026-07-13T17:00Z,final,3,7816,Anastasia Gasanova,4104,Susan Bandecchi,7816,7-6(3) 6-4
179220,1017-2026,ATV Bancomat Tennis Open,"Rome, Italy",20260712,A,Round 1,1,0,2026-07-13T17:05Z,final,3,6571,Oksana Selekhmeteva,9442,Elizara Yaneva,9442,6-3 6-2
179230,1017-2026,ATV Bancomat Tennis Open,"Rome, Italy",20260712,A,Round 1,1,0,2026-07-13T17:10Z,final,3,3401,Sofya Lansere,3490,Elena Malygina,3401,4-6 6-1 6-4
179322,874-2026,Unicredit Iasi Open,"Iasi, Romania",20260712,A,Round 1,1,0,2026-07-13T17:15Z,final,3,3508,Clara Burel,423,Varvara Lepchenko,3508,2-6 7-5 6-3
181626,1069-2026,Vanda Pharmaceuticals Athens Open,"Athens, Greece",20260711,A,Round 1,1,0,2026-07-13T17:45Z,final,3,13760,Martha Matoula,8560,Elena Micic,8560,7-5 6-3
181622,1069-2026,Vanda Pharmaceuticals Athens Open,"Athens, Greece",20260711,A,Round 1,1,0,2026-07-13T18:30Z,final,3,3294,Valentini Grammatikopoulou,5309,Alycia Parks,5309,7-6(3) 6-4
179222,1017-2026,ATV Bancomat Tennis Open,"Rome, Italy",20260712,A,Round 1,1,0,2026-07-13T18:35Z,final,3,16394,Yelyzaveta Kotliar,11603,Federica Urgesi,11603,6-3 6-0
179225,1017-2026,ATV Bancomat Tennis Open,"Rome, Italy",20260712,A,Round 1,1,0,2026-07-14T08:35Z,final,3,5749,Julia Riera,6769,Darja Semenistaja,5749,6-1 4-6 6-1
179226,1017-2026,ATV Bancomat Tennis Open,"Rome, Italy",20260712,A,Round 1,1,0,2026-07-14T08:35Z,final,3,1831,Danka Kovinic,17102,Noemi Basiletti,1831,6-2 1-6 6-4
179141,1072-2026,Generali Open Ladies Kitzbühel,"Kitzbühel, Austria",20260712,A,Round 1,1,0,2026-07-14T09:00Z,final,3,5328,Caijsa Hennemann,7797,Sinja Kraus,7797,7-6(3) 6-3
179154,1072-2026,Generali Open Ladies Kitzbühel,"Kitzbühel, Austria",20260712,A,Round 1,1,0,2026-07-14T09:05Z,final,3,8690,Marina Bassols Ribera,2506,Anna-Lena Friedsam,8690,6-2 6-1
179310,874-2026,Unicredit Iasi Open,"Iasi, Romania",20260712,A,Round 1,1,0,2026-07-14T09:05Z,final,3,5868,Elina Avanesyan,5734,Moyuka Uchijima,5868,6-2 6-4
179311,874-2026,Unicredit Iasi Open,"Iasi, Romania",20260712,A,Round 1,1,0,2026-07-14T09:05Z,final,3,3184,Emiliana Arango,3034,Tamara Zidansek,3034,5-7 6-2 6-3
179328,874-2026,Unicredit Iasi Open,"Iasi, Romania",20260712,A,Round 1,1,0,2026-07-14T09:05Z,final,3,14460,Kaitlin Quevedo,2748,Elena-Gabriela Ruse,14460,6-3 6-1
179150,1072-2026,Generali Open Ladies Kitzbühel,"Kitzbühel, Austria",20260712,A,Round 1,1,0,2026-07-14T09:10Z,final,3,4458,Martina Colmegna,7806,Barbora Palicova,7806,3-6 7-6(4) 6-1
179176,1071-2026,Enka Open,"Istanbul, Türkiye",20260712,A,Round 1,1,0,2026-07-14T10:05Z,final,3,3330,Harmony Tan,7434,Lucie Havlickova,3330,6-7(3) 6-3 6-3
179186,1071-2026,Enka Open,"Istanbul, Türkiye",20260712,A,Round 1,1,0,2026-07-14T10:05Z,final,3,10858,Alexandra Shubladze,3070,Isabella Shinikova,10858,7-5 7-6(4)
179189,1071-2026,Enka Open,"Istanbul, Türkiye",20260712,A,Round 1,1,0,2026-07-14T10:20Z,final,3,5775,Anastasia Zakharova,11466,Mariia Tkacheva,5775,6-4 3-6 6-4
179301,874-2026,Unicredit Iasi Open,"Iasi, Romania",20260712,A,Round 1,1,0,2026-07-14T10:50Z,final,3,2179,Mayar Sherif,2764,Dalma Galfi,2179,6-2 6-0
179314,874-2026,Unicredit Iasi Open,"Iasi, Romania",20260712,A,Round 1,1,0,2026-07-14T11:00Z,final,3,1802,Yulia Putintseva,2980,Claire Liu,1802,7-5 6-2
179304,874-2026,Unicredit Iasi Open,"Iasi, Romania",20260712,A,Round 1,1,0,2026-07-14T11:45Z,final,3,7436,Dominika Salkova,14955,Alevtina Ibragimova,14955,6-2 7-5
179183,1071-2026,Enka Open,"Istanbul, Türkiye",20260712,A,Round 1,1,0,2026-07-14T12:20Z,final,3,18680,Darya Khamutsianskaya,11630,Priska Nugroho,18680,6-4 6-1
179326,874-2026,Unicredit Iasi Open,"Iasi, Romania",20260712,A,Round 1,1,0,2026-07-14T12:25Z,final,3,5705,Oleksandra Oliynykova,10197,Ipek Oz,5705,7-6(1) 7-6(5)
179177,1071-2026,Enka Open,"Istanbul, Türkiye",20260712,A,Round 1,1,0,2026-07-14T12:50Z,final,3,16142,Deniz Dilek,8681,Weronika Falkowska,8681,5-7 7-6(6) 6-2
179198,1071-2026,Enka Open,"Istanbul, Türkiye",20260712,A,Round 1,1,0,2026-07-14T13:05Z,final,3,3185,Ayla Aksu,17702,Vendula Valdmannova,17702,7-5 6-0
179134,1072-2026,Generali Open Ladies Kitzbühel,"Kitzbühel, Austria",20260712,A,Round 1,1,0,2026-07-14T13:10Z,final,3,2177,Laura Pigossi,15069,Laura Samson,15069,5-7 6-4 7-6(4)
179136,1072-2026,Generali Open Ladies Kitzbühel,"Kitzbühel, Austria",20260712,A,Round 1,1,0,2026-07-14T13:15Z,final,3,1913,Mona Barthel,14200,Arabella Koller,1913,6-2 6-7(8) 6-4
179324,874-2026,Unicredit Iasi Open,"Iasi, Romania",20260712,A,Round 1,1,0,2026-07-14T13:25Z,final,3,3568,Miriam Bulgaru,14946,Elena Pridankina,14946,7-5 6-1
179217,1017-2026,ATV Bancomat Tennis Open,"Rome, Italy",20260712,A,Round 1,1,0,2026-07-14T14:05Z,final,3,2387,Fiona Ferro,5160,Aurora Zantedeschi,5160,6-4 2-6 6-3
179232,1017-2026,ATV Bancomat Tennis Open,"Rome, Italy",20260712,A,Round 1,1,0,2026-07-14T14:05Z,final,3,16002,Teodora Kostovic,13529,Jennifer Ruggeri,16002,6-2 6-3
179197,1071-2026,Enka Open,"Istanbul, Türkiye",20260712,A,Round 1,1,0,2026-07-14T14:10Z,final,3,14566,Aliona Falei,2916,Yuan Yue,14566,5-7 6-2 6-2
179152,1072-2026,Generali Open Ladies Kitzbühel,"Kitzbühel, Austria",20260712,A,Round 1,1,0,2026-07-14T14:15Z,final,3,3220,Maria Lourdes Carle,2180,Kathinka von Deichmann,3220,6-3 2-6 6-4
181612,1069-2026,Vanda Pharmaceuticals Athens Open,"Athens, Greece",20260711,A,Round 1,1,0,2026-07-14T14:35Z,final,3,13530,Aoi Ito,9169,Alina Korneeva,9169,6-2 6-1
181630,1069-2026,Vanda Pharmaceuticals Athens Open,"Athens, Greece",20260711,A,Round 1,1,0,2026-07-14T14:35Z,final,3,2042,Barbora Krejcikova,2027,Viktoriya Tomova,2042,6-3 6-3
179196,1071-2026,Enka Open,"Istanbul, Türkiye",20260712,A,Round 1,1,0,2026-07-14T14:50Z,final,3,17104,Polina Iatcenko,328,Vera Zvonareva,328,6-3 7-5
180309,1069-2026,Vanda Pharmaceuticals Athens Open,"Athens, Greece",20260711,A,Round 1,1,0,2026-07-14T14:50Z,final,3,5299,Carole Monnet,2984,Rebeka Masarova,5299,4-6 6-2 7-6(10)
179319,874-2026,Unicredit Iasi Open,"Iasi, Romania",20260712,A,Round 1,1,0,2026-07-14T15:05Z,final,3,3000,Panna Udvardy,10676,Leyre Romero Gormaz,3000,6-3 4-6 6-3
179303,874-2026,Unicredit Iasi Open,"Iasi, Romania",20260712,A,Round 1,1,0,2026-07-14T15:10Z,final,3,2731,Paula Badosa,2411,Anhelina Kalinina,2731,6-3 6-1
179153,1072-2026,Generali Open Ladies Kitzbühel,"Kitzbühel, Austria",20260712,A,Round 1,1,0,2026-07-14T15:35Z,final,3,18703,Leonie Rabl,810,Arantxa Rus,810,6-1 6-0
181635,1069-2026,Vanda Pharmaceuticals Athens Open,"Athens, Greece",20260711,A,Round 1,1,0,2026-07-14T15:45Z,final,3,12291,Sapfo Sakellaridi,4263,Miriana Tona,4263,7-6(2) 5-7 6-2
179175,1071-2026,Enka Open,"Istanbul, Türkiye",20260712,A,Round 1,1,0,2026-07-14T15:50Z,final,3,6929,Linda Fruhvirtova,12315,Gao Xinyu,12315,7-6(8) 4-6 6-3
179227,1017-2026,ATV Bancomat Tennis Open,"Rome, Italy",20260712,A,Round 1,1,0,2026-07-14T16:05Z,final,3,1374,Martina Trevisan,14606,Tyra Caterina Grant,1374,6-0 6-3
179231,1017-2026,ATV Bancomat Tennis Open,"Rome, Italy",20260712,A,Round 1,1,0,2026-07-14T16:30Z,final,3,5168,Nuria Brancaccio,3909,Jessica Pieri,5168,6-2 6-2
180310,1069-2026,Vanda Pharmaceuticals Athens Open,"Athens, Greece",20260711,A,Round 1,1,0,2026-07-14T16:35Z,final,3,3792,Clara Tauson,2043,Nao Hibino,3792,7-5 6-4
179188,1071-2026,Enka Open,"Istanbul, Türkiye",20260712,A,Round 1,1,0,2026-07-14T16:40Z,final,3,2736,Viktoria Hruncakova,1254,Cagla Buyukakcay,2736,6-0 6-4
179143,1072-2026,Generali Open Ladies Kitzbühel,"Kitzbühel, Austria",20260712,A,Round 1,1,0,2026-07-14T17:00Z,final,3,16906,Vivian Wolff,15755,Jeline Vandromme,15755,6-1 7-6(3)
179229,1017-2026,ATV Bancomat Tennis Open,"Rome, Italy",20260712,A,Round 1,1,0,2026-07-14T17:35Z,final,3,16498,Alessandra Mazzola,4666,Lucia Bronzetti,4666,7-5 6-1
179318,874-2026,Unicredit Iasi Open,"Iasi, Romania",20260712,A,Round 1,1,0,2026-07-14T17:35Z,final,3,3889,Katarzyna Kawa,3388,Simona Waltert,3889,6-1 6-4
179228,1017-2026,ATV Bancomat Tennis Open,"Rome, Italy",20260712,A,Round 1,1,0,2026-07-14T17:50Z,final,3,11602,Francesca Pace,11767,Eva Vedder,11767,6-4 6-4
181613,1069-2026,Vanda Pharmaceuticals Athens Open,"Athens, Greece",20260711,A,Round 1,1,0,2026-07-14T18:15Z,final,3,2902,Anna Blinkova,1809,Aliaksandra Sasnovich,1809,3-6 6-2 6-2
181611,1069-2026,Vanda Pharmaceuticals Athens Open,"Athens, Greece",20260711,A,Round 1,1,0,2026-07-14T19:05Z,final,3,10501,Maria Timofeeva,3380,Ann Li,3380,6-2 6-1
181614,1069-2026,Vanda Pharmaceuticals Athens Open,"Athens, Greece",20260711,A,Round 1,1,0,2026-07-14T19:35Z,final,3,8419,Tereza Valentova,14562,Sofia Costoulas,8419,6-1 6-2
179237,1017-2026,ATV Bancomat Tennis Open,"Rome, Italy",20260712,A,Round 2,2,0,2026-07-15T08:35Z,final,3,9442,Elizara Yaneva,3401,Sofya Lansere,9442,6-2 7-6(4)
179244,1017-2026,ATV Bancomat Tennis Open,"Rome, Italy",20260712,A,Round 2,2,0,2026-07-15T08:35Z,final,3,8410,Lola Radivojevic,2427,Deborah Chiesa,2427,6-2 6-2
179147,1072-2026,Generali Open Ladies Kitzbühel,"Kitzbühel, Austria",20260712,A,Round 2,2,0,2026-07-15T09:05Z,final,3,2599,Julia Grabher,18702,Ekaterina Perelygina,2599,7-5 6-3
179308,874-2026,Unicredit Iasi Open,"Iasi, Romania",20260712,A,Round 2,2,0,2026-07-15T10:35Z,final,3,1802,Yulia Putintseva,6570,Alina Charaeva,1802,6-3 6-3
179151,1072-2026,Generali Open Ladies Kitzbühel,"Kitzbühel, Austria",20260712,A,Round 2,2,0,2026-07-15T10:50Z,final,3,5878,Veronika Erjavec,1913,Mona Barthel,5878,6-4 6-1
179191,1071-2026,Enka Open,"Istanbul, Türkiye",20260712,A,Round 2,2,0,2026-07-15T11:05Z,final,3,3330,Harmony Tan,7816,Anastasia Gasanova,3330,6-1 6-4
179193,1071-2026,Enka Open,"Istanbul, Türkiye",20260712,A,Round 2,2,0,2026-07-15T11:05Z,final,3,8808,Hanne Vandewinkel,8681,Weronika Falkowska,8808,6-4 3-6 6-4
179139,1072-2026,Generali Open Ladies Kitzbühel,"Kitzbühel, Austria",20260712,A,Round 2,2,0,2026-07-15T12:05Z,final,3,7438,Erika Andreeva,13219,Mia Ristic,7438,6-4 2-6 6-2
179320,874-2026,Unicredit Iasi Open,"Iasi, Romania",20260712,A,Round 1,1,0,2026-07-15T12:25Z,final,3,5814,Ilinca Amariei,6061,Elsa Jacquemot,6061,6-4 7-6(5)
179315,874-2026,Unicredit Iasi Open,"Iasi, Romania",20260712,A,Round 2,2,0,2026-07-15T12:45Z,final,3,2734,Anna Bondar,3034,Tamara Zidansek,3034,7-6(5) 6-7(5) 7-5
179172,1071-2026,Enka Open,"Istanbul, Türkiye",20260712,A,Round 2,2,0,2026-07-15T13:20Z,final,3,15220,Kristina Penickova,14566,Aliona Falei,14566,7-5 3-6 6-3
179187,1071-2026,Enka Open,"Istanbul, Türkiye",20260712,A,Round 2,2,0,2026-07-15T13:50Z,final,3,13314,Gabriela Knutson,6953,Lanlana Tararudee,6953,4-6 6-4 6-1
181610,1069-2026,Vanda Pharmaceuticals Athens Open,"Athens, Greece",20260711,A,Round 2,2,0,2026-07-15T14:35Z,final,3,8560,Elena Micic,6048,Zheng Qinwen,6048,6-4 6-1
179235,1017-2026,ATV Bancomat Tennis Open,"Rome, Italy",20260712,A,Round 2,2,0,2026-07-15T15:10Z,final,3,7815,Francesca Jones,11603,Federica Urgesi,7815,2-6 6-4 6-1
179243,1017-2026,ATV Bancomat Tennis Open,"Rome, Italy",20260712,A,Round 2,2,0,2026-07-15T15:10Z,final,3,6259,Darya Astakhova,7849,Noma Noha Akugue,7849,5-7 6-2 6-3
179305,874-2026,Unicredit Iasi Open,"Iasi, Romania",20260712,A,Round 2,2,0,2026-07-15T16:35Z,final,3,3508,Clara Burel,6061,Elsa Jacquemot,3508,6-1 6-1
181608,1069-2026,Vanda Pharmaceuticals Athens Open,"Athens, Greece",20260711,A,Round 2,2,0,2026-07-15T16:35Z,final,3,2200,Harriet Dart,3018,Maria Sakkari,3018,6-1 6-2
181609,1069-2026,Vanda Pharmaceuticals Athens Open,"Athens, Greece",20260711,A,Round 2,2,0,2026-07-15T17:40Z,final,3,3153,Mai Hontama,5309,Alycia Parks,5309,6-7(4) 6-2 7-5
179313,874-2026,Unicredit Iasi Open,"Iasi, Romania",20260712,A,Round 2,2,0,2026-07-15T17:55Z,final,3,5868,Elina Avanesyan,8404,Petra Marcinko,8404,7-6(3) 7-6(5)
180315,1069-2026,Vanda Pharmaceuticals Athens Open,"Athens, Greece",20260711,A,Round 2,2,0,2026-07-15T18:05Z,final,3,10830,Lilli Tagger,7819,Sara Bejlek,7819,6-2 6-2
179138,1072-2026,Generali Open Ladies Kitzbühel,"Kitzbühel, Austria",20260712,A,Round 2,2,0,2026-07-16T09:00Z,final,3,17826,Eva Bennemann,7797,Sinja Kraus,7797,6-1 6-1
179307,874-2026,Unicredit Iasi Open,"Iasi, Romania",20260712,A,Round 2,2,0,2026-07-16T10:05Z,final,3,2179,Mayar Sherif,14460,Kaitlin Quevedo,2179,6-3 7-6(2)
179149,1072-2026,Generali Open Ladies Kitzbühel,"Kitzbühel, Austria",20260712,A,Round 2,2,0,2026-07-16T10:20Z,final,3,13369,Gina Feistel,15069,Laura Samson,13369,6-3 6-1
179156,1072-2026,Generali Open Ladies Kitzbühel,"Kitzbühel, Austria",20260712,A,Round 2,2,0,2026-07-16T10:35Z,ret,3,1095,Polona Hercog,15755,Jeline Vandromme,15755,6-4 3-0 RET
179190,1071-2026,Enka Open,"Istanbul, Türkiye",20260712,A,Round 2,2,0,2026-07-16T12:05Z,final,3,328,Vera Zvonareva,2736,Viktoria Hruncakova,328,7-6(4) 6-3
179194,1071-2026,Enka Open,"Istanbul, Türkiye",20260712,A,Round 2,2,0,2026-07-16T12:10Z,final,3,18680,Darya Khamutsianskaya,12846,Tatiana Prozorova,12846,6-4 6-3
179140,1072-2026,Generali Open Ladies Kitzbühel,"Kitzbühel, Austria",20260712,A,Round 2,2,0,2026-07-16T12:20Z,final,3,3220,Maria Lourdes Carle,7806,Barbora Palicova,3220,0-6 6-1 6-3
179306,874-2026,Unicredit Iasi Open,"Iasi, Romania",20260712,A,Round 2,2,0,2026-07-16T12:20Z,final,3,5705,Oleksandra Oliynykova,14946,Elena Pridankina,5705,6-1 6-2
179142,1072-2026,Generali Open Ladies Kitzbühel,"Kitzbühel, Austria",20260712,A,Round 2,2,0,2026-07-16T12:35Z,final,3,8690,Marina Bassols Ribera,810,Arantxa Rus,8690,0-6 6-1 6-1
179173,1071-2026,Enka Open,"Istanbul, Türkiye",20260712,A,Round 2,2,0,2026-07-16T13:50Z,final,3,12315,Gao Xinyu,17702,Vendula Valdmannova,17702,6-4 6-3
179195,1071-2026,Enka Open,"Istanbul, Türkiye",20260712,A,Round 2,2,0,2026-07-16T14:00Z,final,3,5775,Anastasia Zakharova,10858,Alexandra Shubladze,5775,7-6(6) 7-6(2)
179316,874-2026,Unicredit Iasi Open,"Iasi, Romania",20260712,A,Round 2,2,0,2026-07-16T14:35Z,final,3,14955,Alevtina Ibragimova,2731,Paula Badosa,2731,7-6(5) 1-6 6-4
180312,1069-2026,Vanda Pharmaceuticals Athens Open,"Athens, Greece",20260711,A,Round 2,2,0,2026-07-16T14:35Z,final,3,9169,Alina Korneeva,3380,Ann Li,9169,6-2 6-2
181607,1069-2026,Vanda Pharmaceuticals Athens Open,"Athens, Greece",20260711,A,Round 2,2,0,2026-07-16T14:40Z,final,3,8419,Tereza Valentova,1809,Aliaksandra Sasnovich,8419,6-3 6-2
179233,1017-2026,ATV Bancomat Tennis Open,"Rome, Italy",20260712,A,Round 2,2,0,2026-07-16T16:15Z,final,3,5160,Aurora Zantedeschi,1374,Martina Trevisan,1374,6-1 7-6(1)
180314,1069-2026,Vanda Pharmaceuticals Athens Open,"Athens, Greece",20260711,A,Round 2,2,0,2026-07-16T16:35Z,final,3,2042,Barbora Krejcikova,5299,Carole Monnet,2042,6-0 6-2
179234,1017-2026,ATV Bancomat Tennis Open,"Rome, Italy",20260712,A,Round 2,2,0,2026-07-16T17:40Z,final,3,1831,Danka Kovinic,5749,Julia Riera,5749,3-6 7-5 7-5
179317,874-2026,Unicredit Iasi Open,"Iasi, Romania",20260712,A,Round 2,2,0,2026-07-16T17:40Z,final,3,3000,Panna Udvardy,3889,Katarzyna Kawa,3000,1-6 7-5 6-2
180313,1069-2026,Vanda Pharmaceuticals Athens Open,"Athens, Greece",20260711,A,Round 2,2,0,2026-07-16T18:10Z,final,3,3792,Clara Tauson,4263,Miriana Tona,3792,6-4 6-0
179242,1017-2026,ATV Bancomat Tennis Open,"Rome, Italy",20260712,A,Round 2,2,0,2026-07-16T18:15Z,final,3,16002,Teodora Kostovic,4666,Lucia Bronzetti,4666,6-4 6-4
179236,1017-2026,ATV Bancomat Tennis Open,"Rome, Italy",20260712,A,Round 2,2,0,2026-07-16T20:10Z,final,3,5168,Nuria Brancaccio,11767,Eva Vedder,5168,6-1 6-2
179159,1072-2026,Generali Open Ladies Kitzbühel,"Kitzbühel, Austria",20260712,A,Quarterfinal,10,0,2026-07-17T09:00Z,final,3,7438,Erika Andreeva,7797,Sinja Kraus,7797,6-4 6-1
179330,874-2026,Unicredit Iasi Open,"Iasi, Romania",20260712,A,Quarterfinal,10,0,2026-07-17T10:05Z,final,3,1802,Yulia Putintseva,2179,Mayar Sherif,2179,6-2 3-6 7-6(5)
179160,1072-2026,Generali Open Ladies Kitzbühel,"Kitzbühel, Austria",20260712,A,Quarterfinal,10,0,2026-07-17T10:40Z,final,3,8690,Marina Bassols Ribera,3220,Maria Lourdes Carle,8690,6-2 6-1
179161,1072-2026,Generali Open Ladies Kitzbühel,"Kitzbühel, Austria",20260712,A,Quarterfinal,10,0,2026-07-17T10:45Z,final,3,2599,Julia Grabher,15755,Jeline Vandromme,2599,6-2 7-6(5)
179178,1071-2026,Enka Open,"Istanbul, Türkiye",20260712,A,Quarterfinal,10,0,2026-07-17T12:05Z,final,3,328,Vera Zvonareva,6953,Lanlana Tararudee,6953,6-3 6-2
179185,1071-2026,Enka Open,"Istanbul, Türkiye",20260712,A,Quarterfinal,10,0,2026-07-17T12:05Z,final,3,5775,Anastasia Zakharova,12846,Tatiana Prozorova,5775,6-3 6-3
179162,1072-2026,Generali Open Ladies Kitzbühel,"Kitzbühel, Austria",20260712,A,Quarterfinal,10,0,2026-07-17T13:00Z,final,3,5878,Veronika Erjavec,13369,Gina Feistel,5878,6-2 7-5
179180,1071-2026,Enka Open,"Istanbul, Türkiye",20260712,A,Quarterfinal,10,0,2026-07-17T13:35Z,final,3,17702,Vendula Valdmannova,14566,Aliona Falei,17702,6-2 6-3
179329,874-2026,Unicredit Iasi Open,"Iasi, Romania",20260712,A,Quarterfinal,10,0,2026-07-17T13:35Z,final,3,5705,Oleksandra Oliynykova,3508,Clara Burel,5705,6-4 7-5
179182,1071-2026,Enka Open,"Istanbul, Türkiye",20260712,A,Quarterfinal,10,0,2026-07-17T14:05Z,ret,3,8808,Hanne Vandewinkel,3330,Harmony Tan,8808,6-1 1-0 RET
179239,1017-2026,ATV Bancomat Tennis Open,"Rome, Italy",20260712,A,Quarterfinal,10,0,2026-07-17T14:10Z,final,3,7815,Francesca Jones,7849,Noma Noha Akugue,7815,6-3 6-1
181628,1069-2026,Vanda Pharmaceuticals Athens Open,"Athens, Greece",20260711,A,Quarterfinal,10,0,2026-07-17T14:35Z,final,3,8419,Tereza Valentova,9169,Alina Korneeva,9169,7-5 6-3
181632,1069-2026,Vanda Pharmaceuticals Athens Open,"Athens, Greece",20260711,A,Quarterfinal,10,0,2026-07-17T14:35Z,final,3,2042,Barbora Krejcikova,6048,Zheng Qinwen,2042,6-4 6-4
179247,1017-2026,ATV Bancomat Tennis Open,"Rome, Italy",20260712,A,Quarterfinal,10,0,2026-07-17T15:30Z,final,3,9442,Elizara Yaneva,1374,Martina Trevisan,1374,4-6 6-2 6-2
179238,1017-2026,ATV Bancomat Tennis Open,"Rome, Italy",20260712,A,Quarterfinal,10,0,2026-07-17T15:40Z,final,3,5168,Nuria Brancaccio,5749,Julia Riera,5168,6-3 1-6 7-6(5)
179327,874-2026,Unicredit Iasi Open,"Iasi, Romania",20260712,A,Quarterfinal,10,0,2026-07-17T15:40Z,final,3,3000,Panna Udvardy,2731,Paula Badosa,2731,6-4 7-6(2)
181629,1069-2026,Vanda Pharmaceuticals Athens Open,"Athens, Greece",20260711,A,Quarterfinal,10,0,2026-07-17T16:40Z,final,3,5309,Alycia Parks,3018,Maria Sakkari,3018,6-4 6-3
179240,1017-2026,ATV Bancomat Tennis Open,"Rome, Italy",20260712,A,Quarterfinal,10,0,2026-07-17T17:45Z,final,3,2427,Deborah Chiesa,4666,Lucia Bronzetti,4666,2-6 6-3 6-2
179325,874-2026,Unicredit Iasi Open,"Iasi, Romania",20260712,A,Quarterfinal,10,0,2026-07-17T18:00Z,final,3,3034,Tamara Zidansek,8404,Petra Marcinko,3034,6-3 7-5
181634,1069-2026,Vanda Pharmaceuticals Athens Open,"Athens, Greece",20260711,A,Quarterfinal,10,0,2026-07-17T18:20Z,final,3,3792,Clara Tauson,7819,Sara Bejlek,3792,6-2 6-3
182988,401-2026,Livesport Prague Open,"Prague, Czechia",20260718,A,Qualifying 1st Round,0,1,2026-07-18T09:05Z,final,3,4104,Susan Bandecchi,12315,Gao Xinyu,12315,7-5 6-3
182990,401-2026,Livesport Prague Open,"Prague, Czechia",20260718,A,Qualifying 1st Round,0,1,2026-07-18T09:05Z,ret,3,2582,Priscilla Hon,3125,Karman Thandi,2582,6-3 RET
182992,401-2026,Livesport Prague Open,"Prague, Czechia",20260718,A,Qualifying 1st Round,0,1,2026-07-18T09:05Z,final,3,8560,Elena Micic,6929,Linda Fruhvirtova,6929,6-3 7-5
179155,1072-2026,Generali Open Ladies Kitzbühel,"Kitzbühel, Austria",20260712,A,Semifinal,11,0,2026-07-18T09:35Z,final,3,8690,Marina Bassols Ribera,7797,Sinja Kraus,7797,3-6 6-4 6-1
182987,401-2026,Livesport Prague Open,"Prague, Czechia",20260718,A,Qualifying 1st Round,0,1,2026-07-18T10:25Z,final,3,2431,Kyoka Okamura,17105,Carol Young Suh Lee,17105,7-5 6-1
182983,401-2026,Livesport Prague Open,"Prague, Czechia",20260718,A,Qualifying 1st Round,0,1,2026-07-18T10:45Z,final,3,7436,Dominika Salkova,18746,Denisa Zoldakova,7436,6-4 6-4
182994,401-2026,Livesport Prague Open,"Prague, Czechia",20260718,A,Qualifying 1st Round,0,1,2026-07-18T11:00Z,final,3,13530,Aoi Ito,13314,Gabriela Knutson,13314,6-4 6-4
179157,1072-2026,Generali Open Ladies Kitzbühel,"Kitzbühel, Austria",20260712,A,Semifinal,11,0,2026-07-18T12:05Z,final,3,5878,Veronika Erjavec,2599,Julia Grabher,2599,6-1 6-4
182986,401-2026,Livesport Prague Open,"Prague, Czechia",20260718,A,Qualifying 1st Round,0,1,2026-07-18T12:25Z,final,3,14562,Sofia Costoulas,2043,Nao Hibino,14562,6-7(4) 7-5 6-4
182991,401-2026,Livesport Prague Open,"Prague, Czechia",20260718,A,Qualifying 1st Round,0,1,2026-07-18T12:30Z,final,3,7806,Barbora Palicova,3153,Mai Hontama,3153,6-3 6-3
182993,401-2026,Livesport Prague Open,"Prague, Czechia",20260718,A,Qualifying 1st Round,0,1,2026-07-18T12:50Z,ret,3,2984,Rebeka Masarova,5725,Valentina Ryser,5725,4-6 4-3 RET
179199,1071-2026,Enka Open,"Istanbul, Türkiye",20260712,A,Semifinal,11,0,2026-07-18T13:55Z,final,3,17702,Vendula Valdmannova,6953,Lanlana Tararudee,6953,6-2 6-0
179246,1017-2026,ATV Bancomat Tennis Open,"Rome, Italy",20260712,A,Semifinal,11,0,2026-07-18T14:10Z,final,3,4666,Lucia Bronzetti,5168,Nuria Brancaccio,4666,6-4 5-7 6-0
179323,874-2026,Unicredit Iasi Open,"Iasi, Romania",20260712,A,Semifinal,11,0,2026-07-18T14:10Z,final,3,2179,Mayar Sherif,5705,Oleksandra Oliynykova,2179,6-3 6-1
182985,401-2026,Livesport Prague Open,"Prague, Czechia",20260718,A,Qualifying 1st Round,0,1,2026-07-18T14:20Z,final,3,18747,Victoria Bervid,11553,Rina Saigo,11553,6-1 6-2
182984,401-2026,Livesport Prague Open,"Prague, Czechia",20260718,A,Qualifying 1st Round,0,1,2026-07-18T14:25Z,final,3,14080,Veronika Podrez,18745,Tereza Krejcova,14080,3-6 6-2 6-1
183004,525-2026,Palermo Ladies Open,"Palermo, Italy",20260718,A,Qualifying 1st Round,0,1,2026-07-18T15:00Z,wo,3,11603,Federica Urgesi,16394,Yelyzaveta Kotliar,16394,
183006,525-2026,Palermo Ladies Open,"Palermo, Italy",20260718,A,Qualifying 1st Round,0,1,2026-07-18T15:05Z,final,3,13681,Ren Yufei,18748,Carla Giambelli,13681,5-7 6-4 6-3
179200,1071-2026,Enka Open,"Istanbul, Türkiye",20260712,A,Semifinal,11,0,2026-07-18T15:10Z,final,3,5775,Anastasia Zakharova,8808,Hanne Vandewinkel,8808,6-3 6-3
183002,525-2026,Palermo Ladies Open,"Palermo, Italy",20260718,A,Qualifying 1st Round,0,1,2026-07-18T16:00Z,final,3,4552,Rasheeda McAdoo,3070,Isabella Shinikova,3070,6-4 6-4
183003,525-2026,Palermo Ladies Open,"Palermo, Italy",20260718,A,Qualifying 1st Round,0,1,2026-07-18T16:00Z,final,3,10521,Raluka Serban,16765,Anastasia Bertacchi,10521,5-7 6-4 6-0
179321,874-2026,Unicredit Iasi Open,"Iasi, Romania",20260712,A,Semifinal,11,0,2026-07-18T16:05Z,final,3,2731,Paula Badosa,3034,Tamara Zidansek,2731,3-6 7-5 7-6(1)
183001,525-2026,Palermo Ladies Open,"Palermo, Italy",20260718,A,Qualifying 1st Round,0,1,2026-07-18T16:30Z,wo,3,8534,Lucija Ciric Bagaric,8386,Amarissa Toth,8386,
181625,1069-2026,Vanda Pharmaceuticals Athens Open,"Athens, Greece",20260711,A,Semifinal,11,0,2026-07-18T16:35Z,final,3,3018,Maria Sakkari,9169,Alina Korneeva,3018,6-1 7-5
179241,1017-2026,ATV Bancomat Tennis Open,"Rome, Italy",20260712,A,Semifinal,11,0,2026-07-18T16:55Z,final,3,1374,Martina Trevisan,7815,Francesca Jones,7815,2-6 6-1 6-1
182989,401-2026,Livesport Prague Open,"Prague, Czechia",20260718,A,Qualifying 1st Round,0,1,2026-07-18T16:55Z,final,3,4969,Viktoria Morvayova,3185,Ayla Aksu,3185,6-3 6-3
183005,525-2026,Palermo Ladies Open,"Palermo, Italy",20260718,A,Qualifying 1st Round,0,1,2026-07-18T17:55Z,final,3,1970,Emily Webley-Smith,5352,Mina Hodzic,5352,6-2 6-1
183007,525-2026,Palermo Ladies Open,"Palermo, Italy",20260718,A,Qualifying 1st Round,0,1,2026-07-18T18:00Z,wo,3,4263,Miriana Tona,4700,Dalila Spiteri,4263,
181627,1069-2026,Vanda Pharmaceuticals Athens Open,"Athens, Greece",20260711,A,Semifinal,11,0,2026-07-18T18:25Z,final,3,3792,Clara Tauson,2042,Barbora Krejcikova,2042,6-1 4-6 6-3
183008,525-2026,Palermo Ladies Open,"Palermo, Italy",20260718,A,Qualifying 1st Round,0,1,2026-07-18T19:00Z,final,3,17102,Noemi Basiletti,18286,Laura Bohner,17102,6-2 6-2
183037,1002-2026,MSC Hamburg Ladies Open,"Hamburg, Germany",20260719,A,Qualifying 1st Round,0,1,2026-07-19T08:05Z,final,3,423,Varvara Lepchenko,15146,Anna Petkovic,423,6-2 6-2
183039,1002-2026,MSC Hamburg Ladies Open,"Hamburg, Germany",20260719,A,Qualifying 1st Round,0,1,2026-07-19T08:05Z,ret,3,2669,Dalila Jakupovic,5868,Elina Avanesyan,5868,4-2 RET
183043,1002-2026,MSC Hamburg Ladies Open,"Hamburg, Germany",20260719,A,Qualifying 1st Round,0,1,2026-07-19T08:05Z,final,3,3490,Elena Malygina,8623,Lisa Zaar,3490,6-2 6-4
182996,401-2026,Livesport Prague Open,"Prague, Czechia",20260718,A,Qualifying Final,0,1,2026-07-19T09:05Z,final,3,2582,Priscilla Hon,17105,Carol Young Suh Lee,17105,7-5 6-3
182999,401-2026,Livesport Prague Open,"Prague, Czechia",20260718,A,Qualifying Final,0,1,2026-07-19T09:05Z,final,3,12315,Gao Xinyu,6929,Linda Fruhvirtova,12315,6-2 0-6 6-3
183000,401-2026,Livesport Prague Open,"Prague, Czechia",20260718,A,Qualifying Final,0,1,2026-07-19T09:05Z,final,3,5725,Valentina Ryser,3153,Mai Hontama,3153,6-2 6-2
183044,1002-2026,MSC Hamburg Ladies Open,"Hamburg, Germany",20260719,A,Qualifying 1st Round,0,1,2026-07-19T09:10Z,final,3,810,Arantxa Rus,4792,Ekaterina Kazionova,810,6-4 6-0
183040,1002-2026,MSC Hamburg Ladies Open,"Hamburg, Germany",20260719,A,Qualifying 1st Round,0,1,2026-07-19T09:35Z,final,3,14444,Julia Avdeeva,3836,Jule Niemeier,3836,7-5 2-6 6-4
183047,1002-2026,MSC Hamburg Ladies Open,"Hamburg, Germany",20260719,A,Qualifying 1st Round,0,1,2026-07-19T09:40Z,ret,3,5299,Carole Monnet,3909,Jessica Pieri,3909,6-3 3-1 RET
179163,1072-2026,Generali Open Ladies Kitzbühel,"Kitzbühel, Austria",20260712,A,Final,13,0,2026-07-19T09:55Z,final,3,2599,Julia Grabher,7797,Sinja Kraus,7797,6-3 6-1
182998,401-2026,Livesport Prague Open,"Prague, Czechia",20260718,A,Qualifying Final,0,1,2026-07-19T10:35Z,final,3,14080,Veronika Podrez,11553,Rina Saigo,14080,6-4 6-1
183046,1002-2026,MSC Hamburg Ladies Open,"Hamburg, Germany",20260719,A,Qualifying 1st Round,0,1,2026-07-19T11:55Z,final,3,18750,Victoria Brand,2180,Kathinka von Deichmann,18750,6-3 6-4
182995,401-2026,Livesport Prague Open,"Prague, Czechia",20260718,A,Qualifying Final,0,1,2026-07-19T12:05Z,final,3,14562,Sofia Costoulas,3185,Ayla Aksu,14562,7-5 6-2
183041,1002-2026,MSC Hamburg Ladies Open,"Hamburg, Germany",20260719,A,Qualifying 1st Round,0,1,2026-07-19T12:15Z,final,3,3042,Valeriya Strakhova,2692,Chloe Paquet,2692,6-3 4-6 6-2
183045,1002-2026,MSC Hamburg Ladies Open,"Hamburg, Germany",20260719,A,Qualifying 1st Round,0,1,2026-07-19T12:30Z,final,3,18751,Emily Victoria Eigelsbach,3220,Maria Lourdes Carle,3220,6-1 6-1
183048,1002-2026,MSC Hamburg Ladies Open,"Hamburg, Germany",20260719,A,Qualifying 1st Round,0,1,2026-07-19T13:25Z,final,3,11767,Eva Vedder,3283,Georgina Garcia Perez,11767,4-6 6-2 6-4
182997,401-2026,Livesport Prague Open,"Prague, Czechia",20260718,A,Qualifying Final,0,1,2026-07-19T13:30Z,final,3,7436,Dominika Salkova,13314,Gabriela Knutson,7436,6-2 6-3
183038,1002-2026,MSC Hamburg Ladies Open,"Hamburg, Germany",20260719,A,Qualifying 1st Round,0,1,2026-07-19T13:45Z,final,3,4183,Ekaterina Yashina,1913,Mona Barthel,1913,2-6 6-1 6-1
179201,1071-2026,Enka Open,"Istanbul, Türkiye",20260712,A,Final,13,0,2026-07-19T14:05Z,final,3,8808,Hanne Vandewinkel,6953,Lanlana Tararudee,6953,6-4 4-6 6-3
183042,1002-2026,MSC Hamburg Ladies Open,"Hamburg, Germany",20260719,A,Qualifying 1st Round,0,1,2026-07-19T15:30Z,final,3,14946,Elena Pridankina,14631,Diana Martynov,14946,6-2 6-4
179245,1017-2026,ATV Bancomat Tennis Open,"Rome, Italy",20260712,A,Final,13,0,2026-07-19T16:10Z,final,3,7815,Francesca Jones,4666,Lucia Bronzetti,7815,6-3 6-1
180316,1069-2026,Vanda Pharmaceuticals Athens Open,"Athens, Greece",20260711,A,Final,13,0,2026-07-19T17:05Z,final,3,2042,Barbora Krejcikova,3018,Maria Sakkari,2042,7-6(5) 6-3
183010,525-2026,Palermo Ladies Open,"Palermo, Italy",20260718,A,Qualifying Final,0,1,2026-07-19T17:05Z,final,3,16394,Yelyzaveta Kotliar,5352,Mina Hodzic,5352,7-6(0) 7-6(6)
183012,525-2026,Palermo Ladies Open,"Palermo, Italy",20260718,A,Qualifying Final,0,1,2026-07-19T17:10Z,ret,3,10521,Raluka Serban,8386,Amarissa Toth,8386,6-1 1-0 RET
183011,525-2026,Palermo Ladies Open,"Palermo, Italy",20260718,A,Qualifying Final,0,1,2026-07-19T17:30Z,final,3,17102,Noemi Basiletti,3070,Isabella Shinikova,17102,7-5 6-0
183009,525-2026,Palermo Ladies Open,"Palermo, Italy",20260718,A,Qualifying Final,0,1,2026-07-19T18:30Z,final,3,13681,Ren Yufei,4263,Miriana Tona,13681,6-0 6-3
179331,874-2026,Unicredit Iasi Open,"Iasi, Romania",20260712,A,Final,13,0,2026-07-20T08:05Z,ret,3,2179,Mayar Sherif,2731,Paula Badosa,2179,6-4 4-0 RET
183049,1002-2026,MSC Hamburg Ladies Open,"Hamburg, Germany",20260719,A,Qualifying Final,0,1,2026-07-20T08:05Z,final,3,3836,Jule Niemeier,3490,Elena Malygina,3836,6-4 4-6 6-1
183052,1002-2026,MSC Hamburg Ladies Open,"Hamburg, Germany",20260719,A,Qualifying Final,0,1,2026-07-20T08:05Z,final,3,423,Varvara Lepchenko,5868,Elina Avanesyan,5868,4-6 7-6(5) 6-3
183050,1002-2026,MSC Hamburg Ladies Open,"Hamburg, Germany",20260719,A,Qualifying Final,0,1,2026-07-20T08:10Z,final,3,3909,Jessica Pieri,3220,Maria Lourdes Carle,3220,0-6 6-1 6-1
179403,401-2026,Livesport Prague Open,"Prague, Czechia",20260718,A,Round 1,1,0,2026-07-20T09:05Z,final,3,16702,Alisa Oktiabreva,2848,Oceane Dodin,2848,6-3 6-3
179423,401-2026,Livesport Prague Open,"Prague, Czechia",20260718,A,Round 1,1,0,2026-07-20T09:05Z,final,3,10500,Ella Seidel,5941,Daria Snigur,5941,7-5 3-6 6-3
183053,1002-2026,MSC Hamburg Ladies Open,"Hamburg, Germany",20260719,A,Qualifying Final,0,1,2026-07-20T10:10Z,final,3,810,Arantxa Rus,2692,Chloe Paquet,810,1-6 6-4 6-4
179394,401-2026,Livesport Prague Open,"Prague, Czechia",20260718,A,Round 1,1,0,2026-07-20T10:35Z,final,3,2392,Marie Bouzkova,6059,Jessica Bouzas Maneiro,2392,7-5 7-5
183051,1002-2026,MSC Hamburg Ladies Open,"Hamburg, Germany",20260719,A,Qualifying Final,0,1,2026-07-20T10:50Z,final,3,11767,Eva Vedder,1913,Mona Barthel,1913,4-6 6-3 6-0
183054,1002-2026,MSC Hamburg Ladies Open,"Hamburg, Germany",20260719,A,Qualifying Final,0,1,2026-07-20T11:05Z,final,3,14946,Elena Pridankina,18750,Victoria Brand,14946,6-3 6-3
179407,401-2026,Livesport Prague Open,"Prague, Czechia",20260718,A,Round 1,1,0,2026-07-20T11:35Z,final,3,14080,Veronika Podrez,17105,Carol Young Suh Lee,17105,6-1 5-7 6-2
179363,1002-2026,MSC Hamburg Ladies Open,"Hamburg, Germany",20260719,A,Round 1,1,0,2026-07-20T12:35Z,final,3,14460,Kaitlin Quevedo,2411,Anhelina Kalinina,2411,7-5 6-4
179396,401-2026,Livesport Prague Open,"Prague, Czechia",20260718,A,Round 1,1,0,2026-07-20T12:55Z,final,3,5309,Alycia Parks,7434,Lucie Havlickova,7434,6-2 6-4
179412,401-2026,Livesport Prague Open,"Prague, Czechia",20260718,A,Round 1,1,0,2026-07-20T14:10Z,final,3,3185,Ayla Aksu,14562,Sofia Costoulas,3185,2-6 6-3 6-4
179418,401-2026,Livesport Prague Open,"Prague, Czechia",20260718,A,Round 1,1,0,2026-07-20T14:40Z,final,3,6816,Antonia Ruzic,7436,Dominika Salkova,7436,7-6(2) 6-4
179367,1002-2026,MSC Hamburg Ladies Open,"Hamburg, Germany",20260719,A,Round 1,1,0,2026-07-20T14:50Z,final,3,3256,Nadia Podoroska,14907,Julia Stusek,14907,4-6 6-3 6-4
179491,525-2026,Palermo Ladies Open,"Palermo, Italy",20260718,A,Round 1,1,0,2026-07-20T15:35Z,final,3,3031,Lina Gjorcheska,7438,Erika Andreeva,7438,6-2 6-0
179496,525-2026,Palermo Ladies Open,"Palermo, Italy",20260718,A,Round 1,1,0,2026-07-20T15:35Z,final,3,3401,Sofya Lansere,8410,Lola Radivojevic,8410,6-1 3-6 6-1
179512,525-2026,Palermo Ladies Open,"Palermo, Italy",20260718,A,Round 1,1,0,2026-07-20T15:35Z,final,3,8318,Yasmine Kabbaj,2427,Deborah Chiesa,8318,6-4 6-1
179499,525-2026,Palermo Ladies Open,"Palermo, Italy",20260718,A,Round 1,1,0,2026-07-20T17:10Z,final,3,8386,Amarissa Toth,13529,Jennifer Ruggeri,13529,3-6 6-3 6-4
179352,1002-2026,MSC Hamburg Ladies Open,"Hamburg, Germany",20260719,A,Round 1,1,0,2026-07-20T17:35Z,final,3,2734,Anna Bondar,5734,Moyuka Uchijima,2734,7-5 6-4
179487,525-2026,Palermo Ladies Open,"Palermo, Italy",20260718,A,Round 1,1,0,2026-07-20T17:55Z,final,3,2282,Ekaterine Gorgodze,6343,Ane Mintegi Del Olmo,2282,7-6(3) 3-6 7-6(2)
179493,525-2026,Palermo Ladies Open,"Palermo, Italy",20260718,A,Round 1,1,0,2026-07-20T18:05Z,final,3,11603,Federica Urgesi,9442,Elizara Yaneva,11603,5-7 7-6(2) 6-1
179492,525-2026,Palermo Ladies Open,"Palermo, Italy",20260718,A,Round 1,1,0,2026-07-20T19:45Z,final,3,2387,Fiona Ferro,13681,Ren Yufei,2387,6-2 6-3
179510,525-2026,Palermo Ladies Open,"Palermo, Italy",20260718,A,Round 1,1,0,2026-07-20T20:40Z,final,3,16498,Alessandra Mazzola,4700,Dalila Spiteri,4700,7-6(1) 6-3
179372,1002-2026,MSC Hamburg Ladies Open,"Hamburg, Germany",20260719,A,Round 1,1,0,2026-07-21T08:05Z,final,3,14946,Elena Pridankina,3000,Panna Udvardy,3000,6-4 6-2
179348,1002-2026,MSC Hamburg Ladies Open,"Hamburg, Germany",20260719,A,Round 1,1,0,2026-07-21T09:05Z,final,3,6769,Darja Semenistaja,7797,Sinja Kraus,7797,3-6 6-3 6-2
179402,401-2026,Livesport Prague Open,"Prague, Czechia",20260718,A,Round 1,1,0,2026-07-21T09:05Z,final,3,7804,Nikola Bartunkova,2916,Yuan Yue,7804,3-6 6-4 6-1
179413,401-2026,Livesport Prague Open,"Prague, Czechia",20260718,A,Round 1,1,0,2026-07-21T09:05Z,final,3,3332,Diane Parry,3153,Mai Hontama,3153,6-4 6-0
179421,401-2026,Livesport Prague Open,"Prague, Czechia",20260718,A,Round 1,1,0,2026-07-21T09:05Z,final,3,10501,Maria Timofeeva,1809,Aliaksandra Sasnovich,10501,6-3 6-4
179366,1002-2026,MSC Hamburg Ladies Open,"Hamburg, Germany",20260719,A,Round 1,1,0,2026-07-21T09:45Z,final,3,1913,Mona Barthel,1802,Yulia Putintseva,1802,6-2 7-6(5)
179369,1002-2026,MSC Hamburg Ladies Open,"Hamburg, Germany",20260719,A,Round 1,1,0,2026-07-21T09:45Z,final,3,10676,Leyre Romero Gormaz,5878,Veronika Erjavec,10676,6-2 6-2
179393,401-2026,Livesport Prague Open,"Prague, Czechia",20260718,A,Round 1,1,0,2026-07-21T10:35Z,final,3,15069,Laura Samson,14146,Maya Joint,14146,6-4 3-6 6-2
179422,401-2026,Livesport Prague Open,"Prague, Czechia",20260718,A,Round 1,1,0,2026-07-21T11:05Z,final,3,12315,Gao Xinyu,10830,Lilli Tagger,10830,6-2 6-4
179349,1002-2026,MSC Hamburg Ladies Open,"Hamburg, Germany",20260719,A,Round 1,1,0,2026-07-21T11:15Z,final,3,16688,Valentina Steiner,7849,Noma Noha Akugue,7849,6-3 2-6 6-2
179395,401-2026,Livesport Prague Open,"Prague, Czechia",20260718,A,Round 1,1,0,2026-07-21T11:30Z,final,3,2582,Priscilla Hon,8419,Tereza Valentova,8419,6-3 6-1
179356,1002-2026,MSC Hamburg Ladies Open,"Hamburg, Germany",20260719,A,Round 1,1,0,2026-07-21T12:00Z,final,3,3220,Maria Lourdes Carle,3836,Jule Niemeier,3220,7-5 6-2
179347,1002-2026,MSC Hamburg Ladies Open,"Hamburg, Germany",20260719,A,Round 1,1,0,2026-07-21T12:05Z,final,3,2929,Sara Sorribes Tormo,6570,Alina Charaeva,6570,3-6 7-5 6-1
179398,401-2026,Livesport Prague Open,"Prague, Czechia",20260718,A,Round 1,1,0,2026-07-21T12:45Z,final,3,16764,Jana Kovackova,6953,Lanlana Tararudee,6953,6-3 5-7 6-2
179419,401-2026,Livesport Prague Open,"Prague, Czechia",20260718,A,Round 1,1,0,2026-07-21T12:55Z,final,3,2902,Anna Blinkova,7819,Sara Bejlek,7819,7-6(9) 3-6 6-1
179350,1002-2026,MSC Hamburg Ladies Open,"Hamburg, Germany",20260719,A,Round 1,1,0,2026-07-21T13:30Z,ret,3,3040,Tamara Korpatsch,7778,Victoria Jimenez Kasintseva,3040,4-6 7-5 1-0 RET
179368,1002-2026,MSC Hamburg Ladies Open,"Hamburg, Germany",20260719,A,Round 1,1,0,2026-07-21T14:35Z,final,3,810,Arantxa Rus,5868,Elina Avanesyan,5868,6-2 6-1
179401,401-2026,Livesport Prague Open,"Prague, Czechia",20260718,A,Round 1,1,0,2026-07-21T16:00Z,final,3,6929,Linda Fruhvirtova,2042,Barbora Krejcikova,2042,6-2 6-4
179370,1002-2026,MSC Hamburg Ladies Open,"Hamburg, Germany",20260719,A,Round 1,1,0,2026-07-21T16:05Z,final,3,5705,Oleksandra Oliynykova,6687,Nastasja Schunk,5705,6-2 3-6 7-5
179488,525-2026,Palermo Ladies Open,"Palermo, Italy",20260718,A,Round 1,1,0,2026-07-21T16:50Z,final,3,17102,Noemi Basiletti,10521,Raluka Serban,17102,6-4 6-1
179490,525-2026,Palermo Ladies Open,"Palermo, Italy",20260718,A,Round 1,1,0,2026-07-21T16:50Z,final,3,4384,Caroline Werner,5352,Mina Hodzic,5352,6-4 4-6 6-2
179502,525-2026,Palermo Ladies Open,"Palermo, Italy",20260718,A,Round 1,1,0,2026-07-21T17:00Z,final,3,7815,Francesca Jones,6259,Darya Astakhova,7815,6-3 6-2
179485,525-2026,Palermo Ladies Open,"Palermo, Italy",20260718,A,Round 1,1,0,2026-07-21T18:25Z,final,3,4691,Alice Rame,5626,Anastasia Tikhonova,4691,6-1 6-2
179508,525-2026,Palermo Ladies Open,"Palermo, Italy",20260718,A,Round 1,1,0,2026-07-21T18:50Z,final,3,18752,Ilary Pistola,4666,Lucia Bronzetti,4666,6-1 6-4
179489,525-2026,Palermo Ladies Open,"Palermo, Italy",20260718,A,Round 1,1,0,2026-07-21T19:20Z,final,3,3034,Tamara Zidansek,14955,Alevtina Ibragimova,14955,3-6 6-4 6-3
179497,525-2026,Palermo Ladies Open,"Palermo, Italy",20260718,A,Round 1,1,0,2026-07-21T19:50Z,final,3,3568,Miriam Bulgaru,5328,Caijsa Hennemann,3568,3-6 6-1 6-2
179494,525-2026,Palermo Ladies Open,"Palermo, Italy",20260718,A,Round 1,1,0,2026-07-21T20:30Z,final,3,14651,Anastasia Abbagnato,3508,Clara Burel,3508,6-2 6-1
179358,1002-2026,MSC Hamburg Ladies Open,"Hamburg, Germany",20260719,A,Round 2,2,0,2026-07-22T08:05Z,final,3,3220,Maria Lourdes Carle,2411,Anhelina Kalinina,2411,6-1 6-3
179353,1002-2026,MSC Hamburg Ladies Open,"Hamburg, Germany",20260719,A,Round 1,1,0,2026-07-22T09:05Z,final,3,3388,Simona Waltert,2179,Mayar Sherif,2179,5-7 6-4 7-6(3)
179410,401-2026,Livesport Prague Open,"Prague, Czechia",20260718,A,Round 2,2,0,2026-07-22T09:05Z,final,3,3185,Ayla Aksu,5941,Daria Snigur,5941,6-3 6-2
179399,401-2026,Livesport Prague Open,"Prague, Czechia",20260718,A,Round 2,2,0,2026-07-22T10:20Z,final,3,2392,Marie Bouzkova,17105,Carol Young Suh Lee,2392,7-5 6-4
179374,1002-2026,MSC Hamburg Ladies Open,"Hamburg, Germany",20260719,A,Round 1,1,0,2026-07-22T11:05Z,final,3,15148,Tessa Johanna Brockmann,6061,Elsa Jacquemot,6061,7-5 6-1
179420,401-2026,Livesport Prague Open,"Prague, Czechia",20260718,A,Round 2,2,0,2026-07-22T12:35Z,final,3,14146,Maya Joint,8419,Tereza Valentova,8419,1-6 6-0 6-3
179373,1002-2026,MSC Hamburg Ladies Open,"Hamburg, Germany",20260719,A,Round 1,1,0,2026-07-22T12:40Z,final,3,3889,Katarzyna Kawa,2731,Paula Badosa,2731,7-5 6-4
179362,1002-2026,MSC Hamburg Ladies Open,"Hamburg, Germany",20260719,A,Round 2,2,0,2026-07-22T12:50Z,final,3,6570,Alina Charaeva,7797,Sinja Kraus,6570,5-7 7-5 7-5
179409,401-2026,Livesport Prague Open,"Prague, Czechia",20260718,A,Round 2,2,0,2026-07-22T14:40Z,final,3,7436,Dominika Salkova,2848,Oceane Dodin,7436,6-1 6-1
179359,1002-2026,MSC Hamburg Ladies Open,"Hamburg, Germany",20260719,A,Round 2,2,0,2026-07-22T14:45Z,final,3,3040,Tamara Korpatsch,14907,Julia Stusek,3040,6-0 3-6 6-3
179509,525-2026,Palermo Ladies Open,"Palermo, Italy",20260718,A,Round 2,2,0,2026-07-22T15:05Z,final,3,13529,Jennifer Ruggeri,8410,Lola Radivojevic,13529,7-5 4-6 6-4
179506,525-2026,Palermo Ladies Open,"Palermo, Italy",20260718,A,Round 2,2,0,2026-07-22T16:45Z,wo,3,3508,Clara Burel,11603,Federica Urgesi,3508,
179364,1002-2026,MSC Hamburg Ladies Open,"Hamburg, Germany",20260719,A,Round 2,2,0,2026-07-22T17:05Z,final,3,2734,Anna Bondar,7849,Noma Noha Akugue,2734,6-1 3-6 7-5
179503,525-2026,Palermo Ladies Open,"Palermo, Italy",20260718,A,Round 2,2,0,2026-07-22T17:15Z,final,3,2282,Ekaterine Gorgodze,8318,Yasmine Kabbaj,8318,7-5 6-2
179505,525-2026,Palermo Ladies Open,"Palermo, Italy",20260718,A,Round 2,2,0,2026-07-22T18:05Z,final,3,2387,Fiona Ferro,7438,Erika Andreeva,2387,6-4 6-3
179361,1002-2026,MSC Hamburg Ladies Open,"Hamburg, Germany",20260719,A,Round 2,2,0,2026-07-23T09:05Z,final,3,2179,Mayar Sherif,6061,Elsa Jacquemot,2179,6-2 6-3
179416,401-2026,Livesport Prague Open,"Prague, Czechia",20260718,A,Round 2,2,0,2026-07-23T09:05Z,final,3,7804,Nikola Bartunkova,6953,Lanlana Tararudee,6953,7-6(4) 3-6 7-6(6)
179371,1002-2026,MSC Hamburg Ladies Open,"Hamburg, Germany",20260719,A,Round 2,2,0,2026-07-23T11:00Z,final,3,5705,Oleksandra Oliynykova,10676,Leyre Romero Gormaz,5705,7-6(3) 3-6 6-2
179397,401-2026,Livesport Prague Open,"Prague, Czechia",20260718,A,Round 2,2,0,2026-07-23T12:40Z,final,3,3153,Mai Hontama,10830,Lilli Tagger,10830,6-4 6-4
179360,1002-2026,MSC Hamburg Ladies Open,"Hamburg, Germany",20260719,A,Round 2,2,0,2026-07-23T13:55Z,final,3,2731,Paula Badosa,3000,Panna Udvardy,2731,6-4 6-1
179411,401-2026,Livesport Prague Open,"Prague, Czechia",20260718,A,Round 2,2,0,2026-07-23T14:30Z,final,3,10501,Maria Timofeeva,7819,Sara Bejlek,7819,6-1 6-1
179504,525-2026,Palermo Ladies Open,"Palermo, Italy",20260718,A,Round 2,2,0,2026-07-23T15:05Z,final,3,5352,Mina Hodzic,17102,Noemi Basiletti,5352,6-3 2-6 6-2
179365,1002-2026,MSC Hamburg Ladies Open,"Hamburg, Germany",20260719,A,Round 2,2,0,2026-07-23T15:25Z,final,3,5868,Elina Avanesyan,1802,Yulia Putintseva,5868,6-3 2-6 6-2
179408,401-2026,Livesport Prague Open,"Prague, Czechia",20260718,A,Round 2,2,0,2026-07-23T15:55Z,final,3,7434,Lucie Havlickova,2042,Barbora Krejcikova,2042,6-4 6-2
179507,525-2026,Palermo Ladies Open,"Palermo, Italy",20260718,A,Round 2,2,0,2026-07-23T16:35Z,final,3,14955,Alevtina Ibragimova,4691,Alice Rame,14955,6-0 6-4
179511,525-2026,Palermo Ladies Open,"Palermo, Italy",20260718,A,Round 2,2,0,2026-07-23T17:55Z,final,3,7815,Francesca Jones,3568,Miriam Bulgaru,7815,6-3 6-2
179501,525-2026,Palermo Ladies Open,"Palermo, Italy",20260718,A,Round 2,2,0,2026-07-23T19:15Z,final,3,4700,Dalila Spiteri,4666,Lucia Bronzetti,4666,6-4 6-4
179355,1002-2026,MSC Hamburg Ladies Open,"Hamburg, Germany",20260719,A,Quarterfinal,10,0,2026-07-24T09:05Z,final,3,2734,Anna Bondar,6570,Alina Charaeva,2734,6-1 7-6(3)
179405,401-2026,Livesport Prague Open,"Prague, Czechia",20260718,A,Quarterfinal,10,0,2026-07-24T09:05Z,final,3,6953,Lanlana Tararudee,5941,Daria Snigur,5941,6-0 6-3
179406,401-2026,Livesport Prague Open,"Prague, Czechia",20260718,A,Quarterfinal,10,0,2026-07-24T10:45Z,final,3,2392,Marie Bouzkova,8419,Tereza Valentova,8419,2-6 6-4 7-6(6)
179354,1002-2026,MSC Hamburg Ladies Open,"Hamburg, Germany",20260719,A,Quarterfinal,10,0,2026-07-24T11:10Z,final,3,2179,Mayar Sherif,2731,Paula Badosa,2179,7-6(4) 6-7(2) 6-4
179404,401-2026,Livesport Prague Open,"Prague, Czechia",20260718,A,Quarterfinal,10,0,2026-07-24T13:50Z,final,3,10830,Lilli Tagger,7819,Sara Bejlek,10830,6-3 6-4
179351,1002-2026,MSC Hamburg Ladies Open,"Hamburg, Germany",20260719,A,Quarterfinal,10,0,2026-07-24T15:05Z,final,3,3040,Tamara Korpatsch,2411,Anhelina Kalinina,3040,6-3 1-6 6-1
179500,525-2026,Palermo Ladies Open,"Palermo, Italy",20260718,A,Quarterfinal,10,0,2026-07-24T15:05Z,final,3,7815,Francesca Jones,13529,Jennifer Ruggeri,7815,4-6 6-3 6-2
179400,401-2026,Livesport Prague Open,"Prague, Czechia",20260718,A,Quarterfinal,10,0,2026-07-24T15:40Z,final,3,7436,Dominika Salkova,2042,Barbora Krejcikova,2042,6-3 6-3
179498,525-2026,Palermo Ladies Open,"Palermo, Italy",20260718,A,Quarterfinal,10,0,2026-07-24T17:05Z,final,3,14955,Alevtina Ibragimova,3508,Clara Burel,14955,3-6 7-6(5) 6-4
179495,525-2026,Palermo Ladies Open,"Palermo, Italy",20260718,A,Quarterfinal,10,0,2026-07-24T17:25Z,final,3,8318,Yasmine Kabbaj,4666,Lucia Bronzetti,4666,6-3 2-6 6-0
179486,525-2026,Palermo Ladies Open,"Palermo, Italy",20260718,A,Quarterfinal,10,0,2026-07-24T19:55Z,final,3,2387,Fiona Ferro,5352,Mina Hodzic,2387,6-2 6-0
179417,401-2026,Livesport Prague Open,"Prague, Czechia",20260718,A,Semifinal,11,0,2026-07-25T11:40Z,final,3,8419,Tereza Valentova,5941,Daria Snigur,5941,7-6(4) 6-3
179376,1002-2026,MSC Hamburg Ladies Open,"Hamburg, Germany",20260719,A,Semifinal,11,0,2026-07-25T12:05Z,final,3,5868,Elina Avanesyan,2734,Anna Bondar,2734,7-6(3) 4-6 7-6(2)
179415,401-2026,Livesport Prague Open,"Prague, Czechia",20260718,A,Semifinal,11,0,2026-07-25T13:45Z,final,3,10830,Lilli Tagger,2042,Barbora Krejcikova,10830,6-7(5) 6-3 7-6(4)
183057,888-2026,Mubadala DC Open,"Washington, USA",20260725,A,Qualifying 1st Round,0,1,2026-07-25T14:05Z,final,3,15219,Julieta Pareja,17104,Polina Iatcenko,15219,6-4 6-2
183059,888-2026,Mubadala DC Open,"Washington, USA",20260725,A,Qualifying 1st Round,0,1,2026-07-25T14:10Z,final,3,3908,Kamilla Rakhimova,1382,Heather Watson,1382,7-6(2) 7-6(4)
183073,1067-2026,The Memphis Classic,"Memphis, USA",20260725,A,Qualifying 1st Round,0,1,2026-07-25T15:10Z,final,3,3476,Astra Sharma,13530,Aoi Ito,13530,6-3 3-6 7-5
183075,1067-2026,The Memphis Classic,"Memphis, USA",20260725,A,Qualifying 1st Round,0,1,2026-07-25T15:10Z,final,3,2760,Katherine Sebov,18775,Camila Soares,2760,6-1 6-0
179375,1002-2026,MSC Hamburg Ladies Open,"Hamburg, Germany",20260719,A,Semifinal,11,0,2026-07-25T15:50Z,ret,3,2179,Mayar Sherif,3040,Tamara Korpatsch,3040,6-1 2-0 RET
183055,888-2026,Mubadala DC Open,"Washington, USA",20260725,A,Qualifying 1st Round,0,1,2026-07-25T16:00Z,final,3,8393,Clervie Ngounoue,423,Varvara Lepchenko,423,6-1 4-6 6-4
183056,888-2026,Mubadala DC Open,"Washington, USA",20260725,A,Qualifying 1st Round,0,1,2026-07-25T16:35Z,final,3,6413,Polina Kudermetova,13738,Mei Yamaguchi,6413,7-6(6) 6-4
179515,525-2026,Palermo Ladies Open,"Palermo, Italy",20260718,A,Semifinal,11,0,2026-07-25T17:05Z,final,3,7815,Francesca Jones,14955,Alevtina Ibragimova,7815,6-3 6-4
183107,875-2026,Odlum Brown VanOpen,"Vancouver, Canada",20260725,A,Qualifying 1st Round,0,1,2026-07-25T17:05Z,final,3,7812,Katrina Scott,12320,Sabastiani Leon,7812,6-1 6-1
183108,875-2026,Odlum Brown VanOpen,"Vancouver, Canada",20260725,A,Qualifying 1st Round,0,1,2026-07-25T17:05Z,final,3,6189,Wei Sijia,18779,Havana Kadi,6189,6-0 6-1
183110,875-2026,Odlum Brown VanOpen,"Vancouver, Canada",20260725,A,Qualifying 1st Round,0,1,2026-07-25T17:05Z,final,3,16997,Ellie Schoppe,18777,Ana Grubor,16997,6-7(5) 7-5 6-2
183078,1067-2026,The Memphis Classic,"Memphis, USA",20260725,A,Qualifying 1st Round,0,1,2026-07-25T17:20Z,final,3,15207,Anna Frey,17869,Aran Teixido Garcia,17869,6-4 6-4
183112,875-2026,Odlum Brown VanOpen,"Vancouver, Canada",20260725,A,Qualifying 1st Round,0,1,2026-07-25T18:25Z,final,3,3266,Ena Shibahara,18780,Emma Si Yu Dong,18780,6-2 1-6 6-4
183062,888-2026,Mubadala DC Open,"Washington, USA",20260725,A,Qualifying 1st Round,0,1,2026-07-25T18:35Z,final,3,17734,Carolyn Ansari,2738,Rebecca Sramkova,2738,6-4 6-2
183061,888-2026,Mubadala DC Open,"Washington, USA",20260725,A,Qualifying 1st Round,0,1,2026-07-25T18:40Z,final,3,2191,Daria Kasatkina,3954,Mariam Bolkvadze,2191,6-7(3) 6-4 6-0
183109,875-2026,Odlum Brown VanOpen,"Vancouver, Canada",20260725,A,Qualifying 1st Round,0,1,2026-07-25T18:40Z,final,3,18778,Avery Alexander,10963,Martina Okalova,18778,6-4 4-6 7-6(5)
179514,525-2026,Palermo Ladies Open,"Palermo, Italy",20260718,A,Semifinal,11,0,2026-07-25T18:50Z,final,3,2387,Fiona Ferro,4666,Lucia Bronzetti,2387,6-2 6-3
183067,1067-2026,The Memphis Classic,"Memphis, USA",20260725,A,Qualifying 1st Round,0,1,2026-07-25T19:50Z,final,3,3125,Karman Thandi,18567,Sofia Johnson,18567,6-1 6-2
183076,1067-2026,The Memphis Classic,"Memphis, USA",20260725,A,Qualifying 1st Round,0,1,2026-07-25T19:55Z,final,3,2050,Eri Hozumi,15341,Mariia Kozyreva,15341,6-2 6-4
183058,888-2026,Mubadala DC Open,"Washington, USA",20260725,A,Qualifying 1st Round,0,1,2026-07-25T20:05Z,final,3,707,Zhang Shuai,13314,Gabriela Knutson,13314,6-4 1-6 6-1
183069,1067-2026,The Memphis Classic,"Memphis, USA",20260725,A,Qualifying 1st Round,0,1,2026-07-25T21:05Z,final,3,18773,Kennedy Drenser-Hagmann,18774,Bella Payne,18773,6-2 6-1
183060,888-2026,Mubadala DC Open,"Washington, USA",20260725,A,Qualifying 1st Round,0,1,2026-07-25T21:20Z,final,3,16685,Lea Ma,4720,Alana Smith,4720,6-4 7-6(5)
183071,1067-2026,The Memphis Classic,"Memphis, USA",20260725,A,Qualifying 1st Round,0,1,2026-07-26T00:35Z,final,3,2784,Ankita Raina,5196,Ekaterina Ovcharenko,2784,6-2 6-2
183106,875-2026,Odlum Brown VanOpen,"Vancouver, Canada",20260725,A,Qualifying 1st Round,0,1,2026-07-26T01:30Z,final,3,15534,Miho Kuramochi,2543,Hiroko Kuwata,15534,7-6(2) 6-4
183111,875-2026,Odlum Brown VanOpen,"Vancouver, Canada",20260725,A,Qualifying 1st Round,0,1,2026-07-26T02:30Z,final,3,13368,Mia Kupres,2098,Valeria Savinykh,2098,6-4 6-0
183113,875-2026,Odlum Brown VanOpen,"Vancouver, Canada",20260725,A,Qualifying 1st Round,0,1,2026-07-26T02:35Z,final,3,7679,Dasha Plekhanova,5538,Hong Yi Cody Wong,5538,6-2 7-6(1)
183180,1073-2026,Axeria Open 2026 powered by Intaro Sport,"Târgu Mureș, Romania",20260726,A,Qualifying 1st Round,0,1,2026-07-26T08:05Z,final,3,2427,Deborah Chiesa,4803,Andreea Prisacariu,4803,7-6(5) 6-2
183185,1073-2026,Axeria Open 2026 powered by Intaro Sport,"Târgu Mureș, Romania",20260726,A,Qualifying 1st Round,0,1,2026-07-26T08:05Z,final,3,4183,Ekaterina Yashina,4792,Ekaterina Kazionova,4792,6-2 6-2
183186,1073-2026,Axeria Open 2026 powered by Intaro Sport,"Târgu Mureș, Romania",20260726,A,Qualifying 1st Round,0,1,2026-07-26T08:05Z,final,3,16394,Yelyzaveta Kotliar,16498,Alessandra Mazzola,16394,5-7 6-2 6-2
183182,1073-2026,Axeria Open 2026 powered by Intaro Sport,"Târgu Mureș, Romania",20260726,A,Qualifying 1st Round,0,1,2026-07-26T09:40Z,final,3,14947,Amandine Monnot,8534,Lucija Ciric Bagaric,8534,7-6(8) 6-0
183181,1073-2026,Axeria Open 2026 powered by Intaro Sport,"Târgu Mureș, Romania",20260726,A,Qualifying 1st Round,0,1,2026-07-26T10:20Z,ret,3,13541,Maria Sara Popa,8386,Amarissa Toth,13541,6-3 3-1 RET
183183,1073-2026,Axeria Open 2026 powered by Intaro Sport,"Târgu Mureș, Romania",20260726,A,Qualifying 1st Round,0,1,2026-07-26T11:00Z,final,3,3070,Isabella Shinikova,4263,Miriana Tona,4263,6-2 6-3
183179,1073-2026,Axeria Open 2026 powered by Intaro Sport,"Târgu Mureș, Romania",20260726,A,Qualifying 1st Round,0,1,2026-07-26T11:45Z,ret,3,13369,Gina Feistel,8712,Briana Szabo,8712,7-5 3-2 RET
183184,1073-2026,Axeria Open 2026 powered by Intaro Sport,"Târgu Mureș, Romania",20260726,A,Qualifying 1st Round,0,1,2026-07-26T11:45Z,final,3,18781,Diana Ilie,5682,Margaux Rouvroy,5682,6-1 6-1
179377,1002-2026,MSC Hamburg Ladies Open,"Hamburg, Germany",20260719,A,Final,13,0,2026-07-26T12:05Z,final,3,2734,Anna Bondar,3040,Tamara Korpatsch,3040,6-3 6-3
179414,401-2026,Livesport Prague Open,"Prague, Czechia",20260718,A,Final,13,0,2026-07-26T12:05Z,final,3,5941,Daria Snigur,10830,Lilli Tagger,10830,7-6(3) 6-2
183065,888-2026,Mubadala DC Open,"Washington, USA",20260725,A,Qualifying Final,0,1,2026-07-26T14:05Z,final,3,6413,Polina Kudermetova,423,Varvara Lepchenko,6413,4-6 7-6(7) 6-4
183066,888-2026,Mubadala DC Open,"Washington, USA",20260725,A,Qualifying Final,0,1,2026-07-26T14:05Z,final,3,1382,Heather Watson,15219,Julieta Pareja,15219,6-4 3-6 7-5
183079,1067-2026,The Memphis Classic,"Memphis, USA",20260725,A,Qualifying Final,0,1,2026-07-26T16:10Z,final,3,13615,Ma YeXin,13530,Aoi Ito,13615,7-6(3) 2-6 6-0
183081,1067-2026,The Memphis Classic,"Memphis, USA",20260725,A,Qualifying Final,0,1,2026-07-26T16:10Z,final,3,2140,Storm Hunter,18567,Sofia Johnson,2140,5-7 6-1 6-3
183063,888-2026,Mubadala DC Open,"Washington, USA",20260725,A,Qualifying Final,0,1,2026-07-26T16:50Z,final,3,13314,Gabriela Knutson,2738,Rebecca Sramkova,2738,6-3 6-2
183064,888-2026,Mubadala DC Open,"Washington, USA",20260725,A,Qualifying Final,0,1,2026-07-26T18:15Z,final,3,2191,Daria Kasatkina,4720,Alana Smith,2191,4-6 6-4 6-0
179513,525-2026,Palermo Ladies Open,"Palermo, Italy",20260718,A,Final,13,0,2026-07-26T18:35Z,final,3,7815,Francesca Jones,2387,Fiona Ferro,7815,6-0 4-6 7-6(6)
183080,1067-2026,The Memphis Classic,"Memphis, USA",20260725,A,Qualifying Final,0,1,2026-07-26T23:10Z,final,3,2760,Katherine Sebov,17869,Aran Teixido Garcia,2760,6-1 7-5
183082,1067-2026,The Memphis Classic,"Memphis, USA",20260725,A,Qualifying Final,0,1,2026-07-26T23:55Z,final,3,18772,Kristina Liutova,15341,Mariia Kozyreva,18772,6-3 2-6 7-6(4)
183083,1067-2026,The Memphis Classic,"Memphis, USA",20260725,A,Qualifying Final,0,1,2026-07-27T00:05Z,final,3,12846,Tatiana Prozorova,18773,Kennedy Drenser-Hagmann,12846,4-6 6-3 6-1
183084,1067-2026,The Memphis Classic,"Memphis, USA",20260725,A,Qualifying Final,0,1,2026-07-27T01:25Z,final,3,2403,Iryna Shymanovich,2784,Ankita Raina,2403,6-2 6-0
183173,1073-2026,Axeria Open 2026 powered by Intaro Sport,"Târgu Mureș, Romania",20260726,A,Qualifying Final,0,1,2026-07-27T08:05Z,final,3,8534,Lucija Ciric Bagaric,13541,Maria Sara Popa,8534,6-4 6-2
183175,1073-2026,Axeria Open 2026 powered by Intaro Sport,"Târgu Mureș, Romania",20260726,A,Qualifying Final,0,1,2026-07-27T08:05Z,final,3,4792,Ekaterina Kazionova,5682,Margaux Rouvroy,5682,6-4 3-6 7-5
183176,1073-2026,Axeria Open 2026 powered by Intaro Sport,"Târgu Mureș, Romania",20260726,A,Qualifying Final,0,1,2026-07-27T08:05Z,final,3,4803,Andreea Prisacariu,16394,Yelyzaveta Kotliar,16394,6-4 6-0
183174,1073-2026,Axeria Open 2026 powered by Intaro Sport,"Târgu Mureș, Romania",20260726,A,Qualifying Final,0,1,2026-07-27T09:40Z,final,3,8712,Briana Szabo,4263,Miriana Tona,4263,4-6 6-4 6-4
179598,1073-2026,Axeria Open 2026 powered by Intaro Sport,"Târgu Mureș, Romania",20260726,A,Round 1,1,0,2026-07-27T09:50Z,final,3,3490,Elena Malygina,15344,Elena Ruxandra Bertea,15344,6-3 6-3
179586,1073-2026,Axeria Open 2026 powered by Intaro Sport,"Târgu Mureș, Romania",20260726,A,Round 1,1,0,2026-07-27T10:50Z,final,3,5328,Caijsa Hennemann,16296,Mia Pohankova,5328,6-1 4-6 6-4
179600,1073-2026,Axeria Open 2026 powered by Intaro Sport,"Târgu Mureș, Romania",20260726,A,Round 1,1,0,2026-07-27T11:40Z,final,3,14460,Kaitlin Quevedo,4476,Irina Fetecau,14460,6-1 6-3
179577,1073-2026,Axeria Open 2026 powered by Intaro Sport,"Târgu Mureș, Romania",20260726,A,Round 1,1,0,2026-07-27T12:45Z,final,3,4546,Irene Burillo,3401,Sofya Lansere,4546,2-6 6-4 6-4
179587,1073-2026,Axeria Open 2026 powered by Intaro Sport,"Târgu Mureș, Romania",20260726,A,Round 1,1,0,2026-07-27T13:10Z,final,3,10676,Leyre Romero Gormaz,2929,Sara Sorribes Tormo,2929,3-6 6-3 6-3
179589,1073-2026,Axeria Open 2026 powered by Intaro Sport,"Târgu Mureș, Romania",20260726,A,Round 1,1,0,2026-07-27T13:35Z,final,3,4691,Alice Rame,18479,Julie Struplova,4691,6-2 5-7 6-1
179012,888-2026,Mubadala DC Open,"Washington, USA",20260725,A,Round 1,1,0,2026-07-27T15:05Z,final,3,3831,Elisabetta Cocciaretto,3792,Clara Tauson,3831,4-6 7-6(2) 7-6(2)
179439,1067-2026,The Memphis Classic,"Memphis, USA",20260725,A,Round 1,1,0,2026-07-27T15:05Z,final,3,5775,Anastasia Zakharova,6929,Linda Fruhvirtova,5775,7-6(6) 6-1
179441,1067-2026,The Memphis Classic,"Memphis, USA",20260725,A,Round 1,1,0,2026-07-27T15:05Z,final,3,14146,Maya Joint,3406,Whitney Osuigwe,14146,6-4 6-1
179456,1067-2026,The Memphis Classic,"Memphis, USA",20260725,A,Round 1,1,0,2026-07-27T15:05Z,final,3,3746,Katie Volynets,2458,Viktorija Golubic,3746,7-5 2-6 7-6(3)
179024,888-2026,Mubadala DC Open,"Washington, USA",20260725,A,Round 1,1,0,2026-07-27T15:10Z,final,3,3641,Leylah Fernandez,1649,Magda Linette,3641,6-1 6-4
179013,888-2026,Mubadala DC Open,"Washington, USA",20260725,A,Round 1,1,0,2026-07-27T16:50Z,final,3,3785,Emma Navarro,2746,Sofia Kenin,3785,6-0 7-5
179015,888-2026,Mubadala DC Open,"Washington, USA",20260725,A,Round 1,1,0,2026-07-27T22:05Z,final,3,3840,Liudmila Samsonova,1556,Madison Keys,3840,3-6 6-4 6-4
179458,1067-2026,The Memphis Classic,"Memphis, USA",20260725,A,Round 1,1,0,2026-07-27T22:35Z,final,3,2403,Iryna Shymanovich,6823,Reese Brantmeier,2403,6-4 6-3
179467,1067-2026,The Memphis Classic,"Memphis, USA",20260725,A,Round 1,1,0,2026-07-27T22:35Z,final,3,6708,Talia Gibson,2346,Tatjana Maria,2346,6-0 6-3
179005,888-2026,Mubadala DC Open,"Washington, USA",20260725,A,Round 1,1,0,2026-07-27T23:05Z,final,3,6368,Janice Tjen,2738,Rebecca Sramkova,6368,6-4 6-2
179448,1067-2026,The Memphis Classic,"Memphis, USA",20260725,A,Round 1,1,0,2026-07-27T23:25Z,final,3,6500,Solana Sierra,12846,Tatiana Prozorova,12846,6-1 5-7 6-2
183114,875-2026,Odlum Brown VanOpen,"Vancouver, Canada",20260725,A,Qualifying Final,0,1,2026-07-27T23:45Z,final,3,7812,Katrina Scott,16997,Ellie Schoppe,16997,7-6(5) 7-6(7)
179011,888-2026,Mubadala DC Open,"Washington, USA",20260725,A,Round 1,1,0,2026-07-27T23:55Z,final,3,6724,Ashlyn Krueger,2054,Katie Boulter,6724,3-6 6-2 6-2
179442,1067-2026,The Memphis Classic,"Memphis, USA",20260725,A,Round 1,1,0,2026-07-28T00:00Z,final,3,3404,Camila Osorio,2140,Storm Hunter,3404,7-5 7-5
183115,875-2026,Odlum Brown VanOpen,"Vancouver, Canada",20260725,A,Qualifying Final,0,1,2026-07-28T01:35Z,final,3,18780,Emma Si Yu Dong,2098,Valeria Savinykh,18780,6-3 6-2
179449,1067-2026,The Memphis Classic,"Memphis, USA",20260725,A,Round 1,1,0,2026-07-28T01:55Z,final,3,2760,Katherine Sebov,5937,Elvina Kalieva,5937,6-1 7-6(3)
183117,875-2026,Odlum Brown VanOpen,"Vancouver, Canada",20260725,A,Qualifying Final,0,1,2026-07-28T03:20Z,final,3,15534,Miho Kuramochi,18778,Avery Alexander,15534,7-5 6-3
183116,875-2026,Odlum Brown VanOpen,"Vancouver, Canada",20260725,A,Qualifying Final,0,1,2026-07-28T04:10Z,final,3,6189,Wei Sijia,5538,Hong Yi Cody Wong,5538,5-7 6-3 6-1
179580,1073-2026,Axeria Open 2026 powered by Intaro Sport,"Târgu Mureș, Romania",20260726,A,Round 1,1,0,2026-07-28T08:05Z,final,3,16394,Yelyzaveta Kotliar,4700,Dalila Spiteri,16394,5-7 6-3 6-2
179584,1073-2026,Axeria Open 2026 powered by Intaro Sport,"Târgu Mureș, Romania",20260726,A,Round 1,1,0,2026-07-28T08:05Z,final,3,15069,Laura Samson,18744,Alesia Breaz,15069,6-4 6-3
183171,1073-2026,Axeria Open 2026 powered by Intaro Sport,"Târgu Mureș, Romania",20260726,A,Round 1,1,0,2026-07-28T08:05Z,final,3,13219,Mia Ristic,6769,Darja Semenistaja,13219,6-2 6-3
183172,1073-2026,Axeria Open 2026 powered by Intaro Sport,"Târgu Mureș, Romania",20260726,A,Round 1,1,0,2026-07-28T10:00Z,final,3,4263,Miriana Tona,4666,Lucia Bronzetti,4666,6-2 6-2
183177,1073-2026,Axeria Open 2026 powered by Intaro Sport,"Târgu Mureș, Romania",20260726,A,Round 1,1,0,2026-07-28T10:05Z,final,3,5682,Margaux Rouvroy,8410,Lola Radivojevic,5682,0-6 6-3 7-6(4)
179591,1073-2026,Axeria Open 2026 powered by Intaro Sport,"Târgu Mureș, Romania",20260726,A,Round 1,1,0,2026-07-28T11:00Z,final,3,8534,Lucija Ciric Bagaric,6820,Rachel Gailis,8534,6-2 6-1
179585,1073-2026,Axeria Open 2026 powered by Intaro Sport,"Târgu Mureș, Romania",20260726,A,Round 1,1,0,2026-07-28T11:40Z,final,3,14955,Alevtina Ibragimova,18687,Maia Ilinca Burcescu,14955,6-4 3-6 7-5
179582,1073-2026,Axeria Open 2026 powered by Intaro Sport,"Târgu Mureș, Romania",20260726,A,Round 1,1,0,2026-07-28T12:20Z,final,3,3839,Selena Janicijevic,7150,Anastasiia Sobolieva,7150,6-4 6-2
179593,1073-2026,Axeria Open 2026 powered by Intaro Sport,"Târgu Mureș, Romania",20260726,A,Round 1,1,0,2026-07-28T12:35Z,final,3,7815,Francesca Jones,2692,Chloe Paquet,7815,6-0 1-6 6-0
179597,1073-2026,Axeria Open 2026 powered by Intaro Sport,"Târgu Mureș, Romania",20260726,A,Round 1,1,0,2026-07-28T14:35Z,final,3,3568,Miriam Bulgaru,5299,Carole Monnet,5299,6-1 6-3
179000,888-2026,Mubadala DC Open,"Washington, USA",20260725,A,Round 1,1,0,2026-07-28T15:05Z,final,3,3157,Cristina Bucsa,6413,Polina Kudermetova,6413,5-7 7-6(4) 6-0
179017,888-2026,Mubadala DC Open,"Washington, USA",20260725,A,Round 1,1,0,2026-07-28T15:05Z,final,3,15219,Julieta Pareja,3387,Wang Xinyu,3387,7-6(3) 6-3
179443,1067-2026,The Memphis Classic,"Memphis, USA",20260725,A,Round 1,1,0,2026-07-28T15:05Z,ret,3,3182,Ekaterina Alexandrova,18772,Kristina Liutova,18772,7-6(2) 4-6 5-4 RET
179450,1067-2026,The Memphis Classic,"Memphis, USA",20260725,A,Round 1,1,0,2026-07-28T15:05Z,final,3,5604,Zeynep Sonmez,11260,Cadence Brace,5604,6-4 3-6 6-3
179451,1067-2026,The Memphis Classic,"Memphis, USA",20260725,A,Round 1,1,0,2026-07-28T15:05Z,final,3,3155,Wang Xiyu,3223,Catherine McNally,3223,4-6 6-3 7-6(5)
179022,888-2026,Mubadala DC Open,"Washington, USA",20260725,A,Round 1,1,0,2026-07-28T17:35Z,final,3,7759,Alexandra Eala,6048,Zheng Qinwen,7759,4-6 6-4 6-1
179003,888-2026,Mubadala DC Open,"Washington, USA",20260725,A,Round 1,1,0,2026-07-28T19:35Z,final,3,2191,Daria Kasatkina,2977,Anna Kalinskaya,2977,6-4 6-1
179543,875-2026,Odlum Brown VanOpen,"Vancouver, Canada",20260725,A,Round 1,1,0,2026-07-28T20:15Z,final,3,445,Madison Brengle,5144,Alexandra Vagramov,445,6-4 4-6 6-2
179540,875-2026,Odlum Brown VanOpen,"Vancouver, Canada",20260725,A,Round 1,1,0,2026-07-28T20:35Z,final,3,2509,Lu Jia-Jing,3436,Caroline Dolehide,2509,7-5 6-4
179552,875-2026,Odlum Brown VanOpen,"Vancouver, Canada",20260725,A,Round 1,1,0,2026-07-28T20:40Z,final,3,3583,En-Shuo Liang,5613,Mananchaya Sawangkaew,5613,6-2 6-4
179553,875-2026,Odlum Brown VanOpen,"Vancouver, Canada",20260725,A,Round 1,1,0,2026-07-28T20:40Z,final,3,18792,Teah Chavez,2043,Nao Hibino,2043,6-1 6-2
179541,875-2026,Odlum Brown VanOpen,"Vancouver, Canada",20260725,A,Round 1,1,0,2026-07-28T20:45Z,final,3,2974,Kayla Day,3153,Mai Hontama,3153,6-7(3) 6-3 6-4
179007,888-2026,Mubadala DC Open,"Washington, USA",20260725,A,Round 1,1,0,2026-07-28T21:00Z,final,3,2672,Magdalena Frech,3380,Ann Li,2672,6-4 6-3
179533,875-2026,Odlum Brown VanOpen,"Vancouver, Canada",20260725,A,Round 1,1,0,2026-07-28T22:05Z,final,3,17296,Hayu Kinoshita,2431,Kyoka Okamura,17296,6-1 6-4
179534,875-2026,Odlum Brown VanOpen,"Vancouver, Canada",20260725,A,Round 1,1,0,2026-07-28T22:05Z,final,3,5734,Moyuka Uchijima,15534,Miho Kuramochi,5734,6-1 6-4
179460,1067-2026,The Memphis Classic,"Memphis, USA",20260725,A,Round 1,1,0,2026-07-28T22:35Z,final,3,13478,Yuliia Starodubtseva,1472,Sloane Stephens,1472,6-4 5-7 6-2
179461,1067-2026,The Memphis Classic,"Memphis, USA",20260725,A,Round 1,1,0,2026-07-28T22:35Z,final,3,13479,Mary Stoiana,5848,Peyton Stearns,5848,6-7(5) 6-0 6-4
179459,1067-2026,The Memphis Classic,"Memphis, USA",20260725,A,Round 1,1,0,2026-07-28T22:40Z,final,3,6488,Darja Vidmanova,8690,Marina Bassols Ribera,6488,6-2 3-6 6-4
179544,875-2026,Odlum Brown VanOpen,"Vancouver, Canada",20260725,A,Round 1,1,0,2026-07-28T22:40Z,final,3,12287,Emerson Jones,2197,Carol Zhao,12287,6-3 4-6 6-4
179546,875-2026,Odlum Brown VanOpen,"Vancouver, Canada",20260725,A,Round 1,1,0,2026-07-28T23:40Z,final,3,2582,Priscilla Hon,16997,Ellie Schoppe,2582,6-3 6-4
179001,888-2026,Mubadala DC Open,"Washington, USA",20260725,A,Round 1,1,0,2026-07-29T01:10Z,final,3,2971,Anastasia Potapova,403,Venus Williams,2971,6-3 6-3
179452,1067-2026,The Memphis Classic,"Memphis, USA",20260725,A,Round 1,1,0,2026-07-29T01:40Z,final,3,13615,Ma YeXin,2588,Kimberly Birrell,13615,7-6(2) 6-4
179545,875-2026,Odlum Brown VanOpen,"Vancouver, Canada",20260725,A,Round 1,1,0,2026-07-29T01:45Z,final,3,3461,Haruka Kaji,7672,Taylah Preston,7672,6-0 6-2
179465,1067-2026,The Memphis Classic,"Memphis, USA",20260725,A,Round 1,1,0,2026-07-29T02:00Z,final,3,2751,Renata Zarazua,5528,McCartney Kessler,2751,6-4 6-1
179538,875-2026,Odlum Brown VanOpen,"Vancouver, Canada",20260725,A,Round 1,1,0,2026-07-29T03:30Z,final,3,2200,Harriet Dart,8614,Kayla Cross,2200,6-2 6-1
179536,875-2026,Odlum Brown VanOpen,"Vancouver, Canada",20260725,A,Round 1,1,0,2026-07-29T04:45Z,final,3,5737,Yeonwoo Ku,18780,Emma Si Yu Dong,18780,4-6 6-2 7-6(6)
179539,875-2026,Odlum Brown VanOpen,"Vancouver, Canada",20260725,A,Round 1,1,0,2026-07-29T06:50Z,final,3,5803,Ariana Arseneault,18791,Annabelle Xu,5803,6-4 7-6(3)
179578,1073-2026,Axeria Open 2026 powered by Intaro Sport,"Târgu Mureș, Romania",20260726,A,Round 2,2,0,2026-07-29T09:05Z,final,3,4691,Alice Rame,5682,Margaux Rouvroy,4691,6-2 6-4
179583,1073-2026,Axeria Open 2026 powered by Intaro Sport,"Târgu Mureș, Romania",20260726,A,Round 2,2,0,2026-07-29T09:05Z,final,3,14460,Kaitlin Quevedo,4546,Irene Burillo,14460,7-5 6-1
179581,1073-2026,Axeria Open 2026 powered by Intaro Sport,"Târgu Mureș, Romania",20260726,A,Round 2,2,0,2026-07-29T11:00Z,final,3,15344,Elena Ruxandra Bertea,5299,Carole Monnet,5299,7-6(1) 7-5
179602,1073-2026,Axeria Open 2026 powered by Intaro Sport,"Târgu Mureș, Romania",20260726,A,Round 2,2,0,2026-07-29T14:05Z,final,3,2929,Sara Sorribes Tormo,5328,Caijsa Hennemann,2929,6-1 6-3
178997,888-2026,Mubadala DC Open,"Washington, USA",20260725,A,Round 2,2,0,2026-07-29T15:05Z,final,3,3387,Wang Xinyu,3840,Liudmila Samsonova,3840,6-2 6-2
179010,888-2026,Mubadala DC Open,"Washington, USA",20260725,A,Round 2,2,0,2026-07-29T15:05Z,final,3,3641,Leylah Fernandez,7759,Alexandra Eala,7759,6-2 7-6(1)
179462,1067-2026,The Memphis Classic,"Memphis, USA",20260725,A,Round 2,2,0,2026-07-29T16:05Z,final,3,2403,Iryna Shymanovich,3746,Katie Volynets,3746,6-4 6-2
179551,875-2026,Odlum Brown VanOpen,"Vancouver, Canada",20260725,A,Round 2,2,0,2026-07-29T17:05Z,final,3,5734,Moyuka Uchijima,17296,Hayu Kinoshita,5734,2-6 6-4 7-5
179457,1067-2026,The Memphis Classic,"Memphis, USA",20260725,A,Round 2,2,0,2026-07-29T17:50Z,final,3,3404,Camila Osorio,5775,Anastasia Zakharova,5775,6-4 6-3
179531,875-2026,Odlum Brown VanOpen,"Vancouver, Canada",20260725,A,Round 1,1,0,2026-07-29T18:55Z,final,3,440,Lizette Cabrera,14562,Sofia Costoulas,14562,6-2 6-2
178996,888-2026,Mubadala DC Open,"Washington, USA",20260725,A,Round 2,2,0,2026-07-29T19:35Z,final,3,3785,Emma Navarro,3831,Elisabetta Cocciaretto,3831,6-3 4-6 6-3
179542,875-2026,Odlum Brown VanOpen,"Vancouver, Canada",20260725,A,Round 1,1,0,2026-07-29T19:50Z,final,3,2910,Greet Minnen,2584,Maddison Inglis,2584,6-1 6-3
179466,1067-2026,The Memphis Classic,"Memphis, USA",20260725,A,Round 2,2,0,2026-07-29T20:00Z,final,3,5604,Zeynep Sonmez,5937,Elvina Kalieva,5937,3-6 7-5 7-5
179549,875-2026,Odlum Brown VanOpen,"Vancouver, Canada",20260725,A,Round 2,2,0,2026-07-29T21:05Z,final,3,3153,Mai Hontama,2509,Lu Jia-Jing,3153,6-3 6-3
179532,875-2026,Odlum Brown VanOpen,"Vancouver, Canada",20260725,A,Round 1,1,0,2026-07-29T21:10Z,final,3,5538,Hong Yi Cody Wong,11317,Himeno Sakatsume,11317,2-6 6-3 7-5
179550,875-2026,Odlum Brown VanOpen,"Vancouver, Canada",20260725,A,Round 2,2,0,2026-07-29T22:25Z,final,3,14562,Sofia Costoulas,2584,Maddison Inglis,2584,6-3 6-3
178995,888-2026,Mubadala DC Open,"Washington, USA",20260725,A,Round 2,2,0,2026-07-29T22:35Z,ret,3,6724,Ashlyn Krueger,2789,Naomi Osaka,2789,6-3 3-1 RET
179560,875-2026,Odlum Brown VanOpen,"Vancouver, Canada",20260725,A,Round 2,2,0,2026-07-29T23:00Z,final,3,2043,Nao Hibino,5613,Mananchaya Sawangkaew,5613,6-1 3-6 6-2
179455,1067-2026,The Memphis Classic,"Memphis, USA",20260725,A,Round 2,2,0,2026-07-29T23:35Z,final,3,2346,Tatjana Maria,2751,Renata Zarazua,2751,6-4 6-4
179547,875-2026,Odlum Brown VanOpen,"Vancouver, Canada",20260725,A,Round 2,2,0,2026-07-30T00:40Z,final,3,5803,Ariana Arseneault,11317,Himeno Sakatsume,11317,7-6(5) 6-2
179535,875-2026,Odlum Brown VanOpen,"Vancouver, Canada",20260725,A,Round 2,2,0,2026-07-30T01:55Z,final,3,2582,Priscilla Hon,7672,Taylah Preston,7672,7-6(3) 6-4
179537,875-2026,Odlum Brown VanOpen,"Vancouver, Canada",20260725,A,Round 2,2,0,2026-07-30T03:10Z,ret,3,2200,Harriet Dart,18780,Emma Si Yu Dong,2200,6-0 3-6 3-0 RET
179561,875-2026,Odlum Brown VanOpen,"Vancouver, Canada",20260725,A,Round 2,2,0,2026-07-30T03:15Z,final,3,12287,Emerson Jones,445,Madison Brengle,12287,4-6 6-0 6-2
179599,1073-2026,Axeria Open 2026 powered by Intaro Sport,"Târgu Mureș, Romania",20260726,A,Round 2,2,0,2026-07-30T09:05Z,final,3,16394,Yelyzaveta Kotliar,13219,Mia Ristic,13219,2-6 6-2 7-6(4)
183178,1073-2026,Axeria Open 2026 powered by Intaro Sport,"Târgu Mureș, Romania",20260726,A,Round 2,2,0,2026-07-30T10:35Z,ret,3,15069,Laura Samson,7150,Anastasiia Sobolieva,15069,4-2 RET
179579,1073-2026,Axeria Open 2026 powered by Intaro Sport,"Târgu Mureș, Romania",20260726,A,Round 2,2,0,2026-07-30T12:50Z,final,3,7815,Francesca Jones,8534,Lucija Ciric Bagaric,7815,7-5 6-3
179601,1073-2026,Axeria Open 2026 powered by Intaro Sport,"Târgu Mureș, Romania",20260726,A,Round 2,2,0,2026-07-30T14:50Z,final,3,14955,Alevtina Ibragimova,4666,Lucia Bronzetti,4666,6-3 6-2
179440,1067-2026,The Memphis Classic,"Memphis, USA",20260725,A,Round 2,2,0,2026-07-30T16:05Z,final,3,18772,Kristina Liutova,14146,Maya Joint,18772,3-6 6-3 6-3
179021,888-2026,Mubadala DC Open,"Washington, USA",20260725,A,Round 2,2,0,2026-07-30T17:10Z,final,3,6368,Janice Tjen,2977,Anna Kalinskaya,2977,1-6 6-3 7-6(7)
179559,875-2026,Odlum Brown VanOpen,"Vancouver, Canada",20260725,A,Quarterfinal,10,0,2026-07-30T18:40Z,final,3,5734,Moyuka Uchijima,2584,Maddison Inglis,2584,6-4 6-7(9) 6-3
179558,875-2026,Odlum Brown VanOpen,"Vancouver, Canada",20260725,A,Quarterfinal,10,0,2026-07-30T18:45Z,final,3,3153,Mai Hontama,11317,Himeno Sakatsume,3153,6-2 6-2
179468,1067-2026,The Memphis Classic,"Memphis, USA",20260725,A,Round 2,2,0,2026-07-30T18:50Z,final,3,13615,Ma YeXin,3223,Catherine McNally,3223,6-2 6-3
179556,875-2026,Odlum Brown VanOpen,"Vancouver, Canada",20260725,A,Quarterfinal,10,0,2026-07-30T19:05Z,final,3,12287,Emerson Jones,5613,Mananchaya Sawangkaew,5613,6-3 6-2
179023,888-2026,Mubadala DC Open,"Washington, USA",20260725,A,Round 2,2,0,2026-07-30T19:10Z,final,3,2113,Jessica Pegula,2672,Magdalena Frech,2113,3-6 6-3 6-0
179464,1067-2026,The Memphis Classic,"Memphis, USA",20260725,A,Round 2,2,0,2026-07-30T20:35Z,final,3,12846,Tatiana Prozorova,5848,Peyton Stearns,5848,6-1 6-2
179557,875-2026,Odlum Brown VanOpen,"Vancouver, Canada",20260725,A,Quarterfinal,10,0,2026-07-30T20:45Z,final,3,2200,Harriet Dart,7672,Taylah Preston,7672,6-3 6-3
179463,1067-2026,The Memphis Classic,"Memphis, USA",20260725,A,Round 2,2,0,2026-07-30T23:05Z,final,3,1472,Sloane Stephens,6488,Darja Vidmanova,6488,6-2 6-4
178999,888-2026,Mubadala DC Open,"Washington, USA",20260725,A,Round 2,2,0,2026-07-30T23:35Z,final,3,8017,Diana Shnaider,2971,Anastasia Potapova,8017,6-1 6-2
179008,888-2026,Mubadala DC Open,"Washington, USA",20260725,A,Round 2,2,0,2026-07-31T01:25Z,final,3,6413,Polina Kudermetova,1797,Elina Svitolina,1797,7-6(4) 6-4
179592,1073-2026,Axeria Open 2026 powered by Intaro Sport,"Târgu Mureș, Romania",20260726,A,Quarterfinal,10,0,2026-07-31T09:05Z,final,3,15069,Laura Samson,13219,Mia Ristic,15069,7-6(0) 4-6 6-2
179596,1073-2026,Axeria Open 2026 powered by Intaro Sport,"Târgu Mureș, Romania",20260726,A,Quarterfinal,10,0,2026-07-31T09:05Z,final,3,14460,Kaitlin Quevedo,5299,Carole Monnet,14460,7-6(4) 6-3
179595,1073-2026,Axeria Open 2026 powered by Intaro Sport,"Târgu Mureș, Romania",20260726,A,Quarterfinal,10,0,2026-07-31T11:25Z,final,3,7815,Francesca Jones,4691,Alice Rame,7815,6-1 6-2
179594,1073-2026,Axeria Open 2026 powered by Intaro Sport,"Târgu Mureș, Romania",20260726,A,Quarterfinal,10,0,2026-07-31T14:05Z,final,3,2929,Sara Sorribes Tormo,4666,Lucia Bronzetti,4666,6-3 2-6 7-5
179454,1067-2026,The Memphis Classic,"Memphis, USA",20260725,A,Quarterfinal,10,0,2026-07-31T16:05Z,final,3,18772,Kristina Liutova,3223,Catherine McNally,18772,6-3 6-4
179006,888-2026,Mubadala DC Open,"Washington, USA",20260725,A,Quarterfinal,10,0,2026-07-31T16:10Z,final,3,2113,Jessica Pegula,2977,Anna Kalinskaya,2113,6-3 7-5
179453,1067-2026,The Memphis Classic,"Memphis, USA",20260725,A,Quarterfinal,10,0,2026-07-31T17:55Z,final,3,5937,Elvina Kalieva,5848,Peyton Stearns,5937,6-1 2-6 6-3
179020,888-2026,Mubadala DC Open,"Washington, USA",20260725,A,Quarterfinal,10,0,2026-07-31T18:05Z,final,3,3831,Elisabetta Cocciaretto,2789,Naomi Osaka,2789,4-6 6-4 6-3
179555,875-2026,Odlum Brown VanOpen,"Vancouver, Canada",20260725,A,Semifinal,11,0,2026-07-31T18:05Z,final,3,2584,Maddison Inglis,3153,Mai Hontama,2584,6-3 6-4
179554,875-2026,Odlum Brown VanOpen,"Vancouver, Canada",20260725,A,Semifinal,11,0,2026-07-31T19:45Z,final,3,7672,Taylah Preston,5613,Mananchaya Sawangkaew,7672,5-7 6-3 6-3
179004,888-2026,Mubadala DC Open,"Washington, USA",20260725,A,Quarterfinal,10,0,2026-07-31T20:40Z,final,3,8017,Diana Shnaider,3840,Liudmila Samsonova,8017,6-3 6-4
179019,888-2026,Mubadala DC Open,"Washington, USA",20260725,A,Quarterfinal,10,0,2026-07-31T23:15Z,final,3,7759,Alexandra Eala,1797,Elina Svitolina,7759,6-3 6-4
179446,1067-2026,The Memphis Classic,"Memphis, USA",20260725,A,Quarterfinal,10,0,2026-07-31T23:30Z,final,3,5775,Anastasia Zakharova,2751,Renata Zarazua,2751,6-4 6-0
179447,1067-2026,The Memphis Classic,"Memphis, USA",20260725,A,Quarterfinal,10,0,2026-08-01T01:05Z,final,3,6488,Darja Vidmanova,3746,Katie Volynets,6488,6-4 6-7(5) 6-1
179590,1073-2026,Axeria Open 2026 powered by Intaro Sport,"Târgu Mureș, Romania",20260726,A,Semifinal,11,0,2026-08-01T13:20Z,ret,3,14460,Kaitlin Quevedo,7815,Francesca Jones,14460,7-6(5) RET
183329,421-2026,National Bank Open presented by Rogers,"Toronto, Canada",20260801,A,Qualifying Final,0,1,2026-08-01T15:05Z,final,3,7778,Victoria Jimenez Kasintseva,8690,Marina Bassols Ribera,7778,6-0 2-6 6-3
179588,1073-2026,Axeria Open 2026 powered by Intaro Sport,"Târgu Mureș, Romania",20260726,A,Semifinal,11,0,2026-08-01T15:10Z,final,3,4666,Lucia Bronzetti,15069,Laura Samson,15069,7-5 6-4
183321,421-2026,National Bank Open presented by Rogers,"Toronto, Canada",20260801,A,Qualifying Final,0,1,2026-08-01T15:10Z,final,3,6571,Oksana Selekhmeteva,13530,Aoi Ito,13530,6-0 6-7(8) 6-4
183322,421-2026,National Bank Open presented by Rogers,"Toronto, Canada",20260801,A,Qualifying Final,0,1,2026-08-01T15:15Z,final,3,3184,Emiliana Arango,6403,Lois Boisson,6403,6-1 7-6(4)
183328,421-2026,National Bank Open presented by Rogers,"Toronto, Canada",20260801,A,Qualifying Final,0,1,2026-08-01T15:15Z,final,3,4453,Leolia Jeanjean,2780,Zhu Lin,4453,2-6 6-2 6-3
183314,421-2026,National Bank Open presented by Rogers,"Toronto, Canada",20260801,A,Qualifying Final,0,1,2026-08-01T17:15Z,final,3,6953,Lanlana Tararudee,6048,Zheng Qinwen,6953,6-3 6-4
183318,421-2026,National Bank Open presented by Rogers,"Toronto, Canada",20260801,A,Qualifying Final,0,1,2026-08-01T17:20Z,final,3,2346,Tatjana Maria,18821,Isabella Marton,2346,6-1 6-4
183317,421-2026,National Bank Open presented by Rogers,"Toronto, Canada",20260801,A,Qualifying Final,0,1,2026-08-01T17:45Z,final,3,9169,Alina Korneeva,13479,Mary Stoiana,9169,2-6 6-4 6-3
183319,421-2026,National Bank Open presented by Rogers,"Toronto, Canada",20260801,A,Qualifying Final,0,1,2026-08-01T17:50Z,final,3,5734,Moyuka Uchijima,11317,Himeno Sakatsume,5734,6-2 6-4
179018,888-2026,Mubadala DC Open,"Washington, USA",20260725,A,Semifinal,11,0,2026-08-01T18:05Z,final,3,2113,Jessica Pegula,8017,Diana Shnaider,2113,7-5 6-4
179445,1067-2026,The Memphis Classic,"Memphis, USA",20260725,A,Semifinal,11,0,2026-08-01T18:05Z,final,3,18772,Kristina Liutova,5937,Elvina Kalieva,18772,7-5 6-1
183323,421-2026,National Bank Open presented by Rogers,"Toronto, Canada",20260801,A,Qualifying Final,0,1,2026-08-01T18:55Z,final,3,2746,Sofia Kenin,8067,Lucrezia Stefanini,8067,7-5 1-6 6-2
183326,421-2026,National Bank Open presented by Rogers,"Toronto, Canada",20260801,A,Qualifying Final,0,1,2026-08-01T19:00Z,final,3,6413,Polina Kudermetova,18778,Avery Alexander,6413,6-4 6-4
183324,421-2026,National Bank Open presented by Rogers,"Toronto, Canada",20260801,A,Qualifying Final,0,1,2026-08-01T19:30Z,final,3,3149,Guo Hanyu,2974,Kayla Day,2974,7-5 6-2
179016,888-2026,Mubadala DC Open,"Washington, USA",20260725,A,Semifinal,11,0,2026-08-01T19:50Z,final,3,2789,Naomi Osaka,7759,Alexandra Eala,7759,6-4 6-2
183320,421-2026,National Bank Open presented by Rogers,"Toronto, Canada",20260801,A,Qualifying Final,0,1,2026-08-01T20:00Z,final,3,2902,Anna Blinkova,1382,Heather Watson,2902,6-2 7-5
179444,1067-2026,The Memphis Classic,"Memphis, USA",20260725,A,Semifinal,11,0,2026-08-01T20:05Z,final,3,6488,Darja Vidmanova,2751,Renata Zarazua,6488,6-3 6-3
179548,875-2026,Odlum Brown VanOpen,"Vancouver, Canada",20260725,A,Final,13,0,2026-08-01T21:05Z,final,3,2584,Maddison Inglis,7672,Taylah Preston,7672,7-6(5) 6-3
183315,421-2026,National Bank Open presented by Rogers,"Toronto, Canada",20260801,A,Qualifying Final,0,1,2026-08-01T21:05Z,final,3,14146,Maya Joint,18777,Ana Grubor,14146,3-6 7-5 7-6(7)
183316,421-2026,National Bank Open presented by Rogers,"Toronto, Canada",20260801,A,Qualifying Final,0,1,2026-08-01T21:20Z,final,3,2200,Harriet Dart,1472,Sloane Stephens,1472,3-6 6-0 6-2
183325,421-2026,National Bank Open presented by Rogers,"Toronto, Canada",20260801,A,Qualifying Final,0,1,2026-08-01T21:25Z,final,3,5613,Mananchaya Sawangkaew,2738,Rebecca Sramkova,2738,6-1 6-4
183327,421-2026,National Bank Open presented by Rogers,"Toronto, Canada",20260801,A,Qualifying Final,0,1,2026-08-01T21:55Z,final,3,423,Varvara Lepchenko,12287,Emerson Jones,12287,6-7(3) 6-0 6-4
183922,961-2026,Warsaw T-Mobile Polish Open,"Warsaw, Poland",20260802,A,Qualifying Final,0,1,2026-08-02T08:05Z,final,3,16077,Lia Karatancheva,18822,Nika Hurkacz,16077,6-1 6-1
183923,961-2026,Warsaw T-Mobile Polish Open,"Warsaw, Poland",20260802,A,Qualifying Final,0,1,2026-08-02T08:05Z,final,3,8560,Elena Micic,3283,Georgina Garcia Perez,8560,7-6(4) 6-4
183920,961-2026,Warsaw T-Mobile Polish Open,"Warsaw, Poland",20260802,A,Qualifying Final,0,1,2026-08-02T09:25Z,final,3,15071,Marcelina Podlinska,914,Urszula Radwanska,914,6-1 6-3
183921,961-2026,Warsaw T-Mobile Polish Open,"Warsaw, Poland",20260802,A,Qualifying Final,0,1,2026-08-02T09:55Z,final,3,4720,Alana Smith,18823,Daria Gorska,4720,7-6(5) 6-1
179603,1073-2026,Axeria Open 2026 powered by Intaro Sport,"Târgu Mureș, Romania",20260726,A,Final,13,0,2026-08-02T13:45Z,final,3,14460,Kaitlin Quevedo,15069,Laura Samson,15069,2-6 6-3 6-1
179469,1067-2026,The Memphis Classic,"Memphis, USA",20260725,A,Final,13,0,2026-08-02T17:35Z,final,3,18772,Kristina Liutova,6488,Darja Vidmanova,18772,1-6 6-1 6-3
182234,421-2026,National Bank Open presented by Rogers,"Toronto, Canada",20260801,A,Round 1,1,0,2026-08-02T18:25Z,final,3,3908,Kamilla Rakhimova,403,Venus Williams,3908,6-4 6-1
182259,421-2026,National Bank Open presented by Rogers,"Toronto, Canada",20260801,A,Round 1,1,0,2026-08-02T19:05Z,final,3,2588,Kimberly Birrell,2458,Viktorija Golubic,2458,7-6(7) 6-4
182280,421-2026,National Bank Open presented by Rogers,"Toronto, Canada",20260801,A,Round 1,1,0,2026-08-02T19:05Z,final,3,3155,Wang Xiyu,7819,Sara Bejlek,7819,6-3 4-6 7-5
182290,421-2026,National Bank Open presented by Rogers,"Toronto, Canada",20260801,A,Round 1,1,0,2026-08-02T19:05Z,final,3,6059,Jessica Bouzas Maneiro,5803,Ariana Arseneault,6059,6-2 6-4
182268,421-2026,National Bank Open presented by Rogers,"Toronto, Canada",20260801,A,Round 1,1,0,2026-08-02T20:15Z,final,3,13530,Aoi Ito,2760,Katherine Sebov,2760,6-3 6-4
182279,421-2026,National Bank Open presented by Rogers,"Toronto, Canada",20260801,A,Round 1,1,0,2026-08-02T20:45Z,final,3,5734,Moyuka Uchijima,3157,Cristina Bucsa,5734,6-3 6-4
182284,421-2026,National Bank Open presented by Rogers,"Toronto, Canada",20260801,A,Round 1,1,0,2026-08-02T21:05Z,final,3,8067,Lucrezia Stefanini,3404,Camila Osorio,3404,7-6(4) 6-3
182095,961-2026,Warsaw T-Mobile Polish Open,"Warsaw, Poland",20260802,A,Round 1,1,0,2026-08-03T09:05Z,final,3,14444,Julia Avdeeva,7849,Noma Noha Akugue,7849,6-2 6-3
182085,961-2026,Warsaw T-Mobile Polish Open,"Warsaw, Poland",20260802,A,Round 1,1,0,2026-08-03T09:10Z,final,3,14566,Aliona Falei,914,Urszula Radwanska,14566,6-3 6-2
182084,961-2026,Warsaw T-Mobile Polish Open,"Warsaw, Poland",20260802,A,Round 1,1,0,2026-08-03T10:40Z,final,3,8560,Elena Micic,14080,Veronika Podrez,14080,6-3 7-6(4)
182087,961-2026,Warsaw T-Mobile Polish Open,"Warsaw, Poland",20260802,A,Round 1,1,0,2026-08-03T11:00Z,final,3,18824,Amelia Paszun,8681,Weronika Falkowska,8681,6-0 6-2
182086,961-2026,Warsaw T-Mobile Polish Open,"Warsaw, Poland",20260802,A,Round 1,1,0,2026-08-03T12:30Z,final,3,3889,Katarzyna Kawa,6929,Linda Fruhvirtova,3889,4-6 6-4 7-6(5)
182090,961-2026,Warsaw T-Mobile Polish Open,"Warsaw, Poland",20260802,A,Round 1,1,0,2026-08-03T12:35Z,final,3,4720,Alana Smith,2916,Yuan Yue,2916,6-1 6-4
182232,421-2026,National Bank Open presented by Rogers,"Toronto, Canada",20260801,A,Round 1,1,0,2026-08-03T15:05Z,ret,3,9169,Alina Korneeva,6413,Polina Kudermetova,9169,6-0 3-0 RET
182246,421-2026,National Bank Open presented by Rogers,"Toronto, Canada",20260801,A,Round 1,1,0,2026-08-03T15:05Z,final,3,5705,Oleksandra Oliynykova,740,Karolina Pliskova,740,6-4 6-4
182249,421-2026,National Bank Open presented by Rogers,"Toronto, Canada",20260801,A,Round 1,1,0,2026-08-03T15:10Z,final,3,2411,Anhelina Kalinina,2734,Anna Bondar,2734,6-4 7-5
182253,421-2026,National Bank Open presented by Rogers,"Toronto, Canada",20260801,A,Round 1,1,0,2026-08-03T15:10Z,final,3,3332,Diane Parry,2974,Kayla Day,2974,3-6 6-3 7-5
182081,961-2026,Warsaw T-Mobile Polish Open,"Warsaw, Poland",20260802,A,Round 1,1,0,2026-08-03T15:30Z,final,3,16002,Teodora Kostovic,6419,Martyna Kubka,6419,7-6(3) 2-6 6-1
179014,888-2026,Mubadala DC Open,"Washington, USA",20260725,A,Final,13,0,2026-08-03T16:05Z,final,3,2113,Jessica Pegula,7759,Alexandra Eala,7759,4-6 6-4 6-0
182266,421-2026,National Bank Open presented by Rogers,"Toronto, Canada",20260801,A,Round 1,1,0,2026-08-03T16:35Z,final,3,2054,Katie Boulter,8614,Kayla Cross,8614,7-6(3) 7-5
182283,421-2026,National Bank Open presented by Rogers,"Toronto, Canada",20260801,A,Round 1,1,0,2026-08-03T16:35Z,ret,3,6708,Talia Gibson,3831,Elisabetta Cocciaretto,6708,6-2 3-2 RET
182240,421-2026,National Bank Open presented by Rogers,"Toronto, Canada",20260801,A,Round 1,1,0,2026-08-03T16:50Z,final,3,5528,McCartney Kessler,11260,Cadence Brace,5528,6-3 6-3
182241,421-2026,National Bank Open presented by Rogers,"Toronto, Canada",20260801,A,Round 1,1,0,2026-08-03T17:30Z,final,3,2738,Rebecca Sramkova,2902,Anna Blinkova,2738,6-3 6-3
182270,421-2026,National Bank Open presented by Rogers,"Toronto, Canada",20260801,A,Round 1,1,0,2026-08-03T18:00Z,final,3,2748,Elena-Gabriela Ruse,5848,Peyton Stearns,2748,6-0 7-5
182281,421-2026,National Bank Open presented by Rogers,"Toronto, Canada",20260801,A,Round 1,1,0,2026-08-03T18:10Z,final,3,1802,Yulia Putintseva,707,Zhang Shuai,707,6-4 6-1
182236,421-2026,National Bank Open presented by Rogers,"Toronto, Canada",20260801,A,Round 1,1,0,2026-08-03T18:35Z,final,3,2672,Magdalena Frech,4453,Leolia Jeanjean,2672,7-5 6-3
182274,421-2026,National Bank Open presented by Rogers,"Toronto, Canada",20260801,A,Round 1,1,0,2026-08-03T18:55Z,final,3,7804,Nikola Bartunkova,2979,Bianca Andreescu,7804,7-5 6-4
182273,421-2026,National Bank Open presented by Rogers,"Toronto, Canada",20260801,A,Round 1,1,0,2026-08-03T19:05Z,final,3,12287,Emerson Jones,6953,Lanlana Tararudee,6953,7-6(2) 6-2
182263,421-2026,National Bank Open presented by Rogers,"Toronto, Canada",20260801,A,Round 1,1,0,2026-08-03T19:35Z,final,3,6368,Janice Tjen,3840,Liudmila Samsonova,3840,7-6(9) 7-5
182257,421-2026,National Bank Open presented by Rogers,"Toronto, Canada",20260801,A,Round 1,1,0,2026-08-03T19:55Z,final,3,6403,Lois Boisson,6816,Antonia Ruzic,6816,4-6 6-1 6-3
182230,421-2026,National Bank Open presented by Rogers,"Toronto, Canada",20260801,A,Round 1,1,0,2026-08-03T20:15Z,final,3,2197,Carol Zhao,1649,Magda Linette,1649,4-6 6-1 6-4
182276,421-2026,National Bank Open presented by Rogers,"Toronto, Canada",20260801,A,Round 1,1,0,2026-08-03T21:00Z,final,3,7778,Victoria Jimenez Kasintseva,5309,Alycia Parks,5309,6-4 6-4
182262,421-2026,National Bank Open presented by Rogers,"Toronto, Canada",20260801,A,Round 1,1,0,2026-08-03T21:45Z,final,3,13478,Yuliia Starodubtseva,14146,Maya Joint,14146,4-6 6-1 6-3
182239,421-2026,National Bank Open presented by Rogers,"Toronto, Canada",20260801,A,Round 1,1,0,2026-08-03T22:15Z,final,3,8419,Tereza Valentova,2114,Taylor Townsend,2114,6-4 7-5
182247,421-2026,National Bank Open presented by Rogers,"Toronto, Canada",20260801,A,Round 1,1,0,2026-08-03T22:40Z,ret,3,3000,Panna Udvardy,5260,Eva Lys,3000,2-6 7-6(3) 2-0 RET
182244,421-2026,National Bank Open presented by Rogers,"Toronto, Canada",20260801,A,Round 1,1,0,2026-08-03T22:45Z,final,3,2751,Renata Zarazua,3040,Tamara Korpatsch,2751,6-4 0-6 6-1
182252,421-2026,National Bank Open presented by Rogers,"Toronto, Canada",20260801,A,Round 1,1,0,2026-08-03T23:05Z,final,3,1322,Rebecca Marino,5604,Zeynep Sonmez,5604,7-5 6-4
182271,421-2026,National Bank Open presented by Rogers,"Toronto, Canada",20260801,A,Round 1,1,0,2026-08-04T00:40Z,final,3,2346,Tatjana Maria,3223,Catherine McNally,3223,4-6 7-6(4) 6-1
182243,421-2026,National Bank Open presented by Rogers,"Toronto, Canada",20260801,A,Round 1,1,0,2026-08-04T00:55Z,final,3,6500,Solana Sierra,1472,Sloane Stephens,1472,6-3 6-4
182267,421-2026,National Bank Open presented by Rogers,"Toronto, Canada",20260801,A,Round 1,1,0,2026-08-04T01:00Z,final,3,3387,Wang Xinyu,2191,Daria Kasatkina,2191,1-6 7-6(5) 7-5
182089,961-2026,Warsaw T-Mobile Polish Open,"Warsaw, Poland",20260802,A,Round 1,1,0,2026-08-04T09:05Z,final,3,6061,Elsa Jacquemot,17105,Carol Young Suh Lee,17105,6-4 6-4
182094,961-2026,Warsaw T-Mobile Polish Open,"Warsaw, Poland",20260802,A,Round 1,1,0,2026-08-04T09:05Z,final,3,11117,Weronika Ewald,2441,Justina Mikulskyte,2441,7-6(3) 6-2
182083,961-2026,Warsaw T-Mobile Polish Open,"Warsaw, Poland",20260802,A,Round 1,1,0,2026-08-04T09:15Z,final,3,2736,Viktoria Hruncakova,4104,Susan Bandecchi,4104,6-4 6-4
182092,961-2026,Warsaw T-Mobile Polish Open,"Warsaw, Poland",20260802,A,Round 1,1,0,2026-08-04T10:55Z,final,3,2764,Dalma Galfi,10500,Ella Seidel,10500,6-2 6-2
182088,961-2026,Warsaw T-Mobile Polish Open,"Warsaw, Poland",20260802,A,Round 1,1,0,2026-08-04T11:10Z,final,3,7927,Linda Klimovicova,9442,Elizara Yaneva,9442,2-6 7-5 6-1
182091,961-2026,Warsaw T-Mobile Polish Open,"Warsaw, Poland",20260802,A,Round 1,1,0,2026-08-04T11:20Z,final,3,15071,Marcelina Podlinska,17702,Vendula Valdmannova,17702,6-1 6-2
182096,961-2026,Warsaw T-Mobile Polish Open,"Warsaw, Poland",20260802,A,Round 1,1,0,2026-08-04T12:15Z,final,3,13314,Gabriela Knutson,14562,Sofia Costoulas,13314,6-2 6-4
182082,961-2026,Warsaw T-Mobile Polish Open,"Warsaw, Poland",20260802,A,Round 1,1,0,2026-08-04T12:50Z,final,3,15069,Laura Samson,1913,Mona Barthel,1913,7-5 6-3
182093,961-2026,Warsaw T-Mobile Polish Open,"Warsaw, Poland",20260802,A,Round 1,1,0,2026-08-04T13:35Z,final,3,17698,Zuzanna Pawlikowska,16077,Lia Karatancheva,17698,6-4 6-2
182185,421-2026,National Bank Open presented by Rogers,"Toronto, Canada",20260801,A,Round 2,2,0,2026-08-04T15:10Z,final,3,1797,Elina Svitolina,6059,Jessica Bouzas Maneiro,1797,6-7(5) 7-6(4) 6-4
182182,421-2026,National Bank Open presented by Rogers,"Toronto, Canada",20260801,A,Round 2,2,0,2026-08-04T16:35Z,final,3,7819,Sara Bejlek,3730,Iga Swiatek,3730,6-0 6-3
182207,421-2026,National Bank Open presented by Rogers,"Toronto, Canada",20260801,A,Round 2,2,0,2026-08-04T16:35Z,final,3,3404,Camila Osorio,3182,Ekaterina Alexandrova,3182,6-3 7-6(4)
182175,421-2026,National Bank Open presented by Rogers,"Toronto, Canada",20260801,A,Round 2,2,0,2026-08-04T16:40Z,final,3,2040,Donna Vekic,2458,Viktorija Golubic,2458,5-7 6-2 6-3
182173,421-2026,National Bank Open presented by Rogers,"Toronto, Canada",20260801,A,Round 2,2,0,2026-08-04T18:15Z,final,3,2738,Rebecca Sramkova,8017,Diana Shnaider,8017,6-2 4-6 6-1
182194,421-2026,National Bank Open presented by Rogers,"Toronto, Canada",20260801,A,Round 2,2,0,2026-08-04T18:35Z,final,3,3382,Marta Kostyuk,2760,Katherine Sebov,3382,7-6(4) 6-0
182202,421-2026,National Bank Open presented by Rogers,"Toronto, Canada",20260801,A,Round 2,2,0,2026-08-04T18:40Z,final,3,3417,Maja Chwalinska,6708,Talia Gibson,6708,7-5 6-1
182183,421-2026,National Bank Open presented by Rogers,"Toronto, Canada",20260801,A,Round 2,2,0,2026-08-04T19:15Z,final,3,2748,Elena-Gabriela Ruse,2971,Anastasia Potapova,2971,6-4 6-2
182166,421-2026,National Bank Open presented by Rogers,"Toronto, Canada",20260801,A,Round 2,2,0,2026-08-04T20:20Z,final,3,6816,Antonia Ruzic,1556,Madison Keys,1556,6-1 6-2
182203,421-2026,National Bank Open presented by Rogers,"Toronto, Canada",20260801,A,Round 2,2,0,2026-08-04T20:35Z,ret,3,707,Zhang Shuai,2195,Jelena Ostapenko,707,6-0 4-0 RET
182168,421-2026,National Bank Open presented by Rogers,"Toronto, Canada",20260801,A,Round 2,2,0,2026-08-04T21:55Z,ret,3,3908,Kamilla Rakhimova,2248,Katerina Siniakova,3908,6-7(1) 6-0 5-2 RET
182167,421-2026,National Bank Open presented by Rogers,"Toronto, Canada",20260801,A,Round 2,2,0,2026-08-04T22:00Z,final,3,2977,Anna Kalinskaya,5528,McCartney Kessler,2977,6-2 6-7(3) 6-4
182199,421-2026,National Bank Open presented by Rogers,"Toronto, Canada",20260801,A,Round 2,2,0,2026-08-04T23:05Z,final,3,3038,Aryna Sabalenka,5734,Moyuka Uchijima,3038,6-3 6-3
182187,421-2026,National Bank Open presented by Rogers,"Toronto, Canada",20260801,A,Round 2,2,0,2026-08-05T00:30Z,wo,3,6953,Lanlana Tararudee,3221,Amanda Anisimova,3221,
182188,421-2026,National Bank Open presented by Rogers,"Toronto, Canada",20260801,A,Round 2,2,0,2026-08-05T00:50Z,final,3,3792,Clara Tauson,7804,Nikola Bartunkova,7804,6-3 6-4
182103,961-2026,Warsaw T-Mobile Polish Open,"Warsaw, Poland",20260802,A,Round 2,2,0,2026-08-05T09:05Z,final,3,3889,Katarzyna Kawa,2441,Justina Mikulskyte,2441,7-5 2-6 6-1
182104,961-2026,Warsaw T-Mobile Polish Open,"Warsaw, Poland",20260802,A,Round 2,2,0,2026-08-05T09:05Z,final,3,17105,Carol Young Suh Lee,14566,Aliona Falei,17105,2-6 6-3 6-1
182101,961-2026,Warsaw T-Mobile Polish Open,"Warsaw, Poland",20260802,A,Round 2,2,0,2026-08-05T10:30Z,final,3,13314,Gabriela Knutson,10500,Ella Seidel,13314,6-3 6-4
182098,961-2026,Warsaw T-Mobile Polish Open,"Warsaw, Poland",20260802,A,Round 2,2,0,2026-08-05T11:30Z,final,3,6419,Martyna Kubka,1913,Mona Barthel,1913,7-5 6-4
182102,961-2026,Warsaw T-Mobile Polish Open,"Warsaw, Poland",20260802,A,Round 2,2,0,2026-08-05T11:55Z,final,3,9442,Elizara Yaneva,2916,Yuan Yue,9442,5-7 6-0 6-2
182099,961-2026,Warsaw T-Mobile Polish Open,"Warsaw, Poland",20260802,A,Round 2,2,0,2026-08-05T13:25Z,final,3,8681,Weronika Falkowska,7849,Noma Noha Akugue,8681,3-6 7-6(6) 7-5
182097,961-2026,Warsaw T-Mobile Polish Open,"Warsaw, Poland",20260802,A,Round 2,2,0,2026-08-05T14:30Z,final,3,4104,Susan Bandecchi,14080,Veronika Podrez,4104,6-1 6-4
182220,421-2026,National Bank Open presented by Rogers,"Toronto, Canada",20260801,A,Round 2,2,0,2026-08-05T15:05Z,final,3,3380,Ann Li,8614,Kayla Cross,3380,7-6(2) 6-3
182100,961-2026,Warsaw T-Mobile Polish Open,"Warsaw, Poland",20260802,A,Round 2,2,0,2026-08-05T16:20Z,final,3,17702,Vendula Valdmannova,17698,Zuzanna Pawlikowska,17702,6-3 6-4
182201,421-2026,National Bank Open presented by Rogers,"Toronto, Canada",20260801,A,Round 2,2,0,2026-08-05T16:35Z,final,3,1472,Sloane Stephens,2183,Belinda Bencic,2183,6-3 6-1
182218,421-2026,National Bank Open presented by Rogers,"Toronto, Canada",20260801,A,Round 2,2,0,2026-08-05T16:35Z,final,3,2191,Daria Kasatkina,3126,Elena Rybakina,3126,6-3 5-7 6-4
182225,421-2026,National Bank Open presented by Rogers,"Toronto, Canada",20260801,A,Round 2,2,0,2026-08-05T16:35Z,final,3,2392,Marie Bouzkova,2114,Taylor Townsend,2114,7-6(4) 7-5
182196,421-2026,National Bank Open presented by Rogers,"Toronto, Canada",20260801,A,Round 2,2,0,2026-08-05T16:55Z,final,3,2113,Jessica Pegula,2672,Magdalena Frech,2113,3-6 6-3 6-2
182204,421-2026,National Bank Open presented by Rogers,"Toronto, Canada",20260801,A,Round 2,2,0,2026-08-05T18:30Z,final,3,14311,Iva Jovic,1649,Magda Linette,14311,6-3 7-5
182208,421-2026,National Bank Open presented by Rogers,"Toronto, Canada",20260801,A,Round 2,2,0,2026-08-05T19:05Z,final,3,9169,Alina Korneeva,3785,Emma Navarro,9169,6-2 6-2
182192,421-2026,National Bank Open presented by Rogers,"Toronto, Canada",20260801,A,Round 2,2,0,2026-08-05T19:15Z,final,3,9820,Mirra Andreeva,740,Karolina Pliskova,9820,6-0 6-2
182190,421-2026,National Bank Open presented by Rogers,"Toronto, Canada",20260801,A,Round 2,2,0,2026-08-05T19:30Z,final,3,2974,Kayla Day,3626,Coco Gauff,3626,6-2 7-5
182191,421-2026,National Bank Open presented by Rogers,"Toronto, Canada",20260801,A,Round 2,2,0,2026-08-05T20:25Z,final,3,3018,Maria Sakkari,5604,Zeynep Sonmez,3018,6-3 6-2
182178,421-2026,National Bank Open presented by Rogers,"Toronto, Canada",20260801,A,Round 2,2,0,2026-08-05T20:40Z,final,3,2221,Elise Mertens,2734,Anna Bondar,2221,3-6 6-4 6-4
182176,421-2026,National Bank Open presented by Rogers,"Toronto, Canada",20260801,A,Round 2,2,0,2026-08-05T21:05Z,final,3,3000,Panna Udvardy,2789,Naomi Osaka,2789,6-2 6-4
182214,421-2026,National Bank Open presented by Rogers,"Toronto, Canada",20260801,A,Round 2,2,0,2026-08-05T22:05Z,final,3,3840,Liudmila Samsonova,2042,Barbora Krejcikova,3840,6-1 7-5
182213,421-2026,National Bank Open presented by Rogers,"Toronto, Canada",20260801,A,Round 2,2,0,2026-08-05T22:40Z,final,3,6970,Linda Noskova,3223,Catherine McNally,3223,7-6(5) 6-1
182170,421-2026,National Bank Open presented by Rogers,"Toronto, Canada",20260801,A,Round 2,2,0,2026-08-05T23:05Z,final,3,2751,Renata Zarazua,3641,Leylah Fernandez,3641,6-2 6-2
182179,421-2026,National Bank Open presented by Rogers,"Toronto, Canada",20260801,A,Round 2,2,0,2026-08-05T23:30Z,final,3,1774,Sorana Cirstea,14146,Maya Joint,14146,6-4 6-4
182216,421-2026,National Bank Open presented by Rogers,"Toronto, Canada",20260801,A,Round 2,2,0,2026-08-06T00:50Z,final,3,5309,Alycia Parks,7759,Alexandra Eala,7759,6-1 4-6 6-2
182106,961-2026,Warsaw T-Mobile Polish Open,"Warsaw, Poland",20260802,A,Quarterfinal,10,0,2026-08-06T09:05Z,final,3,2441,Justina Mikulskyte,13314,Gabriela Knutson,13314,6-2 6-4
182108,961-2026,Warsaw T-Mobile Polish Open,"Warsaw, Poland",20260802,A,Quarterfinal,10,0,2026-08-06T10:10Z,final,3,1913,Mona Barthel,9442,Elizara Yaneva,9442,6-4 2-6 7-6(5)
182105,961-2026,Warsaw T-Mobile Polish Open,"Warsaw, Poland",20260802,A,Quarterfinal,10,0,2026-08-06T10:30Z,final,3,17105,Carol Young Suh Lee,8681,Weronika Falkowska,17105,3-6 7-6(4) 6-1
182107,961-2026,Warsaw T-Mobile Polish Open,"Warsaw, Poland",20260802,A,Quarterfinal,10,0,2026-08-06T13:30Z,final,3,17702,Vendula Valdmannova,4104,Susan Bandecchi,17702,7-6(4) 6-4
182174,421-2026,National Bank Open presented by Rogers,"Toronto, Canada",20260801,A,Round 3,3,0,2026-08-06T15:05Z,final,3,6708,Talia Gibson,3182,Ekaterina Alexandrova,3182,5-7 6-1 6-3
182180,421-2026,National Bank Open presented by Rogers,"Toronto, Canada",20260801,A,Round 3,3,0,2026-08-06T16:35Z,final,3,2458,Viktorija Golubic,3730,Iga Swiatek,3730,6-2 6-1
182165,421-2026,National Bank Open presented by Rogers,"Toronto, Canada",20260801,A,Round 3,3,0,2026-08-06T17:25Z,final,3,2977,Anna Kalinskaya,8017,Diana Shnaider,8017,6-3 6-3
182172,421-2026,National Bank Open presented by Rogers,"Toronto, Canada",20260801,A,Round 3,3,0,2026-08-06T18:30Z,final,3,2113,Jessica Pegula,3908,Kamilla Rakhimova,2113,6-4 6-0
182181,421-2026,National Bank Open presented by Rogers,"Toronto, Canada",20260801,A,Round 3,3,0,2026-08-06T20:40Z,final,3,3382,Marta Kostyuk,1556,Madison Keys,3382,6-3 6-1
182193,421-2026,National Bank Open presented by Rogers,"Toronto, Canada",20260801,A,Round 3,3,0,2026-08-06T22:50Z,final,3,7804,Nikola Bartunkova,3221,Amanda Anisimova,3221,3-6 6-0 6-4
182171,421-2026,National Bank Open presented by Rogers,"Toronto, Canada",20260801,A,Round 3,3,0,2026-08-06T23:05Z,final,3,3038,Aryna Sabalenka,707,Zhang Shuai,3038,6-3 6-4
182195,421-2026,National Bank Open presented by Rogers,"Toronto, Canada",20260801,A,Round 3,3,0,2026-08-07T02:00Z,final,3,1797,Elina Svitolina,2971,Anastasia Potapova,1797,6-1 6-1
182110,961-2026,Warsaw T-Mobile Polish Open,"Warsaw, Poland",20260802,A,Semifinal,11,0,2026-08-07T10:05Z,final,3,9442,Elizara Yaneva,13314,Gabriela Knutson,13314,7-6(4) 6-2
182109,961-2026,Warsaw T-Mobile Polish Open,"Warsaw, Poland",20260802,A,Semifinal,11,0,2026-08-07T11:55Z,final,3,17105,Carol Young Suh Lee,17702,Vendula Valdmannova,17105,6-2 6-2
182219,421-2026,National Bank Open presented by Rogers,"Toronto, Canada",20260801,A,Round 3,3,0,2026-08-07T15:10Z,final,3,14311,Iva Jovic,9169,Alina Korneeva,9169,6-3 6-4
182184,421-2026,National Bank Open presented by Rogers,"Toronto, Canada",20260801,A,Round 3,3,0,2026-08-07T16:35Z,final,3,3380,Ann Li,3126,Elena Rybakina,3126,6-2 7-5
182198,421-2026,National Bank Open presented by Rogers,"Toronto, Canada",20260801,A,Round 3,3,0,2026-08-07T18:30Z,final,3,9820,Mirra Andreeva,3641,Leylah Fernandez,3641,6-1 6-4
182209,421-2026,National Bank Open presented by Rogers,"Toronto, Canada",20260801,A,Round 3,3,0,2026-08-07T19:05Z,final,3,14146,Maya Joint,3840,Liudmila Samsonova,3840,7-5 6-7(3) 6-2
182205,421-2026,National Bank Open presented by Rogers,"Toronto, Canada",20260801,A,Round 3,3,0,2026-08-07T22:20Z,final,3,2221,Elise Mertens,2789,Naomi Osaka,2789,6-1 6-2
182222,421-2026,National Bank Open presented by Rogers,"Toronto, Canada",20260801,A,Round 3,3,0,2026-08-07T23:05Z,final,3,3018,Maria Sakkari,3626,Coco Gauff,3626,6-1 6-4
182212,421-2026,National Bank Open presented by Rogers,"Toronto, Canada",20260801,A,Round 3,3,0,2026-08-07T23:50Z,final,3,2114,Taylor Townsend,2183,Belinda Bencic,2183,6-7(5) 7-6(4) 6-4
182215,421-2026,National Bank Open presented by Rogers,"Toronto, Canada",20260801,A,Round 3,3,0,2026-08-08T00:45Z,final,3,3223,Catherine McNally,7759,Alexandra Eala,7759,6-3 5-7 6-4
182111,961-2026,Warsaw T-Mobile Polish Open,"Warsaw, Poland",20260802,A,Final,13,0,2026-08-08T12:05Z,final,3,17105,Carol Young Suh Lee,13314,Gabriela Knutson,17105,6-4 7-5
182186,421-2026,National Bank Open presented by Rogers,"Toronto, Canada",20260801,A,Round 4,4,0,2026-08-08T16:35Z,final,3,3382,Marta Kostyuk,3730,Iga Swiatek,3730,3-6 6-1 6-2
182210,421-2026,National Bank Open presented by Rogers,"Toronto, Canada",20260801,A,Round 4,4,0,2026-08-08T19:10Z,final,3,2113,Jessica Pegula,8017,Diana Shnaider,8017,6-3 6-3
182224,421-2026,National Bank Open presented by Rogers,"Toronto, Canada",20260801,A,Round 4,4,0,2026-08-08T23:05Z,final,3,3038,Aryna Sabalenka,3182,Ekaterina Alexandrova,3182,7-6(3) 4-6 6-4
182200,421-2026,National Bank Open presented by Rogers,"Toronto, Canada",20260801,A,Round 4,4,0,2026-08-09T01:55Z,final,3,1797,Elina Svitolina,3221,Amanda Anisimova,1797,6-2 6-4
182177,421-2026,National Bank Open presented by Rogers,"Toronto, Canada",20260801,A,Round 4,4,0,2026-08-09T16:35Z,final,3,3840,Liudmila Samsonova,3126,Elena Rybakina,3126,6-4 4-6 6-4
182197,421-2026,National Bank Open presented by Rogers,"Toronto, Canada",20260801,A,Round 4,4,0,2026-08-09T19:45Z,final,3,9169,Alina Korneeva,3626,Coco Gauff,3626,6-3 6-1
182169,421-2026,National Bank Open presented by Rogers,"Toronto, Canada",20260801,A,Round 4,4,0,2026-08-09T23:05Z,final,3,3641,Leylah Fernandez,2789,Naomi Osaka,2789,6-4 6-4
182189,421-2026,National Bank Open presented by Rogers,"Toronto, Canada",20260801,A,Round 4,4,0,2026-08-10T00:50Z,final,3,7759,Alexandra Eala,2183,Belinda Bencic,2183,6-4 6-0
182221,421-2026,National Bank Open presented by Rogers,"Toronto, Canada",20260801,A,Quarterfinal,10,0,2026-08-10T23:05Z,final,3,8017,Diana Shnaider,3730,Iga Swiatek,3730,6-2 6-1
182217,421-2026,National Bank Open presented by Rogers,"Toronto, Canada",20260801,A,Quarterfinal,10,0,2026-08-11T00:30Z,final,3,3182,Ekaterina Alexandrova,1797,Elina Svitolina,1797,3-6 6-0 6-3
184444,718-2026,Cincinnati Open,"Cincinnati, USA",20260811,A,Qualifying 1st Round,0,1,2026-08-11T16:05Z,final,3,10830,Lilli Tagger,2780,Zhu Lin,10830,3-6 6-1 6-1
184459,718-2026,Cincinnati Open,"Cincinnati, USA",20260811,A,Qualifying 1st Round,0,1,2026-08-11T16:05Z,final,3,6723,Robin Montgomery,2599,Julia Grabher,6723,4-6 7-5 6-3
184460,718-2026,Cincinnati Open,"Cincinnati, USA",20260811,A,Qualifying 1st Round,0,1,2026-08-11T16:05Z,final,3,7778,Victoria Jimenez Kasintseva,5613,Mananchaya Sawangkaew,5613,6-3 6-3
184461,718-2026,Cincinnati Open,"Cincinnati, USA",20260811,A,Qualifying 1st Round,0,1,2026-08-11T16:05Z,final,3,6953,Lanlana Tararudee,12287,Emerson Jones,6953,7-5 7-5
184462,718-2026,Cincinnati Open,"Cincinnati, USA",20260811,A,Qualifying 1st Round,0,1,2026-08-11T16:05Z,final,3,2974,Kayla Day,7672,Taylah Preston,2974,6-3 6-2
184463,718-2026,Cincinnati Open,"Cincinnati, USA",20260811,A,Qualifying 1st Round,0,1,2026-08-11T16:05Z,final,3,2751,Renata Zarazua,2916,Yuan Yue,2916,6-4 6-4
184466,718-2026,Cincinnati Open,"Cincinnati, USA",20260811,A,Qualifying 1st Round,0,1,2026-08-11T17:30Z,final,3,7797,Sinja Kraus,8690,Marina Bassols Ribera,7797,6-4 6-3
184458,718-2026,Cincinnati Open,"Cincinnati, USA",20260811,A,Qualifying 1st Round,0,1,2026-08-11T17:55Z,final,3,11317,Himeno Sakatsume,4453,Leolia Jeanjean,4453,3-6 6-3 6-2
184465,718-2026,Cincinnati Open,"Cincinnati, USA",20260811,A,Qualifying 1st Round,0,1,2026-08-11T18:00Z,final,3,17104,Polina Iatcenko,2980,Claire Liu,2980,6-4 6-2
184454,718-2026,Cincinnati Open,"Cincinnati, USA",20260811,A,Qualifying 1st Round,0,1,2026-08-11T18:15Z,final,3,5775,Anastasia Zakharova,8067,Lucrezia Stefanini,8067,6-4 6-2
184457,718-2026,Cincinnati Open,"Cincinnati, USA",20260811,A,Qualifying 1st Round,0,1,2026-08-11T18:15Z,final,3,6571,Oksana Selekhmeteva,1955,Elizabeth Mandlik,6571,6-7(6) 6-4 6-3
184456,718-2026,Cincinnati Open,"Cincinnati, USA",20260811,A,Qualifying 1st Round,0,1,2026-08-11T18:35Z,final,3,13479,Mary Stoiana,5878,Veronika Erjavec,13479,6-2 7-6(3)
184452,718-2026,Cincinnati Open,"Cincinnati, USA",20260811,A,Qualifying 1st Round,0,1,2026-08-11T22:25Z,final,3,8808,Hanne Vandewinkel,9917,Akasha Urhobo,8808,7-5 6-4
184446,718-2026,Cincinnati Open,"Cincinnati, USA",20260811,A,Qualifying 1st Round,0,1,2026-08-11T22:50Z,final,3,9169,Alina Korneeva,423,Varvara Lepchenko,9169,6-3 6-1
182226,421-2026,National Bank Open presented by Rogers,"Toronto, Canada",20260801,A,Quarterfinal,10,0,2026-08-11T23:00Z,wo,3,2183,Belinda Bencic,3626,Coco Gauff,3626,
184445,718-2026,Cincinnati Open,"Cincinnati, USA",20260811,A,Qualifying 1st Round,0,1,2026-08-11T23:20Z,final,3,1322,Rebecca Marino,6570,Alina Charaeva,6570,6-3 6-3
182223,421-2026,National Bank Open presented by Rogers,"Toronto, Canada",20260801,A,Quarterfinal,10,0,2026-08-11T23:35Z,final,3,2789,Naomi Osaka,3126,Elena Rybakina,3126,4-6 7-6(5) 6-4
184448,718-2026,Cincinnati Open,"Cincinnati, USA",20260811,A,Qualifying 1st Round,0,1,2026-08-12T00:15Z,final,3,6500,Solana Sierra,13530,Aoi Ito,13530,6-1 6-1
184464,718-2026,Cincinnati Open,"Cincinnati, USA",20260811,A,Qualifying 1st Round,0,1,2026-08-12T00:25Z,final,3,5260,Eva Lys,3889,Katarzyna Kawa,5260,5-7 6-1 6-4
184447,718-2026,Cincinnati Open,"Cincinnati, USA",20260811,A,Qualifying 1st Round,0,1,2026-08-12T00:50Z,final,3,2200,Harriet Dart,5734,Moyuka Uchijima,2200,6-3 6-0
184443,718-2026,Cincinnati Open,"Cincinnati, USA",20260811,A,Qualifying 1st Round,0,1,2026-08-12T01:20Z,final,3,7436,Dominika Salkova,2902,Anna Blinkova,2902,6-3 6-4
184451,718-2026,Cincinnati Open,"Cincinnati, USA",20260811,A,Qualifying 1st Round,0,1,2026-08-12T22:45Z,final,3,2738,Rebecca Sramkova,6061,Elsa Jacquemot,2738,7-5 6-3
184453,718-2026,Cincinnati Open,"Cincinnati, USA",20260811,A,Qualifying 1st Round,0,1,2026-08-12T22:45Z,final,3,3184,Emiliana Arango,1809,Aliaksandra Sasnovich,3184,3-6 6-4 6-4
184478,718-2026,Cincinnati Open,"Cincinnati, USA",20260811,A,Qualifying Final,0,1,2026-08-12T22:45Z,final,3,2916,Yuan Yue,2974,Kayla Day,2974,2-6 7-5 6-3
184450,718-2026,Cincinnati Open,"Cincinnati, USA",20260811,A,Qualifying 1st Round,0,1,2026-08-12T22:55Z,final,3,3155,Wang Xiyu,2979,Bianca Andreescu,3155,6-0 6-4
184455,718-2026,Cincinnati Open,"Cincinnati, USA",20260811,A,Qualifying 1st Round,0,1,2026-08-12T22:55Z,final,3,3256,Nadia Podoroska,10500,Ella Seidel,3256,6-2 6-2
184449,718-2026,Cincinnati Open,"Cincinnati, USA",20260811,A,Qualifying 1st Round,0,1,2026-08-12T23:00Z,final,3,17105,Carol Young Suh Lee,6413,Polina Kudermetova,6413,6-4 6-7(5) 6-4
182206,421-2026,National Bank Open presented by Rogers,"Toronto, Canada",20260801,A,Semifinal,11,0,2026-08-13T00:15Z,final,3,1797,Elina Svitolina,3730,Iga Swiatek,3730,6-3 1-6 6-3
184467,718-2026,Cincinnati Open,"Cincinnati, USA",20260811,A,Qualifying Final,0,1,2026-08-13T00:25Z,final,3,6953,Lanlana Tararudee,5613,Mananchaya Sawangkaew,5613,6-4 6-3
184474,718-2026,Cincinnati Open,"Cincinnati, USA",20260811,A,Qualifying Final,0,1,2026-08-13T00:40Z,final,3,8067,Lucrezia Stefanini,4453,Leolia Jeanjean,8067,6-2 6-4
184472,718-2026,Cincinnati Open,"Cincinnati, USA",20260811,A,Qualifying Final,0,1,2026-08-13T01:20Z,final,3,6571,Oksana Selekhmeteva,13479,Mary Stoiana,13479,6-0 5-7 6-4
184476,718-2026,Cincinnati Open,"Cincinnati, USA",20260811,A,Qualifying Final,0,1,2026-08-13T01:25Z,final,3,10830,Lilli Tagger,6723,Robin Montgomery,10830,6-3 6-1
184470,718-2026,Cincinnati Open,"Cincinnati, USA",20260811,A,Qualifying Final,0,1,2026-08-13T01:35Z,final,3,7797,Sinja Kraus,2980,Claire Liu,7797,6-4 6-3
184477,718-2026,Cincinnati Open,"Cincinnati, USA",20260811,A,Qualifying Final,0,1,2026-08-13T02:10Z,wo,3,9169,Alina Korneeva,6570,Alina Charaeva,6570,
184469,718-2026,Cincinnati Open,"Cincinnati, USA",20260811,A,Qualifying Final,0,1,2026-08-13T02:30Z,final,3,13530,Aoi Ito,2200,Harriet Dart,2200,6-3 6-4
182211,421-2026,National Bank Open presented by Rogers,"Toronto, Canada",20260801,A,Semifinal,11,0,2026-08-13T02:55Z,final,3,3626,Coco Gauff,3126,Elena Rybakina,3126,5-7 6-2 6-2
184468,718-2026,Cincinnati Open,"Cincinnati, USA",20260811,A,Qualifying Final,0,1,2026-08-13T03:00Z,final,3,5260,Eva Lys,2902,Anna Blinkova,2902,3-6 6-2 6-2
182349,718-2026,Cincinnati Open,"Cincinnati, USA",20260811,A,Round 1,1,0,2026-08-13T15:05Z,final,3,6488,Darja Vidmanova,2411,Anhelina Kalinina,2411,4-6 6-4 6-2
182384,718-2026,Cincinnati Open,"Cincinnati, USA",20260811,A,Round 1,1,0,2026-08-13T15:05Z,final,3,3388,Simona Waltert,8404,Petra Marcinko,3388,5-7 6-4 6-2
182392,718-2026,Cincinnati Open,"Cincinnati, USA",20260811,A,Round 1,1,0,2026-08-13T15:05Z,final,3,2191,Daria Kasatkina,5604,Zeynep Sonmez,5604,2-6 7-6(4) 6-3
182396,718-2026,Cincinnati Open,"Cincinnati, USA",20260811,A,Round 1,1,0,2026-08-13T15:05Z,final,3,3908,Kamilla Rakhimova,2588,Kimberly Birrell,3908,6-2 6-2
182428,718-2026,Cincinnati Open,"Cincinnati, USA",20260811,A,Round 1,1,0,2026-08-13T15:05Z,final,3,2114,Taylor Townsend,3404,Camila Osorio,2114,3-6 6-3 6-3
184473,718-2026,Cincinnati Open,"Cincinnati, USA",20260811,A,Qualifying Final,0,1,2026-08-13T15:05Z,final,3,8808,Hanne Vandewinkel,2738,Rebecca Sramkova,8808,6-4 3-6 6-3
184475,718-2026,Cincinnati Open,"Cincinnati, USA",20260811,A,Qualifying Final,0,1,2026-08-13T16:35Z,final,3,3155,Wang Xiyu,6413,Polina Kudermetova,3155,6-3 6-2
182377,718-2026,Cincinnati Open,"Cincinnati, USA",20260811,A,Round 1,1,0,2026-08-13T17:30Z,final,3,6724,Ashlyn Krueger,6403,Lois Boisson,6403,6-3 6-2
182420,718-2026,Cincinnati Open,"Cincinnati, USA",20260811,A,Round 1,1,0,2026-08-13T17:40Z,final,3,6816,Antonia Ruzic,2672,Magdalena Frech,2672,6-2 7-5
184471,718-2026,Cincinnati Open,"Cincinnati, USA",20260811,A,Qualifying Final,0,1,2026-08-13T17:50Z,final,3,3184,Emiliana Arango,3256,Nadia Podoroska,3184,4-6 7-5 6-3
182393,718-2026,Cincinnati Open,"Cincinnati, USA",20260811,A,Round 1,1,0,2026-08-13T17:55Z,final,3,2748,Elena-Gabriela Ruse,1649,Magda Linette,2748,6-0 6-3
182380,718-2026,Cincinnati Open,"Cincinnati, USA",20260811,A,Round 1,1,0,2026-08-13T19:10Z,final,3,3332,Diane Parry,3436,Caroline Dolehide,3332,6-4 7-6(7)
182415,718-2026,Cincinnati Open,"Cincinnati, USA",20260811,A,Round 1,1,0,2026-08-13T19:30Z,final,3,2346,Tatjana Maria,3142,Dayana Yastremska,2346,6-1 6-2
182411,718-2026,Cincinnati Open,"Cincinnati, USA",20260811,A,Round 1,1,0,2026-08-13T20:45Z,final,3,3157,Cristina Bucsa,3000,Panna Udvardy,3157,6-2 1-6 7-5
182265,421-2026,National Bank Open presented by Rogers,"Toronto, Canada",20260801,A,Final,13,0,2026-08-13T22:10Z,final,3,3730,Iga Swiatek,3126,Elena Rybakina,3730,6-2 6-3
182337,718-2026,Cincinnati Open,"Cincinnati, USA",20260811,A,Round 1,1,0,2026-08-13T23:10Z,final,3,2054,Katie Boulter,3746,Katie Volynets,2054,7-5 0-6 6-4
182379,718-2026,Cincinnati Open,"Cincinnati, USA",20260811,A,Round 1,1,0,2026-08-14T03:20Z,final,3,3223,Catherine McNally,5528,McCartney Kessler,3223,6-3 6-4
182423,718-2026,Cincinnati Open,"Cincinnati, USA",20260811,A,Round 1,1,0,2026-08-14T15:05Z,final,3,7819,Sara Bejlek,740,Karolina Pliskova,7819,6-0 6-2
182376,718-2026,Cincinnati Open,"Cincinnati, USA",20260811,A,Round 1,1,0,2026-08-14T15:10Z,final,3,7804,Nikola Bartunkova,6570,Alina Charaeva,7804,4-6 6-4 6-3
182401,718-2026,Cincinnati Open,"Cincinnati, USA",20260811,A,Round 1,1,0,2026-08-14T15:10Z,final,3,6059,Jessica Bouzas Maneiro,2734,Anna Bondar,6059,6-3 7-6(5)
182404,718-2026,Cincinnati Open,"Cincinnati, USA",20260811,A,Round 1,1,0,2026-08-14T15:10Z,final,3,5941,Daria Snigur,13478,Yuliia Starodubtseva,5941,6-4 6-3
182449,718-2026,Cincinnati Open,"Cincinnati, USA",20260811,A,Round 1,1,0,2026-08-14T15:10Z,ret,3,3831,Elisabetta Cocciaretto,8067,Lucrezia Stefanini,8067,5-3 RET
182402,718-2026,Cincinnati Open,"Cincinnati, USA",20260811,A,Round 1,1,0,2026-08-14T16:35Z,final,3,5613,Mananchaya Sawangkaew,2902,Anna Blinkova,2902,1-6 6-2 6-3
182339,718-2026,Cincinnati Open,"Cincinnati, USA",20260811,A,Round 1,1,0,2026-08-14T17:05Z,final,3,5848,Peyton Stearns,2200,Harriet Dart,5848,6-1 7-6(6)
182447,718-2026,Cincinnati Open,"Cincinnati, USA",20260811,A,Round 1,1,0,2026-08-14T17:05Z,final,3,14146,Maya Joint,3040,Tamara Korpatsch,3040,0-6 6-3 6-4
182395,718-2026,Cincinnati Open,"Cincinnati, USA",20260811,A,Round 1,1,0,2026-08-14T17:40Z,final,3,3184,Emiliana Arango,403,Venus Williams,3184,6-2 6-2
182419,718-2026,Cincinnati Open,"Cincinnati, USA",20260811,A,Round 1,1,0,2026-08-14T17:45Z,final,3,10830,Lilli Tagger,6708,Talia Gibson,6708,4-6 6-1 7-5
182353,718-2026,Cincinnati Open,"Cincinnati, USA",20260811,A,Round 1,1,0,2026-08-14T19:05Z,final,3,5309,Alycia Parks,2458,Viktorija Golubic,2458,6-2 6-2
182357,718-2026,Cincinnati Open,"Cincinnati, USA",20260811,A,Round 1,1,0,2026-08-14T19:05Z,final,3,5937,Elvina Kalieva,5705,Oleksandra Oliynykova,5705,6-4 6-1
182409,718-2026,Cincinnati Open,"Cincinnati, USA",20260811,A,Round 1,1,0,2026-08-14T19:45Z,ret,3,10501,Maria Timofeeva,3155,Wang Xiyu,3155,6-0 3-0 RET
182425,718-2026,Cincinnati Open,"Cincinnati, USA",20260811,A,Round 1,1,0,2026-08-14T20:35Z,final,3,3387,Wang Xinyu,8808,Hanne Vandewinkel,3387,6-4 6-3
182442,718-2026,Cincinnati Open,"Cincinnati, USA",20260811,A,Round 1,1,0,2026-08-14T20:50Z,final,3,1802,Yulia Putintseva,3840,Liudmila Samsonova,3840,7-6(5) 5-7 7-5
182410,718-2026,Cincinnati Open,"Cincinnati, USA",20260811,A,Round 1,1,0,2026-08-14T21:15Z,final,3,13479,Mary Stoiana,8419,Tereza Valentova,8419,6-2 7-6(4)
182438,718-2026,Cincinnati Open,"Cincinnati, USA",20260811,A,Round 1,1,0,2026-08-14T23:05Z,final,3,1472,Sloane Stephens,7797,Sinja Kraus,1472,7-5 6-3
182432,718-2026,Cincinnati Open,"Cincinnati, USA",20260811,A,Round 1,1,0,2026-08-15T00:50Z,final,3,2746,Sofia Kenin,5260,Eva Lys,2746,1-6 6-3 6-3
182391,718-2026,Cincinnati Open,"Cincinnati, USA",20260811,A,Round 2,2,0,2026-08-15T15:05Z,final,3,5604,Zeynep Sonmez,3221,Amanda Anisimova,3221,6-2 6-3
182399,718-2026,Cincinnati Open,"Cincinnati, USA",20260811,A,Round 2,2,0,2026-08-15T15:05Z,final,3,3157,Cristina Bucsa,3417,Maja Chwalinska,3417,6-2 6-2
182389,718-2026,Cincinnati Open,"Cincinnati, USA",20260811,A,Round 2,2,0,2026-08-15T15:10Z,ret,3,7759,Alexandra Eala,2748,Elena-Gabriela Ruse,7759,6-1 3-0 RET
182441,718-2026,Cincinnati Open,"Cincinnati, USA",20260811,A,Round 1,1,0,2026-08-15T15:10Z,final,3,707,Zhang Shuai,2974,Kayla Day,707,2-6 6-2 6-2
182370,718-2026,Cincinnati Open,"Cincinnati, USA",20260811,A,Round 2,2,0,2026-08-15T18:00Z,final,3,3223,Catherine McNally,2977,Anna Kalinskaya,2977,6-3 6-4
182388,718-2026,Cincinnati Open,"Cincinnati, USA",20260811,A,Round 2,2,0,2026-08-15T18:25Z,final,3,8017,Diana Shnaider,2346,Tatjana Maria,8017,6-2 7-5
182366,718-2026,Cincinnati Open,"Cincinnati, USA",20260811,A,Round 2,2,0,2026-08-15T18:50Z,final,3,2195,Jelena Ostapenko,2672,Magdalena Frech,2672,6-1 6-3
182347,718-2026,Cincinnati Open,"Cincinnati, USA",20260811,A,Round 2,2,0,2026-08-15T19:00Z,final,3,6970,Linda Noskova,2054,Katie Boulter,6970,6-3 6-3
182398,718-2026,Cincinnati Open,"Cincinnati, USA",20260811,A,Round 2,2,0,2026-08-15T19:20Z,final,3,1774,Sorana Cirstea,7804,Nikola Bartunkova,1774,7-6(5) 6-3
182361,718-2026,Cincinnati Open,"Cincinnati, USA",20260811,A,Round 2,2,0,2026-08-15T20:35Z,final,3,3388,Simona Waltert,2113,Jessica Pegula,2113,6-3 6-2
182331,718-2026,Cincinnati Open,"Cincinnati, USA",20260811,A,Round 2,2,0,2026-08-15T21:20Z,final,3,3908,Kamilla Rakhimova,3018,Maria Sakkari,3018,6-2 5-7 6-1
182374,718-2026,Cincinnati Open,"Cincinnati, USA",20260811,A,Round 2,2,0,2026-08-15T21:30Z,final,3,3785,Emma Navarro,2411,Anhelina Kalinina,3785,3-6 6-4 6-2
182346,718-2026,Cincinnati Open,"Cincinnati, USA",20260811,A,Round 2,2,0,2026-08-15T22:55Z,final,3,2221,Elise Mertens,3332,Diane Parry,3332,2-6 6-2 6-2
182345,718-2026,Cincinnati Open,"Cincinnati, USA",20260811,A,Round 2,2,0,2026-08-16T00:25Z,final,3,5848,Peyton Stearns,3792,Clara Tauson,3792,7-6(7) 1-6 7-5
182382,718-2026,Cincinnati Open,"Cincinnati, USA",20260811,A,Round 2,2,0,2026-08-16T02:20Z,ret,3,6403,Lois Boisson,2183,Belinda Bencic,6403,6-3 RET
182336,718-2026,Cincinnati Open,"Cincinnati, USA",20260811,A,Round 2,2,0,2026-08-16T15:05Z,final,3,6368,Janice Tjen,2458,Viktorija Golubic,6368,7-6(8) 5-7 7-5
182341,718-2026,Cincinnati Open,"Cincinnati, USA",20260811,A,Round 2,2,0,2026-08-16T15:05Z,final,3,5705,Oleksandra Oliynykova,9820,Mirra Andreeva,9820,6-1 6-0
182365,718-2026,Cincinnati Open,"Cincinnati, USA",20260811,A,Round 2,2,0,2026-08-16T15:05Z,final,3,2114,Taylor Townsend,3126,Elena Rybakina,3126,6-3 6-4
182440,718-2026,Cincinnati Open,"Cincinnati, USA",20260811,A,Round 2,2,0,2026-08-16T15:05Z,final,3,3387,Wang Xinyu,2040,Donna Vekic,3387,3-6 6-1 6-4
182443,718-2026,Cincinnati Open,"Cincinnati, USA",20260811,A,Round 2,2,0,2026-08-16T15:05Z,final,3,2042,Barbora Krejcikova,7819,Sara Bejlek,7819,7-6(5) 6-4
182430,718-2026,Cincinnati Open,"Cincinnati, USA",20260811,A,Round 2,2,0,2026-08-16T16:25Z,final,3,5941,Daria Snigur,1556,Madison Keys,1556,4-6 6-3 6-3
182326,718-2026,Cincinnati Open,"Cincinnati, USA",20260811,A,Round 2,2,0,2026-08-16T16:50Z,final,3,3730,Iga Swiatek,3184,Emiliana Arango,3730,6-3 6-0
182437,718-2026,Cincinnati Open,"Cincinnati, USA",20260811,A,Round 2,2,0,2026-08-16T17:10Z,final,3,2392,Marie Bouzkova,8067,Lucrezia Stefanini,2392,6-2 6-4
182439,718-2026,Cincinnati Open,"Cincinnati, USA",20260811,A,Round 2,2,0,2026-08-16T18:35Z,final,3,707,Zhang Shuai,3380,Ann Li,3380,7-5 6-3
182354,718-2026,Cincinnati Open,"Cincinnati, USA",20260811,A,Round 2,2,0,2026-08-16T19:05Z,final,3,3382,Marta Kostyuk,2746,Sofia Kenin,3382,4-6 6-3 7-5
182414,718-2026,Cincinnati Open,"Cincinnati, USA",20260811,A,Round 2,2,0,2026-08-16T19:10Z,final,3,3038,Aryna Sabalenka,6708,Talia Gibson,3038,6-2 7-6(2)
182446,718-2026,Cincinnati Open,"Cincinnati, USA",20260811,A,Round 2,2,0,2026-08-16T20:10Z,final,3,2248,Katerina Siniakova,6059,Jessica Bouzas Maneiro,2248,6-7(5) 6-1 6-1
182448,718-2026,Cincinnati Open,"Cincinnati, USA",20260811,A,Round 2,2,0,2026-08-16T20:40Z,final,3,2902,Anna Blinkova,3182,Ekaterina Alexandrova,3182,6-7(5) 6-4 7-5
182429,718-2026,Cincinnati Open,"Cincinnati, USA",20260811,A,Round 2,2,0,2026-08-16T21:20Z,final,3,3641,Leylah Fernandez,3155,Wang Xiyu,3155,3-6 6-2 6-2
182352,718-2026,Cincinnati Open,"Cincinnati, USA",20260811,A,Round 2,2,0,2026-08-16T21:50Z,final,3,3040,Tamara Korpatsch,14311,Iva Jovic,14311,6-4 6-3
182363,718-2026,Cincinnati Open,"Cincinnati, USA",20260811,A,Round 2,2,0,2026-08-16T22:20Z,final,3,1472,Sloane Stephens,2971,Anastasia Potapova,1472,6-2 6-4
182433,718-2026,Cincinnati Open,"Cincinnati, USA",20260811,A,Round 2,2,0,2026-08-16T23:05Z,final,3,3626,Coco Gauff,3840,Liudmila Samsonova,3626,2-6 6-4 6-1
182435,718-2026,Cincinnati Open,"Cincinnati, USA",20260811,A,Round 2,2,0,2026-08-17T01:45Z,final,3,8419,Tereza Valentova,1797,Elina Svitolina,1797,3-6 7-6(5) 6-0
182333,718-2026,Cincinnati Open,"Cincinnati, USA",20260811,A,Round 3,3,0,2026-08-17T15:05Z,final,3,3332,Diane Parry,6403,Lois Boisson,3332,4-6 6-4 6-3
182335,718-2026,Cincinnati Open,"Cincinnati, USA",20260811,A,Round 3,3,0,2026-08-17T15:05Z,final,3,3730,Iga Swiatek,3018,Maria Sakkari,3730,4-6 6-1 6-1
182332,718-2026,Cincinnati Open,"Cincinnati, USA",20260811,A,Round 3,3,0,2026-08-17T17:25Z,final,3,2672,Magdalena Frech,3126,Elena Rybakina,3126,6-4 7-6(2)
182371,718-2026,Cincinnati Open,"Cincinnati, USA",20260811,A,Round 3,3,0,2026-08-17T17:50Z,ret,3,1774,Sorana Cirstea,2977,Anna Kalinskaya,1774,6-7(4) 6-1 5-0 RET
182329,718-2026,Cincinnati Open,"Cincinnati, USA",20260811,A,Round 3,3,0,2026-08-17T19:05Z,final,3,8017,Diana Shnaider,3417,Maja Chwalinska,8017,6-2 7-6(3)
182342,718-2026,Cincinnati Open,"Cincinnati, USA",20260811,A,Round 3,3,0,2026-08-17T22:45Z,final,3,6970,Linda Noskova,3792,Clara Tauson,6970,7-6(3) 6-2
182338,718-2026,Cincinnati Open,"Cincinnati, USA",20260811,A,Round 3,3,0,2026-08-17T22:55Z,final,3,3785,Emma Navarro,2113,Jessica Pegula,2113,7-5 6-2
182350,718-2026,Cincinnati Open,"Cincinnati, USA",20260811,A,Round 3,3,0,2026-08-18T02:20Z,final,3,7759,Alexandra Eala,3221,Amanda Anisimova,3221,4-6 6-4 6-2
182358,718-2026,Cincinnati Open,"Cincinnati, USA",20260811,A,Round 3,3,0,2026-08-18T15:05Z,final,3,2248,Katerina Siniakova,1556,Madison Keys,1556,6-1 6-3
182325,718-2026,Cincinnati Open,"Cincinnati, USA",20260811,A,Round 3,3,0,2026-08-18T16:45Z,final,3,6368,Janice Tjen,9820,Mirra Andreeva,9820,6-1 7-6(5)
182328,718-2026,Cincinnati Open,"Cincinnati, USA",20260811,A,Round 3,3,0,2026-08-18T18:00Z,wo,3,3155,Wang Xiyu,1797,Elina Svitolina,3155,
182323,718-2026,Cincinnati Open,"Cincinnati, USA",20260811,A,Round 3,3,0,2026-08-18T19:05Z,final,3,3626,Coco Gauff,3380,Ann Li,3626,6-1 7-6(3)
182343,718-2026,Cincinnati Open,"Cincinnati, USA",20260811,A,Round 3,3,0,2026-08-18T19:05Z,final,3,3382,Marta Kostyuk,1472,Sloane Stephens,3382,7-5 7-5
182355,718-2026,Cincinnati Open,"Cincinnati, USA",20260811,A,Round 3,3,0,2026-08-18T21:05Z,final,3,7819,Sara Bejlek,3182,Ekaterina Alexandrova,7819,4-6 6-1 6-2
182356,718-2026,Cincinnati Open,"Cincinnati, USA",20260811,A,Round 3,3,0,2026-08-18T23:05Z,final,3,3038,Aryna Sabalenka,3387,Wang Xinyu,3038,6-1 6-3
182340,718-2026,Cincinnati Open,"Cincinnati, USA",20260811,A,Round 3,3,0,2026-08-19T00:55Z,final,3,2392,Marie Bouzkova,14311,Iva Jovic,2392,7-6(0) 7-6(5)
182387,718-2026,Cincinnati Open,"Cincinnati, USA",20260811,A,Round 4,4,0,2026-08-19T15:05Z,final,3,3730,Iga Swiatek,3332,Diane Parry,3730,6-3 6-3
182385,718-2026,Cincinnati Open,"Cincinnati, USA",20260811,A,Round 4,4,0,2026-08-19T16:55Z,final,3,1774,Sorana Cirstea,2113,Jessica Pegula,2113,6-2 4-6 7-5
182330,718-2026,Cincinnati Open,"Cincinnati, USA",20260811,A,Round 4,4,0,2026-08-19T17:05Z,final,3,3382,Marta Kostyuk,9820,Mirra Andreeva,3382,4-6 6-0 6-2
182344,718-2026,Cincinnati Open,"Cincinnati, USA",20260811,A,Round 4,4,0,2026-08-19T18:55Z,final,3,6970,Linda Noskova,3221,Amanda Anisimova,3221,6-1 6-4
182386,718-2026,Cincinnati Open,"Cincinnati, USA",20260811,A,Round 4,4,0,2026-08-19T20:50Z,final,3,8017,Diana Shnaider,3126,Elena Rybakina,3126,6-4 6-4
182324,718-2026,Cincinnati Open,"Cincinnati, USA",20260811,A,Round 4,4,0,2026-08-19T22:30Z,final,3,3626,Coco Gauff,2392,Marie Bouzkova,3626,6-3 6-2
182359,718-2026,Cincinnati Open,"Cincinnati, USA",20260811,A,Round 4,4,0,2026-08-19T23:05Z,final,3,1556,Madison Keys,3155,Wang Xiyu,1556,7-6(3) 6-4
182373,718-2026,Cincinnati Open,"Cincinnati, USA",20260811,A,Round 4,4,0,2026-08-20T02:10Z,final,3,3038,Aryna Sabalenka,7819,Sara Bejlek,7819,7-6(7) 6-4
182375,718-2026,Cincinnati Open,"Cincinnati, USA",20260811,A,Quarterfinal,10,0,2026-08-20T17:05Z,final,3,3221,Amanda Anisimova,2113,Jessica Pegula,2113,6-4 2-6 7-6(4)
182381,718-2026,Cincinnati Open,"Cincinnati, USA",20260811,A,Quarterfinal,10,0,2026-08-20T23:05Z,ret,3,3730,Iga Swiatek,3126,Elena Rybakina,3730,4-1 RET
182367,718-2026,Cincinnati Open,"Cincinnati, USA",20260811,A,Quarterfinal,10,0,2026-08-21T17:05Z,final,3,7819,Sara Bejlek,1556,Madison Keys,7819,3-6 6-4 7-6(5)
182368,718-2026,Cincinnati Open,"Cincinnati, USA",20260811,A,Quarterfinal,10,0,2026-08-22T01:45Z,final,3,3626,Coco Gauff,3382,Marta Kostyuk,3626,6-2 6-2
184511,341-2026,Abierto GNP Seguros,"Monterrey, Mexico",20260822,A,Qualifying 1st Round,0,1,2026-08-22T19:05Z,final,3,4453,Leolia Jeanjean,3908,Kamilla Rakhimova,3908,6-4 4-6 6-2
184513,341-2026,Abierto GNP Seguros,"Monterrey, Mexico",20260822,A,Qualifying 1st Round,0,1,2026-08-22T19:05Z,final,3,3000,Panna Udvardy,3184,Emiliana Arango,3000,6-3 1-6 7-6(5)
184514,341-2026,Abierto GNP Seguros,"Monterrey, Mexico",20260822,A,Qualifying 1st Round,0,1,2026-08-22T19:05Z,final,3,4384,Caroline Werner,6488,Darja Vidmanova,6488,7-5 6-4
182426,718-2026,Cincinnati Open,"Cincinnati, USA",20260811,A,Semifinal,11,0,2026-08-22T19:55Z,final,3,2113,Jessica Pegula,3730,Iga Swiatek,2113,7-5 4-6 6-4
184512,341-2026,Abierto GNP Seguros,"Monterrey, Mexico",20260822,A,Qualifying 1st Round,0,1,2026-08-22T20:55Z,final,3,3583,En-Shuo Liang,7797,Sinja Kraus,3583,7-5 5-7 6-4
184515,341-2026,Abierto GNP Seguros,"Monterrey, Mexico",20260822,A,Qualifying 1st Round,0,1,2026-08-22T21:35Z,final,3,6953,Lanlana Tararudee,10501,Maria Timofeeva,10501,7-6(5) 2-6 7-6(4)
184517,341-2026,Abierto GNP Seguros,"Monterrey, Mexico",20260822,A,Qualifying 1st Round,0,1,2026-08-22T21:35Z,final,3,2396,Victoria Rodriguez,1802,Yulia Putintseva,1802,6-4 6-3
184516,341-2026,Abierto GNP Seguros,"Monterrey, Mexico",20260822,A,Qualifying 1st Round,0,1,2026-08-22T23:15Z,final,3,14146,Maya Joint,13779,Jessica Hinojosa Gomez,14146,6-4 6-2
184518,341-2026,Abierto GNP Seguros,"Monterrey, Mexico",20260822,A,Qualifying 1st Round,0,1,2026-08-23T00:40Z,final,3,2734,Anna Bondar,6061,Elsa Jacquemot,2734,6-3 6-3
182418,718-2026,Cincinnati Open,"Cincinnati, USA",20260811,A,Semifinal,11,0,2026-08-23T01:15Z,final,3,7819,Sara Bejlek,3626,Coco Gauff,3626,6-4 6-1
184595,1075-2026,Ennoble Care Philly Open,"Philadelphia, USA",20260823,A,Qualifying Final,0,1,2026-08-23T14:20Z,final,3,5196,Ekaterina Ovcharenko,18897,Esha Velaga,5196,6-2 6-4
184596,1075-2026,Ennoble Care Philly Open,"Philadelphia, USA",20260823,A,Qualifying Final,0,1,2026-08-23T14:20Z,final,3,11452,Jaeda Daniel,13617,Dang Yiming,11452,6-4 6-1
184597,1075-2026,Ennoble Care Philly Open,"Philadelphia, USA",20260823,A,Qualifying Final,0,1,2026-08-23T14:20Z,final,3,5803,Ariana Arseneault,4484,Alexandra Osborne,5803,7-5 6-3
184594,1075-2026,Ennoble Care Philly Open,"Philadelphia, USA",20260823,A,Qualifying Final,0,1,2026-08-23T16:05Z,final,3,10500,Ella Seidel,18896,Capucine Jauffret,10500,7-5 6-3
182139,1075-2026,Ennoble Care Philly Open,"Philadelphia, USA",20260823,A,Round 1,1,0,2026-08-23T16:10Z,final,3,3155,Wang Xiyu,14239,Ena Koike,3155,6-2 6-2
182121,1075-2026,Ennoble Care Philly Open,"Philadelphia, USA",20260823,A,Round 1,1,0,2026-08-23T16:15Z,final,3,15207,Anna Frey,6724,Ashlyn Krueger,6724,6-1 6-4
182120,1075-2026,Ennoble Care Philly Open,"Philadelphia, USA",20260823,A,Round 1,1,0,2026-08-23T17:35Z,final,3,5538,Hong Yi Cody Wong,3746,Katie Volynets,3746,6-2 6-1
182126,1075-2026,Ennoble Care Philly Open,"Philadelphia, USA",20260823,A,Round 1,1,0,2026-08-23T18:05Z,final,3,16296,Mia Pohankova,6421,Mell Reasco Gonzalez,16296,6-3 6-3
182122,1075-2026,Ennoble Care Philly Open,"Philadelphia, USA",20260823,A,Round 1,1,0,2026-08-23T19:15Z,final,3,5775,Anastasia Zakharova,2902,Anna Blinkova,5775,7-6(6) 6-0
184520,341-2026,Abierto GNP Seguros,"Monterrey, Mexico",20260822,A,Qualifying Final,0,1,2026-08-23T21:10Z,final,3,3000,Panna Udvardy,6488,Darja Vidmanova,6488,6-3 3-6 6-3
184521,341-2026,Abierto GNP Seguros,"Monterrey, Mexico",20260822,A,Qualifying Final,0,1,2026-08-23T21:20Z,final,3,10501,Maria Timofeeva,3908,Kamilla Rakhimova,10501,3-6 6-3 7-6(1)
182424,718-2026,Cincinnati Open,"Cincinnati, USA",20260811,A,Final,13,0,2026-08-23T23:05Z,final,3,3626,Coco Gauff,2113,Jessica Pegula,3626,6-2 6-4
184522,341-2026,Abierto GNP Seguros,"Monterrey, Mexico",20260822,A,Qualifying Final,0,1,2026-08-23T23:20Z,final,3,2734,Anna Bondar,3583,En-Shuo Liang,2734,6-3 4-6 6-1
184519,341-2026,Abierto GNP Seguros,"Monterrey, Mexico",20260822,A,Qualifying Final,0,1,2026-08-24T00:25Z,final,3,14146,Maya Joint,1802,Yulia Putintseva,14146,0-6 6-3 6-1
182487,341-2026,Abierto GNP Seguros,"Monterrey, Mexico",20260822,A,Round 1,1,0,2026-08-24T01:35Z,final,3,10830,Lilli Tagger,13478,Yuliia Starodubtseva,13478,6-3 6-4
182510,341-2026,Abierto GNP Seguros,"Monterrey, Mexico",20260822,A,Round 1,1,0,2026-08-24T03:15Z,final,3,6816,Antonia Ruzic,7804,Nikola Bartunkova,7804,6-4 6-3
182490,341-2026,Abierto GNP Seguros,"Monterrey, Mexico",20260822,A,Round 1,1,0,2026-08-24T03:30Z,final,3,2179,Mayar Sherif,5705,Oleksandra Oliynykova,5705,6-3 6-4
182141,1075-2026,Ennoble Care Philly Open,"Philadelphia, USA",20260823,A,Round 1,1,0,2026-08-24T15:05Z,final,3,10500,Ella Seidel,6059,Jessica Bouzas Maneiro,6059,6-4 6-2
184694,189-2026,US Open,"New York, USA",20260824,G,Qualifying 1st Round,0,1,2026-08-24T15:05Z,final,3,3508,Clara Burel,13615,Ma YeXin,3508,6-4 6-2
184697,189-2026,US Open,"New York, USA",20260824,G,Qualifying 1st Round,0,1,2026-08-24T15:05Z,final,3,1322,Rebecca Marino,2387,Fiona Ferro,1322,6-1 6-4
184724,189-2026,US Open,"New York, USA",20260824,G,Qualifying 1st Round,0,1,2026-08-24T15:05Z,final,3,2738,Rebecca Sramkova,14955,Alevtina Ibragimova,14955,6-2 6-4
184728,189-2026,US Open,"New York, USA",20260824,G,Qualifying 1st Round,0,1,2026-08-24T15:05Z,final,3,7438,Erika Andreeva,3954,Mariam Bolkvadze,3954,6-4 7-6(5)
182125,1075-2026,Ennoble Care Philly Open,"Philadelphia, USA",20260823,A,Round 1,1,0,2026-08-24T15:10Z,final,3,5878,Veronika Erjavec,2599,Julia Grabher,2599,7-6(5) 3-6 7-6(3)
182134,1075-2026,Ennoble Care Philly Open,"Philadelphia, USA",20260823,A,Round 1,1,0,2026-08-24T15:10Z,final,3,11452,Jaeda Daniel,18673,Kylie Collins,18673,6-0 6-2
184749,189-2026,US Open,"New York, USA",20260824,G,Qualifying 1st Round,0,1,2026-08-24T15:10Z,final,3,2974,Kayla Day,15219,Julieta Pareja,15219,6-3 6-1
184750,189-2026,US Open,"New York, USA",20260824,G,Qualifying 1st Round,0,1,2026-08-24T15:10Z,final,3,2984,Rebeka Masarova,2403,Iryna Shymanovich,2403,6-4 3-6 6-4
184693,189-2026,US Open,"New York, USA",20260824,G,Qualifying 1st Round,0,1,2026-08-24T15:15Z,final,3,6048,Zheng Qinwen,2603,You Xiaodi,6048,6-3 6-2
184695,189-2026,US Open,"New York, USA",20260824,G,Qualifying 1st Round,0,1,2026-08-24T15:15Z,final,3,14946,Elena Pridankina,14566,Aliona Falei,14946,6-1 6-3
184741,189-2026,US Open,"New York, USA",20260824,G,Qualifying 1st Round,0,1,2026-08-24T16:25Z,final,3,3185,Ayla Aksu,8067,Lucrezia Stefanini,8067,6-2 6-3
184746,189-2026,US Open,"New York, USA",20260824,G,Qualifying 1st Round,0,1,2026-08-24T16:35Z,final,3,3153,Mai Hontama,3031,Lina Gjorcheska,3153,7-6(1) 6-3
184740,189-2026,US Open,"New York, USA",20260824,G,Qualifying 1st Round,0,1,2026-08-24T16:45Z,final,3,445,Madison Brengle,7816,Anastasia Gasanova,445,6-4 6-1
182128,1075-2026,Ennoble Care Philly Open,"Philadelphia, USA",20260823,A,Round 1,1,0,2026-08-24T16:50Z,final,3,6571,Oksana Selekhmeteva,7672,Taylah Preston,6571,3-6 6-3 6-1
182136,1075-2026,Ennoble Care Philly Open,"Philadelphia, USA",20260823,A,Round 1,1,0,2026-08-24T16:50Z,final,3,13708,Tian Fangran,13878,Lucciana Perez Alarcon,13708,5-7 6-3 6-1
184751,189-2026,US Open,"New York, USA",20260824,G,Qualifying 1st Round,0,1,2026-08-24T16:50Z,final,3,5868,Elina Avanesyan,4291,Andrea Lazaro Garcia,4291,6-3 7-6(3)
184735,189-2026,US Open,"New York, USA",20260824,G,Qualifying 1st Round,0,1,2026-08-24T17:15Z,final,3,7927,Linda Klimovicova,8411,Lisa Pigato,7927,6-3 6-3
184729,189-2026,US Open,"New York, USA",20260824,G,Qualifying 1st Round,0,1,2026-08-24T17:45Z,final,3,12958,Anouk Koevermans,5299,Carole Monnet,12958,6-4 7-6(4)
182131,1075-2026,Ennoble Care Philly Open,"Philadelphia, USA",20260823,A,Round 1,1,0,2026-08-24T18:00Z,ret,3,6403,Lois Boisson,18896,Capucine Jauffret,18896,6-1 RET
184690,189-2026,US Open,"New York, USA",20260824,G,Qualifying 1st Round,0,1,2026-08-24T18:25Z,final,3,13219,Mia Ristic,15775,Ayana Akli,13219,6-3 1-6 6-4
184745,189-2026,US Open,"New York, USA",20260824,G,Qualifying 1st Round,0,1,2026-08-24T18:35Z,final,3,17104,Polina Iatcenko,18479,Julie Struplova,17104,6-2 6-1
184716,189-2026,US Open,"New York, USA",20260824,G,Qualifying 1st Round,0,1,2026-08-24T18:50Z,final,3,2980,Claire Liu,1382,Heather Watson,1382,4-6 6-2 6-4
182129,1075-2026,Ennoble Care Philly Open,"Philadelphia, USA",20260823,A,Round 1,1,0,2026-08-24T19:00Z,final,3,5803,Ariana Arseneault,8419,Tereza Valentova,8419,7-6(6) 6-1
182138,1075-2026,Ennoble Care Philly Open,"Philadelphia, USA",20260823,A,Round 1,1,0,2026-08-24T19:10Z,final,3,6708,Talia Gibson,440,Lizette Cabrera,440,7-5 6-7(5) 6-4
182142,1075-2026,Ennoble Care Philly Open,"Philadelphia, USA",20260823,A,Round 1,1,0,2026-08-24T19:45Z,final,3,5196,Ekaterina Ovcharenko,14460,Kaitlin Quevedo,5196,6-1 0-6 7-6(5)
184744,189-2026,US Open,"New York, USA",20260824,G,Qualifying 1st Round,0,1,2026-08-24T19:45Z,ret,3,4666,Lucia Bronzetti,13950,Luisina Giovannini,4666,5-0 RET
184705,189-2026,US Open,"New York, USA",20260824,G,Qualifying 1st Round,0,1,2026-08-24T19:55Z,final,3,7778,Victoria Jimenez Kasintseva,3487,Francisca Jorge,3487,6-3 6-3
184717,189-2026,US Open,"New York, USA",20260824,G,Qualifying 1st Round,0,1,2026-08-24T19:55Z,final,3,4676,Angela Fita Boluda,2780,Zhu Lin,4676,6-4 7-6(7)
184692,189-2026,US Open,"New York, USA",20260824,G,Qualifying 1st Round,0,1,2026-08-24T20:20Z,final,3,5746,Jazmin Ortenzi,11317,Himeno Sakatsume,11317,6-3 6-1
184726,189-2026,US Open,"New York, USA",20260824,G,Qualifying 1st Round,0,1,2026-08-24T20:20Z,final,3,2910,Greet Minnen,15755,Jeline Vandromme,15755,6-1 6-3
184725,189-2026,US Open,"New York, USA",20260824,G,Qualifying 1st Round,0,1,2026-08-24T20:30Z,final,3,6723,Robin Montgomery,8614,Kayla Cross,6723,6-1 6-1
184696,189-2026,US Open,"New York, USA",20260824,G,Qualifying 1st Round,0,1,2026-08-24T20:40Z,final,3,6413,Polina Kudermetova,6929,Linda Fruhvirtova,6929,6-1 6-3
182132,1075-2026,Ennoble Care Philly Open,"Philadelphia, USA",20260823,A,Round 1,1,0,2026-08-24T20:50Z,final,3,3388,Simona Waltert,8699,Fiona Crawley,8699,7-5 6-3
184723,189-2026,US Open,"New York, USA",20260824,G,Qualifying 1st Round,0,1,2026-08-24T21:00Z,final,3,3390,Carson Branstine,8393,Clervie Ngounoue,3390,6-2 7-6(3)
182492,341-2026,Abierto GNP Seguros,"Monterrey, Mexico",20260822,A,Round 1,1,0,2026-08-24T21:05Z,final,3,3404,Camila Osorio,3380,Ann Li,3380,6-1 6-2
184691,189-2026,US Open,"New York, USA",20260824,G,Qualifying 1st Round,0,1,2026-08-24T21:05Z,final,3,18672,Savannah Broadus,14606,Tyra Caterina Grant,14606,6-2 6-4
184703,189-2026,US Open,"New York, USA",20260824,G,Qualifying 1st Round,0,1,2026-08-24T21:40Z,final,3,2177,Laura Pigossi,8068,Despina Papamichail,8068,7-5 6-2
184704,189-2026,US Open,"New York, USA",20260824,G,Qualifying 1st Round,0,1,2026-08-24T21:45Z,final,3,2282,Ekaterine Gorgodze,3889,Katarzyna Kawa,2282,3-6 7-6(2) 6-2
184709,189-2026,US Open,"New York, USA",20260824,G,Qualifying 1st Round,0,1,2026-08-24T22:10Z,final,3,7436,Dominika Salkova,9917,Akasha Urhobo,7436,3-6 6-3 7-5
184708,189-2026,US Open,"New York, USA",20260824,G,Qualifying 1st Round,0,1,2026-08-24T22:25Z,final,3,3436,Caroline Dolehide,14080,Veronika Podrez,14080,6-2 0-6 6-3
182486,341-2026,Abierto GNP Seguros,"Monterrey, Mexico",20260822,A,Round 1,1,0,2026-08-24T22:30Z,final,3,6368,Janice Tjen,3142,Dayana Yastremska,6368,2-6 6-3 7-6(5)
182506,341-2026,Abierto GNP Seguros,"Monterrey, Mexico",20260822,A,Round 1,1,0,2026-08-24T22:35Z,final,3,5309,Alycia Parks,8404,Petra Marcinko,5309,2-6 6-4 6-4
182124,1075-2026,Ennoble Care Philly Open,"Philadelphia, USA",20260823,A,Round 1,1,0,2026-08-24T22:40Z,final,3,5613,Mananchaya Sawangkaew,1472,Sloane Stephens,5613,4-6 6-2 6-2
184702,189-2026,US Open,"New York, USA",20260824,G,Qualifying 1st Round,0,1,2026-08-24T22:50Z,final,3,13314,Gabriela Knutson,423,Varvara Lepchenko,13314,6-1 7-5
184707,189-2026,US Open,"New York, USA",20260824,G,Qualifying 1st Round,0,1,2026-08-25T00:10Z,final,3,11767,Eva Vedder,2979,Bianca Andreescu,2979,6-1 6-2
182483,341-2026,Abierto GNP Seguros,"Monterrey, Mexico",20260822,A,Round 1,1,0,2026-08-25T01:35Z,final,3,3792,Clara Tauson,2751,Renata Zarazua,3792,3-6 6-3 6-0
182504,341-2026,Abierto GNP Seguros,"Monterrey, Mexico",20260822,A,Round 1,1,0,2026-08-25T03:35Z,final,3,3332,Diane Parry,2040,Donna Vekic,3332,6-7(5) 6-4 6-1
182119,1075-2026,Ennoble Care Philly Open,"Philadelphia, USA",20260823,A,Round 2,2,0,2026-08-25T15:05Z,final,3,3155,Wang Xiyu,6059,Jessica Bouzas Maneiro,3155,4-6 6-4 6-2
184706,189-2026,US Open,"New York, USA",20260824,G,Qualifying 1st Round,0,1,2026-08-25T15:05Z,final,3,2747,Jodie Burrage,12957,Guiomar Maristany Zuleta De Reales,12957,7-6(1) 6-4
184718,189-2026,US Open,"New York, USA",20260824,G,Qualifying 1st Round,0,1,2026-08-25T15:05Z,final,3,1955,Elizabeth Mandlik,15220,Kristina Penickova,15220,7-5 6-2
184721,189-2026,US Open,"New York, USA",20260824,G,Qualifying 1st Round,0,1,2026-08-25T15:05Z,final,3,7434,Lucie Havlickova,9442,Elizara Yaneva,7434,6-2 7-5
184722,189-2026,US Open,"New York, USA",20260824,G,Qualifying 1st Round,0,1,2026-08-25T15:05Z,final,3,18901,Janae Preston,2043,Nao Hibino,2043,7-6(4) 6-1
184727,189-2026,US Open,"New York, USA",20260824,G,Qualifying 1st Round,0,1,2026-08-25T15:05Z,final,3,5734,Moyuka Uchijima,1095,Polona Hercog,5734,6-3 6-3
184742,189-2026,US Open,"New York, USA",20260824,G,Qualifying 1st Round,0,1,2026-08-25T15:05Z,final,3,15069,Laura Samson,3034,Tamara Zidansek,3034,6-7(5) 6-4 7-5
184743,189-2026,US Open,"New York, USA",20260824,G,Qualifying 1st Round,0,1,2026-08-25T15:10Z,final,3,18902,Jordyn Hazelitt,2200,Harriet Dart,2200,6-0 6-7(1) 6-1
184715,189-2026,US Open,"New York, USA",20260824,G,Qualifying 1st Round,0,1,2026-08-25T16:35Z,final,3,5057,Suzan Lamens,12287,Emerson Jones,5057,7-5 6-7(7) 6-2
184710,189-2026,US Open,"New York, USA",20260824,G,Qualifying 1st Round,0,1,2026-08-25T16:50Z,final,3,6570,Alina Charaeva,4104,Susan Bandecchi,4104,6-4 6-4
184720,189-2026,US Open,"New York, USA",20260824,G,Qualifying 1st Round,0,1,2026-08-25T17:00Z,final,3,810,Arantxa Rus,16002,Teodora Kostovic,810,4-6 6-4 6-4
184719,189-2026,US Open,"New York, USA",20260824,G,Qualifying 1st Round,0,1,2026-08-25T17:20Z,final,3,2736,Viktoria Hruncakova,5749,Julia Riera,2736,6-3 6-4
182123,1075-2026,Ennoble Care Philly Open,"Philadelphia, USA",20260823,A,Round 2,2,0,2026-08-25T17:25Z,final,3,16296,Mia Pohankova,3746,Katie Volynets,3746,6-1 6-1
184738,189-2026,US Open,"New York, USA",20260824,G,Qualifying 1st Round,0,1,2026-08-25T17:25Z,final,3,5076,Anna Siskova,7849,Noma Noha Akugue,5076,1-6 6-4 7-5
184739,189-2026,US Open,"New York, USA",20260824,G,Qualifying 1st Round,0,1,2026-08-25T18:25Z,final,3,6419,Martyna Kubka,13963,Annika Penickova,6419,6-7(5) 6-4 6-2
182135,1075-2026,Ennoble Care Philly Open,"Philadelphia, USA",20260823,A,Round 2,2,0,2026-08-25T18:50Z,final,3,5775,Anastasia Zakharova,18673,Kylie Collins,18673,6-4 6-3
184737,189-2026,US Open,"New York, USA",20260824,G,Qualifying 1st Round,0,1,2026-08-25T18:55Z,final,3,8410,Lola Radivojevic,4438,Kajsa Rinaldo Persson,8410,6-4 6-3
184733,189-2026,US Open,"New York, USA",20260824,G,Qualifying 1st Round,0,1,2026-08-25T19:05Z,final,3,5161,Alice Tubello,2582,Priscilla Hon,2582,6-4 4-6 6-2
184736,189-2026,US Open,"New York, USA",20260824,G,Qualifying 1st Round,0,1,2026-08-25T19:10Z,final,3,18772,Kristina Liutova,12846,Tatiana Prozorova,18772,6-4 4-6 6-2
184731,189-2026,US Open,"New York, USA",20260824,G,Qualifying 1st Round,0,1,2026-08-25T19:20Z,final,3,6259,Darya Astakhova,8690,Marina Bassols Ribera,8690,4-6 7-6(0) 6-3
184734,189-2026,US Open,"New York, USA",20260824,G,Qualifying 1st Round,0,1,2026-08-25T19:30Z,final,3,3705,Joanna Garland,10676,Leyre Romero Gormaz,3705,4-6 6-4 7-5
184732,189-2026,US Open,"New York, USA",20260824,G,Qualifying 1st Round,0,1,2026-08-25T19:35Z,final,3,3406,Whitney Osuigwe,1913,Mona Barthel,1913,6-3 7-5
184730,189-2026,US Open,"New York, USA",20260824,G,Qualifying 1st Round,0,1,2026-08-25T19:50Z,final,3,7815,Francesca Jones,5168,Nuria Brancaccio,7815,6-3 6-4
184699,189-2026,US Open,"New York, USA",20260824,G,Qualifying 1st Round,0,1,2026-08-25T20:50Z,final,3,14444,Julia Avdeeva,2760,Katherine Sebov,14444,7-6(5) 6-1
184713,189-2026,US Open,"New York, USA",20260824,G,Qualifying 1st Round,0,1,2026-08-25T21:00Z,final,3,5737,Yeonwoo Ku,3476,Astra Sharma,5737,6-4 6-3
182496,341-2026,Abierto GNP Seguros,"Monterrey, Mexico",20260822,A,Round 1,1,0,2026-08-25T21:05Z,final,3,3157,Cristina Bucsa,2734,Anna Bondar,3157,6-4 6-3
184700,189-2026,US Open,"New York, USA",20260824,G,Qualifying 1st Round,0,1,2026-08-25T21:20Z,final,3,2752,Katie Swan,7812,Katrina Scott,2752,6-3 6-1
184701,189-2026,US Open,"New York, USA",20260824,G,Qualifying 1st Round,0,1,2026-08-25T21:30Z,final,3,3330,Harmony Tan,13479,Mary Stoiana,13479,6-4 6-3
182507,341-2026,Abierto GNP Seguros,"Monterrey, Mexico",20260822,A,Round 1,1,0,2026-08-25T21:35Z,final,3,707,Zhang Shuai,10501,Maria Timofeeva,10501,6-1 6-3
182509,341-2026,Abierto GNP Seguros,"Monterrey, Mexico",20260822,A,Round 1,1,0,2026-08-25T21:35Z,final,3,6488,Darja Vidmanova,2588,Kimberly Birrell,6488,7-6(2) 6-3
184714,189-2026,US Open,"New York, USA",20260824,G,Qualifying 1st Round,0,1,2026-08-25T21:35Z,final,3,2140,Storm Hunter,2584,Maddison Inglis,2140,6-3 6-0
184711,189-2026,US Open,"New York, USA",20260824,G,Qualifying 1st Round,0,1,2026-08-25T21:40Z,final,3,6769,Darja Semenistaja,17296,Hayu Kinoshita,6769,6-2 7-5
184712,189-2026,US Open,"New York, USA",20260824,G,Qualifying 1st Round,0,1,2026-08-25T21:45Z,final,3,7150,Anastasiia Sobolieva,10858,Alexandra Shubladze,10858,6-7(0) 6-1 6-4
184753,189-2026,US Open,"New York, USA",20260824,G,Qualifying 1st Round,0,1,2026-08-25T22:00Z,final,3,14562,Sofia Costoulas,13529,Jennifer Ruggeri,14562,7-5 6-4
182133,1075-2026,Ennoble Care Philly Open,"Philadelphia, USA",20260823,A,Round 2,2,0,2026-08-25T22:05Z,final,3,2599,Julia Grabher,6724,Ashlyn Krueger,2599,6-4 6-4
184752,189-2026,US Open,"New York, USA",20260824,G,Qualifying 1st Round,0,1,2026-08-25T22:35Z,final,3,5937,Elvina Kalieva,1273,Kristina Mladenovic,5937,6-2 1-6 6-1
184698,189-2026,US Open,"New York, USA",20260824,G,Qualifying 1st Round,0,1,2026-08-25T22:40Z,final,3,2916,Yuan Yue,3149,Guo Hanyu,2916,6-2 6-4
184747,189-2026,US Open,"New York, USA",20260824,G,Qualifying 1st Round,0,1,2026-08-25T22:45Z,final,3,17702,Vendula Valdmannova,3220,Maria Lourdes Carle,17702,6-3 6-3
184748,189-2026,US Open,"New York, USA",20260824,G,Qualifying 1st Round,0,1,2026-08-25T22:50Z,final,3,2764,Dalma Galfi,1809,Aliaksandra Sasnovich,1809,7-6(5) 6-3
182501,341-2026,Abierto GNP Seguros,"Monterrey, Mexico",20260822,A,Round 2,2,0,2026-08-25T22:55Z,final,3,6368,Janice Tjen,13478,Yuliia Starodubtseva,13478,6-4 6-3
182494,341-2026,Abierto GNP Seguros,"Monterrey, Mexico",20260822,A,Round 1,1,0,2026-08-25T23:40Z,final,3,3000,Panna Udvardy,14146,Maya Joint,3000,7-6(5) 6-1
182498,341-2026,Abierto GNP Seguros,"Monterrey, Mexico",20260822,A,Round 2,2,0,2026-08-26T01:35Z,final,3,5705,Oleksandra Oliynykova,3332,Diane Parry,3332,6-4 7-6(3)
182503,341-2026,Abierto GNP Seguros,"Monterrey, Mexico",20260822,A,Round 2,2,0,2026-08-26T03:50Z,final,3,7804,Nikola Bartunkova,3583,En-Shuo Liang,7804,6-7(4) 7-5 6-4
182127,1075-2026,Ennoble Care Philly Open,"Philadelphia, USA",20260823,A,Round 2,2,0,2026-08-26T15:05Z,final,3,440,Lizette Cabrera,5613,Mananchaya Sawangkaew,5613,6-2 7-6(6)
184754,189-2026,US Open,"New York, USA",20260824,G,Qualifying 2nd Round,0,1,2026-08-26T15:05Z,final,3,4666,Lucia Bronzetti,17104,Polina Iatcenko,17104,6-2 3-6 6-3
184757,189-2026,US Open,"New York, USA",20260824,G,Qualifying 2nd Round,0,1,2026-08-26T15:05Z,final,3,14946,Elena Pridankina,1322,Rebecca Marino,14946,6-2 6-4
184787,189-2026,US Open,"New York, USA",20260824,G,Qualifying 2nd Round,0,1,2026-08-26T15:05Z,final,3,6723,Robin Montgomery,15755,Jeline Vandromme,6723,7-5 6-3
184792,189-2026,US Open,"New York, USA",20260824,G,Qualifying 2nd Round,0,1,2026-08-26T15:05Z,final,3,14955,Alevtina Ibragimova,3954,Mariam Bolkvadze,3954,6-4 6-3
184796,189-2026,US Open,"New York, USA",20260824,G,Qualifying 2nd Round,0,1,2026-08-26T15:05Z,final,3,3153,Mai Hontama,4291,Andrea Lazaro Garcia,4291,5-7 7-6(6) 6-1
184786,189-2026,US Open,"New York, USA",20260824,G,Qualifying 2nd Round,0,1,2026-08-26T15:10Z,final,3,6929,Linda Fruhvirtova,3390,Carson Branstine,3390,6-4 7-5
184790,189-2026,US Open,"New York, USA",20260824,G,Qualifying 2nd Round,0,1,2026-08-26T15:10Z,final,3,6048,Zheng Qinwen,3508,Clara Burel,6048,6-1 7-5
184793,189-2026,US Open,"New York, USA",20260824,G,Qualifying 2nd Round,0,1,2026-08-26T15:10Z,final,3,12958,Anouk Koevermans,7927,Linda Klimovicova,12958,6-3 7-5
184804,189-2026,US Open,"New York, USA",20260824,G,Qualifying 2nd Round,0,1,2026-08-26T16:40Z,final,3,7436,Dominika Salkova,13314,Gabriela Knutson,13314,6-3 6-1
182137,1075-2026,Ennoble Care Philly Open,"Philadelphia, USA",20260823,A,Round 2,2,0,2026-08-26T16:55Z,final,3,13708,Tian Fangran,8419,Tereza Valentova,8419,6-3 6-1
184756,189-2026,US Open,"New York, USA",20260824,G,Qualifying 2nd Round,0,1,2026-08-26T16:55Z,final,3,8068,Despina Papamichail,2282,Ekaterine Gorgodze,2282,7-6(3) 7-6(2)
184799,189-2026,US Open,"New York, USA",20260824,G,Qualifying 2nd Round,0,1,2026-08-26T17:15Z,final,3,15219,Julieta Pareja,2403,Iryna Shymanovich,15219,6-4 6-2
184801,189-2026,US Open,"New York, USA",20260824,G,Qualifying 2nd Round,0,1,2026-08-26T17:15Z,final,3,445,Madison Brengle,8067,Lucrezia Stefanini,8067,6-2 6-3
184800,189-2026,US Open,"New York, USA",20260824,G,Qualifying 2nd Round,0,1,2026-08-26T17:25Z,final,3,3487,Francisca Jorge,13219,Mia Ristic,13219,6-1 6-3
184755,189-2026,US Open,"New York, USA",20260824,G,Qualifying 2nd Round,0,1,2026-08-26T18:05Z,final,3,4104,Susan Bandecchi,2736,Viktoria Hruncakova,4104,6-3 6-2
184782,189-2026,US Open,"New York, USA",20260824,G,Qualifying 2nd Round,0,1,2026-08-26T18:10Z,final,3,15220,Kristina Penickova,2200,Harriet Dart,2200,5-7 6-0 6-3
184791,189-2026,US Open,"New York, USA",20260824,G,Qualifying 2nd Round,0,1,2026-08-26T18:20Z,final,3,14606,Tyra Caterina Grant,11317,Himeno Sakatsume,11317,5-7 6-2 6-3
182130,1075-2026,Ennoble Care Philly Open,"Philadelphia, USA",20260823,A,Round 2,2,0,2026-08-26T18:40Z,final,3,8699,Fiona Crawley,5196,Ekaterina Ovcharenko,8699,6-4 6-3
184788,189-2026,US Open,"New York, USA",20260824,G,Qualifying 2nd Round,0,1,2026-08-26T19:25Z,final,3,5734,Moyuka Uchijima,7434,Lucie Havlickova,7434,6-2 2-6 7-6(6)
184789,189-2026,US Open,"New York, USA",20260824,G,Qualifying 2nd Round,0,1,2026-08-26T19:35Z,final,3,2916,Yuan Yue,14444,Julia Avdeeva,2916,6-3 6-2
184785,189-2026,US Open,"New York, USA",20260824,G,Qualifying 2nd Round,0,1,2026-08-26T19:40Z,final,3,810,Arantxa Rus,5057,Suzan Lamens,810,6-3 6-4
184803,189-2026,US Open,"New York, USA",20260824,G,Qualifying 2nd Round,0,1,2026-08-26T19:45Z,final,3,2979,Bianca Andreescu,14080,Veronika Podrez,2979,6-0 6-3
184758,189-2026,US Open,"New York, USA",20260824,G,Qualifying 2nd Round,0,1,2026-08-26T19:55Z,final,3,2752,Katie Swan,13479,Mary Stoiana,13479,6-7(5) 6-3 6-3
184781,189-2026,US Open,"New York, USA",20260824,G,Qualifying 2nd Round,0,1,2026-08-26T20:20Z,final,3,1382,Heather Watson,4676,Angela Fita Boluda,1382,6-4 5-7 7-6(5)
184802,189-2026,US Open,"New York, USA",20260824,G,Qualifying 2nd Round,0,1,2026-08-26T20:50Z,final,3,3034,Tamara Zidansek,12957,Guiomar Maristany Zuleta De Reales,3034,7-5 6-3
182497,341-2026,Abierto GNP Seguros,"Monterrey, Mexico",20260822,A,Round 2,2,0,2026-08-26T21:00Z,wo,3,10501,Maria Timofeeva,3380,Ann Li,3380,
184778,189-2026,US Open,"New York, USA",20260824,G,Qualifying 2nd Round,0,1,2026-08-26T21:05Z,final,3,2043,Nao Hibino,5076,Anna Siskova,2043,6-4 6-2
184779,189-2026,US Open,"New York, USA",20260824,G,Qualifying 2nd Round,0,1,2026-08-26T21:10Z,final,3,7815,Francesca Jones,1913,Mona Barthel,7815,7-6(3) 1-6 6-2
184795,189-2026,US Open,"New York, USA",20260824,G,Qualifying 2nd Round,0,1,2026-08-26T21:10Z,final,3,6419,Martyna Kubka,8690,Marina Bassols Ribera,6419,6-3 6-2
182502,341-2026,Abierto GNP Seguros,"Monterrey, Mexico",20260822,A,Round 2,2,0,2026-08-26T21:35Z,final,3,3157,Cristina Bucsa,6488,Darja Vidmanova,6488,6-4 7-5
184784,189-2026,US Open,"New York, USA",20260824,G,Qualifying 2nd Round,0,1,2026-08-26T21:55Z,final,3,5737,Yeonwoo Ku,2140,Storm Hunter,2140,4-6 7-6(6) 6-0
182140,1075-2026,Ennoble Care Philly Open,"Philadelphia, USA",20260823,A,Round 2,2,0,2026-08-26T22:05Z,final,3,6571,Oksana Selekhmeteva,18896,Capucine Jauffret,6571,4-6 7-6(4) 6-3
184780,189-2026,US Open,"New York, USA",20260824,G,Qualifying 2nd Round,0,1,2026-08-26T22:20Z,final,3,2582,Priscilla Hon,3705,Joanna Garland,3705,6-3 6-4
184794,189-2026,US Open,"New York, USA",20260824,G,Qualifying 2nd Round,0,1,2026-08-26T22:40Z,final,3,18772,Kristina Liutova,8410,Lola Radivojevic,18772,6-2 5-7 6-4
184797,189-2026,US Open,"New York, USA",20260824,G,Qualifying 2nd Round,0,1,2026-08-26T22:50Z,final,3,5937,Elvina Kalieva,14562,Sofia Costoulas,5937,3-6 6-3 6-4
184798,189-2026,US Open,"New York, USA",20260824,G,Qualifying 2nd Round,0,1,2026-08-26T22:55Z,final,3,17702,Vendula Valdmannova,1809,Aliaksandra Sasnovich,17702,5-7 6-3 6-1
184783,189-2026,US Open,"New York, USA",20260824,G,Qualifying 2nd Round,0,1,2026-08-26T23:05Z,final,3,6769,Darja Semenistaja,10858,Alexandra Shubladze,6769,7-6(5) 6-4
182508,341-2026,Abierto GNP Seguros,"Monterrey, Mexico",20260822,A,Round 2,2,0,2026-08-26T23:35Z,final,3,3000,Panna Udvardy,2221,Elise Mertens,2221,6-1 4-6 6-3
182495,341-2026,Abierto GNP Seguros,"Monterrey, Mexico",20260822,A,Round 2,2,0,2026-08-27T01:45Z,final,3,3417,Maja Chwalinska,5309,Alycia Parks,5309,3-6 6-2 6-2
182493,341-2026,Abierto GNP Seguros,"Monterrey, Mexico",20260822,A,Round 2,2,0,2026-08-27T03:50Z,final,3,3182,Ekaterina Alexandrova,3792,Clara Tauson,3792,7-6(6) 4-6 6-3
184809,189-2026,US Open,"New York, USA",20260824,G,Qualifying Final,0,1,2026-08-27T15:45Z,final,3,3390,Carson Branstine,6723,Robin Montgomery,6723,2-6 6-2 6-2
184811,189-2026,US Open,"New York, USA",20260824,G,Qualifying Final,0,1,2026-08-27T15:45Z,final,3,17104,Polina Iatcenko,4291,Andrea Lazaro Garcia,17104,7-5 6-1
184819,189-2026,US Open,"New York, USA",20260824,G,Qualifying Final,0,1,2026-08-27T15:45Z,final,3,15219,Julieta Pareja,8067,Lucrezia Stefanini,8067,6-4 6-3
184821,189-2026,US Open,"New York, USA",20260824,G,Qualifying Final,0,1,2026-08-27T15:45Z,final,3,13314,Gabriela Knutson,2282,Ekaterine Gorgodze,13314,6-4 6-4
182148,1075-2026,Ennoble Care Philly Open,"Philadelphia, USA",20260823,A,Quarterfinal,10,0,2026-08-27T20:35Z,final,3,8699,Fiona Crawley,2599,Julia Grabher,2599,6-4 6-3
182145,1075-2026,Ennoble Care Philly Open,"Philadelphia, USA",20260823,A,Quarterfinal,10,0,2026-08-27T20:40Z,final,3,18673,Kylie Collins,8419,Tereza Valentova,8419,6-1 6-2
182488,341-2026,Abierto GNP Seguros,"Monterrey, Mexico",20260822,A,Quarterfinal,10,0,2026-08-27T21:05Z,final,3,5309,Alycia Parks,3380,Ann Li,3380,6-2 6-3
182482,341-2026,Abierto GNP Seguros,"Monterrey, Mexico",20260822,A,Quarterfinal,10,0,2026-08-27T22:45Z,final,3,6488,Darja Vidmanova,7804,Nikola Bartunkova,7804,6-4 6-7(3) 6-3
182144,1075-2026,Ennoble Care Philly Open,"Philadelphia, USA",20260823,A,Quarterfinal,10,0,2026-08-28T00:55Z,final,3,5613,Mananchaya Sawangkaew,3746,Katie Volynets,3746,6-2 6-3
182485,341-2026,Abierto GNP Seguros,"Monterrey, Mexico",20260822,A,Quarterfinal,10,0,2026-08-28T01:45Z,final,3,3792,Clara Tauson,3332,Diane Parry,3332,6-3 7-5
182484,341-2026,Abierto GNP Seguros,"Monterrey, Mexico",20260822,A,Quarterfinal,10,0,2026-08-28T03:30Z,final,3,13478,Yuliia Starodubtseva,2221,Elise Mertens,2221,6-1 6-4
182143,1075-2026,Ennoble Care Philly Open,"Philadelphia, USA",20260823,A,Quarterfinal,10,0,2026-08-28T04:00Z,wo,3,6571,Oksana Selekhmeteva,3155,Wang Xiyu,6571,
184807,189-2026,US Open,"New York, USA",20260824,G,Qualifying Final,0,1,2026-08-28T15:05Z,final,3,6769,Darja Semenistaja,2140,Storm Hunter,2140,6-4 6-1
184808,189-2026,US Open,"New York, USA",20260824,G,Qualifying Final,0,1,2026-08-28T15:05Z,final,3,4104,Susan Bandecchi,810,Arantxa Rus,810,1-6 6-3 6-4
184810,189-2026,US Open,"New York, USA",20260824,G,Qualifying Final,0,1,2026-08-28T15:05Z,final,3,7434,Lucie Havlickova,2043,Nao Hibino,7434,6-0 6-4
184814,189-2026,US Open,"New York, USA",20260824,G,Qualifying Final,0,1,2026-08-28T15:05Z,final,3,18772,Kristina Liutova,6419,Martyna Kubka,18772,6-4 6-0
184815,189-2026,US Open,"New York, USA",20260824,G,Qualifying Final,0,1,2026-08-28T15:05Z,final,3,3954,Mariam Bolkvadze,12958,Anouk Koevermans,12958,6-3 7-6(5)
184820,189-2026,US Open,"New York, USA",20260824,G,Qualifying Final,0,1,2026-08-28T15:05Z,final,3,3034,Tamara Zidansek,2979,Bianca Andreescu,3034,2-6 6-3 6-4
184817,189-2026,US Open,"New York, USA",20260824,G,Qualifying Final,0,1,2026-08-28T15:10Z,final,3,6048,Zheng Qinwen,14946,Elena Pridankina,6048,6-4 3-6 6-0
184818,189-2026,US Open,"New York, USA",20260824,G,Qualifying Final,0,1,2026-08-28T15:25Z,final,3,1382,Heather Watson,2200,Harriet Dart,2200,2-6 6-4 6-1
184816,189-2026,US Open,"New York, USA",20260824,G,Qualifying Final,0,1,2026-08-28T15:45Z,final,3,13219,Mia Ristic,11317,Himeno Sakatsume,11317,6-4 6-3
184759,189-2026,US Open,"New York, USA",20260824,G,Qualifying Final,0,1,2026-08-28T17:15Z,final,3,7815,Francesca Jones,3705,Joanna Garland,7815,6-4 6-1
184813,189-2026,US Open,"New York, USA",20260824,G,Qualifying Final,0,1,2026-08-28T17:15Z,final,3,2916,Yuan Yue,13479,Mary Stoiana,13479,6-3 4-6 6-4
184812,189-2026,US Open,"New York, USA",20260824,G,Qualifying Final,0,1,2026-08-28T17:35Z,final,3,5937,Elvina Kalieva,17702,Vendula Valdmannova,5937,5-7 6-4 6-4
182146,1075-2026,Ennoble Care Philly Open,"Philadelphia, USA",20260823,A,Semifinal,11,0,2026-08-28T20:45Z,final,3,8419,Tereza Valentova,2599,Julia Grabher,8419,6-3 6-1
182149,1075-2026,Ennoble Care Philly Open,"Philadelphia, USA",20260823,A,Semifinal,11,0,2026-08-28T22:30Z,final,3,6571,Oksana Selekhmeteva,3746,Katie Volynets,3746,6-3 7-6(6)
182489,341-2026,Abierto GNP Seguros,"Monterrey, Mexico",20260822,A,Semifinal,11,0,2026-08-28T23:05Z,final,3,3332,Diane Parry,3380,Ann Li,3332,7-6(7) 6-4
182491,341-2026,Abierto GNP Seguros,"Monterrey, Mexico",20260822,A,Semifinal,11,0,2026-08-29T01:20Z,final,3,7804,Nikola Bartunkova,2221,Elise Mertens,2221,1-6 6-4 6-2
182147,1075-2026,Ennoble Care Philly Open,"Philadelphia, USA",20260823,A,Final,13,0,2026-08-29T18:05Z,final,3,3746,Katie Volynets,8419,Tereza Valentova,3746,6-3 7-5
182511,341-2026,Abierto GNP Seguros,"Monterrey, Mexico",20260822,A,Final,13,0,2026-08-29T23:35Z,final,3,3332,Diane Parry,2221,Elise Mertens,3332,6-4 0-6 6-3
182632,189-2026,US Open,"New York, USA",20260824,G,Round 1,1,0,2026-08-30T15:05Z,final,3,2615,Jasmine Paolini,5878,Veronika Erjavec,2615,6-3 3-6 6-4
182591,189-2026,US Open,"New York, USA",20260824,G,Round 1,1,0,2026-08-30T15:10Z,final,3,3908,Kamilla Rakhimova,2042,Barbora Krejcikova,3908,7-6(4) 6-2
182593,189-2026,US Open,"New York, USA",20260824,G,Round 1,1,0,2026-08-30T15:10Z,final,3,2751,Renata Zarazua,17104,Polina Iatcenko,17104,4-6 6-4 7-6(7)
182624,189-2026,US Open,"New York, USA",20260824,G,Round 1,1,0,2026-08-30T15:10Z,final,3,6708,Talia Gibson,2040,Donna Vekic,2040,6-2 4-6 6-3
182616,189-2026,US Open,"New York, USA",20260824,G,Round 1,1,0,2026-08-30T16:10Z,final,3,2113,Jessica Pegula,2748,Elena-Gabriela Ruse,2113,6-3 6-2
182633,189-2026,US Open,"New York, USA",20260824,G,Round 1,1,0,2026-08-30T17:20Z,final,3,707,Zhang Shuai,3641,Leylah Fernandez,3641,6-3 6-2
182623,189-2026,US Open,"New York, USA",20260824,G,Round 1,1,0,2026-08-30T17:45Z,final,3,5937,Elvina Kalieva,6953,Lanlana Tararudee,6953,6-3 6-7(4) 6-2
182605,189-2026,US Open,"New York, USA",20260824,G,Round 1,1,0,2026-08-30T18:20Z,final,3,3382,Marta Kostyuk,2140,Storm Hunter,3382,6-4 6-1
182634,189-2026,US Open,"New York, USA",20260824,G,Round 1,1,0,2026-08-30T18:25Z,final,3,8067,Lucrezia Stefanini,3142,Dayana Yastremska,8067,6-3 4-6 6-1
182651,189-2026,US Open,"New York, USA",20260824,G,Round 1,1,0,2026-08-30T18:55Z,final,3,3184,Emiliana Arango,3387,Wang Xinyu,3387,6-4 6-2
182594,189-2026,US Open,"New York, USA",20260824,G,Round 1,1,0,2026-08-30T19:00Z,final,3,8808,Hanne Vandewinkel,740,Karolina Pliskova,740,2-6 7-5 6-3
182620,189-2026,US Open,"New York, USA",20260824,G,Round 1,1,0,2026-08-30T20:50Z,final,3,5528,McCartney Kessler,3182,Ekaterina Alexandrova,3182,6-2 6-2
182646,189-2026,US Open,"New York, USA",20260824,G,Round 1,1,0,2026-08-30T21:05Z,final,3,17105,Carol Young Suh Lee,2054,Katie Boulter,2054,6-4 3-6 6-0
182596,189-2026,US Open,"New York, USA",20260824,G,Round 1,1,0,2026-08-30T21:40Z,final,3,7672,Taylah Preston,5309,Alycia Parks,7672,6-3 6-3
182629,189-2026,US Open,"New York, USA",20260824,G,Round 1,1,0,2026-08-30T23:05Z,final,3,1797,Elina Svitolina,6500,Solana Sierra,1797,6-1 6-2
182618,189-2026,US Open,"New York, USA",20260824,G,Round 1,1,0,2026-08-31T04:10Z,final,3,403,Venus Williams,2746,Sofia Kenin,2746,6-2 7-6(6)
182619,189-2026,US Open,"New York, USA",20260824,G,Round 1,1,0,2026-08-31T15:05Z,final,3,5613,Mananchaya Sawangkaew,3000,Panna Udvardy,5613,6-4 6-3
182626,189-2026,US Open,"New York, USA",20260824,G,Round 1,1,0,2026-08-31T15:05Z,final,3,7797,Sinja Kraus,3039,Karolina Muchova,3039,6-3 6-0
182640,189-2026,US Open,"New York, USA",20260824,G,Round 1,1,0,2026-08-31T15:05Z,final,3,7819,Sara Bejlek,3157,Cristina Bucsa,3157,7-5 4-6 6-1
182647,189-2026,US Open,"New York, USA",20260824,G,Round 1,1,0,2026-08-31T15:05Z,final,3,2411,Anhelina Kalinina,11317,Himeno Sakatsume,11317,6-3 6-3
182606,189-2026,US Open,"New York, USA",20260824,G,Round 1,1,0,2026-08-31T15:10Z,final,3,2200,Harriet Dart,5848,Peyton Stearns,2200,3-6 6-3 6-2
182610,189-2026,US Open,"New York, USA",20260824,G,Round 1,1,0,2026-08-31T15:10Z,final,3,6061,Elsa Jacquemot,2392,Marie Bouzkova,2392,6-2 6-2
182614,189-2026,US Open,"New York, USA",20260824,G,Round 1,1,0,2026-08-31T15:10Z,final,3,6048,Zheng Qinwen,18772,Kristina Liutova,6048,4-6 6-3 6-1
182652,189-2026,US Open,"New York, USA",20260824,G,Round 1,1,0,2026-08-31T15:10Z,final,3,10830,Lilli Tagger,3040,Tamara Korpatsch,10830,6-0 7-6(4)
182592,189-2026,US Open,"New York, USA",20260824,G,Round 1,1,0,2026-08-31T15:40Z,final,3,3038,Aryna Sabalenka,3404,Camila Osorio,3038,6-2 6-4
182637,189-2026,US Open,"New York, USA",20260824,G,Round 1,1,0,2026-08-31T16:35Z,final,3,3785,Emma Navarro,6403,Lois Boisson,3785,7-6(6) 6-7(1) 6-3
182590,189-2026,US Open,"New York, USA",20260824,G,Round 1,1,0,2026-08-31T16:45Z,final,3,13530,Aoi Ito,6571,Oksana Selekhmeteva,6571,6-2 6-4
182599,189-2026,US Open,"New York, USA",20260824,G,Round 1,1,0,2026-08-31T17:05Z,final,3,3034,Tamara Zidansek,10501,Maria Timofeeva,10501,6-3 7-5
182621,189-2026,US Open,"New York, USA",20260824,G,Round 1,1,0,2026-08-31T17:20Z,final,3,2588,Kimberly Birrell,8404,Petra Marcinko,2588,3-6 7-6(4) 6-3
182653,189-2026,US Open,"New York, USA",20260824,G,Round 1,1,0,2026-08-31T17:30Z,final,3,2902,Anna Blinkova,2977,Anna Kalinskaya,2977,6-4 6-3
182595,189-2026,US Open,"New York, USA",20260824,G,Round 1,1,0,2026-08-31T18:05Z,final,3,3417,Maja Chwalinska,2114,Taylor Townsend,2114,6-2 6-3
182638,189-2026,US Open,"New York, USA",20260824,G,Round 1,1,0,2026-08-31T18:25Z,final,3,6724,Ashlyn Krueger,3221,Amanda Anisimova,3221,6-1 6-3
182608,189-2026,US Open,"New York, USA",20260824,G,Round 1,1,0,2026-08-31T18:30Z,final,3,3256,Nadia Podoroska,3388,Simona Waltert,3256,4-6 7-6(5) 6-3
182635,189-2026,US Open,"New York, USA",20260824,G,Round 1,1,0,2026-08-31T19:10Z,final,3,2458,Viktorija Golubic,3332,Diane Parry,3332,7-5 6-4
182604,189-2026,US Open,"New York, USA",20260824,G,Round 1,1,0,2026-08-31T19:25Z,final,3,5941,Daria Snigur,8017,Diana Shnaider,8017,6-0 6-4
182643,189-2026,US Open,"New York, USA",20260824,G,Round 1,1,0,2026-08-31T19:35Z,final,3,12958,Anouk Koevermans,3223,Catherine McNally,3223,7-5 6-1
182617,189-2026,US Open,"New York, USA",20260824,G,Round 1,1,0,2026-08-31T19:55Z,final,3,3746,Katie Volynets,6970,Linda Noskova,6970,7-5 6-1
182625,189-2026,US Open,"New York, USA",20260824,G,Round 1,1,0,2026-08-31T20:50Z,final,3,2599,Julia Grabher,1774,Sorana Cirstea,1774,6-3 6-0
182603,189-2026,US Open,"New York, USA",20260824,G,Round 1,1,0,2026-08-31T21:15Z,final,3,1472,Sloane Stephens,3792,Clara Tauson,1472,6-4 6-1
182630,189-2026,US Open,"New York, USA",20260824,G,Round 1,1,0,2026-08-31T21:20Z,final,3,14146,Maya Joint,3840,Liudmila Samsonova,14146,3-6 6-2 6-2
182622,189-2026,US Open,"New York, USA",20260824,G,Round 1,1,0,2026-08-31T21:30Z,final,3,3380,Ann Li,6816,Antonia Ruzic,3380,7-5 6-1
182613,189-2026,US Open,"New York, USA",20260824,G,Round 1,1,0,2026-08-31T22:40Z,final,3,3831,Elisabetta Cocciaretto,2248,Katerina Siniakova,2248,6-3 6-2
182607,189-2026,US Open,"New York, USA",20260824,G,Round 1,1,0,2026-08-31T23:05Z,final,3,3730,Iga Swiatek,3155,Wang Xiyu,3730,6-2 6-3
182612,189-2026,US Open,"New York, USA",20260824,G,Round 1,1,0,2026-09-01T02:20Z,final,3,2789,Naomi Osaka,5775,Anastasia Zakharova,2789,7-6(6) 7-6(3)
182611,189-2026,US Open,"New York, USA",20260824,G,Round 1,1,0,2026-09-01T15:40Z,final,3,1556,Madison Keys,9169,Alina Korneeva,1556,7-5 6-4
182597,189-2026,US Open,"New York, USA",20260824,G,Round 1,1,0,2026-09-01T18:45Z,final,3,3018,Maria Sakkari,6723,Robin Montgomery,3018,2-6 7-5 6-2
182598,189-2026,US Open,"New York, USA",20260824,G,Round 1,1,0,2026-09-01T18:45Z,final,3,13478,Yuliia Starodubtseva,10500,Ella Seidel,13478,6-2 6-2
182609,189-2026,US Open,"New York, USA",20260824,G,Round 1,1,0,2026-09-01T18:45Z,final,3,7434,Lucie Havlickova,2734,Anna Bondar,2734,6-3 6-3
182602,189-2026,US Open,"New York, USA",20260824,G,Round 1,1,0,2026-09-01T18:50Z,final,3,16977,Thea Frodin,3126,Elena Rybakina,3126,6-3 6-2
182615,189-2026,US Open,"New York, USA",20260824,G,Round 1,1,0,2026-09-01T18:50Z,final,3,1802,Yulia Putintseva,2183,Belinda Bencic,1802,4-6 7-5 6-3
182627,189-2026,US Open,"New York, USA",20260824,G,Round 1,1,0,2026-09-01T18:50Z,final,3,13314,Gabriela Knutson,5260,Eva Lys,5260,6-3 6-3
182628,189-2026,US Open,"New York, USA",20260824,G,Round 1,1,0,2026-09-01T19:45Z,final,3,9820,Mirra Andreeva,6368,Janice Tjen,9820,6-2 6-2
182600,189-2026,US Open,"New York, USA",20260824,G,Round 1,1,0,2026-09-01T20:25Z,final,3,14460,Kaitlin Quevedo,2221,Elise Mertens,2221,6-4 6-4
182642,189-2026,US Open,"New York, USA",20260824,G,Round 1,1,0,2026-09-01T20:45Z,final,3,5705,Oleksandra Oliynykova,6823,Reese Brantmeier,5705,6-4 6-4
182650,189-2026,US Open,"New York, USA",20260824,G,Round 1,1,0,2026-09-01T21:30Z,final,3,2971,Anastasia Potapova,6769,Darja Semenistaja,2971,6-2 6-2
182601,189-2026,US Open,"New York, USA",20260824,G,Round 1,1,0,2026-09-01T21:45Z,final,3,6488,Darja Vidmanova,6059,Jessica Bouzas Maneiro,6059,6-3 6-4
182649,189-2026,US Open,"New York, USA",20260824,G,Round 1,1,0,2026-09-01T21:55Z,final,3,810,Arantxa Rus,4453,Leolia Jeanjean,4453,7-6(6) 6-2
182645,189-2026,US Open,"New York, USA",20260824,G,Round 1,1,0,2026-09-01T23:15Z,final,3,5604,Zeynep Sonmez,3626,Coco Gauff,3626,6-3 6-4
182639,189-2026,US Open,"New York, USA",20260824,G,Round 1,1,0,2026-09-02T01:50Z,final,3,13479,Mary Stoiana,7759,Alexandra Eala,7759,6-1 6-2
182558,189-2026,US Open,"New York, USA",20260824,G,Round 2,2,0,2026-09-02T15:05Z,final,3,5613,Mananchaya Sawangkaew,3641,Leylah Fernandez,3641,6-4 6-1
182561,189-2026,US Open,"New York, USA",20260824,G,Round 2,2,0,2026-09-02T15:05Z,final,3,2615,Jasmine Paolini,8067,Lucrezia Stefanini,2615,6-4 6-1
182567,189-2026,US Open,"New York, USA",20260824,G,Round 2,2,0,2026-09-02T15:05Z,final,3,2114,Taylor Townsend,7672,Taylah Preston,2114,6-1 6-1
182575,189-2026,US Open,"New York, USA",20260824,G,Round 2,2,0,2026-09-02T15:05Z,final,3,740,Karolina Pliskova,8017,Diana Shnaider,8017,6-1 7-6(4)
182544,189-2026,US Open,"New York, USA",20260824,G,Round 2,2,0,2026-09-02T15:10Z,final,3,3332,Diane Parry,1774,Sorana Cirstea,1774,6-2 7-5
182550,189-2026,US Open,"New York, USA",20260824,G,Round 2,2,0,2026-09-02T15:40Z,final,3,2113,Jessica Pegula,2746,Sofia Kenin,2113,6-3 6-1
182644,189-2026,US Open,"New York, USA",20260824,G,Round 1,1,0,2026-09-02T16:40Z,final,3,2191,Daria Kasatkina,2731,Paula Badosa,2731,6-1 6-4
182547,189-2026,US Open,"New York, USA",20260824,G,Round 2,2,0,2026-09-02T17:20Z,final,3,3785,Emma Navarro,3223,Catherine McNally,3785,3-6 6-2 6-3
182580,189-2026,US Open,"New York, USA",20260824,G,Round 2,2,0,2026-09-02T17:40Z,final,3,3382,Marta Kostyuk,1472,Sloane Stephens,3382,6-1 7-5
182631,189-2026,US Open,"New York, USA",20260824,G,Round 1,1,0,2026-09-02T18:05Z,final,3,7804,Nikola Bartunkova,2179,Mayar Sherif,7804,6-1 6-2
182569,189-2026,US Open,"New York, USA",20260824,G,Round 2,2,0,2026-09-02T18:50Z,final,3,6571,Oksana Selekhmeteva,3908,Kamilla Rakhimova,3908,6-3 6-0
182531,189-2026,US Open,"New York, USA",20260824,G,Round 2,2,0,2026-09-02T19:30Z,final,3,2054,Katie Boulter,3039,Karolina Muchova,3039,6-1 6-0
182641,189-2026,US Open,"New York, USA",20260824,G,Round 1,1,0,2026-09-02T20:45Z,final,3,1649,Magda Linette,7815,Francesca Jones,7815,6-4 1-6 6-3
182548,189-2026,US Open,"New York, USA",20260824,G,Round 2,2,0,2026-09-02T21:35Z,final,3,3387,Wang Xinyu,2977,Anna Kalinskaya,2977,7-5 2-6 6-3
182648,189-2026,US Open,"New York, USA",20260824,G,Round 1,1,0,2026-09-02T21:50Z,final,3,2346,Tatjana Maria,2195,Jelena Ostapenko,2346,4-6 6-1 6-2
182587,189-2026,US Open,"New York, USA",20260824,G,Round 2,2,0,2026-09-02T22:00Z,final,3,2588,Kimberly Birrell,3182,Ekaterina Alexandrova,3182,6-1 2-6 6-3
182636,189-2026,US Open,"New York, USA",20260824,G,Round 1,1,0,2026-09-02T22:15Z,final,3,14311,Iva Jovic,2672,Magdalena Frech,14311,7-5 6-3
182539,189-2026,US Open,"New York, USA",20260824,G,Round 2,2,0,2026-09-02T23:15Z,final,3,3038,Aryna Sabalenka,17104,Polina Iatcenko,3038,6-1 6-1
182584,189-2026,US Open,"New York, USA",20260824,G,Round 2,2,0,2026-09-02T23:30Z,final,3,3380,Ann Li,2040,Donna Vekic,3380,5-7 7-6(4) 6-4
182546,189-2026,US Open,"New York, USA",20260824,G,Round 2,2,0,2026-09-03T00:10Z,final,3,1797,Elina Svitolina,14146,Maya Joint,1797,6-2 6-7(6) 6-4
182552,189-2026,US Open,"New York, USA",20260824,G,Round 2,2,0,2026-09-03T02:10Z,final,3,6953,Lanlana Tararudee,6970,Linda Noskova,6970,6-4 6-2
182528,189-2026,US Open,"New York, USA",20260824,G,Round 2,2,0,2026-09-03T15:05Z,final,3,3730,Iga Swiatek,3256,Nadia Podoroska,3730,6-3 6-2
182534,189-2026,US Open,"New York, USA",20260824,G,Round 2,2,0,2026-09-03T15:05Z,final,3,1556,Madison Keys,2734,Anna Bondar,1556,5-7 6-4 7-6(5)
182572,189-2026,US Open,"New York, USA",20260824,G,Round 2,2,0,2026-09-03T15:05Z,final,3,2971,Anastasia Potapova,4453,Leolia Jeanjean,2971,6-4 2-6 6-3
182574,189-2026,US Open,"New York, USA",20260824,G,Round 2,2,0,2026-09-03T15:05Z,final,3,10501,Maria Timofeeva,2221,Elise Mertens,2221,6-2 7-6(5)
182568,189-2026,US Open,"New York, USA",20260824,G,Round 2,2,0,2026-09-03T15:40Z,final,3,2789,Naomi Osaka,2248,Katerina Siniakova,2789,6-2 5-7 6-1
182579,189-2026,US Open,"New York, USA",20260824,G,Round 2,2,0,2026-09-03T16:40Z,final,3,10830,Lilli Tagger,3221,Amanda Anisimova,3221,6-3 3-6 6-1
182532,189-2026,US Open,"New York, USA",20260824,G,Round 2,2,0,2026-09-03T16:50Z,final,3,2200,Harriet Dart,2392,Marie Bouzkova,2392,6-2 6-2
182542,189-2026,US Open,"New York, USA",20260824,G,Round 2,2,0,2026-09-03T18:35Z,final,3,7804,Nikola Bartunkova,2346,Tatjana Maria,7804,6-7(5) 6-2 6-3
182556,189-2026,US Open,"New York, USA",20260824,G,Round 2,2,0,2026-09-03T18:45Z,final,3,5705,Oleksandra Oliynykova,7759,Alexandra Eala,7759,6-1 6-4
182559,189-2026,US Open,"New York, USA",20260824,G,Round 2,2,0,2026-09-03T19:15Z,final,3,3157,Cristina Bucsa,11317,Himeno Sakatsume,3157,7-6(6) 6-7(0) 7-6(6)
182570,189-2026,US Open,"New York, USA",20260824,G,Round 2,2,0,2026-09-03T19:15Z,final,3,6048,Zheng Qinwen,1802,Yulia Putintseva,6048,6-4 2-6 6-1
182538,189-2026,US Open,"New York, USA",20260824,G,Round 2,2,0,2026-09-03T21:30Z,final,3,9820,Mirra Andreeva,5260,Eva Lys,9820,6-0 6-2
182577,189-2026,US Open,"New York, USA",20260824,G,Round 2,2,0,2026-09-03T22:15Z,final,3,3018,Maria Sakkari,13478,Yuliia Starodubtseva,13478,1-6 7-6(4) 6-2
182583,189-2026,US Open,"New York, USA",20260824,G,Round 2,2,0,2026-09-03T22:55Z,final,3,14311,Iva Jovic,7815,Francesca Jones,14311,6-4 6-4
182563,189-2026,US Open,"New York, USA",20260824,G,Round 2,2,0,2026-09-03T23:10Z,final,3,2731,Paula Badosa,3626,Coco Gauff,3626,6-4 7-6(5)
182585,189-2026,US Open,"New York, USA",20260824,G,Round 2,2,0,2026-09-04T01:50Z,final,3,6059,Jessica Bouzas Maneiro,3126,Elena Rybakina,3126,6-2 6-4
182554,189-2026,US Open,"New York, USA",20260824,G,Round 3,3,0,2026-09-04T15:05Z,final,3,3038,Aryna Sabalenka,3908,Kamilla Rakhimova,3038,6-3 6-4
182549,189-2026,US Open,"New York, USA",20260824,G,Round 3,3,0,2026-09-04T15:10Z,final,3,2615,Jasmine Paolini,1774,Sorana Cirstea,1774,6-3 6-3
182564,189-2026,US Open,"New York, USA",20260824,G,Round 3,3,0,2026-09-04T15:10Z,final,3,3382,Marta Kostyuk,3182,Ekaterina Alexandrova,3382,6-3 6-2
182545,189-2026,US Open,"New York, USA",20260824,G,Round 3,3,0,2026-09-04T15:40Z,final,3,2113,Jessica Pegula,3641,Leylah Fernandez,2113,1-6 6-4 6-3
182565,189-2026,US Open,"New York, USA",20260824,G,Round 3,3,0,2026-09-04T17:05Z,final,3,2114,Taylor Townsend,8017,Diana Shnaider,2114,6-2 6-7(3) 6-3
182537,189-2026,US Open,"New York, USA",20260824,G,Round 3,3,0,2026-09-04T19:05Z,final,3,3785,Emma Navarro,3039,Karolina Muchova,3785,6-3 7-5
182543,189-2026,US Open,"New York, USA",20260824,G,Round 3,3,0,2026-09-04T20:00Z,final,3,3380,Ann Li,6970,Linda Noskova,6970,6-2 6-7(6) 6-2
182529,189-2026,US Open,"New York, USA",20260824,G,Round 3,3,0,2026-09-05T01:30Z,final,3,1797,Elina Svitolina,2977,Anna Kalinskaya,2977,6-3 2-6 6-3
182540,189-2026,US Open,"New York, USA",20260824,G,Round 3,3,0,2026-09-05T15:05Z,final,3,2971,Anastasia Potapova,3221,Amanda Anisimova,2971,6-2 7-5
182560,189-2026,US Open,"New York, USA",20260824,G,Round 3,3,0,2026-09-05T15:05Z,final,3,1556,Madison Keys,6048,Zheng Qinwen,6048,1-6 7-6(3) 7-5
182536,189-2026,US Open,"New York, USA",20260824,G,Round 3,3,0,2026-09-05T17:00Z,final,3,9820,Mirra Andreeva,7804,Nikola Bartunkova,9820,6-2 7-6(5)
182586,189-2026,US Open,"New York, USA",20260824,G,Round 3,3,0,2026-09-05T17:55Z,final,3,3730,Iga Swiatek,2392,Marie Bouzkova,3730,7-6(3) 7-6(3)
182581,189-2026,US Open,"New York, USA",20260824,G,Round 3,3,0,2026-09-05T19:45Z,final,3,3157,Cristina Bucsa,3626,Coco Gauff,3626,6-3 6-4
182566,189-2026,US Open,"New York, USA",20260824,G,Round 3,3,0,2026-09-05T23:05Z,final,3,2789,Naomi Osaka,2221,Elise Mertens,2789,6-3 3-6 7-5
182578,189-2026,US Open,"New York, USA",20260824,G,Round 3,3,0,2026-09-05T23:15Z,final,3,14311,Iva Jovic,7759,Alexandra Eala,14311,7-5 3-6 7-5
182530,189-2026,US Open,"New York, USA",20260824,G,Round 3,3,0,2026-09-06T01:05Z,final,3,13478,Yuliia Starodubtseva,3126,Elena Rybakina,3126,7-6(6) 6-3
185871,1076-2026,ATIK Antalya Open,"Antalya, Türkiye",20260906,A,Qualifying 1st Round,0,1,2026-09-06T08:05Z,final,3,17855,Rada Zolotareva,5133,Aneta Laboutkova,17855,7-6(2) 6-4
185866,1076-2026,ATIK Antalya Open,"Antalya, Türkiye",20260906,A,Qualifying 1st Round,0,1,2026-09-06T08:10Z,final,3,16202,Ilay Yoruk,2426,Sandra Samir,16202,6-0 6-4
185872,1076-2026,ATIK Antalya Open,"Antalya, Türkiye",20260906,A,Qualifying 1st Round,0,1,2026-09-06T08:15Z,final,3,10197,Ipek Oz,2669,Dalila Jakupovic,10197,6-2 6-0
185879,998-2026,Montreux Nestlé Open,"Montreux, Switzerland",20260906,A,Qualifying 1st Round,0,1,2026-09-06T09:05Z,final,3,14947,Amandine Monnot,6508,Lucie Nguyen Tan,6508,1-6 6-3 7-6(4)
185885,998-2026,Montreux Nestlé Open,"Montreux, Switzerland",20260906,A,Qualifying 1st Round,0,1,2026-09-06T09:05Z,final,3,3836,Jule Niemeier,8534,Lucija Ciric Bagaric,8534,7-6(8) 6-3
185867,1076-2026,ATIK Antalya Open,"Antalya, Türkiye",20260906,A,Qualifying 1st Round,0,1,2026-09-06T09:50Z,final,3,6687,Nastasja Schunk,18951,OZ Ceylin,6687,6-2 6-0
185869,1076-2026,ATIK Antalya Open,"Antalya, Türkiye",20260906,A,Qualifying 1st Round,0,1,2026-09-06T10:20Z,final,3,18950,Rositsa Dencheva,16130,Adelina Lacinova,18950,6-4 6-0
185873,1076-2026,ATIK Antalya Open,"Antalya, Türkiye",20260906,A,Qualifying 1st Round,0,1,2026-09-06T10:30Z,final,3,17107,Samira De Stefano,5292,Adrienn Nagy,17107,6-2 6-1
185868,1076-2026,ATIK Antalya Open,"Antalya, Türkiye",20260906,A,Qualifying 1st Round,0,1,2026-09-06T10:55Z,final,3,18952,Aya Akan,3518,Tena Lukas,3518,6-0 6-0
185880,998-2026,Montreux Nestlé Open,"Montreux, Switzerland",20260906,A,Qualifying 1st Round,0,1,2026-09-06T11:05Z,ret,3,3215,Tatiana Pieri,4700,Dalila Spiteri,4700,6-2 RET
185870,1076-2026,ATIK Antalya Open,"Antalya, Türkiye",20260906,A,Qualifying 1st Round,0,1,2026-09-06T11:55Z,final,3,17760,Denislava Glushkova,4263,Miriana Tona,4263,6-3 6-1
185878,998-2026,Montreux Nestlé Open,"Montreux, Switzerland",20260906,A,Qualifying 1st Round,0,1,2026-09-06T11:55Z,final,3,18954,Noelia Manta,11673,Madison Sieg,11673,3-6 6-4 6-3
185884,998-2026,Montreux Nestlé Open,"Montreux, Switzerland",20260906,A,Qualifying 1st Round,0,1,2026-09-06T12:05Z,final,3,2427,Deborah Chiesa,14631,Diana Martynov,2427,6-3 6-3
185881,998-2026,Montreux Nestlé Open,"Montreux, Switzerland",20260906,A,Qualifying 1st Round,0,1,2026-09-06T13:50Z,final,3,1374,Martina Trevisan,14907,Julia Stusek,1374,6-1 6-0
185883,998-2026,Montreux Nestlé Open,"Montreux, Switzerland",20260906,A,Qualifying 1st Round,0,1,2026-09-06T14:35Z,ret,3,18955,Elsa Bonelli,16394,Yelyzaveta Kotliar,18955,5-2 RET
185882,998-2026,Montreux Nestlé Open,"Montreux, Switzerland",20260906,A,Qualifying 1st Round,0,1,2026-09-06T15:35Z,final,3,8623,Lisa Zaar,18953,Katerina Tsygourova,18953,7-5 3-6 7-6(5)
182541,189-2026,US Open,"New York, USA",20260824,G,Round 4,4,0,2026-09-06T15:40Z,final,3,3038,Aryna Sabalenka,2114,Taylor Townsend,3038,6-4 6-3
182571,189-2026,US Open,"New York, USA",20260824,G,Round 4,4,0,2026-09-06T16:45Z,final,3,3382,Marta Kostyuk,6970,Linda Noskova,6970,7-5 5-7 6-4
182582,189-2026,US Open,"New York, USA",20260824,G,Round 4,4,0,2026-09-06T23:00Z,final,3,2113,Jessica Pegula,1774,Sorana Cirstea,2113,6-3 6-4
182588,189-2026,US Open,"New York, USA",20260824,G,Round 4,4,0,2026-09-07T01:30Z,final,3,2977,Anna Kalinskaya,3785,Emma Navarro,3785,6-4 6-2
185876,1076-2026,ATIK Antalya Open,"Antalya, Türkiye",20260906,A,Qualifying Final,0,1,2026-09-07T07:35Z,final,3,17855,Rada Zolotareva,10197,Ipek Oz,10197,6-7(5) 6-4 6-4
185877,1076-2026,ATIK Antalya Open,"Antalya, Türkiye",20260906,A,Qualifying Final,0,1,2026-09-07T07:35Z,final,3,6687,Nastasja Schunk,3518,Tena Lukas,6687,6-4 6-1
185874,1076-2026,ATIK Antalya Open,"Antalya, Türkiye",20260906,A,Qualifying Final,0,1,2026-09-07T07:40Z,final,3,17107,Samira De Stefano,16202,Ilay Yoruk,17107,6-1 6-0
183540,1076-2026,ATIK Antalya Open,"Antalya, Türkiye",20260906,A,Round 1,1,0,2026-09-07T09:00Z,final,3,17334,Radka Zelnickova,4926,Zhibek Kulambayeva,4926,6-4 6-4
185886,998-2026,Montreux Nestlé Open,"Montreux, Switzerland",20260906,A,Qualifying Final,0,1,2026-09-07T09:00Z,final,3,2427,Deborah Chiesa,8534,Lucija Ciric Bagaric,8534,3-6 6-2 6-2
185887,998-2026,Montreux Nestlé Open,"Montreux, Switzerland",20260906,A,Qualifying Final,0,1,2026-09-07T09:05Z,final,3,1374,Martina Trevisan,18955,Elsa Bonelli,1374,6-0 6-1
185888,998-2026,Montreux Nestlé Open,"Montreux, Switzerland",20260906,A,Qualifying Final,0,1,2026-09-07T09:05Z,final,3,6508,Lucie Nguyen Tan,4700,Dalila Spiteri,6508,4-6 6-4 6-2
185875,1076-2026,ATIK Antalya Open,"Antalya, Türkiye",20260906,A,Qualifying Final,0,1,2026-09-07T09:10Z,final,3,18950,Rositsa Dencheva,4263,Miriana Tona,18950,6-1 6-4
185889,998-2026,Montreux Nestlé Open,"Montreux, Switzerland",20260906,A,Qualifying Final,0,1,2026-09-07T10:25Z,final,3,18953,Katerina Tsygourova,11673,Madison Sieg,18953,6-2 6-3
183550,1076-2026,ATIK Antalya Open,"Antalya, Türkiye",20260906,A,Round 1,1,0,2026-09-07T10:50Z,final,3,3401,Sofya Lansere,5160,Aurora Zantedeschi,5160,6-2 6-2
183530,1076-2026,ATIK Antalya Open,"Antalya, Türkiye",20260906,A,Round 1,1,0,2026-09-07T11:05Z,final,3,4666,Lucia Bronzetti,4546,Irene Burillo,4546,3-6 6-3 6-4
183536,1076-2026,ATIK Antalya Open,"Antalya, Türkiye",20260906,A,Round 1,1,0,2026-09-07T11:05Z,final,3,13219,Mia Ristic,3031,Lina Gjorcheska,3031,6-1 6-3
183580,998-2026,Montreux Nestlé Open,"Montreux, Switzerland",20260906,A,Round 1,1,0,2026-09-07T11:25Z,final,3,6209,Anastasia Zolotareva,8068,Despina Papamichail,8068,6-7(3) 6-3 6-4
183581,998-2026,Montreux Nestlé Open,"Montreux, Switzerland",20260906,A,Round 1,1,0,2026-09-07T12:20Z,final,3,3034,Tamara Zidansek,15148,Tessa Johanna Brockmann,15148,4-6 7-6(4) 6-3
183538,1076-2026,ATIK Antalya Open,"Antalya, Türkiye",20260906,A,Round 1,1,0,2026-09-07T14:35Z,final,3,8681,Weronika Falkowska,9442,Elizara Yaneva,9442,6-1 1-6 7-6(4)
183595,998-2026,Montreux Nestlé Open,"Montreux, Switzerland",20260906,A,Round 1,1,0,2026-09-07T14:40Z,final,3,5352,Mina Hodzic,7150,Anastasiia Sobolieva,7150,6-2 4-6 7-5
182555,189-2026,US Open,"New York, USA",20260824,G,Round 4,4,0,2026-09-07T15:05Z,final,3,9820,Mirra Andreeva,2971,Anastasia Potapova,9820,5-7 6-4 6-3
185890,964-2026,Kia Open,"Barranquilla, Colombia",20260907,A,Qualifying Final,0,1,2026-09-07T15:05Z,final,3,440,Lizette Cabrera,13951,Anna Rogers,13951,4-6 6-1 6-2
185893,964-2026,Kia Open,"Barranquilla, Colombia",20260907,A,Qualifying Final,0,1,2026-09-07T15:10Z,final,3,14239,Ena Koike,17801,Laura Valentina Villamil Arias,14239,6-0 6-2
185891,964-2026,Kia Open,"Barranquilla, Colombia",20260907,A,Qualifying Final,0,1,2026-09-07T15:15Z,final,3,6061,Elsa Jacquemot,5196,Ekaterina Ovcharenko,6061,6-4 6-7(5) 6-1
183578,998-2026,Montreux Nestlé Open,"Montreux, Switzerland",20260906,A,Round 1,1,0,2026-09-07T15:30Z,final,3,5168,Nuria Brancaccio,13218,Francesca Curmi,5168,6-4 7-5
182562,189-2026,US Open,"New York, USA",20260824,G,Round 4,4,0,2026-09-07T15:40Z,final,3,3730,Iga Swiatek,6048,Zheng Qinwen,6048,7-5 6-3
185892,964-2026,Kia Open,"Barranquilla, Colombia",20260907,A,Qualifying Final,0,1,2026-09-07T16:30Z,final,3,10013,Carolina Alves,13874,Antonia Vergara Rivera,10013,6-2 6-4
183546,1076-2026,ATIK Antalya Open,"Antalya, Türkiye",20260906,A,Round 1,1,0,2026-09-07T17:10Z,final,3,3141,Berfu Cengiz,10676,Leyre Romero Gormaz,10676,6-7(8) 7-5 7-6(6)
183629,964-2026,Kia Open,"Barranquilla, Colombia",20260907,A,Round 1,1,0,2026-09-07T17:20Z,final,3,5626,Anastasia Tikhonova,6769,Darja Semenistaja,5626,6-4 4-6 7-5
183583,998-2026,Montreux Nestlé Open,"Montreux, Switzerland",20260906,A,Round 1,1,0,2026-09-07T17:40Z,final,3,18746,Denisa Zoldakova,7849,Noma Noha Akugue,7849,5-7 6-2 6-4
183620,964-2026,Kia Open,"Barranquilla, Colombia",20260907,A,Round 1,1,0,2026-09-07T18:25Z,final,3,2974,Kayla Day,5057,Suzan Lamens,2974,6-4 6-3
183623,964-2026,Kia Open,"Barranquilla, Colombia",20260907,A,Round 1,1,0,2026-09-07T19:10Z,final,3,7812,Katrina Scott,423,Varvara Lepchenko,423,7-6(1) 6-1
182527,189-2026,US Open,"New York, USA",20260824,G,Round 4,4,0,2026-09-07T20:10Z,final,3,2789,Naomi Osaka,3126,Elena Rybakina,3126,6-1 6-4
183619,964-2026,Kia Open,"Barranquilla, Colombia",20260907,A,Round 1,1,0,2026-09-07T22:45Z,final,3,17702,Vendula Valdmannova,17105,Carol Young Suh Lee,17105,6-3 7-6(5)
182557,189-2026,US Open,"New York, USA",20260824,G,Round 4,4,0,2026-09-07T23:10Z,final,3,14311,Iva Jovic,3626,Coco Gauff,3626,6-1 6-4
183632,964-2026,Kia Open,"Barranquilla, Colombia",20260907,A,Round 1,1,0,2026-09-07T23:50Z,final,3,2043,Nao Hibino,10236,Maria Camila Torres Murcia,2043,6-4 6-1
183617,964-2026,Kia Open,"Barranquilla, Colombia",20260907,A,Round 1,1,0,2026-09-08T01:20Z,final,3,15219,Julieta Pareja,440,Lizette Cabrera,15219,7-5 6-2
183531,1076-2026,ATIK Antalya Open,"Antalya, Türkiye",20260906,A,Round 1,1,0,2026-09-08T07:35Z,final,3,17826,Eva Bennemann,3889,Katarzyna Kawa,17826,6-2 7-5
183548,1076-2026,ATIK Antalya Open,"Antalya, Türkiye",20260906,A,Round 1,1,0,2026-09-08T07:35Z,final,3,18479,Julie Struplova,14955,Alevtina Ibragimova,14955,6-2 7-6(2)
183534,1076-2026,ATIK Antalya Open,"Antalya, Türkiye",20260906,A,Round 1,1,0,2026-09-08T07:40Z,final,3,3220,Maria Lourdes Carle,13369,Gina Feistel,3220,5-7 7-5 7-6(1)
183585,998-2026,Montreux Nestlé Open,"Montreux, Switzerland",20260906,A,Round 1,1,0,2026-09-08T09:05Z,final,3,6508,Lucie Nguyen Tan,16984,Alina Granwehr,16984,6-3 5-7 6-4
183587,998-2026,Montreux Nestlé Open,"Montreux, Switzerland",20260906,A,Round 1,1,0,2026-09-08T09:05Z,final,3,8534,Lucija Ciric Bagaric,6051,Gabriella Price,8534,7-6(5) 6-3
183597,998-2026,Montreux Nestlé Open,"Montreux, Switzerland",20260906,A,Round 1,1,0,2026-09-08T09:05Z,final,3,4291,Andrea Lazaro Garcia,4676,Angela Fita Boluda,4291,6-3 6-1
183553,1076-2026,ATIK Antalya Open,"Antalya, Türkiye",20260906,A,Round 1,1,0,2026-09-08T09:50Z,final,3,7815,Francesca Jones,10521,Raluka Serban,7815,6-4 6-3
183532,1076-2026,ATIK Antalya Open,"Antalya, Türkiye",20260906,A,Round 1,1,0,2026-09-08T10:10Z,final,3,17107,Samira De Stefano,11767,Eva Vedder,11767,6-2 6-4
183594,998-2026,Montreux Nestlé Open,"Montreux, Switzerland",20260906,A,Round 1,1,0,2026-09-08T10:50Z,final,3,7434,Lucie Havlickova,8410,Lola Radivojevic,7434,7-6(4) 6-1
183579,998-2026,Montreux Nestlé Open,"Montreux, Switzerland",20260906,A,Round 1,1,0,2026-09-08T11:20Z,final,3,18953,Katerina Tsygourova,3508,Clara Burel,3508,6-1 6-4
183535,1076-2026,ATIK Antalya Open,"Antalya, Türkiye",20260906,A,Round 1,1,0,2026-09-08T11:40Z,final,3,10197,Ipek Oz,18950,Rositsa Dencheva,18950,4-6 7-5 6-0
183542,1076-2026,ATIK Antalya Open,"Antalya, Türkiye",20260906,A,Round 1,1,0,2026-09-08T11:50Z,final,3,11603,Federica Urgesi,3568,Miriam Bulgaru,3568,1-6 6-3 7-5
183544,1076-2026,ATIK Antalya Open,"Antalya, Türkiye",20260906,A,Round 1,1,0,2026-09-08T12:00Z,final,3,14946,Elena Pridankina,6343,Ane Mintegi Del Olmo,6343,6-3 7-6(10)
183576,998-2026,Montreux Nestlé Open,"Montreux, Switzerland",20260906,A,Round 1,1,0,2026-09-08T12:00Z,final,3,5725,Valentina Ryser,2764,Dalma Galfi,2764,6-4 6-3
183592,998-2026,Montreux Nestlé Open,"Montreux, Switzerland",20260906,A,Round 1,1,0,2026-09-08T12:40Z,final,3,12957,Guiomar Maristany Zuleta De Reales,8690,Marina Bassols Ribera,12957,6-2 6-1
183589,998-2026,Montreux Nestlé Open,"Montreux, Switzerland",20260906,A,Round 1,1,0,2026-09-08T13:00Z,final,3,5161,Alice Tubello,7806,Barbora Palicova,7806,3-6 6-4 6-1
183591,998-2026,Montreux Nestlé Open,"Montreux, Switzerland",20260906,A,Round 1,1,0,2026-09-08T13:30Z,final,3,2387,Fiona Ferro,1913,Mona Barthel,2387,6-3 6-4
183533,1076-2026,ATIK Antalya Open,"Antalya, Türkiye",20260906,A,Round 1,1,0,2026-09-08T14:30Z,final,3,8318,Yasmine Kabbaj,1254,Cagla Buyukakcay,1254,2-6 6-4 6-2
183552,1076-2026,ATIK Antalya Open,"Antalya, Türkiye",20260906,A,Round 1,1,0,2026-09-08T14:50Z,final,3,6687,Nastasja Schunk,4629,Alicia Herrero Linana,4629,6-0 6-3
183577,998-2026,Montreux Nestlé Open,"Montreux, Switzerland",20260906,A,Round 1,1,0,2026-09-08T15:00Z,final,3,3388,Simona Waltert,2984,Rebeka Masarova,3388,7-6(4) 3-6 6-2
182533,189-2026,US Open,"New York, USA",20260824,G,Quarterfinal,10,0,2026-09-08T15:40Z,final,3,3038,Aryna Sabalenka,6970,Linda Noskova,3038,7-6(1) 3-6 7-6(7)
183593,998-2026,Montreux Nestlé Open,"Montreux, Switzerland",20260906,A,Round 1,1,0,2026-09-08T18:10Z,final,3,1374,Martina Trevisan,13529,Jennifer Ruggeri,1374,7-5 0-6 6-4
183615,964-2026,Kia Open,"Barranquilla, Colombia",20260907,A,Round 1,1,0,2026-09-08T18:35Z,final,3,14460,Kaitlin Quevedo,13951,Anna Rogers,14460,6-3 4-6 7-5
183618,964-2026,Kia Open,"Barranquilla, Colombia",20260907,A,Round 1,1,0,2026-09-08T18:35Z,final,3,4453,Leolia Jeanjean,10013,Carolina Alves,4453,6-2 7-6(3)
183614,964-2026,Kia Open,"Barranquilla, Colombia",20260907,A,Round 1,1,0,2026-09-08T18:40Z,final,3,2603,You Xiaodi,2980,Claire Liu,2980,7-5 6-0
183631,964-2026,Kia Open,"Barranquilla, Colombia",20260907,A,Round 1,1,0,2026-09-08T20:45Z,final,3,14239,Ena Koike,3256,Nadia Podoroska,3256,3-6 6-3 6-2
183625,964-2026,Kia Open,"Barranquilla, Colombia",20260907,A,Round 1,1,0,2026-09-08T20:55Z,final,3,11260,Cadence Brace,2929,Sara Sorribes Tormo,2929,6-2 4-6 6-4
183634,964-2026,Kia Open,"Barranquilla, Colombia",20260907,A,Round 1,1,0,2026-09-08T21:15Z,final,3,15625,Emanuela Lares,6061,Elsa Jacquemot,6061,6-0 6-0
183616,964-2026,Kia Open,"Barranquilla, Colombia",20260907,A,Round 1,1,0,2026-09-08T22:15Z,final,3,12586,Valentina Mediorreal Arias,2902,Anna Blinkova,2902,6-1 6-0
183637,964-2026,Kia Open,"Barranquilla, Colombia",20260907,A,Round 1,1,0,2026-09-08T23:35Z,final,3,3184,Emiliana Arango,10234,Maria Paulina Perez Garcia,3184,6-0 6-2
182535,189-2026,US Open,"New York, USA",20260824,G,Quarterfinal,10,0,2026-09-09T00:20Z,final,3,2113,Jessica Pegula,3785,Emma Navarro,2113,3-6 6-4 6-3
183627,964-2026,Kia Open,"Barranquilla, Colombia",20260907,A,Round 1,1,0,2026-09-09T00:25Z,final,3,7436,Dominika Salkova,5749,Julia Riera,5749,6-1 6-3
183636,964-2026,Kia Open,"Barranquilla, Colombia",20260907,A,Round 1,1,0,2026-09-09T01:05Z,final,3,5746,Jazmin Ortenzi,13479,Mary Stoiana,13479,6-3 6-2
183551,1076-2026,ATIK Antalya Open,"Antalya, Türkiye",20260906,A,Round 2,2,0,2026-09-09T08:35Z,final,3,3031,Lina Gjorcheska,5160,Aurora Zantedeschi,5160,4-6 6-3 6-1
183537,1076-2026,ATIK Antalya Open,"Antalya, Türkiye",20260906,A,Round 2,2,0,2026-09-09T09:05Z,final,3,4926,Zhibek Kulambayeva,9442,Elizara Yaneva,9442,6-3 3-6 6-4
183549,1076-2026,ATIK Antalya Open,"Antalya, Türkiye",20260906,A,Round 2,2,0,2026-09-09T12:05Z,final,3,14955,Alevtina Ibragimova,10676,Leyre Romero Gormaz,14955,7-5 6-1
183539,1076-2026,ATIK Antalya Open,"Antalya, Türkiye",20260906,A,Round 2,2,0,2026-09-09T12:40Z,final,3,4546,Irene Burillo,3568,Miriam Bulgaru,4546,4-6 6-3 6-2
183584,998-2026,Montreux Nestlé Open,"Montreux, Switzerland",20260906,A,Round 2,2,0,2026-09-09T13:15Z,final,3,15148,Tessa Johanna Brockmann,3508,Clara Burel,3508,6-4 6-1
183596,998-2026,Montreux Nestlé Open,"Montreux, Switzerland",20260906,A,Round 2,2,0,2026-09-09T13:15Z,final,3,4291,Andrea Lazaro Garcia,7150,Anastasiia Sobolieva,7150,6-0 6-3
183588,998-2026,Montreux Nestlé Open,"Montreux, Switzerland",20260906,A,Round 2,2,0,2026-09-09T14:45Z,final,3,5168,Nuria Brancaccio,2764,Dalma Galfi,2764,4-6 6-1 7-6(6)
182576,189-2026,US Open,"New York, USA",20260824,G,Quarterfinal,10,0,2026-09-09T15:40Z,final,3,6048,Zheng Qinwen,3126,Elena Rybakina,3126,3-6 6-1 6-4
183586,998-2026,Montreux Nestlé Open,"Montreux, Switzerland",20260906,A,Round 2,2,0,2026-09-09T17:20Z,final,3,16984,Alina Granwehr,7849,Noma Noha Akugue,7849,7-5 6-3
182573,189-2026,US Open,"New York, USA",20260824,G,Quarterfinal,10,0,2026-09-09T18:20Z,final,3,9820,Mirra Andreeva,3626,Coco Gauff,3626,2-6 7-6(7) 6-2
183621,964-2026,Kia Open,"Barranquilla, Colombia",20260907,A,Round 2,2,0,2026-09-09T20:05Z,final,3,423,Varvara Lepchenko,2980,Claire Liu,2980,6-3 6-3
183624,964-2026,Kia Open,"Barranquilla, Colombia",20260907,A,Round 2,2,0,2026-09-09T20:05Z,final,3,4453,Leolia Jeanjean,15219,Julieta Pareja,4453,7-6(5) 3-6 6-3
183633,964-2026,Kia Open,"Barranquilla, Colombia",20260907,A,Round 2,2,0,2026-09-09T20:05Z,final,3,2043,Nao Hibino,5626,Anastasia Tikhonova,5626,6-4 6-4
183635,964-2026,Kia Open,"Barranquilla, Colombia",20260907,A,Round 2,2,0,2026-09-09T21:50Z,final,3,2974,Kayla Day,6061,Elsa Jacquemot,6061,7-6(3) 6-2
183622,964-2026,Kia Open,"Barranquilla, Colombia",20260907,A,Round 2,2,0,2026-09-09T21:55Z,final,3,14460,Kaitlin Quevedo,2929,Sara Sorribes Tormo,14460,5-7 7-5 6-1
183626,964-2026,Kia Open,"Barranquilla, Colombia",20260907,A,Round 2,2,0,2026-09-09T23:35Z,final,3,3184,Emiliana Arango,17105,Carol Young Suh Lee,17105,7-6(5) 7-5
183630,964-2026,Kia Open,"Barranquilla, Colombia",20260907,A,Round 2,2,0,2026-09-10T00:30Z,final,3,5749,Julia Riera,13479,Mary Stoiana,5749,4-6 7-6(7) 6-3
183628,964-2026,Kia Open,"Barranquilla, Colombia",20260907,A,Round 2,2,0,2026-09-10T02:10Z,final,3,3256,Nadia Podoroska,2902,Anna Blinkova,2902,7-5 6-1
183543,1076-2026,ATIK Antalya Open,"Antalya, Türkiye",20260906,A,Round 2,2,0,2026-09-10T09:10Z,final,3,7815,Francesca Jones,18950,Rositsa Dencheva,18950,7-6(5) 5-7 6-4
183598,998-2026,Montreux Nestlé Open,"Montreux, Switzerland",20260906,A,Round 2,2,0,2026-09-10T09:50Z,wo,3,8534,Lucija Ciric Bagaric,7434,Lucie Havlickova,7434,
183599,998-2026,Montreux Nestlé Open,"Montreux, Switzerland",20260906,A,Round 2,2,0,2026-09-10T10:35Z,final,3,2387,Fiona Ferro,7806,Barbora Palicova,2387,6-4 6-4
183541,1076-2026,ATIK Antalya Open,"Antalya, Türkiye",20260906,A,Round 2,2,0,2026-09-10T12:05Z,final,3,3220,Maria Lourdes Carle,11767,Eva Vedder,3220,6-1 6-2
183547,1076-2026,ATIK Antalya Open,"Antalya, Türkiye",20260906,A,Round 2,2,0,2026-09-10T12:25Z,final,3,6343,Ane Mintegi Del Olmo,4629,Alicia Herrero Linana,4629,6-3 6-2
183582,998-2026,Montreux Nestlé Open,"Montreux, Switzerland",20260906,A,Round 2,2,0,2026-09-10T15:10Z,final,3,1374,Martina Trevisan,12957,Guiomar Maristany Zuleta De Reales,12957,6-2 4-6 7-6(4)
183545,1076-2026,ATIK Antalya Open,"Antalya, Türkiye",20260906,A,Round 2,2,0,2026-09-10T16:20Z,final,3,1254,Cagla Buyukakcay,17826,Eva Bennemann,17826,6-4 6-4
183590,998-2026,Montreux Nestlé Open,"Montreux, Switzerland",20260906,A,Round 2,2,0,2026-09-10T18:50Z,final,3,3388,Simona Waltert,8068,Despina Papamichail,3388,2-6 6-1 6-3
183639,964-2026,Kia Open,"Barranquilla, Colombia",20260907,A,Quarterfinal,10,0,2026-09-10T20:05Z,final,3,6061,Elsa Jacquemot,5626,Anastasia Tikhonova,6061,6-7(5) 6-1 6-1
183640,964-2026,Kia Open,"Barranquilla, Colombia",20260907,A,Quarterfinal,10,0,2026-09-10T20:05Z,final,3,14460,Kaitlin Quevedo,2980,Claire Liu,2980,7-5 6-1
183638,964-2026,Kia Open,"Barranquilla, Colombia",20260907,A,Quarterfinal,10,0,2026-09-10T21:55Z,final,3,17105,Carol Young Suh Lee,4453,Leolia Jeanjean,4453,6-1 7-6(4)
182553,189-2026,US Open,"New York, USA",20260824,G,Semifinal,11,0,2026-09-10T23:15Z,final,3,3038,Aryna Sabalenka,2113,Jessica Pegula,3038,7-5 6-2
183643,964-2026,Kia Open,"Barranquilla, Colombia",20260907,A,Quarterfinal,10,0,2026-09-11T00:05Z,final,3,5749,Julia Riera,2902,Anna Blinkova,2902,6-2 6-2
182551,189-2026,US Open,"New York, USA",20260824,G,Semifinal,11,0,2026-09-11T00:55Z,final,3,3626,Coco Gauff,3126,Elena Rybakina,3126,3-6 6-4 6-4
183602,998-2026,Montreux Nestlé Open,"Montreux, Switzerland",20260906,A,Quarterfinal,10,0,2026-09-11T10:05Z,final,3,7150,Anastasiia Sobolieva,7849,Noma Noha Akugue,7849,6-1 7-6(7)
183555,1076-2026,ATIK Antalya Open,"Antalya, Türkiye",20260906,A,Quarterfinal,10,0,2026-09-11T11:05Z,final,3,4546,Irene Burillo,9442,Elizara Yaneva,4546,6-2 1-6 6-4
183556,1076-2026,ATIK Antalya Open,"Antalya, Türkiye",20260906,A,Quarterfinal,10,0,2026-09-11T11:05Z,final,3,18950,Rositsa Dencheva,3220,Maria Lourdes Carle,18950,7-5 6-2
183601,998-2026,Montreux Nestlé Open,"Montreux, Switzerland",20260906,A,Quarterfinal,10,0,2026-09-11T12:10Z,final,3,3508,Clara Burel,12957,Guiomar Maristany Zuleta De Reales,12957,6-3 1-6 6-1
183554,1076-2026,ATIK Antalya Open,"Antalya, Türkiye",20260906,A,Quarterfinal,10,0,2026-09-11T13:15Z,final,3,5160,Aurora Zantedeschi,14955,Alevtina Ibragimova,14955,6-2 6-3
183603,998-2026,Montreux Nestlé Open,"Montreux, Switzerland",20260906,A,Quarterfinal,10,0,2026-09-11T14:30Z,final,3,2387,Fiona Ferro,7434,Lucie Havlickova,2387,6-4 6-0
183557,1076-2026,ATIK Antalya Open,"Antalya, Türkiye",20260906,A,Quarterfinal,10,0,2026-09-11T16:05Z,final,3,4629,Alicia Herrero Linana,17826,Eva Bennemann,4629,6-3 6-2
183600,998-2026,Montreux Nestlé Open,"Montreux, Switzerland",20260906,A,Quarterfinal,10,0,2026-09-11T16:05Z,final,3,3388,Simona Waltert,2764,Dalma Galfi,2764,6-2 6-2
183642,964-2026,Kia Open,"Barranquilla, Colombia",20260907,A,Semifinal,11,0,2026-09-11T21:05Z,final,3,4453,Leolia Jeanjean,2980,Claire Liu,2980,6-2 6-4
183641,964-2026,Kia Open,"Barranquilla, Colombia",20260907,A,Semifinal,11,0,2026-09-11T23:00Z,final,3,6061,Elsa Jacquemot,2902,Anna Blinkova,2902,6-1 7-6(5)
183559,1076-2026,ATIK Antalya Open,"Antalya, Türkiye",20260906,A,Semifinal,11,0,2026-09-12T10:05Z,final,3,18950,Rositsa Dencheva,4546,Irene Burillo,18950,4-6 6-4 6-4
183604,998-2026,Montreux Nestlé Open,"Montreux, Switzerland",20260906,A,Semifinal,11,0,2026-09-12T12:45Z,final,3,7849,Noma Noha Akugue,12957,Guiomar Maristany Zuleta De Reales,7849,7-6(2) 6-3
183558,1076-2026,ATIK Antalya Open,"Antalya, Türkiye",20260906,A,Semifinal,11,0,2026-09-12T12:50Z,final,3,14955,Alevtina Ibragimova,4629,Alicia Herrero Linana,14955,4-6 6-2 6-3
183605,998-2026,Montreux Nestlé Open,"Montreux, Switzerland",20260906,A,Semifinal,11,0,2026-09-12T14:50Z,final,3,2764,Dalma Galfi,2387,Fiona Ferro,2387,6-1 2-6 6-0
185906,887-2026,Guadalajara Open presentado por Santander,"Guadalajara, Mexico",20260912,A,Qualifying 1st Round,0,1,2026-09-12T16:05Z,final,3,18963,Sofiia Bielinska,2043,Nao Hibino,2043,6-4 6-1
185908,887-2026,Guadalajara Open presentado por Santander,"Guadalajara, Mexico",20260912,A,Qualifying 1st Round,0,1,2026-09-12T16:05Z,final,3,2777,Nadiia Kichenok,2298,Nicole Melichar-Martinez,2777,6-3 4-6 7-6(10)
185909,887-2026,Guadalajara Open presentado por Santander,"Guadalajara, Mexico",20260912,A,Qualifying 1st Round,0,1,2026-09-12T16:05Z,final,3,1455,Alexandra Panova,7812,Katrina Scott,7812,6-2 6-4
185907,887-2026,Guadalajara Open presentado por Santander,"Guadalajara, Mexico",20260912,A,Qualifying 1st Round,0,1,2026-09-12T17:35Z,final,3,2929,Sara Sorribes Tormo,14239,Ena Koike,2929,7-5 6-2
185910,887-2026,Guadalajara Open presentado por Santander,"Guadalajara, Mexico",20260912,A,Qualifying 1st Round,0,1,2026-09-12T17:35Z,final,3,10871,Mimi Xu,3436,Caroline Dolehide,3436,6-0 6-4
185900,1005-2026,SP Open,"São Paulo, Brazil",20260912,A,Qualifying 1st Round,0,1,2026-09-12T18:10Z,final,3,2603,You Xiaodi,15852,Luiza Fullana,2603,6-2 6-1
185912,887-2026,Guadalajara Open presentado por Santander,"Guadalajara, Mexico",20260912,A,Qualifying 1st Round,0,1,2026-09-12T18:30Z,final,3,5299,Carole Monnet,15208,Julia Garcia Ruiz,5299,7-5 6-2
185901,1005-2026,SP Open,"São Paulo, Brazil",20260912,A,Qualifying 1st Round,0,1,2026-09-12T18:35Z,final,3,2035,Victoria Bosio,440,Lizette Cabrera,2035,7-5 6-7(4) 6-3
185913,887-2026,Guadalajara Open presentado por Santander,"Guadalajara, Mexico",20260912,A,Qualifying 1st Round,0,1,2026-09-12T19:30Z,final,3,16685,Lea Ma,3001,Katarina Zavatska,16685,6-2 6-2
185898,1005-2026,SP Open,"São Paulo, Brazil",20260912,A,Qualifying 1st Round,0,1,2026-09-12T19:55Z,final,3,2441,Justina Mikulskyte,13874,Antonia Vergara Rivera,2441,6-2 6-3
185911,887-2026,Guadalajara Open presentado por Santander,"Guadalajara, Mexico",20260912,A,Qualifying 1st Round,0,1,2026-09-12T20:10Z,final,3,2403,Iryna Shymanovich,4224,Ana Sofia Sanchez,2403,7-5 6-2
182589,189-2026,US Open,"New York, USA",20260824,G,Final,13,0,2026-09-12T20:15Z,final,3,3038,Aryna Sabalenka,3126,Elena Rybakina,3126,6-4 5-7 6-2
185897,1005-2026,SP Open,"São Paulo, Brazil",20260912,A,Qualifying 1st Round,0,1,2026-09-12T21:10Z,final,3,15853,Ana Candiotto,11260,Cadence Brace,11260,6-3 6-4
183644,964-2026,Kia Open,"Barranquilla, Colombia",20260907,A,Final,13,0,2026-09-12T21:35Z,final,3,2980,Claire Liu,2902,Anna Blinkova,2980,6-0 2-6 7-5
185899,1005-2026,SP Open,"São Paulo, Brazil",20260912,A,Qualifying 1st Round,0,1,2026-09-12T21:35Z,final,3,2692,Chloe Paquet,3260,Martina Capurro Taborda,2692,7-5 1-6 6-2
185896,1005-2026,SP Open,"São Paulo, Brazil",20260912,A,Qualifying 1st Round,0,1,2026-09-12T22:50Z,final,3,17296,Hayu Kinoshita,2396,Victoria Rodriguez,17296,6-4 1-6 6-2
185894,1005-2026,SP Open,"São Paulo, Brazil",20260912,A,Qualifying 1st Round,0,1,2026-09-12T23:15Z,final,3,3406,Whitney Osuigwe,11971,Fernanda Labrana,3406,6-3 6-0
185895,1005-2026,SP Open,"São Paulo, Brazil",20260912,A,Qualifying 1st Round,0,1,2026-09-13T00:20Z,final,3,17299,Maria Urrutia,5626,Anastasia Tikhonova,5626,6-2 6-1
185989,1024-2026,Caldas da Rainha Ladies Open,"Caldas da Rainha, Portugal",20260913,A,Qualifying 1st Round,0,1,2026-09-13T09:05Z,final,3,4183,Ekaterina Yashina,18673,Kylie Collins,18673,6-2 6-2
185991,1024-2026,Caldas da Rainha Ladies Open,"Caldas da Rainha, Portugal",20260913,A,Qualifying 1st Round,0,1,2026-09-13T09:05Z,final,3,3490,Elena Malygina,18973,Giulia  Pereira De Aguiar,3490,6-0 6-2
185983,871-2026,BBVA Open Internacional De Valencia,"Valencia, Spain",20260913,A,Qualifying 1st Round,0,1,2026-09-13T10:10Z,ret,3,6687,Nastasja Schunk,4792,Ekaterina Kazionova,6687,6-2 1-5 RET
185984,871-2026,BBVA Open Internacional De Valencia,"Valencia, Spain",20260913,A,Qualifying 1st Round,0,1,2026-09-13T10:10Z,final,3,18969,Nuria Sarganella Verdu,2669,Dalila Jakupovic,2669,6-2 6-3
183560,1076-2026,ATIK Antalya Open,"Antalya, Türkiye",20260906,A,Final,13,0,2026-09-13T10:25Z,final,3,18950,Rositsa Dencheva,14955,Alevtina Ibragimova,18950,7-5 6-4
185996,1024-2026,Caldas da Rainha Ladies Open,"Caldas da Rainha, Portugal",20260913,A,Qualifying 1st Round,0,1,2026-09-13T10:25Z,final,3,16295,Angelina Voloshchuk,16692,Teresa Franco Dias,16295,6-2 6-3
185990,1024-2026,Caldas da Rainha Ladies Open,"Caldas da Rainha, Portugal",20260913,A,Qualifying 1st Round,0,1,2026-09-13T10:40Z,final,3,5261,Gabriella Da Silva Fick,18972,Stephanie Judith Visscher,5261,6-4 6-7(5) 6-3
185978,871-2026,BBVA Open Internacional De Valencia,"Valencia, Spain",20260913,A,Qualifying 1st Round,0,1,2026-09-13T11:45Z,final,3,3909,Jessica Pieri,16206,Ruth Roura Llaverias,16206,6-4 6-0
185979,871-2026,BBVA Open Internacional De Valencia,"Valencia, Spain",20260913,A,Qualifying 1st Round,0,1,2026-09-13T11:50Z,final,3,3518,Tena Lukas,11673,Madison Sieg,11673,6-3 6-4
183606,998-2026,Montreux Nestlé Open,"Montreux, Switzerland",20260906,A,Final,13,0,2026-09-13T12:05Z,final,3,2387,Fiona Ferro,7849,Noma Noha Akugue,2387,6-1 6-2
185995,1024-2026,Caldas da Rainha Ladies Open,"Caldas da Rainha, Portugal",20260913,A,Qualifying 1st Round,0,1,2026-09-13T12:05Z,final,3,3283,Georgina Garcia Perez,5803,Ariana Arseneault,5803,6-2 6-3
185980,871-2026,BBVA Open Internacional De Valencia,"Valencia, Spain",20260913,A,Qualifying 1st Round,0,1,2026-09-13T13:20Z,final,3,18968,Joelle Lilly Sophie Steur,16312,Neus Torner Sensano,18968,6-3 6-1
185994,1024-2026,Caldas da Rainha Ladies Open,"Caldas da Rainha, Portugal",20260913,A,Qualifying 1st Round,0,1,2026-09-13T13:20Z,final,3,5682,Margaux Rouvroy,18567,Sofia Johnson,18567,6-4 6-2
185992,1024-2026,Caldas da Rainha Ladies Open,"Caldas da Rainha, Portugal",20260913,A,Qualifying 1st Round,0,1,2026-09-13T13:25Z,final,3,2848,Oceane Dodin,6823,Reese Brantmeier,6823,6-4 5-7 6-4
185981,871-2026,BBVA Open Internacional De Valencia,"Valencia, Spain",20260913,A,Qualifying 1st Round,0,1,2026-09-13T13:45Z,final,3,11455,Diletta Cherubini,3070,Isabella Shinikova,11455,4-6 6-4 6-4
185993,1024-2026,Caldas da Rainha Ladies Open,"Caldas da Rainha, Portugal",20260913,A,Qualifying 1st Round,0,1,2026-09-13T15:00Z,final,3,4926,Zhibek Kulambayeva,16080,Malaika Rapolu,16080,6-3 6-2
185982,871-2026,BBVA Open Internacional De Valencia,"Valencia, Spain",20260913,A,Qualifying 1st Round,0,1,2026-09-13T15:25Z,final,3,15148,Tessa Johanna Brockmann,17869,Aran Teixido Garcia,17869,2-6 7-5 6-2
185977,871-2026,BBVA Open Internacional De Valencia,"Valencia, Spain",20260913,A,Qualifying 1st Round,0,1,2026-09-13T15:55Z,final,3,4700,Dalila Spiteri,6421,Mell Reasco Gonzalez,4700,6-4 0-6 6-1
185914,887-2026,Guadalajara Open presentado por Santander,"Guadalajara, Mexico",20260912,A,Qualifying Final,0,1,2026-09-13T16:05Z,final,3,2777,Nadiia Kichenok,2043,Nao Hibino,2043,6-1 6-2
185916,887-2026,Guadalajara Open presentado por Santander,"Guadalajara, Mexico",20260912,A,Qualifying Final,0,1,2026-09-13T16:05Z,final,3,2929,Sara Sorribes Tormo,3436,Caroline Dolehide,3436,4-6 6-3 7-6(5)
185917,887-2026,Guadalajara Open presentado por Santander,"Guadalajara, Mexico",20260912,A,Qualifying Final,0,1,2026-09-13T16:05Z,final,3,5299,Carole Monnet,7812,Katrina Scott,5299,7-6(6) 6-7(4) 6-2
185915,887-2026,Guadalajara Open presentado por Santander,"Guadalajara, Mexico",20260912,A,Qualifying Final,0,1,2026-09-13T17:25Z,ret,3,2403,Iryna Shymanovich,16685,Lea Ma,2403,7-6(1) 3-0 RET
185904,1005-2026,SP Open,"São Paulo, Brazil",20260912,A,Qualifying Final,0,1,2026-09-13T18:25Z,final,3,2441,Justina Mikulskyte,2692,Chloe Paquet,2692,6-3 6-4
185902,1005-2026,SP Open,"São Paulo, Brazil",20260912,A,Qualifying Final,0,1,2026-09-13T18:30Z,final,3,2603,You Xiaodi,2035,Victoria Bosio,2603,6-3 7-5
183797,887-2026,Guadalajara Open presentado por Santander,"Guadalajara, Mexico",20260912,A,Round 1,1,0,2026-09-13T19:05Z,final,3,5848,Peyton Stearns,3184,Emiliana Arango,5848,6-3 6-2
183785,887-2026,Guadalajara Open presentado por Santander,"Guadalajara, Mexico",20260912,A,Round 1,1,0,2026-09-13T19:20Z,final,3,5309,Alycia Parks,423,Varvara Lepchenko,5309,6-3 1-6 7-5
185905,1005-2026,SP Open,"São Paulo, Brazil",20260912,A,Qualifying Final,0,1,2026-09-13T20:10Z,final,3,3406,Whitney Osuigwe,5626,Anastasia Tikhonova,3406,6-2 6-2
185903,1005-2026,SP Open,"São Paulo, Brazil",20260912,A,Qualifying Final,0,1,2026-09-13T20:20Z,final,3,17296,Hayu Kinoshita,11260,Cadence Brace,11260,7-5 7-6(9)
183786,887-2026,Guadalajara Open presentado por Santander,"Guadalajara, Mexico",20260912,A,Round 1,1,0,2026-09-13T20:40Z,final,3,3000,Panna Udvardy,6403,Lois Boisson,3000,6-4 6-7(6) 6-2
183782,887-2026,Guadalajara Open presentado por Santander,"Guadalajara, Mexico",20260912,A,Round 1,1,0,2026-09-13T21:10Z,final,3,6488,Darja Vidmanova,6368,Janice Tjen,6368,7-6(6) 6-2
183787,887-2026,Guadalajara Open presentado por Santander,"Guadalajara, Mexico",20260912,A,Round 1,1,0,2026-09-13T23:25Z,final,3,3157,Cristina Bucsa,2979,Bianca Andreescu,3157,6-4 6-3
186003,786-2026,Zavarovalnica Triglav Ljubljana,"Ljubljana, Slovenia",20260914,A,Qualifying Final,0,1,2026-09-14T08:05Z,final,3,4458,Martina Colmegna,6051,Gabriella Price,4458,6-2 6-3
186004,786-2026,Zavarovalnica Triglav Ljubljana,"Ljubljana, Slovenia",20260914,A,Qualifying Final,0,1,2026-09-14T08:05Z,final,3,17334,Radka Zelnickova,16904,Kaja Najzer,17334,6-2 6-3
186001,786-2026,Zavarovalnica Triglav Ljubljana,"Ljubljana, Slovenia",20260914,A,Qualifying Final,0,1,2026-09-14T08:10Z,final,3,3520,Lea Boskovic,10521,Raluka Serban,3520,6-7(6) 7-6(5) 6-2
185987,871-2026,BBVA Open Internacional De Valencia,"Valencia, Spain",20260913,A,Qualifying Final,0,1,2026-09-14T09:05Z,final,3,16206,Ruth Roura Llaverias,11673,Madison Sieg,11673,7-5 6-2
185988,871-2026,BBVA Open Internacional De Valencia,"Valencia, Spain",20260913,A,Qualifying Final,0,1,2026-09-14T09:05Z,final,3,6687,Nastasja Schunk,2669,Dalila Jakupovic,6687,7-6(3) 7-5
185998,1024-2026,Caldas da Rainha Ladies Open,"Caldas da Rainha, Portugal",20260913,A,Qualifying Final,0,1,2026-09-14T09:05Z,final,3,16295,Angelina Voloshchuk,5803,Ariana Arseneault,16295,6-2 6-4
186000,1024-2026,Caldas da Rainha Ladies Open,"Caldas da Rainha, Portugal",20260913,A,Qualifying Final,0,1,2026-09-14T09:05Z,final,3,3490,Elena Malygina,5261,Gabriella Da Silva Fick,3490,7-6(2) 6-3
183671,786-2026,Zavarovalnica Triglav Ljubljana,"Ljubljana, Slovenia",20260914,A,Round 1,1,0,2026-09-14T09:35Z,final,3,1095,Polona Hercog,18479,Julie Struplova,18479,7-6(5) 6-2
183673,786-2026,Zavarovalnica Triglav Ljubljana,"Ljubljana, Slovenia",20260914,A,Round 1,1,0,2026-09-14T09:55Z,final,3,8410,Lola Radivojevic,17102,Noemi Basiletti,17102,7-6(7) 6-4
185985,871-2026,BBVA Open Internacional De Valencia,"Valencia, Spain",20260913,A,Qualifying Final,0,1,2026-09-14T11:05Z,final,3,17869,Aran Teixido Garcia,11455,Diletta Cherubini,17869,6-4 6-0
185999,1024-2026,Caldas da Rainha Ladies Open,"Caldas da Rainha, Portugal",20260913,A,Qualifying Final,0,1,2026-09-14T11:05Z,final,3,18567,Sofia Johnson,16080,Malaika Rapolu,16080,6-0 6-2
185997,1024-2026,Caldas da Rainha Ladies Open,"Caldas da Rainha, Portugal",20260913,A,Qualifying Final,0,1,2026-09-14T11:10Z,final,3,6823,Reese Brantmeier,18673,Kylie Collins,18673,7-5 6-3
185986,871-2026,BBVA Open Internacional De Valencia,"Valencia, Spain",20260913,A,Qualifying Final,0,1,2026-09-14T11:20Z,final,3,18968,Joelle Lilly Sophie Steur,4700,Dalila Spiteri,18968,6-1 7-6(0)
183657,786-2026,Zavarovalnica Triglav Ljubljana,"Ljubljana, Slovenia",20260914,A,Round 1,1,0,2026-09-14T11:40Z,final,3,7806,Barbora Palicova,13369,Gina Feistel,7806,7-5 6-1
186002,786-2026,Zavarovalnica Triglav Ljubljana,"Ljubljana, Slovenia",20260914,A,Qualifying Final,0,1,2026-09-14T11:50Z,final,3,2427,Deborah Chiesa,8534,Lucija Ciric Bagaric,8534,4-6 6-4 6-2
183655,786-2026,Zavarovalnica Triglav Ljubljana,"Ljubljana, Slovenia",20260914,A,Round 1,1,0,2026-09-14T12:05Z,final,3,810,Arantxa Rus,17107,Samira De Stefano,17107,1-6 6-3 6-3
183745,871-2026,BBVA Open Internacional De Valencia,"Valencia, Spain",20260913,A,Round 1,1,0,2026-09-14T12:35Z,final,3,3889,Katarzyna Kawa,17822,Maria Garcia Cid,17822,6-3 6-3
183708,1024-2026,Caldas da Rainha Ladies Open,"Caldas da Rainha, Portugal",20260913,A,Round 1,1,0,2026-09-14T13:10Z,final,3,17106,Mariia Nozdrachova,8614,Kayla Cross,8614,6-1 6-0
183713,1024-2026,Caldas da Rainha Ladies Open,"Caldas da Rainha, Portugal",20260913,A,Round 1,1,0,2026-09-14T13:10Z,final,3,15755,Jeline Vandromme,18481,Carla Tomai,15755,6-0 6-0
183664,786-2026,Zavarovalnica Triglav Ljubljana,"Ljubljana, Slovenia",20260914,A,Round 1,1,0,2026-09-14T13:55Z,final,3,3568,Miriam Bulgaru,3031,Lina Gjorcheska,3568,6-4 1-6 6-2
183705,1024-2026,Caldas da Rainha Ladies Open,"Caldas da Rainha, Portugal",20260913,A,Round 1,1,0,2026-09-14T14:00Z,final,3,18483,Sana Garakani,8411,Lisa Pigato,8411,6-0 6-1
183665,786-2026,Zavarovalnica Triglav Ljubljana,"Ljubljana, Slovenia",20260914,A,Round 1,1,0,2026-09-14T14:20Z,final,3,13046,Giorgia Pedone,18746,Denisa Zoldakova,18746,6-1 6-1
183757,871-2026,BBVA Open Internacional De Valencia,"Valencia, Spain",20260913,A,Round 1,1,0,2026-09-14T14:20Z,final,3,4291,Andrea Lazaro Garcia,5607,Carlota Martinez Cirez,4291,6-2 6-2
183752,871-2026,BBVA Open Internacional De Valencia,"Valencia, Spain",20260913,A,Round 1,1,0,2026-09-14T14:40Z,final,3,5168,Nuria Brancaccio,8068,Despina Papamichail,8068,6-3 6-4
183704,1024-2026,Caldas da Rainha Ladies Open,"Caldas da Rainha, Portugal",20260913,A,Round 1,1,0,2026-09-14T16:05Z,final,3,7438,Erika Andreeva,2736,Viktoria Hruncakova,2736,6-7(4) 6-4 6-4
183758,871-2026,BBVA Open Internacional De Valencia,"Valencia, Spain",20260913,A,Round 1,1,0,2026-09-14T16:10Z,final,3,17826,Eva Bennemann,8690,Marina Bassols Ribera,8690,6-4 6-2
183749,871-2026,BBVA Open Internacional De Valencia,"Valencia, Spain",20260913,A,Round 1,1,0,2026-09-14T16:35Z,final,3,13218,Francesca Curmi,5878,Veronika Erjavec,13218,6-1 2-6 6-2
183792,887-2026,Guadalajara Open presentado por Santander,"Guadalajara, Mexico",20260912,A,Round 1,1,0,2026-09-14T18:10Z,final,3,5937,Elvina Kalieva,2974,Kayla Day,2974,7-6(9) 6-4
183702,1024-2026,Caldas da Rainha Ladies Open,"Caldas da Rainha, Portugal",20260913,A,Round 1,1,0,2026-09-14T18:50Z,final,3,7797,Sinja Kraus,16296,Mia Pohankova,16296,6-1 6-1
183796,887-2026,Guadalajara Open presentado por Santander,"Guadalajara, Mexico",20260912,A,Round 1,1,0,2026-09-14T19:05Z,final,3,5299,Carole Monnet,1472,Sloane Stephens,1472,6-4 7-6(5)
183794,887-2026,Guadalajara Open presentado por Santander,"Guadalajara, Mexico",20260912,A,Round 1,1,0,2026-09-14T21:05Z,final,3,2346,Tatjana Maria,2114,Taylor Townsend,2114,6-7(0) 6-3 6-2
183793,887-2026,Guadalajara Open presentado por Santander,"Guadalajara, Mexico",20260912,A,Round 1,1,0,2026-09-14T21:10Z,final,3,2751,Renata Zarazua,3436,Caroline Dolehide,3436,6-1 3-6 6-3
183791,887-2026,Guadalajara Open presentado por Santander,"Guadalajara, Mexico",20260912,A,Round 1,1,0,2026-09-14T23:15Z,final,3,5604,Zeynep Sonmez,2403,Iryna Shymanovich,5604,6-1 6-1
183795,887-2026,Guadalajara Open presentado por Santander,"Guadalajara, Mexico",20260912,A,Round 1,1,0,2026-09-14T23:40Z,final,3,2672,Magdalena Frech,2043,Nao Hibino,2672,6-1 6-4
183790,887-2026,Guadalajara Open presentado por Santander,"Guadalajara, Mexico",20260912,A,Round 1,1,0,2026-09-15T00:35Z,final,3,6061,Elsa Jacquemot,3840,Liudmila Samsonova,3840,7-6(6) 6-2
183666,786-2026,Zavarovalnica Triglav Ljubljana,"Ljubljana, Slovenia",20260914,A,Round 1,1,0,2026-09-15T08:05Z,final,3,1913,Mona Barthel,17334,Radka Zelnickova,1913,6-0 6-4
183667,786-2026,Zavarovalnica Triglav Ljubljana,"Ljubljana, Slovenia",20260914,A,Round 1,1,0,2026-09-15T08:05Z,final,3,7150,Anastasiia Sobolieva,3520,Lea Boskovic,7150,6-2 7-5
183755,871-2026,BBVA Open Internacional De Valencia,"Valencia, Spain",20260913,A,Round 1,1,0,2026-09-15T08:05Z,final,3,6343,Ane Mintegi Del Olmo,14607,Ariana Geerlings,6343,6-1 6-4
183670,786-2026,Zavarovalnica Triglav Ljubljana,"Ljubljana, Slovenia",20260914,A,Round 1,1,0,2026-09-15T08:10Z,final,3,7434,Lucie Havlickova,5160,Aurora Zantedeschi,7434,6-2 6-3
183750,871-2026,BBVA Open Internacional De Valencia,"Valencia, Spain",20260913,A,Round 1,1,0,2026-09-15T08:10Z,final,3,3508,Clara Burel,17869,Aran Teixido Garcia,3508,7-6(3) 6-0
183699,1024-2026,Caldas da Rainha Ladies Open,"Caldas da Rainha, Portugal",20260913,A,Round 1,1,0,2026-09-15T09:05Z,final,3,13530,Aoi Ito,13314,Gabriela Knutson,13314,7-6(4) 6-2
183706,1024-2026,Caldas da Rainha Ladies Open,"Caldas da Rainha, Portugal",20260913,A,Round 1,1,0,2026-09-15T09:05Z,final,3,7849,Noma Noha Akugue,15775,Ayana Akli,7849,6-3 6-0
183674,786-2026,Zavarovalnica Triglav Ljubljana,"Ljubljana, Slovenia",20260914,A,Round 1,1,0,2026-09-15T09:15Z,final,3,8534,Lucija Ciric Bagaric,15069,Laura Samson,15069,6-3 6-2
183754,871-2026,BBVA Open Internacional De Valencia,"Valencia, Spain",20260913,A,Round 1,1,0,2026-09-15T09:45Z,final,3,4629,Alicia Herrero Linana,10678,Lucia Cortez Llorca,4629,2-6 7-5 7-5
183753,871-2026,BBVA Open Internacional De Valencia,"Valencia, Spain",20260913,A,Round 1,1,0,2026-09-15T10:00Z,final,3,13529,Jennifer Ruggeri,11767,Eva Vedder,13529,5-7 7-6(9) 6-1
183661,786-2026,Zavarovalnica Triglav Ljubljana,"Ljubljana, Slovenia",20260914,A,Round 1,1,0,2026-09-15T10:10Z,final,3,4458,Martina Colmegna,13219,Mia Ristic,13219,7-5 7-6(3)
183663,786-2026,Zavarovalnica Triglav Ljubljana,"Ljubljana, Slovenia",20260914,A,Round 1,1,0,2026-09-15T10:15Z,final,3,7815,Francesca Jones,15354,Alja Senica,7815,5-7 6-3 6-3
183707,1024-2026,Caldas da Rainha Ladies Open,"Caldas da Rainha, Portugal",20260913,A,Round 1,1,0,2026-09-15T10:15Z,final,3,2760,Katherine Sebov,7778,Victoria Jimenez Kasintseva,7778,6-4 6-1
183659,786-2026,Zavarovalnica Triglav Ljubljana,"Ljubljana, Slovenia",20260914,A,Round 1,1,0,2026-09-15T10:50Z,final,3,3220,Maria Lourdes Carle,2282,Ekaterine Gorgodze,2282,7-5 6-7(2) 6-4
183710,1024-2026,Caldas da Rainha Ladies Open,"Caldas da Rainha, Portugal",20260913,A,Round 1,1,0,2026-09-15T10:50Z,final,3,18673,Kylie Collins,5803,Ariana Arseneault,18673,6-7(7) 6-1 6-3
183701,1024-2026,Caldas da Rainha Ladies Open,"Caldas da Rainha, Portugal",20260913,A,Round 1,1,0,2026-09-15T12:05Z,final,3,4384,Caroline Werner,16080,Malaika Rapolu,16080,6-2 6-4
183653,786-2026,Zavarovalnica Triglav Ljubljana,"Ljubljana, Slovenia",20260914,A,Round 1,1,0,2026-09-15T12:30Z,final,3,5161,Alice Tubello,16906,Vivian Wolff,5161,6-4 6-3
183744,871-2026,BBVA Open Internacional De Valencia,"Valencia, Spain",20260913,A,Round 1,1,0,2026-09-15T13:00Z,final,3,6571,Oksana Selekhmeteva,6687,Nastasja Schunk,6687,7-5 6-4
183700,1024-2026,Caldas da Rainha Ladies Open,"Caldas da Rainha, Portugal",20260913,A,Round 1,1,0,2026-09-15T13:05Z,final,3,8560,Elena Micic,12958,Anouk Koevermans,12958,6-2 6-7(8) 6-3
183756,871-2026,BBVA Open Internacional De Valencia,"Valencia, Spain",20260913,A,Round 1,1,0,2026-09-15T13:05Z,final,3,11673,Madison Sieg,4546,Irene Burillo,4546,7-6(0) 6-4
183662,786-2026,Zavarovalnica Triglav Ljubljana,"Ljubljana, Slovenia",20260914,A,Round 1,1,0,2026-09-15T13:10Z,final,3,8681,Weronika Falkowska,16776,Kristina Novak,8681,2-6 7-6(7) 6-2
183709,1024-2026,Caldas da Rainha Ladies Open,"Caldas da Rainha, Portugal",20260913,A,Round 1,1,0,2026-09-15T13:35Z,final,3,3487,Francisca Jorge,12315,Gao Xinyu,3487,6-3 6-3
183831,1005-2026,SP Open,"São Paulo, Brazil",20260912,A,Round 1,1,0,2026-09-15T13:35Z,final,3,6769,Darja Semenistaja,17296,Hayu Kinoshita,6769,7-5 6-4
183834,1005-2026,SP Open,"São Paulo, Brazil",20260912,A,Round 1,1,0,2026-09-15T13:35Z,final,3,16002,Teodora Kostovic,17008,Victoria Luiza Barros,16002,6-2 6-4
183847,1005-2026,SP Open,"São Paulo, Brazil",20260912,A,Round 1,1,0,2026-09-15T13:45Z,final,3,8067,Lucrezia Stefanini,3256,Nadia Podoroska,3256,6-3 6-4
183652,786-2026,Zavarovalnica Triglav Ljubljana,"Ljubljana, Slovenia",20260914,A,Round 1,1,0,2026-09-15T14:00Z,final,3,7070,Pia Lovric,2764,Dalma Galfi,2764,6-4 6-1
183751,871-2026,BBVA Open Internacional De Valencia,"Valencia, Spain",20260913,A,Round 1,1,0,2026-09-15T15:05Z,final,3,10676,Leyre Romero Gormaz,1374,Martina Trevisan,1374,1-6 6-2 6-4
183712,1024-2026,Caldas da Rainha Ladies Open,"Caldas da Rainha, Portugal",20260913,A,Round 1,1,0,2026-09-15T15:25Z,final,3,14578,Matilde Jorge,7816,Anastasia Gasanova,14578,6-1 2-6 6-4
183746,871-2026,BBVA Open Internacional De Valencia,"Valencia, Spain",20260913,A,Round 1,1,0,2026-09-15T15:30Z,final,3,5352,Mina Hodzic,2984,Rebeka Masarova,2984,7-5 7-6(4)
183838,1005-2026,SP Open,"São Paulo, Brazil",20260912,A,Round 1,1,0,2026-09-15T15:40Z,final,3,5749,Julia Riera,5868,Elina Avanesyan,5868,6-2 6-4
183711,1024-2026,Caldas da Rainha Ladies Open,"Caldas da Rainha, Portugal",20260913,A,Round 1,1,0,2026-09-15T16:05Z,final,3,3185,Ayla Aksu,3490,Elena Malygina,3490,4-6 7-5 7-5
183748,871-2026,BBVA Open Internacional De Valencia,"Valencia, Spain",20260913,A,Round 1,1,0,2026-09-15T17:20Z,final,3,4676,Angela Fita Boluda,8318,Yasmine Kabbaj,8318,6-2 6-1
183747,871-2026,BBVA Open Internacional De Valencia,"Valencia, Spain",20260913,A,Round 1,1,0,2026-09-15T18:15Z,final,3,18968,Joelle Lilly Sophie Steur,12970,Charo Esquiva Banuls,18968,6-1 6-3
183703,1024-2026,Caldas da Rainha Ladies Open,"Caldas da Rainha, Portugal",20260913,A,Round 1,1,0,2026-09-15T18:20Z,final,3,4438,Kajsa Rinaldo Persson,16295,Angelina Voloshchuk,4438,6-3 7-5
183698,1024-2026,Caldas da Rainha Ladies Open,"Caldas da Rainha, Portugal",20260913,A,Round 1,1,0,2026-09-15T19:00Z,final,3,4104,Susan Bandecchi,18480,Maria Martinez Vaquero,4104,6-4 7-5
183759,871-2026,BBVA Open Internacional De Valencia,"Valencia, Spain",20260913,A,Round 1,1,0,2026-09-15T19:00Z,final,3,3141,Berfu Cengiz,12957,Guiomar Maristany Zuleta De Reales,12957,7-5 7-5
183802,887-2026,Guadalajara Open presentado por Santander,"Guadalajara, Mexico",20260912,A,Round 2,2,0,2026-09-15T19:05Z,final,3,3157,Cristina Bucsa,3000,Panna Udvardy,3157,6-4 6-4
183801,887-2026,Guadalajara Open presentado por Santander,"Guadalajara, Mexico",20260912,A,Round 2,2,0,2026-09-15T20:50Z,final,3,5309,Alycia Parks,7819,Sara Bejlek,7819,6-4 6-3
183798,887-2026,Guadalajara Open presentado por Santander,"Guadalajara, Mexico",20260912,A,Round 2,2,0,2026-09-15T23:20Z,final,3,3332,Diane Parry,5848,Peyton Stearns,5848,6-2 7-5
183803,887-2026,Guadalajara Open presentado por Santander,"Guadalajara, Mexico",20260912,A,Round 2,2,0,2026-09-16T01:15Z,final,3,1472,Sloane Stephens,6368,Janice Tjen,1472,7-6(4) 7-6(3)
183656,786-2026,Zavarovalnica Triglav Ljubljana,"Ljubljana, Slovenia",20260914,A,Round 2,2,0,2026-09-16T08:05Z,final,3,7806,Barbora Palicova,17107,Samira De Stefano,17107,6-1 7-5
183660,786-2026,Zavarovalnica Triglav Ljubljana,"Ljubljana, Slovenia",20260914,A,Round 2,2,0,2026-09-16T08:05Z,final,3,17102,Noemi Basiletti,18479,Julie Struplova,17102,6-2 6-3
183669,786-2026,Zavarovalnica Triglav Ljubljana,"Ljubljana, Slovenia",20260914,A,Round 2,2,0,2026-09-16T08:05Z,final,3,7150,Anastasiia Sobolieva,18746,Denisa Zoldakova,7150,7-5 6-4
183762,871-2026,BBVA Open Internacional De Valencia,"Valencia, Spain",20260913,A,Round 2,2,0,2026-09-16T09:10Z,final,3,13529,Jennifer Ruggeri,8068,Despina Papamichail,8068,6-1 6-7(4) 7-5
183658,786-2026,Zavarovalnica Triglav Ljubljana,"Ljubljana, Slovenia",20260914,A,Round 2,2,0,2026-09-16T10:00Z,final,3,7434,Lucie Havlickova,2282,Ekaterine Gorgodze,2282,7-6(4) 1-6 6-3
183668,786-2026,Zavarovalnica Triglav Ljubljana,"Ljubljana, Slovenia",20260914,A,Round 2,2,0,2026-09-16T10:10Z,final,3,8681,Weronika Falkowska,15069,Laura Samson,15069,6-7(6) 6-0 6-3
183672,786-2026,Zavarovalnica Triglav Ljubljana,"Ljubljana, Slovenia",20260914,A,Round 2,2,0,2026-09-16T10:15Z,final,3,7815,Francesca Jones,1913,Mona Barthel,1913,6-0 6-4
183761,871-2026,BBVA Open Internacional De Valencia,"Valencia, Spain",20260913,A,Round 2,2,0,2026-09-16T10:30Z,wo,3,1374,Martina Trevisan,3508,Clara Burel,3508,
183717,1024-2026,Caldas da Rainha Ladies Open,"Caldas da Rainha, Portugal",20260913,A,Round 2,2,0,2026-09-16T10:35Z,final,3,16296,Mia Pohankova,14578,Matilde Jorge,16296,6-4 6-1
183763,871-2026,BBVA Open Internacional De Valencia,"Valencia, Spain",20260913,A,Round 2,2,0,2026-09-16T11:20Z,final,3,17822,Maria Garcia Cid,8318,Yasmine Kabbaj,8318,4-6 6-4 6-3
183675,786-2026,Zavarovalnica Triglav Ljubljana,"Ljubljana, Slovenia",20260914,A,Round 2,2,0,2026-09-16T11:35Z,final,3,3568,Miriam Bulgaru,13219,Mia Ristic,13219,6-3 6-3
183654,786-2026,Zavarovalnica Triglav Ljubljana,"Ljubljana, Slovenia",20260914,A,Round 2,2,0,2026-09-16T13:00Z,final,3,5161,Alice Tubello,2764,Dalma Galfi,5161,6-3 6-4
183765,871-2026,BBVA Open Internacional De Valencia,"Valencia, Spain",20260913,A,Round 2,2,0,2026-09-16T13:05Z,final,3,18968,Joelle Lilly Sophie Steur,13218,Francesca Curmi,18968,6-7(6) 6-3 6-4
183718,1024-2026,Caldas da Rainha Ladies Open,"Caldas da Rainha, Portugal",20260913,A,Round 2,2,0,2026-09-16T13:35Z,final,3,4104,Susan Bandecchi,2736,Viktoria Hruncakova,4104,6-3 6-2
183844,1005-2026,SP Open,"São Paulo, Brazil",20260912,A,Round 1,1,0,2026-09-16T14:05Z,final,3,5626,Anastasia Tikhonova,14460,Kaitlin Quevedo,14460,6-0 6-2
183846,1005-2026,SP Open,"São Paulo, Brazil",20260912,A,Round 1,1,0,2026-09-16T14:05Z,final,3,5057,Suzan Lamens,10013,Carolina Alves,5057,3-6 7-6(2) 6-2
183851,1005-2026,SP Open,"São Paulo, Brazil",20260912,A,Round 1,1,0,2026-09-16T14:05Z,final,3,6059,Jessica Bouzas Maneiro,7436,Dominika Salkova,7436,7-5 6-1
183766,871-2026,BBVA Open Internacional De Valencia,"Valencia, Spain",20260913,A,Round 2,2,0,2026-09-16T14:35Z,final,3,4291,Andrea Lazaro Garcia,6343,Ane Mintegi Del Olmo,4291,7-6(2) 6-3
183720,1024-2026,Caldas da Rainha Ladies Open,"Caldas da Rainha, Portugal",20260913,A,Round 2,2,0,2026-09-16T14:55Z,final,3,4438,Kajsa Rinaldo Persson,8411,Lisa Pigato,8411,6-2 2-6 6-4
183842,1005-2026,SP Open,"São Paulo, Brazil",20260912,A,Round 1,1,0,2026-09-16T15:30Z,final,3,2902,Anna Blinkova,17105,Carol Young Suh Lee,2902,6-1 6-3
183850,1005-2026,SP Open,"São Paulo, Brazil",20260912,A,Round 1,1,0,2026-09-16T15:45Z,final,3,13479,Mary Stoiana,2980,Claire Liu,13479,6-3 7-5
183832,1005-2026,SP Open,"São Paulo, Brazil",20260912,A,Round 1,1,0,2026-09-16T16:35Z,final,3,17009,Nauhany Vitoria Leme Da Silva,3476,Astra Sharma,17009,5-7 6-4 7-5
183849,1005-2026,SP Open,"São Paulo, Brazil",20260912,A,Round 1,1,0,2026-09-16T17:05Z,final,3,2603,You Xiaodi,6570,Alina Charaeva,6570,3-6 7-6(5) 6-3
183840,1005-2026,SP Open,"São Paulo, Brazil",20260912,A,Round 1,1,0,2026-09-16T17:55Z,final,3,11260,Cadence Brace,6500,Solana Sierra,6500,6-4 3-6 6-1
183855,1005-2026,SP Open,"São Paulo, Brazil",20260912,A,Round 1,1,0,2026-09-16T18:05Z,final,3,5746,Jazmin Ortenzi,2692,Chloe Paquet,5746,6-3 6-2
183800,887-2026,Guadalajara Open presentado por Santander,"Guadalajara, Mexico",20260912,A,Round 2,2,0,2026-09-16T19:05Z,final,3,2672,Magdalena Frech,3436,Caroline Dolehide,2672,6-4 6-3
183848,1005-2026,SP Open,"São Paulo, Brazil",20260912,A,Round 1,1,0,2026-09-16T19:20Z,final,3,5260,Eva Lys,2527,Gabriela Ce,5260,6-1 5-7 7-5
183853,1005-2026,SP Open,"São Paulo, Brazil",20260912,A,Round 2,2,0,2026-09-16T19:50Z,final,3,6769,Darja Semenistaja,16002,Teodora Kostovic,16002,6-4 6-1
183839,1005-2026,SP Open,"São Paulo, Brazil",20260912,A,Round 1,1,0,2026-09-16T20:15Z,final,3,17702,Vendula Valdmannova,2177,Laura Pigossi,17702,2-6 6-1 6-1
183804,887-2026,Guadalajara Open presentado por Santander,"Guadalajara, Mexico",20260912,A,Round 2,2,0,2026-09-16T20:55Z,final,3,5604,Zeynep Sonmez,14311,Iva Jovic,14311,7-6(5) 6-4
183854,1005-2026,SP Open,"São Paulo, Brazil",20260912,A,Round 1,1,0,2026-09-16T22:50Z,final,3,2441,Justina Mikulskyte,2731,Paula Badosa,2731,6-3 6-2
183805,887-2026,Guadalajara Open presentado por Santander,"Guadalajara, Mexico",20260912,A,Round 2,2,0,2026-09-16T23:00Z,wo,3,3382,Marta Kostyuk,2114,Taylor Townsend,3382,
183799,887-2026,Guadalajara Open presentado por Santander,"Guadalajara, Mexico",20260912,A,Round 2,2,0,2026-09-17T00:40Z,final,3,2974,Kayla Day,3840,Liudmila Samsonova,3840,7-6(4) 2-6 7-6(5)
183716,1024-2026,Caldas da Rainha Ladies Open,"Caldas da Rainha, Portugal",20260913,A,Round 2,2,0,2026-09-17T04:00Z,wo,3,18673,Kylie Collins,8614,Kayla Cross,18673,
183719,1024-2026,Caldas da Rainha Ladies Open,"Caldas da Rainha, Portugal",20260913,A,Round 2,2,0,2026-09-17T11:05Z,final,3,15755,Jeline Vandromme,3490,Elena Malygina,15755,6-3 4-6 7-5
183715,1024-2026,Caldas da Rainha Ladies Open,"Caldas da Rainha, Portugal",20260913,A,Round 2,2,0,2026-09-17T12:05Z,final,3,7849,Noma Noha Akugue,16080,Malaika Rapolu,16080,4-6 6-3 6-0
183760,871-2026,BBVA Open Internacional De Valencia,"Valencia, Spain",20260913,A,Round 2,2,0,2026-09-17T13:35Z,final,3,6687,Nastasja Schunk,4546,Irene Burillo,4546,6-2 6-2
183721,1024-2026,Caldas da Rainha Ladies Open,"Caldas da Rainha, Portugal",20260913,A,Round 2,2,0,2026-09-17T14:20Z,final,3,3487,Francisca Jorge,7778,Victoria Jimenez Kasintseva,3487,6-2 4-6 6-4
183767,871-2026,BBVA Open Internacional De Valencia,"Valencia, Spain",20260913,A,Round 2,2,0,2026-09-17T15:05Z,final,3,12957,Guiomar Maristany Zuleta De Reales,8690,Marina Bassols Ribera,12957,6-3 3-6 6-4
183829,1005-2026,SP Open,"São Paulo, Brazil",20260912,A,Round 2,2,0,2026-09-17T15:05Z,final,3,5868,Elina Avanesyan,6570,Alina Charaeva,6570,6-2 6-3
183852,1005-2026,SP Open,"São Paulo, Brazil",20260912,A,Round 2,2,0,2026-09-17T16:05Z,final,3,17009,Nauhany Vitoria Leme Da Silva,14460,Kaitlin Quevedo,14460,6-2 6-1
183837,1005-2026,SP Open,"São Paulo, Brazil",20260912,A,Round 2,2,0,2026-09-17T16:10Z,final,3,5057,Suzan Lamens,6500,Solana Sierra,5057,6-3 6-2
183764,871-2026,BBVA Open Internacional De Valencia,"Valencia, Spain",20260913,A,Round 2,2,0,2026-09-17T16:25Z,final,3,4629,Alicia Herrero Linana,2984,Rebeka Masarova,4629,6-1 6-2
183714,1024-2026,Caldas da Rainha Ladies Open,"Caldas da Rainha, Portugal",20260913,A,Round 2,2,0,2026-09-17T16:55Z,final,3,12958,Anouk Koevermans,13314,Gabriela Knutson,13314,6-3 6-2
183830,1005-2026,SP Open,"São Paulo, Brazil",20260912,A,Round 2,2,0,2026-09-17T17:35Z,final,3,2902,Anna Blinkova,17702,Vendula Valdmannova,2902,6-3 6-0
183835,1005-2026,SP Open,"São Paulo, Brazil",20260912,A,Round 2,2,0,2026-09-17T17:35Z,final,3,5746,Jazmin Ortenzi,2731,Paula Badosa,2731,4-6 6-2 6-2
183836,1005-2026,SP Open,"São Paulo, Brazil",20260912,A,Round 2,2,0,2026-09-17T17:35Z,final,3,7436,Dominika Salkova,13479,Mary Stoiana,13479,7-6(5) 6-1
183807,887-2026,Guadalajara Open presentado por Santander,"Guadalajara, Mexico",20260912,A,Quarterfinal,10,0,2026-09-17T19:05Z,final,3,3157,Cristina Bucsa,7819,Sara Bejlek,3157,6-0 6-4
183806,887-2026,Guadalajara Open presentado por Santander,"Guadalajara, Mexico",20260912,A,Quarterfinal,10,0,2026-09-17T20:30Z,final,3,2672,Magdalena Frech,14311,Iva Jovic,14311,6-2 6-1
183828,1005-2026,SP Open,"São Paulo, Brazil",20260912,A,Round 2,2,0,2026-09-17T20:50Z,final,3,5260,Eva Lys,3256,Nadia Podoroska,3256,7-5 6-2
183809,887-2026,Guadalajara Open presentado por Santander,"Guadalajara, Mexico",20260912,A,Quarterfinal,10,0,2026-09-17T23:55Z,final,3,3382,Marta Kostyuk,3840,Liudmila Samsonova,3840,4-6 6-2 7-5
183808,887-2026,Guadalajara Open presentado por Santander,"Guadalajara, Mexico",20260912,A,Quarterfinal,10,0,2026-09-18T02:40Z,final,3,5848,Peyton Stearns,1472,Sloane Stephens,5848,7-6(6) 6-4
183676,786-2026,Zavarovalnica Triglav Ljubljana,"Ljubljana, Slovenia",20260914,A,Quarterfinal,10,0,2026-09-18T08:05Z,final,3,17102,Noemi Basiletti,2282,Ekaterine Gorgodze,17102,6-3 6-1
183677,786-2026,Zavarovalnica Triglav Ljubljana,"Ljubljana, Slovenia",20260914,A,Quarterfinal,10,0,2026-09-18T08:05Z,final,3,1913,Mona Barthel,13219,Mia Ristic,1913,6-2 6-2
183679,786-2026,Zavarovalnica Triglav Ljubljana,"Ljubljana, Slovenia",20260914,A,Quarterfinal,10,0,2026-09-18T08:05Z,final,3,7150,Anastasiia Sobolieva,15069,Laura Samson,15069,6-4 6-1
183678,786-2026,Zavarovalnica Triglav Ljubljana,"Ljubljana, Slovenia",20260914,A,Quarterfinal,10,0,2026-09-18T09:30Z,final,3,17107,Samira De Stefano,5161,Alice Tubello,17107,4-6 7-6(2) 6-4
183727,1024-2026,Caldas da Rainha Ladies Open,"Caldas da Rainha, Portugal",20260913,A,Quarterfinal,10,0,2026-09-18T11:05Z,final,3,16296,Mia Pohankova,18673,Kylie Collins,16296,7-6(3) 6-4
183770,871-2026,BBVA Open Internacional De Valencia,"Valencia, Spain",20260913,A,Quarterfinal,10,0,2026-09-18T11:05Z,final,3,3508,Clara Burel,12957,Guiomar Maristany Zuleta De Reales,3508,6-2 6-4
183726,1024-2026,Caldas da Rainha Ladies Open,"Caldas da Rainha, Portugal",20260913,A,Quarterfinal,10,0,2026-09-18T12:35Z,final,3,16080,Malaika Rapolu,13314,Gabriela Knutson,13314,6-2 1-6 6-4
183724,1024-2026,Caldas da Rainha Ladies Open,"Caldas da Rainha, Portugal",20260913,A,Quarterfinal,10,0,2026-09-18T13:35Z,final,3,15755,Jeline Vandromme,3487,Francisca Jorge,15755,6-3 6-7(7) 7-5
183768,871-2026,BBVA Open Internacional De Valencia,"Valencia, Spain",20260913,A,Quarterfinal,10,0,2026-09-18T14:05Z,final,3,8318,Yasmine Kabbaj,8068,Despina Papamichail,8318,6-1 7-5
183773,871-2026,BBVA Open Internacional De Valencia,"Valencia, Spain",20260913,A,Quarterfinal,10,0,2026-09-18T14:40Z,final,3,4546,Irene Burillo,4629,Alicia Herrero Linana,4629,6-2 6-1
183833,1005-2026,SP Open,"São Paulo, Brazil",20260912,A,Quarterfinal,10,0,2026-09-18T16:00Z,final,3,16002,Teodora Kostovic,14460,Kaitlin Quevedo,14460,6-3 6-4
183725,1024-2026,Caldas da Rainha Ladies Open,"Caldas da Rainha, Portugal",20260913,A,Quarterfinal,10,0,2026-09-18T16:05Z,final,3,4104,Susan Bandecchi,8411,Lisa Pigato,8411,6-4 1-6 6-4
183769,871-2026,BBVA Open Internacional De Valencia,"Valencia, Spain",20260913,A,Quarterfinal,10,0,2026-09-18T16:25Z,final,3,4291,Andrea Lazaro Garcia,18968,Joelle Lilly Sophie Steur,18968,6-3 2-6 6-4
183845,1005-2026,SP Open,"São Paulo, Brazil",20260912,A,Quarterfinal,10,0,2026-09-18T18:05Z,final,3,2902,Anna Blinkova,6570,Alina Charaeva,2902,6-4 7-5
183841,1005-2026,SP Open,"São Paulo, Brazil",20260912,A,Quarterfinal,10,0,2026-09-18T20:35Z,final,3,13479,Mary Stoiana,2731,Paula Badosa,2731,6-4 6-2
183843,1005-2026,SP Open,"São Paulo, Brazil",20260912,A,Quarterfinal,10,0,2026-09-18T22:30Z,final,3,3256,Nadia Podoroska,5057,Suzan Lamens,3256,7-6(5) 3-6 6-3
183810,887-2026,Guadalajara Open presentado por Santander,"Guadalajara, Mexico",20260912,A,Semifinal,11,0,2026-09-18T23:05Z,final,3,3157,Cristina Bucsa,14311,Iva Jovic,14311,6-4 6-1
183811,887-2026,Guadalajara Open presentado por Santander,"Guadalajara, Mexico",20260912,A,Semifinal,11,0,2026-09-19T00:55Z,final,3,3840,Liudmila Samsonova,5848,Peyton Stearns,5848,7-6(7) 6-2
186069,811-2026,Korea Open,"Seoul, Korea Republic",20260918,A,Qualifying 1st Round,0,1,2026-09-19T02:05Z,final,3,10858,Alexandra Shubladze,15406,Gaeul Jang,10858,6-0 6-1
186072,811-2026,Korea Open,"Seoul, Korea Republic",20260918,A,Qualifying 1st Round,0,1,2026-09-19T02:10Z,final,3,3461,Haruka Kaji,6259,Darya Astakhova,6259,6-2 6-7(6) 6-2
186083,1009-2026,Singapore Tennis Open presented by BNP Paribas,"Singapore, Singapore",20260918,A,Qualifying 1st Round,0,1,2026-09-19T03:05Z,final,3,15544,Wang Jiaqi,4852,Anastasia Kulikova,4852,6-4 7-5
186084,1009-2026,Singapore Tennis Open presented by BNP Paribas,"Singapore, Singapore",20260918,A,Qualifying 1st Round,0,1,2026-09-19T03:05Z,final,3,2506,Anna-Lena Friedsam,3625,Desirae Krawczyk,2506,6-3 6-4
186066,811-2026,Korea Open,"Seoul, Korea Republic",20260918,A,Qualifying 1st Round,0,1,2026-09-19T03:25Z,final,3,3153,Mai Hontama,11550,Eunhye Lee,11550,6-0 5-7 6-3
186078,1009-2026,Singapore Tennis Open presented by BNP Paribas,"Singapore, Singapore",20260918,A,Qualifying 1st Round,0,1,2026-09-19T04:45Z,final,3,13530,Aoi Ito,3401,Sofya Lansere,13530,6-4 6-4
186082,1009-2026,Singapore Tennis Open presented by BNP Paribas,"Singapore, Singapore",20260918,A,Qualifying 1st Round,0,1,2026-09-19T05:00Z,final,3,2043,Nao Hibino,19068,Kai Ning Chanya Ng,2043,6-0 6-1
186068,811-2026,Korea Open,"Seoul, Korea Republic",20260918,A,Qualifying 1st Round,0,1,2026-09-19T05:35Z,final,3,2197,Carol Zhao,13615,Ma YeXin,13615,6-3 6-0
186065,811-2026,Korea Open,"Seoul, Korea Republic",20260918,A,Qualifying 1st Round,0,1,2026-09-19T06:05Z,final,3,15534,Miho Kuramochi,11571,Boyoung Jeong,15534,6-4 3-6 7-6(4)
186081,1009-2026,Singapore Tennis Open presented by BNP Paribas,"Singapore, Singapore",20260918,A,Qualifying 1st Round,0,1,2026-09-19T06:10Z,final,3,3705,Joanna Garland,3077,Ellen Perez,3705,6-1 6-2
186070,811-2026,Korea Open,"Seoul, Korea Republic",20260918,A,Qualifying 1st Round,0,1,2026-09-19T06:50Z,final,3,13682,Yao Xinxin,2582,Priscilla Hon,13682,6-7(1) 7-6(6) 7-5
186077,1009-2026,Singapore Tennis Open presented by BNP Paribas,"Singapore, Singapore",20260918,A,Qualifying 1st Round,0,1,2026-09-19T06:50Z,final,3,5969,Nika Radisic,4969,Viktoria Morvayova,4969,6-3 6-3
186080,1009-2026,Singapore Tennis Open presented by BNP Paribas,"Singapore, Singapore",20260918,A,Qualifying 1st Round,0,1,2026-09-19T07:25Z,final,3,15979,Eva Marie Desvignes,2431,Kyoka Okamura,2431,7-6(2) 6-3
186079,1009-2026,Singapore Tennis Open presented by BNP Paribas,"Singapore, Singapore",20260918,A,Qualifying 1st Round,0,1,2026-09-19T08:40Z,final,3,13738,Mei Yamaguchi,1652,Ulrikke Eikeri,13738,6-1 6-4
186071,811-2026,Korea Open,"Seoul, Korea Republic",20260918,A,Qualifying 1st Round,0,1,2026-09-19T09:05Z,final,3,14955,Alevtina Ibragimova,11553,Rina Saigo,14955,6-3 6-2
183682,786-2026,Zavarovalnica Triglav Ljubljana,"Ljubljana, Slovenia",20260914,A,Semifinal,11,0,2026-09-19T10:00Z,final,3,17107,Samira De Stefano,15069,Laura Samson,17107,6-3 1-6 6-4
183723,1024-2026,Caldas da Rainha Ladies Open,"Caldas da Rainha, Portugal",20260913,A,Semifinal,11,0,2026-09-19T10:05Z,final,3,16296,Mia Pohankova,13314,Gabriela Knutson,13314,7-5 5-7 6-3
186067,811-2026,Korea Open,"Seoul, Korea Republic",20260918,A,Qualifying 1st Round,0,1,2026-09-19T10:05Z,final,3,3583,En-Shuo Liang,13679,Sara Saito,13679,7-6(4) 6-1
183681,786-2026,Zavarovalnica Triglav Ljubljana,"Ljubljana, Slovenia",20260914,A,Semifinal,11,0,2026-09-19T12:35Z,final,3,1913,Mona Barthel,17102,Noemi Basiletti,1913,6-4 6-0
183722,1024-2026,Caldas da Rainha Ladies Open,"Caldas da Rainha, Portugal",20260913,A,Semifinal,11,0,2026-09-19T12:55Z,final,3,8411,Lisa Pigato,15755,Jeline Vandromme,8411,6-3 7-5
183771,871-2026,BBVA Open Internacional De Valencia,"Valencia, Spain",20260913,A,Semifinal,11,0,2026-09-19T15:05Z,final,3,3508,Clara Burel,18968,Joelle Lilly Sophie Steur,3508,6-1 6-4
183856,1005-2026,SP Open,"São Paulo, Brazil",20260912,A,Semifinal,11,0,2026-09-19T16:05Z,final,3,14460,Kaitlin Quevedo,2902,Anna Blinkova,14460,6-4 2-6 6-4
183772,871-2026,BBVA Open Internacional De Valencia,"Valencia, Spain",20260913,A,Semifinal,11,0,2026-09-19T16:45Z,final,3,4629,Alicia Herrero Linana,8318,Yasmine Kabbaj,4629,6-0 6-3
183858,1005-2026,SP Open,"São Paulo, Brazil",20260912,A,Semifinal,11,0,2026-09-19T18:45Z,final,3,3256,Nadia Podoroska,2731,Paula Badosa,3256,6-3 6-4
183812,887-2026,Guadalajara Open presentado por Santander,"Guadalajara, Mexico",20260912,A,Final,13,0,2026-09-19T23:05Z,final,3,5848,Peyton Stearns,14311,Iva Jovic,14311,6-4 6-2
186074,811-2026,Korea Open,"Seoul, Korea Republic",20260918,A,Qualifying Final,0,1,2026-09-20T02:05Z,final,3,11550,Eunhye Lee,13615,Ma YeXin,13615,6-3 6-1
186076,811-2026,Korea Open,"Seoul, Korea Republic",20260918,A,Qualifying Final,0,1,2026-09-20T02:10Z,final,3,10858,Alexandra Shubladze,6259,Darya Astakhova,6259,6-4 6-4
186073,811-2026,Korea Open,"Seoul, Korea Republic",20260918,A,Qualifying Final,0,1,2026-09-20T04:05Z,final,3,15534,Miho Kuramochi,13682,Yao Xinxin,13682,6-1 6-4
186085,1009-2026,Singapore Tennis Open presented by BNP Paribas,"Singapore, Singapore",20260918,A,Qualifying Final,0,1,2026-09-20T04:05Z,final,3,2043,Nao Hibino,13530,Aoi Ito,2043,6-2 2-6 7-6(2)
186088,1009-2026,Singapore Tennis Open presented by BNP Paribas,"Singapore, Singapore",20260918,A,Qualifying Final,0,1,2026-09-20T04:05Z,final,3,2506,Anna-Lena Friedsam,4852,Anastasia Kulikova,2506,6-4 6-3
186075,811-2026,Korea Open,"Seoul, Korea Republic",20260918,A,Qualifying Final,0,1,2026-09-20T04:35Z,final,3,14955,Alevtina Ibragimova,13679,Sara Saito,14955,7-5 6-2
186086,1009-2026,Singapore Tennis Open presented by BNP Paribas,"Singapore, Singapore",20260918,A,Qualifying Final,0,1,2026-09-20T05:40Z,final,3,3705,Joanna Garland,4969,Viktoria Morvayova,3705,6-4 6-3
186087,1009-2026,Singapore Tennis Open presented by BNP Paribas,"Singapore, Singapore",20260918,A,Qualifying Final,0,1,2026-09-20T06:30Z,final,3,13738,Mei Yamaguchi,2431,Kyoka Okamura,2431,6-1 6-1
186107,1019-2026,Delta Motors Tolentino Open,"Tolentino, Italy",20260920,A,Qualifying 1st Round,0,1,2026-09-20T08:05Z,final,3,3909,Jessica Pieri,4366,Yana Morderger,3909,7-5 6-3
186108,1019-2026,Delta Motors Tolentino Open,"Tolentino, Italy",20260920,A,Qualifying 1st Round,0,1,2026-09-20T08:05Z,final,3,19076,Jamilah Snells,4389,Iva Primorac Pavicic,4389,6-2 2-6 6-3
186095,1077-2026,Turk Telekom Ankara Open,"Ankara, Türkiye",20260920,A,Qualifying 1st Round,0,1,2026-09-20T09:05Z,final,3,17875,Sude Ulueren,16202,Ilay Yoruk,16202,6-1 6-0
186097,1077-2026,Turk Telekom Ankara Open,"Ankara, Türkiye",20260920,A,Qualifying 1st Round,0,1,2026-09-20T09:05Z,final,3,19074,Semra Aksu,4183,Ekaterina Yashina,4183,6-2 6-4
183680,786-2026,Zavarovalnica Triglav Ljubljana,"Ljubljana, Slovenia",20260914,A,Final,13,0,2026-09-20T10:05Z,final,3,1913,Mona Barthel,17107,Samira De Stefano,17107,3-6 6-1 7-5
186103,1019-2026,Delta Motors Tolentino Open,"Tolentino, Italy",20260920,A,Qualifying 1st Round,0,1,2026-09-20T10:05Z,final,3,8623,Lisa Zaar,19075,Arianna Ovarelli,8623,6-2 6-1
186116,1022-2026,Eupago Porto Open,"Porto, Portugal",20260920,A,Qualifying 1st Round,0,1,2026-09-20T10:05Z,final,3,16295,Angelina Voloshchuk,5976,Raphaelle Lacasse,16295,5-7 6-3 6-3
186120,1022-2026,Eupago Porto Open,"Porto, Portugal",20260920,A,Qualifying 1st Round,0,1,2026-09-20T10:05Z,final,3,19080,Catarina Gomes,5803,Ariana Arseneault,5803,6-0 6-0
186094,1077-2026,Turk Telekom Ankara Open,"Ankara, Türkiye",20260920,A,Qualifying 1st Round,0,1,2026-09-20T10:30Z,final,3,19073,Giulia Alessia Monteleone,14147,Melisa Ercan,14147,6-2 6-0
186098,1077-2026,Turk Telekom Ankara Open,"Ankara, Türkiye",20260920,A,Qualifying 1st Round,0,1,2026-09-20T10:30Z,final,3,19071,Marie Vogt,4152,Ashmitha Easwaramurthi,19071,6-1 6-0
186106,1019-2026,Delta Motors Tolentino Open,"Tolentino, Italy",20260920,A,Qualifying 1st Round,0,1,2026-09-20T10:30Z,final,3,3285,Tayisiya Morderger,18953,Katerina Tsygourova,18953,6-3 6-3
186122,1022-2026,Eupago Porto Open,"Porto, Portugal",20260920,A,Qualifying 1st Round,0,1,2026-09-20T11:10Z,final,3,18673,Kylie Collins,13779,Jessica Hinojosa Gomez,18673,6-3 6-0
186118,1022-2026,Eupago Porto Open,"Porto, Portugal",20260920,A,Qualifying 1st Round,0,1,2026-09-20T11:15Z,final,3,10674,Jasmijn Gimbrere,6823,Reese Brantmeier,6823,6-1 6-0
186104,1019-2026,Delta Motors Tolentino Open,"Tolentino, Italy",20260920,A,Qualifying 1st Round,0,1,2026-09-20T11:35Z,final,3,15354,Alja Senica,16995,Enola Chiesa,16995,4-6 6-4 6-3
186093,1077-2026,Turk Telekom Ankara Open,"Ankara, Türkiye",20260920,A,Qualifying 1st Round,0,1,2026-09-20T12:05Z,final,3,19072,Duru Arslan,4720,Alana Smith,4720,6-3 6-2
186096,1077-2026,Turk Telekom Ankara Open,"Ankara, Türkiye",20260920,A,Qualifying 1st Round,0,1,2026-09-20T12:05Z,final,3,13737,Ksenia Zaytseva,4134,Naoko Eto,13737,6-0 6-0
186105,1019-2026,Delta Motors Tolentino Open,"Tolentino, Italy",20260920,A,Qualifying 1st Round,0,1,2026-09-20T12:25Z,final,3,4700,Dalila Spiteri,18286,Laura Bohner,4700,6-4 6-2
186119,1022-2026,Eupago Porto Open,"Porto, Portugal",20260920,A,Qualifying 1st Round,0,1,2026-09-20T12:55Z,final,3,18567,Sofia Johnson,16777,Ivana Sebestova,18567,6-2 6-2
186117,1022-2026,Eupago Porto Open,"Porto, Portugal",20260920,A,Qualifying 1st Round,0,1,2026-09-20T13:05Z,final,3,19081,Madalena Santos,2551,Naiktha Bains,2551,6-1 6-1
186121,1022-2026,Eupago Porto Open,"Porto, Portugal",20260920,A,Qualifying 1st Round,0,1,2026-09-20T13:05Z,ret,3,5261,Gabriella Da Silva Fick,16688,Valentina Steiner,16688,4-6 1-1 RET
183728,1024-2026,Caldas da Rainha Ladies Open,"Caldas da Rainha, Portugal",20260913,A,Final,13,0,2026-09-20T13:35Z,final,3,13314,Gabriela Knutson,8411,Lisa Pigato,8411,6-4 6-2
186115,1022-2026,Eupago Porto Open,"Porto, Portugal",20260920,A,Qualifying 1st Round,0,1,2026-09-20T14:10Z,final,3,14252,Sahaja Yamalapalli,18480,Maria Martinez Vaquero,14252,6-0 6-3
186110,1019-2026,Delta Motors Tolentino Open,"Tolentino, Italy",20260920,A,Qualifying 1st Round,0,1,2026-09-20T14:20Z,final,3,19077,Silvia Dalle Molle,17027,Aneta Kucmova,17027,6-1 6-3
186109,1019-2026,Delta Motors Tolentino Open,"Tolentino, Italy",20260920,A,Qualifying 1st Round,0,1,2026-09-20T14:40Z,final,3,5133,Aneta Laboutkova,19078,Maria Toma,5133,6-2 6-1
183774,871-2026,BBVA Open Internacional De Valencia,"Valencia, Spain",20260913,A,Final,13,0,2026-09-20T15:50Z,final,3,4629,Alicia Herrero Linana,3508,Clara Burel,3508,4-6 6-0 6-2
184031,811-2026,Korea Open,"Seoul, Korea Republic",20260918,A,Round 1,1,0,2026-09-21T03:05Z,final,3,13682,Yao Xinxin,14146,Maya Joint,14146,2-6 7-6(7) 6-3
184041,811-2026,Korea Open,"Seoul, Korea Republic",20260918,A,Round 1,1,0,2026-09-21T03:05Z,final,3,6953,Lanlana Tararudee,5734,Moyuka Uchijima,6953,6-4 6-7(5) 6-2
184046,811-2026,Korea Open,"Seoul, Korea Republic",20260918,A,Round 1,1,0,2026-09-21T03:05Z,final,3,3746,Katie Volynets,5937,Elvina Kalieva,3746,6-3 6-0
184082,1009-2026,Singapore Tennis Open presented by BNP Paribas,"Singapore, Singapore",20260918,A,Round 1,1,0,2026-09-21T03:05Z,final,3,2191,Daria Kasatkina,1809,Aliaksandra Sasnovich,1809,7-5 6-0
184045,811-2026,Korea Open,"Seoul, Korea Republic",20260918,A,Round 1,1,0,2026-09-21T04:35Z,final,3,9169,Alina Korneeva,5613,Mananchaya Sawangkaew,9169,6-4 6-2
184091,1009-2026,Singapore Tennis Open presented by BNP Paribas,"Singapore, Singapore",20260918,A,Round 1,1,0,2026-09-21T04:45Z,final,3,1273,Kristina Mladenovic,2043,Nao Hibino,2043,7-5 3-6 6-4
184035,811-2026,Korea Open,"Seoul, Korea Republic",20260918,A,Round 1,1,0,2026-09-21T05:40Z,final,3,3908,Kamilla Rakhimova,6413,Polina Kudermetova,3908,7-6(4) 4-6 7-5
184032,811-2026,Korea Open,"Seoul, Korea Republic",20260918,A,Round 1,1,0,2026-09-21T06:05Z,final,3,2916,Yuan Yue,11552,Dayeon Back,11552,6-3 4-6 6-1
184090,1009-2026,Singapore Tennis Open presented by BNP Paribas,"Singapore, Singapore",20260918,A,Round 1,1,0,2026-09-21T06:05Z,final,3,6708,Talia Gibson,2387,Fiona Ferro,6708,6-3 6-3
184078,1009-2026,Singapore Tennis Open presented by BNP Paribas,"Singapore, Singapore",20260918,A,Round 1,1,0,2026-09-21T07:20Z,final,3,2738,Rebecca Sramkova,3417,Maja Chwalinska,3417,6-4 6-2
186100,1077-2026,Turk Telekom Ankara Open,"Ankara, Türkiye",20260920,A,Qualifying Final,0,1,2026-09-21T08:05Z,final,3,13737,Ksenia Zaytseva,16202,Ilay Yoruk,16202,2-6 6-4 7-5
186101,1077-2026,Turk Telekom Ankara Open,"Ankara, Türkiye",20260920,A,Qualifying Final,0,1,2026-09-21T08:05Z,final,3,19071,Marie Vogt,4183,Ekaterina Yashina,19071,6-4 6-2
186102,1077-2026,Turk Telekom Ankara Open,"Ankara, Türkiye",20260920,A,Qualifying Final,0,1,2026-09-21T08:05Z,final,3,19070,Daria Egorova,14147,Melisa Ercan,19070,7-5 6-1
186112,1019-2026,Delta Motors Tolentino Open,"Tolentino, Italy",20260920,A,Qualifying Final,0,1,2026-09-21T08:05Z,final,3,8623,Lisa Zaar,16995,Enola Chiesa,8623,3-6 6-3 7-6(6)
186114,1019-2026,Delta Motors Tolentino Open,"Tolentino, Italy",20260920,A,Qualifying Final,0,1,2026-09-21T08:05Z,final,3,4700,Dalila Spiteri,4389,Iva Primorac Pavicic,4700,6-3 6-4
184043,811-2026,Korea Open,"Seoul, Korea Republic",20260918,A,Round 1,1,0,2026-09-21T09:05Z,final,3,6259,Darya Astakhova,1649,Magda Linette,6259,3-6 6-1 7-6(2)
186113,1019-2026,Delta Motors Tolentino Open,"Tolentino, Italy",20260920,A,Qualifying Final,0,1,2026-09-21T10:00Z,final,3,3909,Jessica Pieri,17027,Aneta Kucmova,3909,6-0 6-3
186123,1022-2026,Eupago Porto Open,"Porto, Portugal",20260920,A,Qualifying Final,0,1,2026-09-21T10:05Z,final,3,18567,Sofia Johnson,6823,Reese Brantmeier,6823,6-3 6-4
186125,1022-2026,Eupago Porto Open,"Porto, Portugal",20260920,A,Qualifying Final,0,1,2026-09-21T10:05Z,final,3,16295,Angelina Voloshchuk,5803,Ariana Arseneault,16295,6-3 7-5
186099,1077-2026,Turk Telekom Ankara Open,"Ankara, Türkiye",20260920,A,Qualifying Final,0,1,2026-09-21T10:10Z,final,3,8681,Weronika Falkowska,4720,Alana Smith,8681,6-3 6-3
186124,1022-2026,Eupago Porto Open,"Porto, Portugal",20260920,A,Qualifying Final,0,1,2026-09-21T10:10Z,final,3,18673,Kylie Collins,16688,Valentina Steiner,16688,6-4 1-6 6-4
184089,1009-2026,Singapore Tennis Open presented by BNP Paribas,"Singapore, Singapore",20260918,A,Round 1,1,0,2026-09-21T10:35Z,final,3,2431,Kyoka Okamura,3641,Leylah Fernandez,3641,6-2 6-3
184000,1077-2026,Turk Telekom Ankara Open,"Ankara, Türkiye",20260920,A,Round 1,1,0,2026-09-21T11:00Z,final,3,2736,Viktoria Hruncakova,17104,Polina Iatcenko,17104,4-6 6-3 6-3
183987,1077-2026,Turk Telekom Ankara Open,"Ankara, Türkiye",20260920,A,Round 1,1,0,2026-09-21T11:10Z,final,3,14566,Aliona Falei,13708,Tian Fangran,13708,6-2 7-6(2)
186111,1019-2026,Delta Motors Tolentino Open,"Tolentino, Italy",20260920,A,Qualifying Final,0,1,2026-09-21T11:15Z,final,3,5133,Aneta Laboutkova,18953,Katerina Tsygourova,18953,6-2 6-2
183882,1019-2026,Delta Motors Tolentino Open,"Tolentino, Italy",20260920,A,Round 1,1,0,2026-09-21T11:20Z,final,3,12957,Guiomar Maristany Zuleta De Reales,8068,Despina Papamichail,12957,6-3 6-3
186126,1022-2026,Eupago Porto Open,"Porto, Portugal",20260920,A,Qualifying Final,0,1,2026-09-21T11:45Z,final,3,14252,Sahaja Yamalapalli,2551,Naiktha Bains,2551,6-2 6-4
183950,1022-2026,Eupago Porto Open,"Porto, Portugal",20260920,A,Round 1,1,0,2026-09-21T12:45Z,final,3,12958,Anouk Koevermans,15775,Ayana Akli,15775,6-4 6-1
183879,1019-2026,Delta Motors Tolentino Open,"Tolentino, Italy",20260920,A,Round 1,1,0,2026-09-21T13:10Z,final,3,13219,Mia Ristic,810,Arantxa Rus,13219,4-6 6-0 6-3
183992,1077-2026,Turk Telekom Ankara Open,"Ankara, Türkiye",20260920,A,Round 1,1,0,2026-09-21T13:15Z,final,3,3031,Lina Gjorcheska,13737,Ksenia Zaytseva,13737,5-7 6-3 6-4
184087,1009-2026,Singapore Tennis Open presented by BNP Paribas,"Singapore, Singapore",20260918,A,Round 1,1,0,2026-09-21T13:15Z,final,3,2140,Storm Hunter,3705,Joanna Garland,3705,6-3 5-7 6-1
183875,1019-2026,Delta Motors Tolentino Open,"Tolentino, Italy",20260920,A,Round 1,1,0,2026-09-21T13:35Z,final,3,1095,Polona Hercog,10676,Leyre Romero Gormaz,10676,6-7(4) 6-1 7-6(3)
183951,1022-2026,Eupago Porto Open,"Porto, Portugal",20260920,A,Round 1,1,0,2026-09-21T13:45Z,final,3,440,Lizette Cabrera,7797,Sinja Kraus,7797,6-1 6-4
183857,1005-2026,SP Open,"São Paulo, Brazil",20260912,A,Final,13,0,2026-09-21T14:05Z,final,3,14460,Kaitlin Quevedo,3256,Nadia Podoroska,14460,4-6 6-4 6-2
183942,1022-2026,Eupago Porto Open,"Porto, Portugal",20260920,A,Round 1,1,0,2026-09-21T14:20Z,final,3,4438,Kajsa Rinaldo Persson,18481,Carla Tomai,4438,6-0 6-0
183943,1022-2026,Eupago Porto Open,"Porto, Portugal",20260920,A,Round 1,1,0,2026-09-21T15:20Z,final,3,4104,Susan Bandecchi,2848,Oceane Dodin,2848,1-6 6-3 6-4
183998,1077-2026,Turk Telekom Ankara Open,"Ankara, Türkiye",20260920,A,Round 1,1,0,2026-09-21T15:20Z,final,3,19088,Aysegul Mert,3070,Isabella Shinikova,19088,4-6 6-1 6-3
183881,1019-2026,Delta Motors Tolentino Open,"Tolentino, Italy",20260920,A,Round 1,1,0,2026-09-21T16:35Z,final,3,11603,Federica Urgesi,6571,Oksana Selekhmeteva,6571,7-5 0-6 7-5
183996,1077-2026,Turk Telekom Ankara Open,"Ankara, Türkiye",20260920,A,Round 1,1,0,2026-09-21T17:10Z,final,3,7831,Yuki Naito,3185,Ayla Aksu,3185,6-1 7-6(3)
183891,1019-2026,Delta Motors Tolentino Open,"Tolentino, Italy",20260920,A,Round 1,1,0,2026-09-21T19:20Z,final,3,15069,Laura Samson,17102,Noemi Basiletti,17102,6-3 6-4
184034,811-2026,Korea Open,"Seoul, Korea Republic",20260918,A,Round 1,1,0,2026-09-22T03:05Z,final,3,7672,Taylah Preston,11317,Himeno Sakatsume,7672,6-2 3-6 6-2
184037,811-2026,Korea Open,"Seoul, Korea Republic",20260918,A,Round 1,1,0,2026-09-22T03:05Z,final,3,5260,Eva Lys,2748,Elena-Gabriela Ruse,2748,6-1 6-2
184079,1009-2026,Singapore Tennis Open presented by BNP Paribas,"Singapore, Singapore",20260918,A,Round 1,1,0,2026-09-22T03:10Z,final,3,16906,Vivian Wolff,5705,Oleksandra Oliynykova,5705,6-1 7-6(1)
184040,811-2026,Korea Open,"Seoul, Korea Republic",20260918,A,Round 1,1,0,2026-09-22T03:35Z,final,3,3651,Sohyun Park,6723,Robin Montgomery,3651,7-6(4) 6-3
184033,811-2026,Korea Open,"Seoul, Korea Republic",20260918,A,Round 1,1,0,2026-09-22T04:30Z,final,3,2734,Anna Bondar,2751,Renata Zarazua,2734,2-6 6-3 6-1
184077,1009-2026,Singapore Tennis Open presented by BNP Paribas,"Singapore, Singapore",20260918,A,Round 1,1,0,2026-09-22T05:10Z,final,3,5309,Alycia Parks,13738,Mei Yamaguchi,5309,6-4 6-3
184044,811-2026,Korea Open,"Seoul, Korea Republic",20260918,A,Round 1,1,0,2026-09-22T05:25Z,final,3,12287,Emerson Jones,13615,Ma YeXin,13615,3-6 6-0 6-2
184038,811-2026,Korea Open,"Seoul, Korea Republic",20260918,A,Round 1,1,0,2026-09-22T05:35Z,final,3,14955,Alevtina Ibragimova,5737,Yeonwoo Ku,5737,6-3 6-2
184086,1009-2026,Singapore Tennis Open presented by BNP Paribas,"Singapore, Singapore",20260918,A,Round 1,1,0,2026-09-22T06:00Z,final,3,12846,Tatiana Prozorova,14562,Sofia Costoulas,12846,5-7 7-6(2) 6-2
184042,811-2026,Korea Open,"Seoul, Korea Republic",20260918,A,Round 1,1,0,2026-09-22T06:45Z,final,3,3034,Tamara Zidansek,2588,Kimberly Birrell,2588,7-6(2) 6-4
184088,1009-2026,Singapore Tennis Open presented by BNP Paribas,"Singapore, Singapore",20260918,A,Round 1,1,0,2026-09-22T07:05Z,final,3,2040,Donna Vekic,3387,Wang Xinyu,3387,6-1 6-2
184036,811-2026,Korea Open,"Seoul, Korea Republic",20260918,A,Round 1,1,0,2026-09-22T07:20Z,final,3,2195,Jelena Ostapenko,5775,Anastasia Zakharova,2195,6-4 6-1
183990,1077-2026,Turk Telekom Ankara Open,"Ankara, Türkiye",20260920,A,Round 1,1,0,2026-09-22T08:05Z,final,3,5626,Anastasia Tikhonova,7816,Anastasia Gasanova,7816,6-2 6-4
183995,1077-2026,Turk Telekom Ankara Open,"Ankara, Türkiye",20260920,A,Round 1,1,0,2026-09-22T08:05Z,final,3,8681,Weronika Falkowska,16202,Ilay Yoruk,8681,6-2 6-0
183994,1077-2026,Turk Telekom Ankara Open,"Ankara, Türkiye",20260920,A,Round 1,1,0,2026-09-22T08:10Z,final,3,14946,Elena Pridankina,19070,Daria Egorova,14946,7-6(5) 1-6 7-5
183885,1019-2026,Delta Motors Tolentino Open,"Tolentino, Italy",20260920,A,Round 1,1,0,2026-09-22T08:35Z,final,3,5161,Alice Tubello,4700,Dalila Spiteri,5161,6-2 6-2
183892,1019-2026,Delta Motors Tolentino Open,"Tolentino, Italy",20260920,A,Round 1,1,0,2026-09-22T08:35Z,final,3,8623,Lisa Zaar,2984,Rebeka Masarova,2984,5-7 6-1 7-5
184039,811-2026,Korea Open,"Seoul, Korea Republic",20260918,A,Round 1,1,0,2026-09-22T09:20Z,final,3,6570,Alina Charaeva,2746,Sofia Kenin,6570,3-6 7-6(4) 6-4
183894,1019-2026,Delta Motors Tolentino Open,"Tolentino, Italy",20260920,A,Round 1,1,0,2026-09-22T10:00Z,final,3,19090,Isabella Maria Serban,5133,Aneta Laboutkova,19090,6-3 6-4
183947,1022-2026,Eupago Porto Open,"Porto, Portugal",20260920,A,Round 1,1,0,2026-09-22T10:05Z,final,3,16295,Angelina Voloshchuk,16692,Teresa Franco Dias,16295,6-0 6-2
183954,1022-2026,Eupago Porto Open,"Porto, Portugal",20260920,A,Round 1,1,0,2026-09-22T10:05Z,final,3,5352,Mina Hodzic,3490,Elena Malygina,3490,6-4 5-7 6-4
183959,1022-2026,Eupago Porto Open,"Porto, Portugal",20260920,A,Round 1,1,0,2026-09-22T10:05Z,final,3,14252,Sahaja Yamalapalli,2752,Katie Swan,2752,6-1 6-0
183887,1019-2026,Delta Motors Tolentino Open,"Tolentino, Italy",20260920,A,Round 1,1,0,2026-09-22T10:15Z,final,3,5168,Nuria Brancaccio,3220,Maria Lourdes Carle,5168,6-3 4-6 6-4
184080,1009-2026,Singapore Tennis Open presented by BNP Paribas,"Singapore, Singapore",20260918,A,Round 1,1,0,2026-09-22T10:35Z,final,3,2042,Barbora Krejcikova,2506,Anna-Lena Friedsam,2042,6-0 5-7 7-6(4)
183999,1077-2026,Turk Telekom Ankara Open,"Ankara, Türkiye",20260920,A,Round 1,1,0,2026-09-22T10:50Z,final,3,6419,Martyna Kubka,3141,Berfu Cengiz,3141,6-2 6-4
183986,1077-2026,Turk Telekom Ankara Open,"Ankara, Türkiye",20260920,A,Round 1,1,0,2026-09-22T11:00Z,final,3,8560,Elena Micic,5749,Julia Riera,8560,6-1 6-3
183889,1019-2026,Delta Motors Tolentino Open,"Tolentino, Italy",20260920,A,Round 1,1,0,2026-09-22T11:20Z,final,3,5878,Veronika Erjavec,18953,Katerina Tsygourova,5878,4-6 6-3 6-4
183944,1022-2026,Eupago Porto Open,"Porto, Portugal",20260920,A,Round 1,1,0,2026-09-22T11:25Z,final,3,10501,Maria Timofeeva,18567,Sofia Johnson,10501,6-4 6-2
183895,1019-2026,Delta Motors Tolentino Open,"Tolentino, Italy",20260920,A,Round 1,1,0,2026-09-22T11:35Z,final,3,7806,Barbora Palicova,4629,Alicia Herrero Linana,7806,6-7(5) 6-1 7-5
183953,1022-2026,Eupago Porto Open,"Porto, Portugal",20260920,A,Round 1,1,0,2026-09-22T12:00Z,final,3,14578,Matilde Jorge,4662,Celia Cervino Ruiz,14578,6-3 6-4
183991,1077-2026,Turk Telekom Ankara Open,"Ankara, Türkiye",20260920,A,Round 1,1,0,2026-09-22T12:05Z,final,3,8699,Fiona Crawley,5299,Carole Monnet,5299,6-1 7-6(4)
183989,1077-2026,Turk Telekom Ankara Open,"Ankara, Türkiye",20260920,A,Round 1,1,0,2026-09-22T12:15Z,final,3,16002,Teodora Kostovic,17734,Carolyn Ansari,16002,6-3 6-1
183997,1077-2026,Turk Telekom Ankara Open,"Ankara, Türkiye",20260920,A,Round 1,1,0,2026-09-22T12:30Z,final,3,19089,Alya Naz Altinel,15426,Shi Han,15426,6-1 6-1
183874,1019-2026,Delta Motors Tolentino Open,"Tolentino, Italy",20260920,A,Round 1,1,0,2026-09-22T12:55Z,final,3,5160,Aurora Zantedeschi,17887,Marta Lombardini,17887,4-6 6-2 6-3
183945,1022-2026,Eupago Porto Open,"Porto, Portugal",20260920,A,Round 1,1,0,2026-09-22T13:10Z,final,3,3330,Harmony Tan,17105,Carol Young Suh Lee,3330,6-3 7-5
183952,1022-2026,Eupago Porto Open,"Porto, Portugal",20260920,A,Round 1,1,0,2026-09-22T13:15Z,final,3,2760,Katherine Sebov,13314,Gabriela Knutson,13314,6-4 6-2
183988,1077-2026,Turk Telekom Ankara Open,"Ankara, Türkiye",20260920,A,Round 1,1,0,2026-09-22T13:45Z,final,3,19071,Marie Vogt,15344,Elena Ruxandra Bertea,15344,6-1 2-6 7-6(5)
183948,1022-2026,Eupago Porto Open,"Porto, Portugal",20260920,A,Round 1,1,0,2026-09-22T13:55Z,final,3,3487,Francisca Jorge,16296,Mia Pohankova,16296,6-2 6-1
184092,1009-2026,Singapore Tennis Open presented by BNP Paribas,"Singapore, Singapore",20260918,A,Round 1,1,0,2026-09-22T13:55Z,final,3,3018,Maria Sakkari,6929,Linda Fruhvirtova,3018,6-4 6-1
183993,1077-2026,Turk Telekom Ankara Open,"Ankara, Türkiye",20260920,A,Round 1,1,0,2026-09-22T14:05Z,final,3,5461,Katarina Kuzmova,1254,Cagla Buyukakcay,1254,2-6 6-4 6-4
183896,1019-2026,Delta Motors Tolentino Open,"Tolentino, Italy",20260920,A,Round 1,1,0,2026-09-22T14:25Z,final,3,2282,Ekaterine Gorgodze,2177,Laura Pigossi,2282,6-1 5-7 6-3
183961,1022-2026,Eupago Porto Open,"Porto, Portugal",20260920,A,Round 1,1,0,2026-09-22T14:55Z,final,3,16688,Valentina Steiner,4384,Caroline Werner,16688,6-2 7-5
183957,1022-2026,Eupago Porto Open,"Porto, Portugal",20260920,A,Round 1,1,0,2026-09-22T15:00Z,ret,3,7778,Victoria Jimenez Kasintseva,2551,Naiktha Bains,2551,5-2 RET
183893,1019-2026,Delta Motors Tolentino Open,"Tolentino, Italy",20260920,A,Round 1,1,0,2026-09-22T15:10Z,final,3,18479,Julie Struplova,17107,Samira De Stefano,17107,6-0 6-2
183946,1022-2026,Eupago Porto Open,"Porto, Portugal",20260920,A,Round 1,1,0,2026-09-22T15:30Z,final,3,14080,Veronika Podrez,17753,Madalena Matias,14080,4-6 6-1 6-2
183955,1022-2026,Eupago Porto Open,"Porto, Portugal",20260920,A,Round 1,1,0,2026-09-22T16:15Z,final,3,7438,Erika Andreeva,6823,Reese Brantmeier,6823,6-3 7-6(5)
183877,1019-2026,Delta Motors Tolentino Open,"Tolentino, Italy",20260920,A,Round 1,1,0,2026-09-22T16:25Z,final,3,3909,Jessica Pieri,19091,Ginevra De Angelis,3909,6-2 6-0
183883,1019-2026,Delta Motors Tolentino Open,"Tolentino, Italy",20260920,A,Round 1,1,0,2026-09-22T18:05Z,final,3,13529,Jennifer Ruggeri,2599,Julia Grabher,2599,4-6 7-5 6-3
184049,811-2026,Korea Open,"Seoul, Korea Republic",20260918,A,Round 2,2,0,2026-09-23T03:05Z,final,3,6953,Lanlana Tararudee,3651,Sohyun Park,6953,7-6(5) 6-0
184051,811-2026,Korea Open,"Seoul, Korea Republic",20260918,A,Round 2,2,0,2026-09-23T03:05Z,final,3,3908,Kamilla Rakhimova,3746,Katie Volynets,3746,6-3 6-0
184048,811-2026,Korea Open,"Seoul, Korea Republic",20260918,A,Round 2,2,0,2026-09-23T05:05Z,final,3,11552,Dayeon Back,14146,Maya Joint,14146,6-2 6-1
184098,1009-2026,Singapore Tennis Open presented by BNP Paribas,"Singapore, Singapore",20260918,A,Round 2,2,0,2026-09-23T05:05Z,final,3,5705,Oleksandra Oliynykova,3417,Maja Chwalinska,3417,6-0 6-1
184047,811-2026,Korea Open,"Seoul, Korea Republic",20260918,A,Round 2,2,0,2026-09-23T06:25Z,final,3,9169,Alina Korneeva,6259,Darya Astakhova,9169,6-2 3-6 6-1
184093,1009-2026,Singapore Tennis Open presented by BNP Paribas,"Singapore, Singapore",20260918,A,Round 2,2,0,2026-09-23T06:35Z,wo,3,2221,Elise Mertens,2042,Barbora Krejcikova,2221,
183985,1077-2026,Turk Telekom Ankara Open,"Ankara, Türkiye",20260920,A,Round 1,1,0,2026-09-23T09:05Z,final,3,6500,Solana Sierra,16142,Deniz Dilek,16142,6-3 6-3
183878,1019-2026,Delta Motors Tolentino Open,"Tolentino, Italy",20260920,A,Round 2,2,0,2026-09-23T10:05Z,final,3,19090,Isabella Maria Serban,2984,Rebeka Masarova,2984,5-7 6-2 6-0
183940,1022-2026,Eupago Porto Open,"Porto, Portugal",20260920,A,Round 2,2,0,2026-09-23T10:05Z,final,3,2848,Oceane Dodin,3490,Elena Malygina,3490,2-6 6-4 6-2
184005,1077-2026,Turk Telekom Ankara Open,"Ankara, Türkiye",20260920,A,Round 2,2,0,2026-09-23T10:05Z,final,3,8681,Weronika Falkowska,17104,Polina Iatcenko,17104,6-3 6-4
184095,1009-2026,Singapore Tennis Open presented by BNP Paribas,"Singapore, Singapore",20260918,A,Round 2,2,0,2026-09-23T10:35Z,final,3,9820,Mirra Andreeva,1809,Aliaksandra Sasnovich,9820,6-2 6-2
183939,1022-2026,Eupago Porto Open,"Porto, Portugal",20260920,A,Round 2,2,0,2026-09-23T12:00Z,final,3,14578,Matilde Jorge,7797,Sinja Kraus,7797,6-4 7-5
184001,1077-2026,Turk Telekom Ankara Open,"Ankara, Türkiye",20260920,A,Round 2,2,0,2026-09-23T12:10Z,final,3,14946,Elena Pridankina,13737,Ksenia Zaytseva,13737,2-6 7-6(4) 6-1
184094,1009-2026,Singapore Tennis Open presented by BNP Paribas,"Singapore, Singapore",20260918,A,Round 2,2,0,2026-09-23T12:10Z,final,3,5309,Alycia Parks,3641,Leylah Fernandez,3641,6-4 6-3
183962,1022-2026,Eupago Porto Open,"Porto, Portugal",20260920,A,Round 2,2,0,2026-09-23T12:15Z,final,3,15775,Ayana Akli,13314,Gabriela Knutson,13314,6-4 5-7 6-4
183890,1019-2026,Delta Motors Tolentino Open,"Tolentino, Italy",20260920,A,Round 2,2,0,2026-09-23T12:40Z,final,3,3909,Jessica Pieri,10676,Leyre Romero Gormaz,3909,3-6 6-4 6-1
184006,1077-2026,Turk Telekom Ankara Open,"Ankara, Türkiye",20260920,A,Round 2,2,0,2026-09-23T13:05Z,final,3,3141,Berfu Cengiz,19088,Aysegul Mert,3141,7-6(2) 6-2
183949,1022-2026,Eupago Porto Open,"Porto, Portugal",20260920,A,Round 2,2,0,2026-09-23T14:30Z,final,3,10501,Maria Timofeeva,4438,Kajsa Rinaldo Persson,10501,6-3 6-0
184004,1077-2026,Turk Telekom Ankara Open,"Ankara, Türkiye",20260920,A,Round 2,2,0,2026-09-23T14:50Z,final,3,15426,Shi Han,3185,Ayla Aksu,15426,6-1 5-7 6-2
183880,1019-2026,Delta Motors Tolentino Open,"Tolentino, Italy",20260920,A,Round 2,2,0,2026-09-23T16:05Z,final,3,12957,Guiomar Maristany Zuleta De Reales,17887,Marta Lombardini,12957,6-2 6-3
183876,1019-2026,Delta Motors Tolentino Open,"Tolentino, Italy",20260920,A,Round 2,2,0,2026-09-23T18:05Z,final,3,17102,Noemi Basiletti,13219,Mia Ristic,13219,6-3 3-6 6-3
184050,811-2026,Korea Open,"Seoul, Korea Republic",20260918,A,Round 2,2,0,2026-09-24T03:05Z,final,3,13615,Ma YeXin,2588,Kimberly Birrell,2588,7-5 6-3
184053,811-2026,Korea Open,"Seoul, Korea Republic",20260918,A,Round 2,2,0,2026-09-24T03:05Z,final,3,2734,Anna Bondar,6570,Alina Charaeva,2734,6-4 6-7(6) 7-6(5)
184052,811-2026,Korea Open,"Seoul, Korea Republic",20260918,A,Round 2,2,0,2026-09-24T05:05Z,final,3,5737,Yeonwoo Ku,2748,Elena-Gabriela Ruse,2748,2-6 7-6(1) 6-1
184099,1009-2026,Singapore Tennis Open presented by BNP Paribas,"Singapore, Singapore",20260918,A,Round 2,2,0,2026-09-24T05:05Z,final,3,6708,Talia Gibson,4969,Viktoria Morvayova,6708,7-6(2) 7-6(1)
184054,811-2026,Korea Open,"Seoul, Korea Republic",20260918,A,Round 2,2,0,2026-09-24T07:35Z,final,3,2195,Jelena Ostapenko,7672,Taylah Preston,7672,6-4 6-1
184097,1009-2026,Singapore Tennis Open presented by BNP Paribas,"Singapore, Singapore",20260918,A,Round 2,2,0,2026-09-24T07:45Z,final,3,3387,Wang Xinyu,3705,Joanna Garland,3387,7-5 6-4
184003,1077-2026,Turk Telekom Ankara Open,"Ankara, Türkiye",20260920,A,Round 2,2,0,2026-09-24T09:00Z,final,3,16002,Teodora Kostovic,15344,Elena Ruxandra Bertea,16002,6-3 6-1
184002,1077-2026,Turk Telekom Ankara Open,"Ankara, Türkiye",20260920,A,Round 2,2,0,2026-09-24T09:05Z,final,3,13708,Tian Fangran,8560,Elena Micic,13708,6-2 7-5
184007,1077-2026,Turk Telekom Ankara Open,"Ankara, Türkiye",20260920,A,Round 2,2,0,2026-09-24T09:05Z,final,3,5299,Carole Monnet,7816,Anastasia Gasanova,7816,6-2 6-1
183960,1022-2026,Eupago Porto Open,"Porto, Portugal",20260920,A,Round 2,2,0,2026-09-24T10:05Z,final,3,14080,Veronika Podrez,16296,Mia Pohankova,16296,6-3 6-4
183886,1019-2026,Delta Motors Tolentino Open,"Tolentino, Italy",20260920,A,Round 2,2,0,2026-09-24T10:30Z,final,3,5161,Alice Tubello,2599,Julia Grabher,2599,3-6 6-3 6-4
184096,1009-2026,Singapore Tennis Open presented by BNP Paribas,"Singapore, Singapore",20260918,A,Round 2,2,0,2026-09-24T10:35Z,final,3,12846,Tatiana Prozorova,7759,Alexandra Eala,12846,4-6 7-5 6-3
183956,1022-2026,Eupago Porto Open,"Porto, Portugal",20260920,A,Round 2,2,0,2026-09-24T11:55Z,final,3,2551,Naiktha Bains,6823,Reese Brantmeier,6823,6-4 6-4
183941,1022-2026,Eupago Porto Open,"Porto, Portugal",20260920,A,Round 2,2,0,2026-09-24T12:05Z,final,3,16295,Angelina Voloshchuk,3330,Harmony Tan,16295,6-1 1-6 6-0
183884,1019-2026,Delta Motors Tolentino Open,"Tolentino, Italy",20260920,A,Round 2,2,0,2026-09-24T13:00Z,final,3,2282,Ekaterine Gorgodze,7806,Barbora Palicova,2282,7-5 7-5
183958,1022-2026,Eupago Porto Open,"Porto, Portugal",20260920,A,Round 2,2,0,2026-09-24T13:50Z,final,3,16688,Valentina Steiner,2752,Katie Swan,2752,6-1 6-0
184100,1009-2026,Singapore Tennis Open presented by BNP Paribas,"Singapore, Singapore",20260918,A,Round 2,2,0,2026-09-24T14:05Z,final,3,3018,Maria Sakkari,2043,Nao Hibino,3018,7-5 6-1
184008,1077-2026,Turk Telekom Ankara Open,"Ankara, Türkiye",20260920,A,Round 2,2,0,2026-09-24T14:10Z,final,3,16142,Deniz Dilek,1254,Cagla Buyukakcay,16142,6-1 2-6 6-2
183897,1019-2026,Delta Motors Tolentino Open,"Tolentino, Italy",20260920,A,Round 2,2,0,2026-09-24T15:45Z,final,3,17107,Samira De Stefano,6571,Oksana Selekhmeteva,6571,5-7 6-1 6-2
183888,1019-2026,Delta Motors Tolentino Open,"Tolentino, Italy",20260920,A,Round 2,2,0,2026-09-24T18:15Z,ret,3,5878,Veronika Erjavec,5168,Nuria Brancaccio,5168,5-7 5-3 RET
184105,1009-2026,Singapore Tennis Open presented by BNP Paribas,"Singapore, Singapore",20260918,A,Quarterfinal,10,0,2026-09-25T05:05Z,final,3,2221,Elise Mertens,3417,Maja Chwalinska,3417,6-2 6-2
184104,1009-2026,Singapore Tennis Open presented by BNP Paribas,"Singapore, Singapore",20260918,A,Quarterfinal,10,0,2026-09-25T06:55Z,final,3,3387,Wang Xinyu,12846,Tatiana Prozorova,12846,3-6 7-5 6-4
184011,1077-2026,Turk Telekom Ankara Open,"Ankara, Türkiye",20260920,A,Quarterfinal,10,0,2026-09-25T09:05Z,final,3,13737,Ksenia Zaytseva,17104,Polina Iatcenko,17104,6-3 6-2
184012,1077-2026,Turk Telekom Ankara Open,"Ankara, Türkiye",20260920,A,Quarterfinal,10,0,2026-09-25T09:05Z,final,3,16002,Teodora Kostovic,13708,Tian Fangran,16002,6-0 7-5
183898,1019-2026,Delta Motors Tolentino Open,"Tolentino, Italy",20260920,A,Quarterfinal,10,0,2026-09-25T10:25Z,final,3,12957,Guiomar Maristany Zuleta De Reales,2984,Rebeka Masarova,12957,6-4 6-3
184106,1009-2026,Singapore Tennis Open presented by BNP Paribas,"Singapore, Singapore",20260918,A,Quarterfinal,10,0,2026-09-25T10:45Z,final,3,9820,Mirra Andreeva,3641,Leylah Fernandez,3641,6-2 7-5
184009,1077-2026,Turk Telekom Ankara Open,"Ankara, Türkiye",20260920,A,Quarterfinal,10,0,2026-09-25T11:05Z,final,3,3141,Berfu Cengiz,15426,Shi Han,3141,6-3 6-4
183965,1022-2026,Eupago Porto Open,"Porto, Portugal",20260920,A,Quarterfinal,10,0,2026-09-25T12:00Z,final,3,6823,Reese Brantmeier,16295,Angelina Voloshchuk,6823,6-3 6-2
183964,1022-2026,Eupago Porto Open,"Porto, Portugal",20260920,A,Quarterfinal,10,0,2026-09-25T12:05Z,final,3,3490,Elena Malygina,7797,Sinja Kraus,7797,6-7(5) 6-3 6-4
183899,1019-2026,Delta Motors Tolentino Open,"Tolentino, Italy",20260920,A,Quarterfinal,10,0,2026-09-25T12:10Z,final,3,13219,Mia Ristic,3909,Jessica Pieri,3909,6-4 6-4
184103,1009-2026,Singapore Tennis Open presented by BNP Paribas,"Singapore, Singapore",20260918,A,Quarterfinal,10,0,2026-09-25T12:35Z,final,3,3018,Maria Sakkari,6708,Talia Gibson,6708,6-1 4-6 6-2
183963,1022-2026,Eupago Porto Open,"Porto, Portugal",20260920,A,Quarterfinal,10,0,2026-09-25T13:35Z,final,3,10501,Maria Timofeeva,13314,Gabriela Knutson,10501,6-1 6-2
184010,1077-2026,Turk Telekom Ankara Open,"Ankara, Türkiye",20260920,A,Quarterfinal,10,0,2026-09-25T13:35Z,final,3,16142,Deniz Dilek,7816,Anastasia Gasanova,16142,4-6 6-2 7-5
183966,1022-2026,Eupago Porto Open,"Porto, Portugal",20260920,A,Quarterfinal,10,0,2026-09-25T15:25Z,final,3,16296,Mia Pohankova,2752,Katie Swan,16296,3-6 7-5 6-1
183900,1019-2026,Delta Motors Tolentino Open,"Tolentino, Italy",20260920,A,Quarterfinal,10,0,2026-09-25T15:35Z,final,3,2282,Ekaterine Gorgodze,6571,Oksana Selekhmeteva,6571,6-1 2-6 6-2
183901,1019-2026,Delta Motors Tolentino Open,"Tolentino, Italy",20260920,A,Quarterfinal,10,0,2026-09-25T17:40Z,final,3,5168,Nuria Brancaccio,2599,Julia Grabher,2599,2-6 6-1 6-4
184055,811-2026,Korea Open,"Seoul, Korea Republic",20260918,A,Quarterfinal,10,0,2026-09-26T02:05Z,final,3,3746,Katie Volynets,2588,Kimberly Birrell,2588,2-6 6-2 7-5
184056,811-2026,Korea Open,"Seoul, Korea Republic",20260918,A,Quarterfinal,10,0,2026-09-26T02:05Z,final,3,2734,Anna Bondar,2748,Elena-Gabriela Ruse,2734,6-4 1-6 6-2
184057,811-2026,Korea Open,"Seoul, Korea Republic",20260918,A,Quarterfinal,10,0,2026-09-26T03:00Z,final,3,6953,Lanlana Tararudee,14146,Maya Joint,14146,6-4 6-3
186180,1028-2026,Jingshan Tennis Open,"Jingshan, China PR",20260925,A,Qualifying 1st Round,0,1,2026-09-26T03:05Z,final,3,5969,Nika Radisic,16978,Chengyiyi Yuan,16978,6-2 6-3
186181,1028-2026,Jingshan Tennis Open,"Jingshan, China PR",20260925,A,Qualifying 1st Round,0,1,2026-09-26T03:05Z,final,3,17362,Kristiana Sidorova,19093,Aruzhan  Sagandykova,17362,3-6 6-2 6-1
186175,1028-2026,Jingshan Tennis Open,"Jingshan, China PR",20260925,A,Qualifying 1st Round,0,1,2026-09-26T03:10Z,final,3,12959,Amelia Rajecki,2543,Hiroko Kuwata,12959,6-1 1-6 6-1
186178,1028-2026,Jingshan Tennis Open,"Jingshan, China PR",20260925,A,Qualifying 1st Round,0,1,2026-09-26T04:40Z,final,3,5490,Guo Meiqi,13531,Natsumi Kawaguchi,5490,6-0 6-3
184058,811-2026,Korea Open,"Seoul, Korea Republic",20260918,A,Quarterfinal,10,0,2026-09-26T04:45Z,final,3,7672,Taylah Preston,9169,Alina Korneeva,9169,6-1 6-4
184101,1009-2026,Singapore Tennis Open presented by BNP Paribas,"Singapore, Singapore",20260918,A,Semifinal,11,0,2026-09-27T04:00Z,wo,3,12846,Tatiana Prozorova,6708,Talia Gibson,6708,
