slug,tour,start,surface,round,winner_id,winner_name,winner_ioc,loser_id,loser_name,loser_ioc,score
2026BirminghamChallenger,atp,2026-06-01,Grass,F,207352,Bu Yunchaokete,CHN,202261,Otto Virtanen,FIN,2-6 7-6(3) 6-3
2026BirminghamChallenger,atp,2026-06-01,Grass,Q1,102093,Martin Damm,USA,209407,Max Basing,GBR,6-1 7-5
2026BirminghamChallenger,atp,2026-06-01,Grass,Q1,111190,Zhizhen Zhang,CHN,211394,Patrick Brady,GBR,7-5 7-6(4)
2026BirminghamChallenger,atp,2026-06-01,Grass,Q1,111200,Elias Ymer,SWE,207760,Anton Matusevich,GBR,7-5 6-3
2026BirminghamChallenger,atp,2026-06-01,Grass,Q1,144817,Marc Andrea Huesler,SUI,200008,Alexis Galarneau,CAN,6-4 5-7 7-6(2)
2026BirminghamChallenger,atp,2026-06-01,Grass,Q1,200277,Charles Broom,GBR,212536,James Beaven,GBR,6-3 6-2
2026BirminghamChallenger,atp,2026-06-01,Grass,Q1,200416,August Holmgren,DEN,209115,Oliver Okonkwo,GBR,7-6(8) 6-2
2026BirminghamChallenger,atp,2026-06-01,Grass,Q1,202346,Ben Jones,GBR,202333,Keegan Smith,USA,7-6(3) 7-6(5)
2026BirminghamChallenger,atp,2026-06-01,Grass,Q1,206889,Clement Chidekh,FRA,210522,William Jansen,GBR,6-1 6-4
2026BirminghamChallenger,atp,2026-06-01,Grass,Q1,207171,Hamish Stewart,GBR,202439,Sean Hodkin,GBR,6-3 6-1
2026BirminghamChallenger,atp,2026-06-01,Grass,Q1,211542,Filippo Romano,ITA,206736,Benjamin Oconnell,AUS,6-1 6-2
2026BirminghamChallenger,atp,2026-06-01,Grass,Q1,211767,James Watt,NZL,211577,Antoine Ghibaudo,FRA,7-6(2) 6-4
2026BirminghamChallenger,atp,2026-06-01,Grass,Q2,111190,Zhizhen Zhang,CHN,144817,Marc Andrea Huesler,SUI,6-2 2-6 7-6(3)
2026BirminghamChallenger,atp,2026-06-01,Grass,Q2,111200,Elias Ymer,SWE,207171,Hamish Stewart,GBR,7-6(2) 6-2
2026BirminghamChallenger,atp,2026-06-01,Grass,Q2,206889,Clement Chidekh,FRA,200277,Charles Broom,GBR,6-3 7-6(3)
2026BirminghamChallenger,atp,2026-06-01,Grass,Q2,210317,James Mccabe,AUS,102093,Martin Damm,USA,3-6 6-3 6-4
2026BirminghamChallenger,atp,2026-06-01,Grass,Q2,211542,Filippo Romano,ITA,202346,Ben Jones,GBR,7-5 7-6(9)
2026BirminghamChallenger,atp,2026-06-01,Grass,Q2,211767,James Watt,NZL,200416,August Holmgren,DEN,6-2 7-5
2026BirminghamChallenger,atp,2026-06-01,Grass,QF,111794,Kamil Majchrzak,POL,200647,Sho Shimabukuro,JPN,7-6(6) 6-3
2026BirminghamChallenger,atp,2026-06-01,Grass,QF,202261,Otto Virtanen,FIN,211542,Filippo Romano,ITA,6-4 6-4
2026BirminghamChallenger,atp,2026-06-01,Grass,QF,207352,Bu Yunchaokete,CHN,210136,Mark Lajal,EST,7-5 6-4
2026BirminghamChallenger,atp,2026-06-01,Grass,QF,209259,Arthur Fery,GBR,208014,Rinky Hijikata,AUS,7-6(7) 6-3
2026BirminghamChallenger,atp,2026-06-01,Grass,R16,111794,Kamil Majchrzak,POL,208269,Felix Gill,GBR,6-3 6-3
2026BirminghamChallenger,atp,2026-06-01,Grass,R16,200647,Sho Shimabukuro,JPN,111200,Elias Ymer,SWE,6-3 6-3
2026BirminghamChallenger,atp,2026-06-01,Grass,R16,202261,Otto Virtanen,FIN,126846,Aleksandar Vukic,AUS,WO
2026BirminghamChallenger,atp,2026-06-01,Grass,R16,207352,Bu Yunchaokete,CHN,126129,Billy Harris,GBR,6-2 6-4
2026BirminghamChallenger,atp,2026-06-01,Grass,R16,208014,Rinky Hijikata,AUS,111456,Mackenzie Mcdonald,USA,6-3 7-6(5)
2026BirminghamChallenger,atp,2026-06-01,Grass,R16,209259,Arthur Fery,GBR,106109,Alex Bolt,AUS,6-4 6-7(5) 6-3
2026BirminghamChallenger,atp,2026-06-01,Grass,R16,210136,Mark Lajal,EST,207784,Harry Wendelken,GBR,6-4 6-1
2026BirminghamChallenger,atp,2026-06-01,Grass,R16,211542,Filippo Romano,ITA,209409,Coleman Wong,HKG,6-4 7-5
2026BirminghamChallenger,atp,2026-06-01,Grass,R32,106109,Alex Bolt,AUS,208233,Mattia Bellucci,ITA,6-3 6-0
2026BirminghamChallenger,atp,2026-06-01,Grass,R32,111200,Elias Ymer,SWE,106331,Christopher Oconnell,AUS,7-6(7) 6-3
2026BirminghamChallenger,atp,2026-06-01,Grass,R32,111456,Mackenzie Mcdonald,USA,149282,Nicolai Budkov Kjaer,NOR,6-3 7-6(3)
2026BirminghamChallenger,atp,2026-06-01,Grass,R32,111794,Kamil Majchrzak,POL,210317,James Mccabe,AUS,7-6(3) 6-3
2026BirminghamChallenger,atp,2026-06-01,Grass,R32,126129,Billy Harris,GBR,102093,Martin Damm,USA,2-6 7-6(3) 7-6(3)
2026BirminghamChallenger,atp,2026-06-01,Grass,R32,126846,Aleksandar Vukic,AUS,209957,Jack Pinnington Jones,GBR,2-6 6-4 6-3
2026BirminghamChallenger,atp,2026-06-01,Grass,R32,200647,Sho Shimabukuro,JPN,208278,Shintaro Mochizuki,JPN,7-6(3) 6-4
2026BirminghamChallenger,atp,2026-06-01,Grass,R32,202261,Otto Virtanen,FIN,111190,Zhizhen Zhang,CHN,7-6(8) 6-1
2026BirminghamChallenger,atp,2026-06-01,Grass,R32,207352,Bu Yunchaokete,CHN,144750,Lloyd Harris,RSA,7-6(5) 1-6 6-1
2026BirminghamChallenger,atp,2026-06-01,Grass,R32,207784,Harry Wendelken,GBR,211767,James Watt,NZL,6-4 6-7(5) 7-6(3)
2026BirminghamChallenger,atp,2026-06-01,Grass,R32,208014,Rinky Hijikata,AUS,207985,Jacob Fearnley,GBR,6-1 7-6(3)
2026BirminghamChallenger,atp,2026-06-01,Grass,R32,208269,Felix Gill,GBR,200259,Ugo Blanchet,FRA,6-7(5) 7-6(2) 6-4
2026BirminghamChallenger,atp,2026-06-01,Grass,R32,209259,Arthur Fery,GBR,209262,Tristan Schoolkate,AUS,6-4 3-6 6-3
2026BirminghamChallenger,atp,2026-06-01,Grass,R32,209409,Coleman Wong,HKG,210472,Oliver Tarvet,GBR,7-6(5) 7-6(10)
2026BirminghamChallenger,atp,2026-06-01,Grass,R32,210136,Mark Lajal,EST,209857,Leandro Riedi,SUI,6-2 7-6(1)
2026BirminghamChallenger,atp,2026-06-01,Grass,R32,211542,Filippo Romano,ITA,206889,Clement Chidekh,FRA,3-6 6-4 6-4
2026BirminghamChallenger,atp,2026-06-01,Grass,SF,202261,Otto Virtanen,FIN,111794,Kamil Majchrzak,POL,7-6(6) 6-7(5) 7-6(7)
2026BirminghamChallenger,atp,2026-06-01,Grass,SF,207352,Bu Yunchaokete,CHN,209259,Arthur Fery,GBR,6-2 3-6 6-3
2026Centurion2Challenger,atp,2026-06-01,Hard,F,202475,Philip Henning,RSA,200574,Alexander Donski,BUL,6-2 3-6 7-6(6)
2026Centurion2Challenger,atp,2026-06-01,Hard,Q1,144748,Kris Van Wyk,RSA,213990,Simphiwe Ngwenya,RSA,6-1 6-4
2026Centurion2Challenger,atp,2026-06-01,Hard,Q1,200574,Alexander Donski,BUL,213600,Dillon Beckles,USA,6-3 6-3
2026Centurion2Challenger,atp,2026-06-01,Hard,Q1,207927,Thando Longwe Smit,RSA,214038,Laurence Teunissen,NED,6-2 6-2
2026Centurion2Challenger,atp,2026-06-01,Hard,Q1,208267,Oscar Weightman,GBR,209281,Dylan Salton,RSA,6-1 6-1
2026Centurion2Challenger,atp,2026-06-01,Hard,Q1,208844,Keshav Chopra,USA,208186,Preston Brown,USA,6-3 6-7(8) 6-3
2026Centurion2Challenger,atp,2026-06-01,Hard,Q1,209278,Alec Beckley,RSA,200310,Alexander Zgirovsky,BLR,6-4 6-4
2026Centurion2Challenger,atp,2026-06-01,Hard,Q1,210039,Orel Kimhi,ISR,111568,Michael Zhu,USA,5-7 6-4 6-2
2026Centurion2Challenger,atp,2026-06-01,Hard,Q1,210513,Tuncay Duran,TUR,200166,Stefan Vujic,AUS,6-4 7-6(5)
2026Centurion2Challenger,atp,2026-06-01,Hard,Q1,210683,Peter Buldorini,ITA,213656,Mark Nawa,BWA,6-1 6-1
2026Centurion2Challenger,atp,2026-06-01,Hard,Q1,211409,Guillaume Dalmasso,FRA,210645,Ofek Shimanov,ISR,6-3 6-7(3) 6-3
2026Centurion2Challenger,atp,2026-06-01,Hard,Q1,211897,Naoya Honda,JPN,210658,Andreas Scott,RSA,3-6 7-6(3) 6-3
2026Centurion2Challenger,atp,2026-06-01,Hard,Q1,213010,Marc Van Der Merwe,RSA,210227,Connor Henry Van Schalkwyk,NAM,6-2 7-5
2026Centurion2Challenger,atp,2026-06-01,Hard,Q2,200574,Alexander Donski,BUL,211897,Naoya Honda,JPN,2-6 6-3 6-4
2026Centurion2Challenger,atp,2026-06-01,Hard,Q2,208267,Oscar Weightman,GBR,208844,Keshav Chopra,USA,6-2 6-0
2026Centurion2Challenger,atp,2026-06-01,Hard,Q2,209278,Alec Beckley,RSA,207927,Thando Longwe Smit,RSA,6-2 6-3
2026Centurion2Challenger,atp,2026-06-01,Hard,Q2,210039,Orel Kimhi,ISR,213010,Marc Van Der Merwe,RSA,6-4 7-6(2)
2026Centurion2Challenger,atp,2026-06-01,Hard,Q2,210513,Tuncay Duran,TUR,144748,Kris Van Wyk,RSA,6-3 6-2
2026Centurion2Challenger,atp,2026-06-01,Hard,Q2,211409,Guillaume Dalmasso,FRA,210683,Peter Buldorini,ITA,7-6(3) 6-4
2026Centurion2Challenger,atp,2026-06-01,Hard,QF,200574,Alexander Donski,BUL,210513,Tuncay Duran,TUR,4-6 7-6(6) 6-2
2026Centurion2Challenger,atp,2026-06-01,Hard,QF,202475,Philip Henning,RSA,208144,Giles Hussey,GBR,6-2 6-1
2026Centurion2Challenger,atp,2026-06-01,Hard,QF,207809,Khololwam Montsi,RSA,207907,Arda Azkara,TUR,6-1 6-4
2026Centurion2Challenger,atp,2026-06-01,Hard,QF,208004,Harold Mayot,FRA,209131,Eliakim Coulibaly,CIV,7-5 6-4
2026Centurion2Challenger,atp,2026-06-01,Hard,R16,200574,Alexander Donski,BUL,210399,Edward Winter,AUS,7-6(2) 6-7(4) 7-5
2026Centurion2Challenger,atp,2026-06-01,Hard,R16,202475,Philip Henning,RSA,207669,Robert Strombachs,LAT,6-2 6-3
2026Centurion2Challenger,atp,2026-06-01,Hard,R16,207809,Khololwam Montsi,RSA,208605,Mario Gonzalez Fernandez,ESP,6-1 6-3
2026Centurion2Challenger,atp,2026-06-01,Hard,R16,207907,Arda Azkara,TUR,211409,Guillaume Dalmasso,FRA,7-6(5) 6-2
2026Centurion2Challenger,atp,2026-06-01,Hard,R16,208004,Harold Mayot,FRA,208431,Semen Pankin,RUS,6-3 4-6 6-3
2026Centurion2Challenger,atp,2026-06-01,Hard,R16,208144,Giles Hussey,GBR,209850,Robin Bertrand,FRA,5-7 6-3 6-3
2026Centurion2Challenger,atp,2026-06-01,Hard,R16,209131,Eliakim Coulibaly,CIV,209280,Devin Badenhorst,RSA,6-7(2) 6-3 6-2
2026Centurion2Challenger,atp,2026-06-01,Hard,R16,210513,Tuncay Duran,TUR,209278,Alec Beckley,RSA,6-3 6-4
2026Centurion2Challenger,atp,2026-06-01,Hard,R32,200574,Alexander Donski,BUL,117361,Akira Santillan,AUS,7-5 7-5
2026Centurion2Challenger,atp,2026-06-01,Hard,R32,202475,Philip Henning,RSA,210039,Orel Kimhi,ISR,6-2 6-2
2026Centurion2Challenger,atp,2026-06-01,Hard,R32,207669,Robert Strombachs,LAT,209140,Millen Hurrion,GBR,6-7(5) 6-3 7-6(4)
2026Centurion2Challenger,atp,2026-06-01,Hard,R32,207809,Khololwam Montsi,RSA,123921,Calvin Hemery,FRA,3-6 6-3 7-5
2026Centurion2Challenger,atp,2026-06-01,Hard,R32,207907,Arda Azkara,TUR,207368,Mert Alkaya,TUR,4-6 6-3 6-2
2026Centurion2Challenger,atp,2026-06-01,Hard,R32,208004,Harold Mayot,FRA,126208,Yusuke Takahashi,JPN,7-6(2) 6-7(8) 6-0
2026Centurion2Challenger,atp,2026-06-01,Hard,R32,208144,Giles Hussey,GBR,124154,Sasi Kumar Mukund,IND,7-5 6-2
2026Centurion2Challenger,atp,2026-06-01,Hard,R32,208431,Semen Pankin,RUS,209879,Luc Koenig,GBR,6-3 4-6 6-0
2026Centurion2Challenger,atp,2026-06-01,Hard,R32,208605,Mario Gonzalez Fernandez,ESP,132573,Luca Castelnuovo,SUI,6-4 6-2
2026Centurion2Challenger,atp,2026-06-01,Hard,R32,209131,Eliakim Coulibaly,CIV,106290,Filip Peliwo,POL,6-3 6-1
2026Centurion2Challenger,atp,2026-06-01,Hard,R32,209278,Alec Beckley,RSA,208158,Dominik Palan,CZE,6-3 6-3
2026Centurion2Challenger,atp,2026-06-01,Hard,R32,209280,Devin Badenhorst,RSA,208267,Oscar Weightman,GBR,6-3 6-4
2026Centurion2Challenger,atp,2026-06-01,Hard,R32,209850,Robin Bertrand,FRA,200452,Patrick Zahraj,GER,6-2 6-2
2026Centurion2Challenger,atp,2026-06-01,Hard,R32,210399,Edward Winter,AUS,106168,Sidharth Rawat,IND,6-3 6-2
2026Centurion2Challenger,atp,2026-06-01,Hard,R32,210513,Tuncay Duran,TUR,109303,Stefano Napolitano,ITA,6-7(5) 7-6(2) 3-0 RET
2026Centurion2Challenger,atp,2026-06-01,Hard,R32,211409,Guillaume Dalmasso,FRA,144970,Constantin Bittoun Kouzmine,FRA,6-4 6-3
2026Centurion2Challenger,atp,2026-06-01,Hard,SF,200574,Alexander Donski,BUL,207809,Khololwam Montsi,RSA,4-6 6-4 6-3
2026Centurion2Challenger,atp,2026-06-01,Hard,SF,202475,Philip Henning,RSA,208004,Harold Mayot,FRA,6-1 6-4
2026PerugiaChallenger,atp,2026-06-01,Clay,F,210012,Henrique Rocha,POR,210017,Daniel Merida Aguilar,ESP,7-6(5) 6-3
2026PerugiaChallenger,atp,2026-06-01,Clay,Q1,101495,Miguel Tobon,COL,209983,Mika Brunold,SUI,6-3 6-2
2026PerugiaChallenger,atp,2026-06-01,Clay,Q1,106177,Oriol Roca Batalla,ESP,149267,Andrea Colombo,ITA,6-3 6-2
2026PerugiaChallenger,atp,2026-06-01,Clay,Q1,133872,Enrico Dalla Valle,ITA,134087,Johannes Ingildsen,DEN,7-5 6-4
2026PerugiaChallenger,atp,2026-06-01,Clay,Q1,200374,Nicolas Alvarez Varona,ESP,206746,Benjamin Winter Lopez,ESP,6-1 6-3
2026PerugiaChallenger,atp,2026-06-01,Clay,Q1,207601,Manuel Mazza,ITA,209354,Ioannis Xilas,GRE,6-4 0-6 6-3
2026PerugiaChallenger,atp,2026-06-01,Clay,Q1,209264,Pietro Fellin,ITA,211768,Manas Dhamne,IND,6-3 6-3
2026PerugiaChallenger,atp,2026-06-01,Clay,Q1,209506,Francesco Forti,ITA,210054,Matthew William Donald,CZE,7-6(13) 6-2
2026PerugiaChallenger,atp,2026-06-01,Clay,Q1,209874,Maks Kasnikowski,POL,202342,Ryan Seggerman,USA,6-3 7-6(2)
2026PerugiaChallenger,atp,2026-06-01,Clay,Q1,212077,Lorenzo Carboni,ITA,111454,Li Tu,AUS,6-3 6-4
2026PerugiaChallenger,atp,2026-06-01,Clay,Q2,106177,Oriol Roca Batalla,ESP,209264,Pietro Fellin,ITA,4-6 6-3 7-6(5)
2026PerugiaChallenger,atp,2026-06-01,Clay,Q2,133872,Enrico Dalla Valle,ITA,101495,Miguel Tobon,COL,6-2 6-4
2026PerugiaChallenger,atp,2026-06-01,Clay,Q2,200374,Nicolas Alvarez Varona,ESP,207601,Manuel Mazza,ITA,7-5 6-4
2026PerugiaChallenger,atp,2026-06-01,Clay,Q2,209506,Francesco Forti,ITA,122554,David Jorda Sanchis,ESP,7-6(10) 6-7(5) 7-6(1)
2026PerugiaChallenger,atp,2026-06-01,Clay,Q2,209874,Maks Kasnikowski,POL,211636,Lucio Ratti,ARG,6-4 3-6 6-3
2026PerugiaChallenger,atp,2026-06-01,Clay,Q2,212077,Lorenzo Carboni,ITA,125847,Jelle Sels,NED,6-4 6-4
2026PerugiaChallenger,atp,2026-06-01,Clay,QF,126504,Andrea Pellegrino,ITA,213003,Pierluigi Basile,ITA,6-2 6-3
2026PerugiaChallenger,atp,2026-06-01,Clay,QF,207608,Timofey Skatov,KAZ,106065,Marco Cecchinato,ITA,6-4 6-4
2026PerugiaChallenger,atp,2026-06-01,Clay,QF,210012,Henrique Rocha,POR,200329,Remy Bertola,SUI,6-2 4-6 6-2
2026PerugiaChallenger,atp,2026-06-01,Clay,QF,210017,Daniel Merida Aguilar,ESP,208010,Pablo Llamas Ruiz,ESP,6-1 6-2
2026PerugiaChallenger,atp,2026-06-01,Clay,R16,106065,Marco Cecchinato,ITA,208316,Valentin Royer,FRA,6-3 3-0 RET
2026PerugiaChallenger,atp,2026-06-01,Clay,R16,126504,Andrea Pellegrino,ITA,106148,Roberto Carballes Baena,ESP,4-6 7-5 6-3
2026PerugiaChallenger,atp,2026-06-01,Clay,R16,200329,Remy Bertola,SUI,208134,Luca Nardi,ITA,6-2 4-6 6-3
2026PerugiaChallenger,atp,2026-06-01,Clay,R16,207608,Timofey Skatov,KAZ,202358,Chun Hsin Tseng,TPE,6-7(2) 7-6(7) 7-6(4)
2026PerugiaChallenger,atp,2026-06-01,Clay,R16,208010,Pablo Llamas Ruiz,ESP,213635,Jacopo Vasami,ITA,7-6(3) 6-3
2026PerugiaChallenger,atp,2026-06-01,Clay,R16,210012,Henrique Rocha,POR,105583,Dusan Lajovic,SRB,6-4 7-5
2026PerugiaChallenger,atp,2026-06-01,Clay,R16,210017,Daniel Merida Aguilar,ESP,106281,Liam Broady,GBR,6-4 6-2
2026PerugiaChallenger,atp,2026-06-01,Clay,R16,213003,Pierluigi Basile,ITA,209506,Francesco Forti,ITA,6-1 6-3
2026PerugiaChallenger,atp,2026-06-01,Clay,R32,105583,Dusan Lajovic,SRB,208293,Gonzalo Bueno,PER,6-4 6-1
2026PerugiaChallenger,atp,2026-06-01,Clay,R32,106065,Marco Cecchinato,ITA,209899,Ilia Simakin,RUS,6-3 6-4
2026PerugiaChallenger,atp,2026-06-01,Clay,R32,106148,Roberto Carballes Baena,ESP,212077,Lorenzo Carboni,ITA,3-6 6-1 6-4
2026PerugiaChallenger,atp,2026-06-01,Clay,R32,106281,Liam Broady,GBR,122554,David Jorda Sanchis,ESP,5-7 6-3 6-3
2026PerugiaChallenger,atp,2026-06-01,Clay,R32,126504,Andrea Pellegrino,ITA,209874,Maks Kasnikowski,POL,4-6 7-6(5) 6-1
2026PerugiaChallenger,atp,2026-06-01,Clay,R32,200329,Remy Bertola,SUI,211636,Lucio Ratti,ARG,6-4 4-6 6-2
2026PerugiaChallenger,atp,2026-06-01,Clay,R32,202358,Chun Hsin Tseng,TPE,121411,Moez Echargui,TUN,6-4 1-6 6-3
2026PerugiaChallenger,atp,2026-06-01,Clay,R32,207608,Timofey Skatov,KAZ,209147,Vilius Gaubas,LTU,4-6 6-4 6-2
2026PerugiaChallenger,atp,2026-06-01,Clay,R32,208010,Pablo Llamas Ruiz,ESP,212020,Michele Ribecai,ITA,6-4 3-6 7-6(2)
2026PerugiaChallenger,atp,2026-06-01,Clay,R32,208134,Luca Nardi,ITA,106177,Oriol Roca Batalla,ESP,6-4 7-6(5)
2026PerugiaChallenger,atp,2026-06-01,Clay,R32,208316,Valentin Royer,FRA,200374,Nicolas Alvarez Varona,ESP,6-4 6-3
2026PerugiaChallenger,atp,2026-06-01,Clay,R32,209506,Francesco Forti,ITA,125847,Jelle Sels,NED,6-0 7-6(4)
2026PerugiaChallenger,atp,2026-06-01,Clay,R32,210012,Henrique Rocha,POR,133872,Enrico Dalla Valle,ITA,6-4 7-6(7)
2026PerugiaChallenger,atp,2026-06-01,Clay,R32,210017,Daniel Merida Aguilar,ESP,211533,Gianluca Cadenasso,ITA,6-2 0-0 RET
2026PerugiaChallenger,atp,2026-06-01,Clay,R32,213003,Pierluigi Basile,ITA,105882,Stefano Travaglia,ITA,7-6(3) 4-6 6-3
2026PerugiaChallenger,atp,2026-06-01,Clay,R32,213635,Jacopo Vasami,ITA,206470,Cezar Cretu,ROU,7-6(4) 6-4
2026PerugiaChallenger,atp,2026-06-01,Clay,SF,210012,Henrique Rocha,POR,207608,Timofey Skatov,KAZ,6-4 6-2
2026PerugiaChallenger,atp,2026-06-01,Clay,SF,210017,Daniel Merida Aguilar,ESP,126504,Andrea Pellegrino,ITA,6-3 5-7 6-3
2026ProstejovChallenger,atp,2026-06-01,Clay,F,202104,Sebastian Baez,ARG,144684,Alex Molcan,SVK,6-4 6-2
2026ProstejovChallenger,atp,2026-06-01,Clay,Q1,105413,Andrej Martin,SVK,211530,Tomasz Berkieta,POL,6-2 6-4
2026ProstejovChallenger,atp,2026-06-01,Clay,Q1,106121,Taro Daniel,JPN,212478,William Rejchtman Vinciguerra,SWE,6-2 7-6(3)
2026ProstejovChallenger,atp,2026-06-01,Clay,Q1,126340,Viktor Durasovic,NOR,210063,Matyas Cerny,CZE,6-4 7-6(4)
2026ProstejovChallenger,atp,2026-06-01,Clay,Q1,144716,Oleg Prihodko,UKR,211756,Michal Krajci,SVK,6-3 6-4
2026ProstejovChallenger,atp,2026-06-01,Clay,Q1,200309,Marek Gengel,CZE,207708,Dusan Obradovic,SRB,6-4 6-3
2026ProstejovChallenger,atp,2026-06-01,Clay,Q1,200366,Olukayode Alafia Damina Ayeni,USA,210556,Jakub Nicod,CZE,6-2 2-6 5-2 RET
2026ProstejovChallenger,atp,2026-06-01,Clay,Q1,207415,Daniel Michalski,POL,208343,Andrew Paulson,CZE,6-1 4-6 6-4
2026ProstejovChallenger,atp,2026-06-01,Clay,Q1,209931,Lukas Pokorny,SVK,144814,Eero Vasa,FIN,7-6(7) 6-4
2026ProstejovChallenger,atp,2026-06-01,Clay,Q1,209984,Milos Karol,SVK,208182,Saba Purtseladze,GEO,6-4 7-5
2026ProstejovChallenger,atp,2026-06-01,Clay,Q1,211618,Jan Kumstat,CZE,106227,Ji Sung Nam,KOR,6-4 6-4
2026ProstejovChallenger,atp,2026-06-01,Clay,Q1,212241,Carlo Alberto Caniato,ITA,209338,Daniel Siniakov,CZE,7-6(6) 6-4
2026ProstejovChallenger,atp,2026-06-01,Clay,Q2,105413,Andrej Martin,SVK,105180,Daniel Dutra Da Silva,BRA,6-2 6-4
2026ProstejovChallenger,atp,2026-06-01,Clay,Q2,106121,Taro Daniel,JPN,209931,Lukas Pokorny,SVK,6-4 6-0
2026ProstejovChallenger,atp,2026-06-01,Clay,Q2,126340,Viktor Durasovic,NOR,207415,Daniel Michalski,POL,6-0 6-4
2026ProstejovChallenger,atp,2026-06-01,Clay,Q2,209984,Milos Karol,SVK,200309,Marek Gengel,CZE,4-6 6-3 6-3
2026ProstejovChallenger,atp,2026-06-01,Clay,Q2,211618,Jan Kumstat,CZE,144716,Oleg Prihodko,UKR,6-4 6-7(10) 6-2
2026ProstejovChallenger,atp,2026-06-01,Clay,Q2,212241,Carlo Alberto Caniato,ITA,200366,Olukayode Alafia Damina Ayeni,USA,7-6(4) 6-3
2026ProstejovChallenger,atp,2026-06-01,Clay,QF,144684,Alex Molcan,SVK,126964,Vitaliy Sachko,UKR,3-6 6-1 6-4
2026ProstejovChallenger,atp,2026-06-01,Clay,QF,202104,Sebastian Baez,ARG,211617,Maxim Mrva,CZE,6-4 7-5
2026ProstejovChallenger,atp,2026-06-01,Clay,QF,207663,Nikolas Sanchez Izquierdo,ESP,210510,Lautaro Midon,ARG,6-7(6) 6-3 6-3
2026ProstejovChallenger,atp,2026-06-01,Clay,QF,210558,Hynek Barton,CZE,106121,Taro Daniel,JPN,7-6(4) 7-5
2026ProstejovChallenger,atp,2026-06-01,Clay,R16,106121,Taro Daniel,JPN,106000,Damir Dzumhur,BIH,6-4 4-6 6-3
2026ProstejovChallenger,atp,2026-06-01,Clay,R16,126964,Vitaliy Sachko,UKR,200240,Vit Kopriva,CZE,6-1 4-6 7-6(4)
2026ProstejovChallenger,atp,2026-06-01,Clay,R16,144684,Alex Molcan,SVK,209984,Milos Karol,SVK,6-3 6-4
2026ProstejovChallenger,atp,2026-06-01,Clay,R16,202104,Sebastian Baez,ARG,207729,Tristan Boyer,USA,6-2 6-4
2026ProstejovChallenger,atp,2026-06-01,Clay,R16,207663,Nikolas Sanchez Izquierdo,ESP,207686,Alexander Shevchenko,KAZ,7-6(8) 6-1
2026ProstejovChallenger,atp,2026-06-01,Clay,R16,210510,Lautaro Midon,ARG,144821,Genaro Alberto Olivieri,ARG,6-1 6-2
2026ProstejovChallenger,atp,2026-06-01,Clay,R16,210558,Hynek Barton,CZE,105613,Norbert Gombos,SVK,6-3 6-4
2026ProstejovChallenger,atp,2026-06-01,Clay,R16,211617,Maxim Mrva,CZE,208046,Pedro Boscardin Dias,BRA,6-4 6-4
2026ProstejovChallenger,atp,2026-06-01,Clay,R32,105613,Norbert Gombos,SVK,126340,Viktor Durasovic,NOR,7-6(2) 3-6 7-6(3)
2026ProstejovChallenger,atp,2026-06-01,Clay,R32,106000,Damir Dzumhur,BIH,207732,Miguel Damas,ESP,6-7(2) 6-4 7-5
2026ProstejovChallenger,atp,2026-06-01,Clay,R32,106121,Taro Daniel,JPN,207797,Jonas Forejtek,CZE,7-6(3) 6-1
2026ProstejovChallenger,atp,2026-06-01,Clay,R32,126964,Vitaliy Sachko,UKR,211618,Jan Kumstat,CZE,5-7 6-0 6-3
2026ProstejovChallenger,atp,2026-06-01,Clay,R32,144684,Alex Molcan,SVK,200436,Zsombor Piros,HUN,6-2 6-3
2026ProstejovChallenger,atp,2026-06-01,Clay,R32,144821,Genaro Alberto Olivieri,ARG,209322,Martin Krumich,CZE,6-3 1-6 7-6(2)
2026ProstejovChallenger,atp,2026-06-01,Clay,R32,200240,Vit Kopriva,CZE,105413,Andrej Martin,SVK,6-0 6-4
2026ProstejovChallenger,atp,2026-06-01,Clay,R32,202104,Sebastian Baez,ARG,209849,Sascha Gueymard Wayenburg,FRA,6-4 6-3
2026ProstejovChallenger,atp,2026-06-01,Clay,R32,207663,Nikolas Sanchez Izquierdo,ESP,202146,Luka Pavlovic,FRA,6-3 4-6 6-3
2026ProstejovChallenger,atp,2026-06-01,Clay,R32,207686,Alexander Shevchenko,KAZ,134840,Raul Brancaccio,ITA,7-6(5) 4-6 6-1
2026ProstejovChallenger,atp,2026-06-01,Clay,R32,207729,Tristan Boyer,USA,202262,Filip Cristian Jianu,ROU,7-6(5) 6-4
2026ProstejovChallenger,atp,2026-06-01,Clay,R32,208046,Pedro Boscardin Dias,BRA,133297,Yosuke Watanuki,JPN,1-6 7-6(5) 3-0 RET
2026ProstejovChallenger,atp,2026-06-01,Clay,R32,209984,Milos Karol,SVK,212241,Carlo Alberto Caniato,ITA,7-6(3) 6-1
2026ProstejovChallenger,atp,2026-06-01,Clay,R32,210510,Lautaro Midon,ARG,144645,Zdenek Kolar,CZE,7-5 6-1
2026ProstejovChallenger,atp,2026-06-01,Clay,R32,210558,Hynek Barton,CZE,105138,Roberto Bautista Agut,ESP,6-4 6-7(5) 7-5
2026ProstejovChallenger,atp,2026-06-01,Clay,R32,211617,Maxim Mrva,CZE,207494,Dalibor Svrcina,CZE,5-7 6-3 6-4
2026ProstejovChallenger,atp,2026-06-01,Clay,SF,144684,Alex Molcan,SVK,210558,Hynek Barton,CZE,6-3 6-2
2026ProstejovChallenger,atp,2026-06-01,Clay,SF,202104,Sebastian Baez,ARG,207663,Nikolas Sanchez Izquierdo,ESP,6-2 7-6(2)
2026TylerChallenger,atp,2026-06-01,Hard,F,200443,Adam Walton,AUS,210318,Andre Ilagan,USA,7-5 6-1
2026TylerChallenger,atp,2026-06-01,Hard,Q1,132052,Christian Langmo,USA,210242,Ryan Colby,USA,4-6 6-3 7-6(6)
2026TylerChallenger,atp,2026-06-01,Hard,Q1,201987,Masamichi Imamura,JPN,211727,Pavle Marinkov,AUS,6-1 6-1
2026TylerChallenger,atp,2026-06-01,Hard,Q1,207202,Karl Poling,USA,210221,Jay Dylan Hara Friend,JPN,6-7(4) 6-3 6-4
2026TylerChallenger,atp,2026-06-01,Hard,Q1,208039,Ronald Hohmann,USA,202075,Adria Soriano Barrera,COL,6-2 6-7(2) 6-3
2026TylerChallenger,atp,2026-06-01,Hard,Q1,208649,Andrew Fenty,USA,144731,Kody Pearson,AUS,6-3 6-4
2026TylerChallenger,atp,2026-06-01,Hard,Q1,209088,Quinn Vandecasteele,USA,210250,Erik Arutiunian,BLR,6-2 6-3
2026TylerChallenger,atp,2026-06-01,Hard,Q1,210044,Bruno Kuzuhara,USA,109054,Daniel Masur,GER,6-2 6-2
2026TylerChallenger,atp,2026-06-01,Hard,Q1,210077,Aidan Kim,USA,105655,Hiroki Moriya,JPN,7-6(4) 6-2
2026TylerChallenger,atp,2026-06-01,Hard,Q1,210142,Olaf Pieczkowski,POL,208143,Garrett Johns,USA,3-6 7-5 6-4
2026TylerChallenger,atp,2026-06-01,Hard,Q1,211627,Hayato Matsuoka,JPN,212542,Jerry Roddick,USA,6-4 6-1
2026TylerChallenger,atp,2026-06-01,Hard,Q1,211711,Braden Shick,USA,202297,Dan Martin,CAN,7-6(4) 4-6 6-4
2026TylerChallenger,atp,2026-06-01,Hard,Q1,212251,Daniel Milavsky,USA,213152,William Manning,USA,6-4 6-4
2026TylerChallenger,atp,2026-06-01,Hard,Q2,201987,Masamichi Imamura,JPN,211627,Hayato Matsuoka,JPN,6-4 7-5
2026TylerChallenger,atp,2026-06-01,Hard,Q2,207202,Karl Poling,USA,210142,Olaf Pieczkowski,POL,6-1 2-6 6-3
2026TylerChallenger,atp,2026-06-01,Hard,Q2,208649,Andrew Fenty,USA,210044,Bruno Kuzuhara,USA,6-3 6-3
2026TylerChallenger,atp,2026-06-01,Hard,Q2,210077,Aidan Kim,USA,209088,Quinn Vandecasteele,USA,7-6(2) 6-3
2026TylerChallenger,atp,2026-06-01,Hard,Q2,211711,Braden Shick,USA,208039,Ronald Hohmann,USA,6-4 3-6 6-1
2026TylerChallenger,atp,2026-06-01,Hard,Q2,212251,Daniel Milavsky,USA,132052,Christian Langmo,USA,4-6 6-3 6-4
2026TylerChallenger,atp,2026-06-01,Hard,QF,200443,Adam Walton,AUS,209355,Timo Legout,FRA,6-2 6-2
2026TylerChallenger,atp,2026-06-01,Hard,QF,207202,Karl Poling,USA,211902,Henry Searle,GBR,7-6(2) 3-6 6-3
2026TylerChallenger,atp,2026-06-01,Hard,QF,208119,Liam Draxl,CAN,211711,Braden Shick,USA,6-2 6-3
2026TylerChallenger,atp,2026-06-01,Hard,QF,210318,Andre Ilagan,USA,202122,Yuta Shimizu,JPN,4-6 7-6(5) 6-4
2026TylerChallenger,atp,2026-06-01,Hard,R16,200443,Adam Walton,AUS,211346,Andres Martin,USA,6-2 6-2
2026TylerChallenger,atp,2026-06-01,Hard,R16,202122,Yuta Shimizu,JPN,209326,Murphy Cassone,USA,6-7(6) 7-6(6) 7-6(3)
2026TylerChallenger,atp,2026-06-01,Hard,R16,207202,Karl Poling,USA,209080,Blaise Bicknell,JAM,7-5 7-5
2026TylerChallenger,atp,2026-06-01,Hard,R16,208119,Liam Draxl,CAN,210478,Sebastian Gorzny,USA,6-3 1-6 6-3
2026TylerChallenger,atp,2026-06-01,Hard,R16,209355,Timo Legout,FRA,213119,Landon Ardila,USA,6-1 6-0
2026TylerChallenger,atp,2026-06-01,Hard,R16,210318,Andre Ilagan,USA,210220,Edas Butvilas,LTU,6-3 6-4
2026TylerChallenger,atp,2026-06-01,Hard,R16,211711,Braden Shick,USA,201987,Masamichi Imamura,JPN,7-5 7-6(6)
2026TylerChallenger,atp,2026-06-01,Hard,R16,211902,Henry Searle,GBR,211627,Hayato Matsuoka,JPN,6-2 6-2
2026TylerChallenger,atp,2026-06-01,Hard,R32,200443,Adam Walton,AUS,126555,Tung Lin Wu,TPE,4-6 7-6(4) 6-1
2026TylerChallenger,atp,2026-06-01,Hard,R32,201987,Masamichi Imamura,JPN,212256,Colton Smith,USA,7-5 6-3
2026TylerChallenger,atp,2026-06-01,Hard,R32,202122,Yuta Shimizu,JPN,208013,Dane Sweeny,AUS,7-5 7-5
2026TylerChallenger,atp,2026-06-01,Hard,R32,207202,Karl Poling,USA,200711,Nicolas Mejia,COL,6-4 6-4
2026TylerChallenger,atp,2026-06-01,Hard,R32,208119,Liam Draxl,CAN,210077,Aidan Kim,USA,6-1 6-3
2026TylerChallenger,atp,2026-06-01,Hard,R32,209080,Blaise Bicknell,JAM,208902,Johannus Monday,GBR,6-7(4) 6-4 6-4
2026TylerChallenger,atp,2026-06-01,Hard,R32,209326,Murphy Cassone,USA,212251,Daniel Milavsky,USA,6-4 6-1
2026TylerChallenger,atp,2026-06-01,Hard,R32,209355,Timo Legout,FRA,200748,Andres Andrade,ECU,7-5 7-5
2026TylerChallenger,atp,2026-06-01,Hard,R32,210220,Edas Butvilas,LTU,212216,Trevor Svajda,USA,7-6(1) 6-4
2026TylerChallenger,atp,2026-06-01,Hard,R32,210318,Andre Ilagan,USA,111806,Fajing Sun,CHN,6-3 7-6(1)
2026TylerChallenger,atp,2026-06-01,Hard,R32,210478,Sebastian Gorzny,USA,208649,Andrew Fenty,USA,6-4 6-4
2026TylerChallenger,atp,2026-06-01,Hard,R32,211346,Andres Martin,USA,134329,Blake Ellis,AUS,7-6(5) 7-6(5)
2026TylerChallenger,atp,2026-06-01,Hard,R32,211627,Hayato Matsuoka,JPN,106071,Bernard Tomic,AUS,7-6(4) 7-6(5)
2026TylerChallenger,atp,2026-06-01,Hard,R32,211711,Braden Shick,USA,208854,Aidan Mayo,USA,6-2 2-6 6-2
2026TylerChallenger,atp,2026-06-01,Hard,R32,211902,Henry Searle,GBR,106283,Mitchell Krueger,USA,6-4 6-4
2026TylerChallenger,atp,2026-06-01,Hard,R32,213119,Landon Ardila,USA,208342,Tyler Zink,USA,6-4 6-4
2026TylerChallenger,atp,2026-06-01,Hard,SF,200443,Adam Walton,AUS,208119,Liam Draxl,CAN,6-4 6-4
2026TylerChallenger,atp,2026-06-01,Hard,SF,210318,Andre Ilagan,USA,207202,Karl Poling,USA,3-6 6-1 7-6(8)
2026WTABirmingham125,wta,2026-06-01,Grass,F,223253,Alexandra Eala,PHI,223360,Nikola Bartunkova,CZE,5-7 6-3 7-5
2026WTABirmingham125,wta,2026-06-01,Grass,Q1,206124,Tereza Martincova,CZE,216253,Victoria Allen,GBR,6-1 6-4
2026WTABirmingham125,wta,2026-06-01,Grass,Q1,211702,Nao Hibino,JPN,213734,Mariam Bolkvadze,GEO,7-6(7) 6-1
2026WTABirmingham125,wta,2026-06-01,Grass,Q1,213873,Gabriela Andrea Knutson,CZE,259758,Anouck Vrancken Peeters,NED,4-6 6-4 6-2
2026WTABirmingham125,wta,2026-06-01,Grass,Q1,213889,Greet Minnen,BEL,214839,Jodie Burrage,GBR,7-6(3) 6-7(6) 6-1
2026WTABirmingham125,wta,2026-06-01,Grass,Q1,214119,Rebeka Masarova,ESP,215431,Emily Appleton,GBR,6-2 6-3
2026WTABirmingham125,wta,2026-06-01,Grass,Q1,214149,Viktoria Hruncakova,SVK,201586,Heather Watson,GBR,3-6 6-4 7-5
2026WTABirmingham125,wta,2026-06-01,Grass,Q1,216566,Mananchaya Sawangkaew,THA,213908,Yuriko Miyazaki,GBR,6-2 6-3
2026WTABirmingham125,wta,2026-06-01,Grass,Q1,221909,Ashlyn Krueger,USA,263872,Hannah Klugman,GBR,6-1 6-2
2026WTABirmingham125,wta,2026-06-01,Grass,Q1,232447,Celine Naef,SUI,203475,Carol Zhao,CAN,6-4 6-3
2026WTABirmingham125,wta,2026-06-01,Grass,Q1,256684,Aoi Ito,JPN,221945,Amelia Rajecki,GBR,6-4 6-2
2026WTABirmingham125,wta,2026-06-01,Grass,Q1,259685,Mingge Xu,GBR,239436,Kayla Cross,CAN,6-3 5-7 6-0
2026WTABirmingham125,wta,2026-06-01,Grass,Q1,260203,Vendula Valdmannova,CZE,259967,Sayaka Ishii,JPN,3-6 6-2 6-4
2026WTABirmingham125,wta,2026-06-01,Grass,Q2,206124,Tereza Martincova,CZE,259685,Mingge Xu,GBR,7-6(2) 6-1
2026WTABirmingham125,wta,2026-06-01,Grass,Q2,211702,Nao Hibino,JPN,260203,Vendula Valdmannova,CZE,6-4 6-2
2026WTABirmingham125,wta,2026-06-01,Grass,Q2,213889,Greet Minnen,BEL,214149,Viktoria Hruncakova,SVK,7-6(5) 6-1
2026WTABirmingham125,wta,2026-06-01,Grass,Q2,214119,Rebeka Masarova,ESP,232447,Celine Naef,SUI,4-6 6-4 6-0
2026WTABirmingham125,wta,2026-06-01,Grass,Q2,216566,Mananchaya Sawangkaew,THA,256684,Aoi Ito,JPN,7-6(3) 6-3
2026WTABirmingham125,wta,2026-06-01,Grass,Q2,221909,Ashlyn Krueger,USA,213873,Gabriela Andrea Knutson,CZE,6-4 7-6(5)
2026WTABirmingham125,wta,2026-06-01,Grass,QF,214119,Rebeka Masarova,ESP,223168,Mary Stoiana,USA,6-4 3-6 6-0
2026WTABirmingham125,wta,2026-06-01,Grass,QF,221909,Ashlyn Krueger,USA,223194,Taylah Preston,AUS,2-6 6-3 6-4
2026WTABirmingham125,wta,2026-06-01,Grass,QF,223253,Alexandra Eala,PHI,216566,Mananchaya Sawangkaew,THA,6-3 6-2
2026WTABirmingham125,wta,2026-06-01,Grass,QF,223360,Nikola Bartunkova,CZE,261963,Mika Stojsavljevic,GBR,6-4 6-7(8) 7-6(4)
2026WTABirmingham125,wta,2026-06-01,Grass,R16,214119,Rebeka Masarova,ESP,213583,Tatjana Maria,GER,6-4 6-3
2026WTABirmingham125,wta,2026-06-01,Grass,R16,216566,Mananchaya Sawangkaew,THA,215037,Kayla Day,USA,6-4 6-1
2026WTABirmingham125,wta,2026-06-01,Grass,R16,221909,Ashlyn Krueger,USA,222145,Janice Tjen,INA,6-1 6-3
2026WTABirmingham125,wta,2026-06-01,Grass,R16,223168,Mary Stoiana,USA,232447,Celine Naef,SUI,7-5 2-6 7-6(5)
2026WTABirmingham125,wta,2026-06-01,Grass,R16,223194,Taylah Preston,AUS,215042,Katie Swan,GBR,6-4 6-2
2026WTABirmingham125,wta,2026-06-01,Grass,R16,223253,Alexandra Eala,PHI,221406,Alina Charaeva,RUS,6-2 7-5
2026WTABirmingham125,wta,2026-06-01,Grass,R16,223360,Nikola Bartunkova,CZE,213873,Gabriela Andrea Knutson,CZE,6-4 7-6(4)
2026WTABirmingham125,wta,2026-06-01,Grass,R16,261963,Mika Stojsavljevic,GBR,220722,Elvina Kalieva,USA,6-4 6-7(2) 6-2
2026WTABirmingham125,wta,2026-06-01,Grass,R32,213583,Tatjana Maria,GER,222258,Linda Fruhvirtova,CZE,6-0 6-1
2026WTABirmingham125,wta,2026-06-01,Grass,R32,213873,Gabriela Andrea Knutson,CZE,220466,Joanna Garland,TPE,7-6(6) 6-3
2026WTABirmingham125,wta,2026-06-01,Grass,R32,214119,Rebeka Masarova,ESP,206124,Tereza Martincova,CZE,6-7(6) 6-1 6-1
2026WTABirmingham125,wta,2026-06-01,Grass,R32,215037,Kayla Day,USA,243420,Hanne Vandewinkel,BEL,7-6(2) 6-2
2026WTABirmingham125,wta,2026-06-01,Grass,R32,215042,Katie Swan,GBR,201548,Ajla Tomljanovic,AUS,7-6(4) 3-2 RET
2026WTABirmingham125,wta,2026-06-01,Grass,R32,216566,Mananchaya Sawangkaew,THA,221626,Linda Klimovicova,CZE,6-4 7-5
2026WTABirmingham125,wta,2026-06-01,Grass,R32,220722,Elvina Kalieva,USA,221883,Talia Gibson,AUS,7-5 2-6 6-4
2026WTABirmingham125,wta,2026-06-01,Grass,R32,221406,Alina Charaeva,RUS,213889,Greet Minnen,BEL,6-3 6-1
2026WTABirmingham125,wta,2026-06-01,Grass,R32,221909,Ashlyn Krueger,USA,221124,Himeno Sakatsume,JPN,6-4 6-3
2026WTABirmingham125,wta,2026-06-01,Grass,R32,222145,Janice Tjen,INA,211702,Nao Hibino,JPN,6-4 3-6 6-2
2026WTABirmingham125,wta,2026-06-01,Grass,R32,223168,Mary Stoiana,USA,215138,Lulu Sun,NZL,4-6 7-6(8) 6-2
2026WTABirmingham125,wta,2026-06-01,Grass,R32,223194,Taylah Preston,AUS,260206,Alicia Dudeney,GBR,6-4 6-7(4) 6-3
2026WTABirmingham125,wta,2026-06-01,Grass,R32,223253,Alexandra Eala,PHI,211880,Priscilla Hon,AUS,6-0 6-2
2026WTABirmingham125,wta,2026-06-01,Grass,R32,223360,Nikola Bartunkova,CZE,211279,Harriet Dart,GBR,3-6 6-3 7-5
2026WTABirmingham125,wta,2026-06-01,Grass,R32,232447,Celine Naef,SUI,213666,Maddison Inglis,AUS,6-2 6-3
2026WTABirmingham125,wta,2026-06-01,Grass,R32,261963,Mika Stojsavljevic,GBR,263644,Emerson Jones,AUS,3-6 6-1 7-5
2026WTABirmingham125,wta,2026-06-01,Grass,SF,223253,Alexandra Eala,PHI,214119,Rebeka Masarova,ESP,6-2 4-6 6-3
2026WTABirmingham125,wta,2026-06-01,Grass,SF,223360,Nikola Bartunkova,CZE,221909,Ashlyn Krueger,USA,6-4 7-6(7)
2026WTAMakarska125,wta,2026-06-01,Clay,F,221237,Maria Timofeeva,UZB,221985,Darja Semenistaja,LAT,6-2 6-3
2026WTAMakarska125,wta,2026-06-01,Clay,QF,204427,Sara Sorribes Tormo,ESP,223333,Noma Noha Akugue,GER,6-0 6-4
2026WTAMakarska125,wta,2026-06-01,Clay,QF,220589,Elina Avanesyan,ARM,223323,Barbora Palicova,CZE,6-0 3-6 6-1
2026WTAMakarska125,wta,2026-06-01,Clay,QF,221237,Maria Timofeeva,UZB,236956,Yasmine Kabbaj,MAR,7-5 6-1
2026WTAMakarska125,wta,2026-06-01,Clay,QF,221985,Darja Semenistaja,LAT,210622,Andrea Lazaro Garcia,ESP,7-6(4) 3-6 7-6(5)
2026WTAMakarska125,wta,2026-06-01,Clay,R16,204427,Sara Sorribes Tormo,ESP,236957,Lola Radivojevic,SRB,6-2 6-4
2026WTAMakarska125,wta,2026-06-01,Clay,R16,210622,Andrea Lazaro Garcia,ESP,215899,Simona Waltert,SUI,6-4 6-3
2026WTAMakarska125,wta,2026-06-01,Clay,R16,220589,Elina Avanesyan,ARM,222966,Dominika Salkova,CZE,3-6 7-6(5) 6-3
2026WTAMakarska125,wta,2026-06-01,Clay,R16,221237,Maria Timofeeva,UZB,214521,Lea Boskovic,CRO,6-4 6-3
2026WTAMakarska125,wta,2026-06-01,Clay,R16,221985,Darja Semenistaja,LAT,259857,Akasha Urhobo,USA,6-4 6-4
2026WTAMakarska125,wta,2026-06-01,Clay,R16,223323,Barbora Palicova,CZE,238075,Petra Marcinko,CRO,0-6 7-6(3) 6-4
2026WTAMakarska125,wta,2026-06-01,Clay,R16,223333,Noma Noha Akugue,GER,211643,Kajsa Rinaldo Persson,SWE,6-2 7-5
2026WTAMakarska125,wta,2026-06-01,Clay,R16,236956,Yasmine Kabbaj,MAR,233741,Maya Joint,AUS,6-3 6-4
2026WTAMakarska125,wta,2026-06-01,Clay,R32,204427,Sara Sorribes Tormo,ESP,223286,Victoria Jimenez Kasintseva,AND,6-1 6-1
2026WTAMakarska125,wta,2026-06-01,Clay,R32,210622,Andrea Lazaro Garcia,ESP,266671,Laura Samson,CZE,6-4 6-1
2026WTAMakarska125,wta,2026-06-01,Clay,R32,211643,Kajsa Rinaldo Persson,SWE,206417,Leolia Jeanjean,FRA,6-1 4-6 6-3
2026WTAMakarska125,wta,2026-06-01,Clay,R32,214521,Lea Boskovic,CRO,221905,Robin Montgomery,USA,3-6 7-5 6-1
2026WTAMakarska125,wta,2026-06-01,Clay,R32,215899,Simona Waltert,SUI,267439,Teodora Kostovic,SRB,6-0 6-3
2026WTAMakarska125,wta,2026-06-01,Clay,R32,220589,Elina Avanesyan,ARM,214461,Tamara Zidansek,SLO,7-5 4-6 6-3
2026WTAMakarska125,wta,2026-06-01,Clay,R32,221237,Maria Timofeeva,UZB,222965,Erika Andreeva,RUS,6-3 6-2
2026WTAMakarska125,wta,2026-06-01,Clay,R32,221985,Darja Semenistaja,LAT,211329,Tena Lukas,CRO,6-3 5-7 7-6(5)
2026WTAMakarska125,wta,2026-06-01,Clay,R32,222966,Dominika Salkova,CZE,211951,Ana Konjuh,CRO,6-3 6-2
2026WTAMakarska125,wta,2026-06-01,Clay,R32,223323,Barbora Palicova,CZE,239156,Lucija Ciric Bagaric,CRO,6-2 6-4
2026WTAMakarska125,wta,2026-06-01,Clay,R32,223333,Noma Noha Akugue,GER,214480,Miriam Bianca Bulgaru,ROU,7-6(3) 7-5
2026WTAMakarska125,wta,2026-06-01,Clay,R32,233741,Maya Joint,AUS,203514,Katarzyna Kawa,POL,7-5 6-1
2026WTAMakarska125,wta,2026-06-01,Clay,R32,236956,Yasmine Kabbaj,MAR,222980,Lucie Havlickova,CZE,7-6(5) 7-5
2026WTAMakarska125,wta,2026-06-01,Clay,R32,236957,Lola Radivojevic,SRB,239392,Mia Ristic,SRB,7-6(4) 0-6 7-5
2026WTAMakarska125,wta,2026-06-01,Clay,R32,238075,Petra Marcinko,CRO,216385,Caijsa Wilda Hennemann,SWE,6-1 6-0
2026WTAMakarska125,wta,2026-06-01,Clay,R32,259857,Akasha Urhobo,USA,211685,Rebecca Sramkova,SVK,3-6 6-3 6-1
2026WTAMakarska125,wta,2026-06-01,Clay,SF,221237,Maria Timofeeva,UZB,204427,Sara Sorribes Tormo,ESP,6-2 7-5
2026WTAMakarska125,wta,2026-06-01,Clay,SF,221985,Darja Semenistaja,LAT,220589,Elina Avanesyan,ARM,6-1 6-2
2026BratislavaChallenger,atp,2026-06-08,Clay,F,106121,Taro Daniel,JPN,207686,Alexander Shevchenko,KAZ,3-6 6-0 7-6(2)
2026BratislavaChallenger,atp,2026-06-08,Clay,Q1,105413,Andrej Martin,SVK,207415,Daniel Michalski,POL,6-3 3-6 7-6(8)
2026BratislavaChallenger,atp,2026-06-08,Clay,Q1,106121,Taro Daniel,JPN,210159,Tomas Lanik,SVK,6-4 7-5
2026BratislavaChallenger,atp,2026-06-08,Clay,Q1,106220,Dimitar Kuzmanov,BUL,134068,Vadym Ursu,UKR,4-6 6-2 6-1
2026BratislavaChallenger,atp,2026-06-08,Clay,Q1,200374,Nicolas Alvarez Varona,ESP,209984,Milos Karol,SVK,6-7(2) 6-4 7-6(7)
2026BratislavaChallenger,atp,2026-06-08,Clay,Q1,207231,Mathys Erhard,FRA,209403,Faris Zakaryia,EGY,6-2 6-1
2026BratislavaChallenger,atp,2026-06-08,Clay,Q1,207527,Buvaysar Gadamauri,BEL,210054,Matthew William Donald,CZE,7-6(5) 6-3
2026BratislavaChallenger,atp,2026-06-08,Clay,Q1,207704,Alex Marti Pujolras,ESP,133975,Benjamin Hassan,LBN,7-6(4) 6-2
2026BratislavaChallenger,atp,2026-06-08,Clay,Q1,209322,Martin Krumich,CZE,126340,Viktor Durasovic,NOR,6-4 7-6(1)
2026BratislavaChallenger,atp,2026-06-08,Clay,Q1,209903,Lukas Neumayer,AUT,211756,Michal Krajci,SVK,7-5 6-4
2026BratislavaChallenger,atp,2026-06-08,Clay,Q1,210558,Hynek Barton,CZE,210285,Sebastian Sorger,AUT,6-3 6-1
2026BratislavaChallenger,atp,2026-06-08,Clay,Q2,105413,Andrej Martin,SVK,207704,Alex Marti Pujolras,ESP,6-3 4-6 6-2
2026BratislavaChallenger,atp,2026-06-08,Clay,Q2,106121,Taro Daniel,JPN,209903,Lukas Neumayer,AUT,6-4 6-3
2026BratislavaChallenger,atp,2026-06-08,Clay,Q2,207527,Buvaysar Gadamauri,BEL,106220,Dimitar Kuzmanov,BUL,3-6 6-4 6-2
2026BratislavaChallenger,atp,2026-06-08,Clay,Q2,209322,Martin Krumich,CZE,207231,Mathys Erhard,FRA,3-6 6-2 6-3
2026BratislavaChallenger,atp,2026-06-08,Clay,Q2,209406,Abedallah Shelbayh,JOR,117361,Akira Santillan,AUS,7-6(0) 2-6 6-0
2026BratislavaChallenger,atp,2026-06-08,Clay,Q2,210558,Hynek Barton,CZE,200374,Nicolas Alvarez Varona,ESP,4-3 RET
2026BratislavaChallenger,atp,2026-06-08,Clay,QF,106121,Taro Daniel,JPN,200436,Zsombor Piros,HUN,6-3 6-3
2026BratislavaChallenger,atp,2026-06-08,Clay,QF,126964,Vitaliy Sachko,UKR,210557,Petr Brunclik,CZE,3-6 6-3 6-2
2026BratislavaChallenger,atp,2026-06-08,Clay,QF,207686,Alexander Shevchenko,KAZ,211617,Maxim Mrva,CZE,7-6(9) 6-0
2026BratislavaChallenger,atp,2026-06-08,Clay,QF,210748,Federico Cina,ITA,144645,Zdenek Kolar,CZE,4-6 6-4 6-3
2026BratislavaChallenger,atp,2026-06-08,Clay,R16,106121,Taro Daniel,JPN,207182,Emilio Nava,USA,6-1 6-3
2026BratislavaChallenger,atp,2026-06-08,Clay,R16,126964,Vitaliy Sachko,UKR,106423,Thanasi Kokkinakis,AUS,5-2 RET
2026BratislavaChallenger,atp,2026-06-08,Clay,R16,144645,Zdenek Kolar,CZE,209931,Lukas Pokorny,SVK,6-4 6-4
2026BratislavaChallenger,atp,2026-06-08,Clay,R16,200436,Zsombor Piros,HUN,206307,Joao Lucas Reis Da Silva,BRA,6-2 6-4
2026BratislavaChallenger,atp,2026-06-08,Clay,R16,207686,Alexander Shevchenko,KAZ,210558,Hynek Barton,CZE,4-6 6-3 7-5
2026BratislavaChallenger,atp,2026-06-08,Clay,R16,210557,Petr Brunclik,CZE,105413,Andrej Martin,SVK,6-4 7-6(5)
2026BratislavaChallenger,atp,2026-06-08,Clay,R16,210748,Federico Cina,ITA,123828,Jan Choinski,GBR,6-1 7-5
2026BratislavaChallenger,atp,2026-06-08,Clay,R16,211617,Maxim Mrva,CZE,202358,Chun Hsin Tseng,TPE,6-3 6-4
2026BratislavaChallenger,atp,2026-06-08,Clay,R32,105413,Andrej Martin,SVK,211500,Tiago Pereira,POR,5-7 6-3 6-4
2026BratislavaChallenger,atp,2026-06-08,Clay,R32,106121,Taro Daniel,JPN,207608,Timofey Skatov,KAZ,6-3 6-3
2026BratislavaChallenger,atp,2026-06-08,Clay,R32,106423,Thanasi Kokkinakis,AUS,144642,Tomas Barrios Vera,CHI,6-4 6-4
2026BratislavaChallenger,atp,2026-06-08,Clay,R32,123828,Jan Choinski,GBR,105613,Norbert Gombos,SVK,6-3 6-4
2026BratislavaChallenger,atp,2026-06-08,Clay,R32,126964,Vitaliy Sachko,UKR,133297,Yosuke Watanuki,JPN,6-2 7-6(4)
2026BratislavaChallenger,atp,2026-06-08,Clay,R32,144645,Zdenek Kolar,CZE,105359,Jason Jung,TPE,6-3 6-1
2026BratislavaChallenger,atp,2026-06-08,Clay,R32,200436,Zsombor Piros,HUN,117361,Akira Santillan,AUS,7-6(5) 7-5
2026BratislavaChallenger,atp,2026-06-08,Clay,R32,202358,Chun Hsin Tseng,TPE,106220,Dimitar Kuzmanov,BUL,7-6(8) 6-1
2026BratislavaChallenger,atp,2026-06-08,Clay,R32,206307,Joao Lucas Reis Da Silva,BRA,200574,Alexander Donski,BUL,6-2 6-4
2026BratislavaChallenger,atp,2026-06-08,Clay,R32,207182,Emilio Nava,USA,208046,Pedro Boscardin Dias,BRA,7-5 3-6 6-1
2026BratislavaChallenger,atp,2026-06-08,Clay,R32,207686,Alexander Shevchenko,KAZ,202262,Filip Cristian Jianu,ROU,6-4 3-0 RET
2026BratislavaChallenger,atp,2026-06-08,Clay,R32,209931,Lukas Pokorny,SVK,209875,Alex Barrena,ARG,6-1 6-4
2026BratislavaChallenger,atp,2026-06-08,Clay,R32,210557,Petr Brunclik,CZE,209406,Abedallah Shelbayh,JOR,7-6(2) 6-2
2026BratislavaChallenger,atp,2026-06-08,Clay,R32,210558,Hynek Barton,CZE,207527,Buvaysar Gadamauri,BEL,4-6 7-6(2) 6-1
2026BratislavaChallenger,atp,2026-06-08,Clay,R32,210748,Federico Cina,ITA,209916,Marko Topo,GER,6-3 6-2
2026BratislavaChallenger,atp,2026-06-08,Clay,R32,211617,Maxim Mrva,CZE,209322,Martin Krumich,CZE,7-6(3) 6-4
2026BratislavaChallenger,atp,2026-06-08,Clay,SF,106121,Taro Daniel,JPN,210748,Federico Cina,ITA,7-6(6) 0-6 6-2
2026BratislavaChallenger,atp,2026-06-08,Clay,SF,207686,Alexander Shevchenko,KAZ,126964,Vitaliy Sachko,UKR,6-4 6-3
2026CattolicaChallenger,atp,2026-06-08,Clay,F,207411,Jesper De Jong,NED,106148,Roberto Carballes Baena,ESP,6-3 6-2
2026CattolicaChallenger,atp,2026-06-08,Clay,Q1,101495,Miguel Tobon,COL,209302,Peter Fajta,HUN,6-3 0-0 RET
2026CattolicaChallenger,atp,2026-06-08,Clay,Q1,202199,Carlos Sanchez Jover,ESP,210498,Gerard Campana Lee,KOR,6-3 5-7 6-3
2026CattolicaChallenger,atp,2026-06-08,Clay,Q1,207601,Manuel Mazza,ITA,212077,Lorenzo Carboni,ITA,6-7(4) 6-0 3-1 RET
2026CattolicaChallenger,atp,2026-06-08,Clay,Q1,208189,Gianmarco Ferrari,ITA,208152,Gabriele Bosio,ITA,7-5 6-0
2026CattolicaChallenger,atp,2026-06-08,Clay,Q1,209318,Petr Nesterov,BUL,213356,Michele Mecarelli,ITA,6-4 6-2
2026CattolicaChallenger,atp,2026-06-08,Clay,Q1,209506,Francesco Forti,ITA,209337,Luca Castagnola,ITA,4-6 6-4 6-2
2026CattolicaChallenger,atp,2026-06-08,Clay,Q1,210129,Samuele Pieri,ITA,132831,Giovanni Oradini,ITA,1-6 7-6(7) 6-4
2026CattolicaChallenger,atp,2026-06-08,Clay,Q1,211636,Lucio Ratti,ARG,212210,Filippo Mazzola,ITA,6-0 6-2
2026CattolicaChallenger,atp,2026-06-08,Clay,Q1,212090,Sergio Callejon Hernando,ESP,202089,Aleksandr Braynin,UKR,6-2 2-6 6-3
2026CattolicaChallenger,atp,2026-06-08,Clay,Q1,212241,Carlo Alberto Caniato,ITA,208153,Giuseppe La Vela,ITA,6-0 6-0
2026CattolicaChallenger,atp,2026-06-08,Clay,Q1,212305,Juan Cruz Martin Manzano,ITA,209164,Lorenzo Rottoli,ITA,7-5 6-2
2026CattolicaChallenger,atp,2026-06-08,Clay,Q1,212913,Pietro Ricci,ITA,131951,Daniel Cukierman,ISR,6-3 4-6 6-4
2026CattolicaChallenger,atp,2026-06-08,Clay,Q2,101495,Miguel Tobon,COL,212913,Pietro Ricci,ITA,WO
2026CattolicaChallenger,atp,2026-06-08,Clay,Q2,202199,Carlos Sanchez Jover,ESP,207601,Manuel Mazza,ITA,3-6 7-6(7) 6-0
2026CattolicaChallenger,atp,2026-06-08,Clay,Q2,209318,Petr Nesterov,BUL,208189,Gianmarco Ferrari,ITA,6-4 3-6 6-1
2026CattolicaChallenger,atp,2026-06-08,Clay,Q2,209506,Francesco Forti,ITA,210129,Samuele Pieri,ITA,7-6(2) 7-6(5)
2026CattolicaChallenger,atp,2026-06-08,Clay,Q2,212090,Sergio Callejon Hernando,ESP,211636,Lucio Ratti,ARG,7-6(1) 3-6 6-2
2026CattolicaChallenger,atp,2026-06-08,Clay,Q2,212241,Carlo Alberto Caniato,ITA,212305,Juan Cruz Martin Manzano,ITA,7-5 6-4
2026CattolicaChallenger,atp,2026-06-08,Clay,QF,106148,Roberto Carballes Baena,ESP,134840,Raul Brancaccio,ITA,6-4 3-6 6-3
2026CattolicaChallenger,atp,2026-06-08,Clay,QF,133872,Enrico Dalla Valle,ITA,106177,Oriol Roca Batalla,ESP,7-6(2) 6-1
2026CattolicaChallenger,atp,2026-06-08,Clay,QF,207411,Jesper De Jong,NED,106065,Marco Cecchinato,ITA,6-3 4-6 6-1
2026CattolicaChallenger,atp,2026-06-08,Clay,QF,209506,Francesco Forti,ITA,200462,Andrea Guerrieri,ITA,7-6(7) 6-4
2026CattolicaChallenger,atp,2026-06-08,Clay,R16,106065,Marco Cecchinato,ITA,208223,Alvaro Guillen Meza,ECU,6-3 6-7(4) 6-4
2026CattolicaChallenger,atp,2026-06-08,Clay,R16,106148,Roberto Carballes Baena,ESP,208189,Gianmarco Ferrari,ITA,6-4 6-4
2026CattolicaChallenger,atp,2026-06-08,Clay,R16,106177,Oriol Roca Batalla,ESP,105583,Dusan Lajovic,SRB,7-6(4) 4-6 7-6(4)
2026CattolicaChallenger,atp,2026-06-08,Clay,R16,133872,Enrico Dalla Valle,ITA,202199,Carlos Sanchez Jover,ESP,7-6(4) 6-1
2026CattolicaChallenger,atp,2026-06-08,Clay,R16,134840,Raul Brancaccio,ITA,106281,Liam Broady,GBR,6-2 6-4
2026CattolicaChallenger,atp,2026-06-08,Clay,R16,200462,Andrea Guerrieri,ITA,211651,Alexander Vasilev,BUL,7-6(5) 7-5
2026CattolicaChallenger,atp,2026-06-08,Clay,R16,207411,Jesper De Jong,NED,210682,Federico Bondioli,ITA,6-2 4-6 6-4
2026CattolicaChallenger,atp,2026-06-08,Clay,R16,209506,Francesco Forti,ITA,106162,Franco Agamenone,ITA,6-3 6-7(5) 6-1
2026CattolicaChallenger,atp,2026-06-08,Clay,R32,105583,Dusan Lajovic,SRB,207797,Jonas Forejtek,CZE,6-2 5-7 6-4
2026CattolicaChallenger,atp,2026-06-08,Clay,R32,106065,Marco Cecchinato,ITA,209318,Petr Nesterov,BUL,7-5 6-3
2026CattolicaChallenger,atp,2026-06-08,Clay,R32,106148,Roberto Carballes Baena,ESP,208819,Max Hans Rehberg,GER,6-4 6-4
2026CattolicaChallenger,atp,2026-06-08,Clay,R32,106162,Franco Agamenone,ITA,212020,Michele Ribecai,ITA,3-6 7-6(5) 6-3
2026CattolicaChallenger,atp,2026-06-08,Clay,R32,106177,Oriol Roca Batalla,ESP,210129,Samuele Pieri,ITA,7-5 6-3
2026CattolicaChallenger,atp,2026-06-08,Clay,R32,106281,Liam Broady,GBR,209354,Ioannis Xilas,GRE,6-3 3-6 6-2
2026CattolicaChallenger,atp,2026-06-08,Clay,R32,133872,Enrico Dalla Valle,ITA,209874,Maks Kasnikowski,POL,7-5 6-2
2026CattolicaChallenger,atp,2026-06-08,Clay,R32,134840,Raul Brancaccio,ITA,213003,Pierluigi Basile,ITA,7-6(4) 7-6(4)
2026CattolicaChallenger,atp,2026-06-08,Clay,R32,200462,Andrea Guerrieri,ITA,207494,Dalibor Svrcina,CZE,6-3 3-6 6-4
2026CattolicaChallenger,atp,2026-06-08,Clay,R32,202199,Carlos Sanchez Jover,ESP,212063,Matej Dodig,CRO,6-4 6-4
2026CattolicaChallenger,atp,2026-06-08,Clay,R32,207411,Jesper De Jong,NED,212207,Ognjen Milic,SRB,6-1 7-6(3)
2026CattolicaChallenger,atp,2026-06-08,Clay,R32,208189,Gianmarco Ferrari,ITA,212090,Sergio Callejon Hernando,ESP,7-6(6) 6-0
2026CattolicaChallenger,atp,2026-06-08,Clay,R32,208223,Alvaro Guillen Meza,ECU,209899,Ilia Simakin,RUS,3-6 7-6(5) 7-6(5)
2026CattolicaChallenger,atp,2026-06-08,Clay,R32,209506,Francesco Forti,ITA,208293,Gonzalo Bueno,PER,7-5 4-6 7-6(2)
2026CattolicaChallenger,atp,2026-06-08,Clay,R32,210682,Federico Bondioli,ITA,212241,Carlo Alberto Caniato,ITA,7-6(3) 6-7(5) 6-4
2026CattolicaChallenger,atp,2026-06-08,Clay,R32,211651,Alexander Vasilev,BUL,101495,Miguel Tobon,COL,6-4 6-2
2026CattolicaChallenger,atp,2026-06-08,Clay,SF,106148,Roberto Carballes Baena,ESP,209506,Francesco Forti,ITA,3-6 6-1 6-4
2026CattolicaChallenger,atp,2026-06-08,Clay,SF,207411,Jesper De Jong,NED,133872,Enrico Dalla Valle,ITA,2-6 7-6(7) 6-2
2026IlkleyChallenger,atp,2026-06-08,Grass,Q1,105554,Daniel Evans,GBR,211767,James Watt,NZL,6-4 6-2
2026IlkleyChallenger,atp,2026-06-08,Grass,Q1,200277,Charles Broom,GBR,209088,Quinn Vandecasteele,USA,6-3 6-1
2026IlkleyChallenger,atp,2026-06-08,Grass,Q1,200610,Oliver Crawford,GBR,213130,Mark Ceban,GBR,6-1 6-3
2026IlkleyChallenger,atp,2026-06-08,Grass,Q1,200677,Rio Noguchi,JPN,211394,Patrick Brady,GBR,6-7(5) 6-1 6-3
2026IlkleyChallenger,atp,2026-06-08,Grass,Q1,202333,Keegan Smith,USA,200050,Finn Bass,GBR,6-7(6) 6-3 7-6(1)
2026IlkleyChallenger,atp,2026-06-08,Grass,Q1,202346,Ben Jones,GBR,212044,Yi Zhou,CHN,7-6(7) 7-6(3)
2026IlkleyChallenger,atp,2026-06-08,Grass,Q1,202400,Alastair Gray,GBR,210399,Edward Winter,AUS,4-6 6-3 6-4
2026IlkleyChallenger,atp,2026-06-08,Grass,Q1,206703,Paul Jubb,GBR,209407,Max Basing,GBR,6-7(4) 6-0 6-3
2026IlkleyChallenger,atp,2026-06-08,Grass,Q1,207171,Hamish Stewart,GBR,209140,Millen Hurrion,GBR,1-6 6-4 6-4
2026IlkleyChallenger,atp,2026-06-08,Grass,Q1,209115,Oliver Okonkwo,GBR,211577,Antoine Ghibaudo,FRA,3-6 6-3 6-4
2026IlkleyChallenger,atp,2026-06-08,Grass,Q1,210136,Mark Lajal,EST,207760,Anton Matusevich,GBR,6-7(6) 6-3 6-1
2026IlkleyChallenger,atp,2026-06-08,Grass,Q1,211542,Filippo Romano,ITA,111581,Michael Mmoh,USA,6-2 6-4
2026IlkleyChallenger,atp,2026-06-08,Grass,Q2,200277,Charles Broom,GBR,105554,Daniel Evans,GBR,2-6 7-6(7) 6-3
2026IlkleyChallenger,atp,2026-06-08,Grass,Q2,202333,Keegan Smith,USA,200677,Rio Noguchi,JPN,6-3 4-6 6-2
2026IlkleyChallenger,atp,2026-06-08,Grass,Q2,206703,Paul Jubb,GBR,210136,Mark Lajal,EST,6-7(7) 6-2 7-6(5)
2026IlkleyChallenger,atp,2026-06-08,Grass,Q2,207171,Hamish Stewart,GBR,200610,Oliver Crawford,GBR,6-1 6-4
2026IlkleyChallenger,atp,2026-06-08,Grass,Q2,209115,Oliver Okonkwo,GBR,202346,Ben Jones,GBR,4-6 6-3 6-4
2026IlkleyChallenger,atp,2026-06-08,Grass,Q2,211542,Filippo Romano,ITA,202400,Alastair Gray,GBR,6-2 7-6(7)
2026IlkleyChallenger,atp,2026-06-08,Grass,R32,126129,Billy Harris,GBR,206889,Clement Chidekh,FRA,6-7(5) 6-4 7-6(13)
2026IlkleyChallenger,atp,2026-06-08,Grass,R32,200416,August Holmgren,DEN,149282,Nicolai Budkov Kjaer,NOR,6-0 7-6(4)
2026IlkleyChallenger,atp,2026-06-08,Grass,R32,202333,Keegan Smith,USA,106109,Alex Bolt,AUS,6-4 6-4
2026IlkleyChallenger,atp,2026-06-08,Grass,R32,207352,Bu Yunchaokete,CHN,208210,Chris Rodesch,LUX,7-6(7) 7-5
2026IlkleyChallenger,atp,2026-06-08,Grass,R32,207985,Jacob Fearnley,GBR,208134,Luca Nardi,ITA,4-6 6-0 6-3
2026IlkleyChallenger,atp,2026-06-08,Grass,R32,208013,Dane Sweeny,AUS,209115,Oliver Okonkwo,GBR,6-4 6-4
2026IlkleyChallenger,atp,2026-06-08,Grass,R32,209262,Tristan Schoolkate,AUS,206703,Paul Jubb,GBR,6-4 3-6 6-3
2026IlkleyChallenger,atp,2026-06-08,Grass,R32,209857,Leandro Riedi,SUI,207171,Hamish Stewart,GBR,6-1 3-6 6-3
2026IlkleyChallenger,atp,2026-06-08,Grass,R32,209957,Jack Pinnington Jones,GBR,207784,Harry Wendelken,GBR,6-4 6-4
2026IlkleyChallenger,atp,2026-06-08,Grass,R32,210012,Henrique Rocha,POR,200277,Charles Broom,GBR,6-2 6-2
2026IlkleyChallenger,atp,2026-06-08,Grass,R32,210136,Mark Lajal,EST,210116,Michael Zheng,USA,4-6 6-4 7-6(5)
2026IlkleyChallenger,atp,2026-06-08,Grass,R32,210338,Arthur Gea,FRA,208353,Francesco Maestrelli,ITA,7-6(4) 3-6 6-1
2026IlkleyChallenger,atp,2026-06-08,Grass,R32,210389,Toby Samuel,GBR,208021,Kyrian Jacquet,FRA,1-6 7-6(10) 6-4
2026IlkleyChallenger,atp,2026-06-08,Grass,R32,210464,Darwin Blanch,USA,106331,Christopher Oconnell,AUS,7-6(4) 4-6 6-3
2026IlkleyChallenger,atp,2026-06-08,Grass,R32,210472,Oliver Tarvet,GBR,200259,Ugo Blanchet,FRA,6-3 6-3
2026IlkleyChallenger,atp,2026-06-08,Grass,R32,211542,Filippo Romano,ITA,208269,Felix Gill,GBR,7-6(4) 4-6 6-1
2026LyonChallenger,atp,2026-06-08,Clay,F,122554,David Jorda Sanchis,ESP,213149,Felix Balshaw,FRA,6-4 7-6(4)
2026LyonChallenger,atp,2026-06-08,Clay,Q1,122554,David Jorda Sanchis,ESP,206746,Benjamin Winter Lopez,ESP,6-1 6-3
2026LyonChallenger,atp,2026-06-08,Clay,Q1,126125,Maxime Janvier,FRA,106362,Laurent Lokoli,FRA,2-6 7-6(3) 6-3
2026LyonChallenger,atp,2026-06-08,Clay,Q1,131911,Lucas Poullain,FRA,210604,Loann Massard,FRA,6-1 6-0
2026LyonChallenger,atp,2026-06-08,Clay,Q1,200188,Matteo Martineau,FRA,211898,Mae Malige,FRA,2-6 6-2 6-4
2026LyonChallenger,atp,2026-06-08,Clay,Q1,207664,Luca Staeheli,SUI,144972,Geoffrey Blancaneaux,FRA,6-3 6-0
2026LyonChallenger,atp,2026-06-08,Clay,Q1,208024,Max Alcala Gurri,ESP,104932,Kenny De Schepper,FRA,6-1 6-2
2026LyonChallenger,atp,2026-06-08,Clay,Q1,208025,Alex Martinez,ESP,144925,Nitin Kumar Sinha,IND,6-3 6-2
2026LyonChallenger,atp,2026-06-08,Clay,Q1,210425,Svyatoslav Gulin,RUS,210447,Leo Raquillet,FRA,6-4 3-6 6-2
2026LyonChallenger,atp,2026-06-08,Clay,Q1,210721,Iliyan Radulov,BUL,126183,Mariano Kestelboim,ARG,6-3 2-6 6-3
2026LyonChallenger,atp,2026-06-08,Clay,Q1,211639,Alejo Sanchez Quilez,ESP,213755,Andrea Baudel,FRA,6-1 6-4
2026LyonChallenger,atp,2026-06-08,Clay,Q1,212222,Raphael Perot,FRA,212932,Noah Karma,SUI,7-6(3) 6-2
2026LyonChallenger,atp,2026-06-08,Clay,Q2,200188,Matteo Martineau,FRA,126125,Maxime Janvier,FRA,4-6 6-3 6-4
2026LyonChallenger,atp,2026-06-08,Clay,Q2,207664,Luca Staeheli,SUI,210721,Iliyan Radulov,BUL,6-4 6-3
2026LyonChallenger,atp,2026-06-08,Clay,Q2,208024,Max Alcala Gurri,ESP,126627,Johan Nikles,SUI,7-5 6-2
2026LyonChallenger,atp,2026-06-08,Clay,Q2,210425,Svyatoslav Gulin,RUS,122554,David Jorda Sanchis,ESP,6-2 6-3
2026LyonChallenger,atp,2026-06-08,Clay,Q2,211639,Alejo Sanchez Quilez,ESP,208025,Alex Martinez,ESP,6-2 6-3
2026LyonChallenger,atp,2026-06-08,Clay,Q2,212222,Raphael Perot,FRA,131911,Lucas Poullain,FRA,6-4 6-3
2026LyonChallenger,atp,2026-06-08,Clay,QF,122554,David Jorda Sanchis,ESP,209898,Dali Blanch,USA,6-7(2) 6-3 6-2
2026LyonChallenger,atp,2026-06-08,Clay,QF,123755,Daniel Elahi Galan,COL,106293,Kimmer Coppejans,BEL,6-4 0-6 6-4
2026LyonChallenger,atp,2026-06-08,Clay,QF,207729,Tristan Boyer,USA,207663,Nikolas Sanchez Izquierdo,ESP,6-2 2-6 7-6(2)
2026LyonChallenger,atp,2026-06-08,Clay,QF,213149,Felix Balshaw,FRA,202127,Clement Tabur,FRA,6-2 6-4
2026LyonChallenger,atp,2026-06-08,Clay,R16,106293,Kimmer Coppejans,BEL,208279,Alejandro Moro Canas,ESP,6-7(1) 6-1 6-1
2026LyonChallenger,atp,2026-06-08,Clay,R16,122554,David Jorda Sanchis,ESP,207732,Miguel Damas,ESP,6-1 6-4
2026LyonChallenger,atp,2026-06-08,Clay,R16,123755,Daniel Elahi Galan,COL,105477,Marco Trungelliti,ARG,6-7(12) 6-3 7-5
2026LyonChallenger,atp,2026-06-08,Clay,R16,202127,Clement Tabur,FRA,212225,Thomas Faurel,FRA,7-5 6-4
2026LyonChallenger,atp,2026-06-08,Clay,R16,207663,Nikolas Sanchez Izquierdo,ESP,209414,Luca Van Assche,FRA,7-6(3) 1-6 6-4
2026LyonChallenger,atp,2026-06-08,Clay,R16,207729,Tristan Boyer,USA,200188,Matteo Martineau,FRA,6-3 6-3
2026LyonChallenger,atp,2026-06-08,Clay,R16,209898,Dali Blanch,USA,209405,Daniel Rincon,ESP,6-2 6-2
2026LyonChallenger,atp,2026-06-08,Clay,R16,213149,Felix Balshaw,FRA,124079,Pedro Martinez,ESP,4-6 6-1 6-4
2026LyonChallenger,atp,2026-06-08,Clay,R32,105477,Marco Trungelliti,ARG,200303,Pavel Kotov,RUS,6-7(7) 6-4 6-2
2026LyonChallenger,atp,2026-06-08,Clay,R32,106293,Kimmer Coppejans,BEL,111513,Laslo Djere,SRB,6-2 2-6 6-4
2026LyonChallenger,atp,2026-06-08,Clay,R32,122554,David Jorda Sanchis,ESP,211639,Alejo Sanchez Quilez,ESP,7-5 6-2
2026LyonChallenger,atp,2026-06-08,Clay,R32,123755,Daniel Elahi Galan,COL,202146,Luka Pavlovic,FRA,7-6(3) 6-2
2026LyonChallenger,atp,2026-06-08,Clay,R32,124079,Pedro Martinez,ESP,210425,Svyatoslav Gulin,RUS,7-5 6-1
2026LyonChallenger,atp,2026-06-08,Clay,R32,200188,Matteo Martineau,FRA,213174,Mickael Kaouk,FRA,6-7(4) 6-4 6-2
2026LyonChallenger,atp,2026-06-08,Clay,R32,202127,Clement Tabur,FRA,209849,Sascha Gueymard Wayenburg,FRA,6-4 6-3
2026LyonChallenger,atp,2026-06-08,Clay,R32,207663,Nikolas Sanchez Izquierdo,ESP,209850,Robin Bertrand,FRA,6-3 6-2
2026LyonChallenger,atp,2026-06-08,Clay,R32,207729,Tristan Boyer,USA,212222,Raphael Perot,FRA,6-3 6-2
2026LyonChallenger,atp,2026-06-08,Clay,R32,207732,Miguel Damas,ESP,209147,Vilius Gaubas,LTU,6-4 6-0
2026LyonChallenger,atp,2026-06-08,Clay,R32,208279,Alejandro Moro Canas,ESP,123921,Calvin Hemery,FRA,6-7(5) 6-3 7-6(5)
2026LyonChallenger,atp,2026-06-08,Clay,R32,209405,Daniel Rincon,ESP,105841,Lorenzo Giustino,ITA,6-2 6-4
2026LyonChallenger,atp,2026-06-08,Clay,R32,209414,Luca Van Assche,FRA,126409,Hugo Grenier,FRA,6-1 6-2
2026LyonChallenger,atp,2026-06-08,Clay,R32,209898,Dali Blanch,USA,208024,Max Alcala Gurri,ESP,7-5 6-2
2026LyonChallenger,atp,2026-06-08,Clay,R32,212225,Thomas Faurel,FRA,202147,Florent Bax,FRA,6-7(5) 6-3 6-3
2026LyonChallenger,atp,2026-06-08,Clay,R32,213149,Felix Balshaw,FRA,207664,Luca Staeheli,SUI,7-6(1) 7-5
2026LyonChallenger,atp,2026-06-08,Clay,SF,122554,David Jorda Sanchis,ESP,207729,Tristan Boyer,USA,3-6 6-4 7-5
2026LyonChallenger,atp,2026-06-08,Clay,SF,213149,Felix Balshaw,FRA,123755,Daniel Elahi Galan,COL,4-6 6-3 7-5
2026SanMigueldeTucumanChallenger,atp,2026-06-08,Clay,F,210377,Luciano Emanuel Ambrogi,ARG,208909,Johan Alexander Rodriguez Rodriguez,COL,6-2 6-3
2026SanMigueldeTucumanChallenger,atp,2026-06-08,Clay,Q1,105868,Wilson Leite,BRA,211388,Felipe De Dios,ARG,7-5 6-7(5) 7-6(5)
2026SanMigueldeTucumanChallenger,atp,2026-06-08,Clay,Q1,207736,Arklon Huertas Del Pino,PER,213200,Juan Ignacio Gallego,ARG,6-2 6-3
2026SanMigueldeTucumanChallenger,atp,2026-06-08,Clay,Q1,208424,Julian Cundom,ARG,213775,Mateo Carballo,ARG,6-3 6-3
2026SanMigueldeTucumanChallenger,atp,2026-06-08,Clay,Q1,208532,Thiago Cigarran,ARG,213952,Leonel Cesar Castro,ARG,6-4 6-2
2026SanMigueldeTucumanChallenger,atp,2026-06-08,Clay,Q1,208613,Ezequiel Monferrer,ARG,208365,Amador Salazar,CHI,4-6 6-3 6-3
2026SanMigueldeTucumanChallenger,atp,2026-06-08,Clay,Q1,208909,Johan Alexander Rodriguez Rodriguez,COL,211389,Manuel Mouilleron Salvo,ARG,6-1 6-1
2026SanMigueldeTucumanChallenger,atp,2026-06-08,Clay,Q1,210182,Mateo Del Pino,ARG,138485,Conner Huertas Del Pino,PER,7-6(6) 2-6 6-1
2026SanMigueldeTucumanChallenger,atp,2026-06-08,Clay,Q1,210507,Nicolas Villalon,CHI,211698,Gonzalo Zeitune,ARG,5-7 6-4 7-5
2026SanMigueldeTucumanChallenger,atp,2026-06-08,Clay,Q1,211658,Tomas Martinez,ARG,213339,Agustin Libre,ARG,6-7(4) 6-3 6-1
2026SanMigueldeTucumanChallenger,atp,2026-06-08,Clay,Q1,212863,Benjamin Chelia,ARG,212830,Samuel Alejandro Linde Palacios,COL,4-6 6-2 6-3
2026SanMigueldeTucumanChallenger,atp,2026-06-08,Clay,Q1,213839,Santiago Giamichelle,ARG,133820,Ignacio Monzon,ARG,7-6(4) 1-6 7-5
2026SanMigueldeTucumanChallenger,atp,2026-06-08,Clay,Q2,207736,Arklon Huertas Del Pino,PER,210182,Mateo Del Pino,ARG,6-4 4-6 7-6(4)
2026SanMigueldeTucumanChallenger,atp,2026-06-08,Clay,Q2,208532,Thiago Cigarran,ARG,213839,Santiago Giamichelle,ARG,4-6 6-1 7-6(4)
2026SanMigueldeTucumanChallenger,atp,2026-06-08,Clay,Q2,208909,Johan Alexander Rodriguez Rodriguez,COL,105868,Wilson Leite,BRA,7-5 6-3
2026SanMigueldeTucumanChallenger,atp,2026-06-08,Clay,Q2,210507,Nicolas Villalon,CHI,208613,Ezequiel Monferrer,ARG,7-6(4) 6-4
2026SanMigueldeTucumanChallenger,atp,2026-06-08,Clay,Q2,211658,Tomas Martinez,ARG,212863,Benjamin Chelia,ARG,6-4 6-3
2026SanMigueldeTucumanChallenger,atp,2026-06-08,Clay,Q2,212831,Samuel Heredia,COL,208424,Julian Cundom,ARG,6-0 6-0
2026SanMigueldeTucumanChallenger,atp,2026-06-08,Clay,QF,106044,Nicolas Kicker,ARG,105948,Federico Coria,ARG,7-5 3-0 RET
2026SanMigueldeTucumanChallenger,atp,2026-06-08,Clay,QF,207815,Guido Ivan Justo,ARG,208532,Thiago Cigarran,ARG,6-4 6-4
2026SanMigueldeTucumanChallenger,atp,2026-06-08,Clay,QF,208909,Johan Alexander Rodriguez Rodriguez,COL,207799,Matheus Pucinelli De Almeida,BRA,7-5 6-4
2026SanMigueldeTucumanChallenger,atp,2026-06-08,Clay,QF,210377,Luciano Emanuel Ambrogi,ARG,212785,Carlos Maria Zarate,ARG,6-2 1-6 6-4
2026SanMigueldeTucumanChallenger,atp,2026-06-08,Clay,R16,105948,Federico Coria,ARG,105911,Andrea Collarini,ARG,7-6(5) 7-5
2026SanMigueldeTucumanChallenger,atp,2026-06-08,Clay,R16,106044,Nicolas Kicker,ARG,200572,Nick Hardt,DOM,6-2 7-5
2026SanMigueldeTucumanChallenger,atp,2026-06-08,Clay,R16,207799,Matheus Pucinelli De Almeida,BRA,202271,Lorenzo Joaquin Rodriguez,ARG,6-2 6-2
2026SanMigueldeTucumanChallenger,atp,2026-06-08,Clay,R16,207815,Guido Ivan Justo,ARG,106292,Hernan Casanova,ARG,6-3 4-6 6-4
2026SanMigueldeTucumanChallenger,atp,2026-06-08,Clay,R16,208532,Thiago Cigarran,ARG,211661,Juan Estevez,ARG,6-7(5) 6-3 6-2
2026SanMigueldeTucumanChallenger,atp,2026-06-08,Clay,R16,208909,Johan Alexander Rodriguez Rodriguez,COL,200495,Eduardo Ribeiro,BRA,0-6 6-4 6-4
2026SanMigueldeTucumanChallenger,atp,2026-06-08,Clay,R16,210377,Luciano Emanuel Ambrogi,ARG,144973,Santiago Fa Rodriguez Taverna,ARG,7-5 6-7(3) 6-0
2026SanMigueldeTucumanChallenger,atp,2026-06-08,Clay,R16,212785,Carlos Maria Zarate,ARG,207736,Arklon Huertas Del Pino,PER,6-3 7-6(6)
2026SanMigueldeTucumanChallenger,atp,2026-06-08,Clay,R32,105911,Andrea Collarini,ARG,208424,Julian Cundom,ARG,6-2 6-4
2026SanMigueldeTucumanChallenger,atp,2026-06-08,Clay,R32,105948,Federico Coria,ARG,211635,Segundo Goity Zapico,ARG,7-5 5-7 7-6(7)
2026SanMigueldeTucumanChallenger,atp,2026-06-08,Clay,R32,106044,Nicolas Kicker,ARG,211658,Tomas Martinez,ARG,6-0 6-4
2026SanMigueldeTucumanChallenger,atp,2026-06-08,Clay,R32,106292,Hernan Casanova,ARG,212831,Samuel Heredia,COL,6-2 6-3
2026SanMigueldeTucumanChallenger,atp,2026-06-08,Clay,R32,144973,Santiago Fa Rodriguez Taverna,ARG,211558,Karim Bennani,MAR,6-3 3-6 6-1
2026SanMigueldeTucumanChallenger,atp,2026-06-08,Clay,R32,200495,Eduardo Ribeiro,BRA,208099,Santiago De La Fuente,ARG,6-3 7-5
2026SanMigueldeTucumanChallenger,atp,2026-06-08,Clay,R32,200572,Nick Hardt,DOM,210218,Bruno Fernandez,BRA,7-5 6-2
2026SanMigueldeTucumanChallenger,atp,2026-06-08,Clay,R32,202271,Lorenzo Joaquin Rodriguez,ARG,210507,Nicolas Villalon,CHI,6-2 6-7(5) 6-3
2026SanMigueldeTucumanChallenger,atp,2026-06-08,Clay,R32,207736,Arklon Huertas Del Pino,PER,212784,Maximo Zeitune,ARG,6-7(1) 6-4 7-5
2026SanMigueldeTucumanChallenger,atp,2026-06-08,Clay,R32,207799,Matheus Pucinelli De Almeida,BRA,210599,Ryan Dickerson,USA,6-1 6-1
2026SanMigueldeTucumanChallenger,atp,2026-06-08,Clay,R32,207815,Guido Ivan Justo,ARG,212051,Joaquin Aguilar Cardozo,URU,6-2 6-3
2026SanMigueldeTucumanChallenger,atp,2026-06-08,Clay,R32,208532,Thiago Cigarran,ARG,105868,Wilson Leite,BRA,6-4 6-3
2026SanMigueldeTucumanChallenger,atp,2026-06-08,Clay,R32,208909,Johan Alexander Rodriguez Rodriguez,COL,210412,Juan Manuel La Serna,ARG,3-6 6-0 7-5
2026SanMigueldeTucumanChallenger,atp,2026-06-08,Clay,R32,210377,Luciano Emanuel Ambrogi,ARG,105944,Juan Sebastian Gomez,COL,6-2 6-4
2026SanMigueldeTucumanChallenger,atp,2026-06-08,Clay,R32,211661,Juan Estevez,ARG,207130,Matias Soto,CHI,6-4 6-2
2026SanMigueldeTucumanChallenger,atp,2026-06-08,Clay,R32,212785,Carlos Maria Zarate,ARG,208913,Juan Bautista Torres,ARG,6-1 7-6(3)
2026SanMigueldeTucumanChallenger,atp,2026-06-08,Clay,SF,208909,Johan Alexander Rodriguez Rodriguez,COL,106044,Nicolas Kicker,ARG,6-3 6-4
2026SanMigueldeTucumanChallenger,atp,2026-06-08,Clay,SF,210377,Luciano Emanuel Ambrogi,ARG,207815,Guido Ivan Justo,ARG,4-6 7-5 6-2
2026WTAIlkley125,wta,2026-06-08,Grass,F,221909,Ashlyn Krueger,USA,232447,Celine Naef,SUI,7-5 6-2
2026WTAIlkley125,wta,2026-06-08,Grass,Q1,206124,Tereza Martincova,CZE,266682,Brooke Black,GBR,6-4 6-1
2026WTAIlkley125,wta,2026-06-08,Grass,Q1,211552,Harmony Tan,FRA,221945,Amelia Rajecki,GBR,6-4 6-4
2026WTAIlkley125,wta,2026-06-08,Grass,Q1,213576,Iryna Shymanovich,BLR,270348,Savannah Dada Mascoll,GBR,6-0 6-4
2026WTAIlkley125,wta,2026-06-08,Grass,Q1,215431,Emily Appleton,GBR,266651,Tegan Bush,GBR,3-6 6-1 6-2
2026WTAIlkley125,wta,2026-06-08,Grass,Q1,215468,Momoko Kobori,JPN,203591,Katy Dunne,GBR,7-5 6-2
2026WTAIlkley125,wta,2026-06-08,Grass,Q1,232447,Celine Naef,SUI,206075,Hiroko Kuwata,JPN,6-1 6-4
2026WTAIlkley125,wta,2026-06-08,Grass,Q1,238064,Clervie Ngounoue,USA,222297,Maria Kozyreva,RUS,7-6(1) 6-2
2026WTAIlkley125,wta,2026-06-08,Grass,Q1,239436,Kayla Cross,CAN,270084,Megan Knight,GBR,6-1 6-1
2026WTAIlkley125,wta,2026-06-08,Grass,Q1,239442,Ranah Akua Stoiber,GBR,216253,Victoria Allen,GBR,6-3 6-4
2026WTAIlkley125,wta,2026-06-08,Grass,Q1,259591,Ella Mcdonald,GBR,239389,Elena Pridankina,RUS,1-6 6-1 6-4
2026WTAIlkley125,wta,2026-06-08,Grass,Q1,260203,Vendula Valdmannova,CZE,259967,Sayaka Ishii,JPN,6-3 6-1
2026WTAIlkley125,wta,2026-06-08,Grass,Q1,270539,Edie Griffiths,GBR,206362,Naiktha Bains,GBR,2-6 7-6(9) 7-5
2026WTAIlkley125,wta,2026-06-08,Grass,Q2,206124,Tereza Martincova,CZE,239436,Kayla Cross,CAN,6-3 6-4
2026WTAIlkley125,wta,2026-06-08,Grass,Q2,211552,Harmony Tan,FRA,215431,Emily Appleton,GBR,7-5 6-3
2026WTAIlkley125,wta,2026-06-08,Grass,Q2,213576,Iryna Shymanovich,BLR,238064,Clervie Ngounoue,USA,6-3 6-3
2026WTAIlkley125,wta,2026-06-08,Grass,Q2,232447,Celine Naef,SUI,215468,Momoko Kobori,JPN,7-5 7-5
2026WTAIlkley125,wta,2026-06-08,Grass,Q2,259591,Ella Mcdonald,GBR,239442,Ranah Akua Stoiber,GBR,6-2 6-4
2026WTAIlkley125,wta,2026-06-08,Grass,Q2,260203,Vendula Valdmannova,CZE,270539,Edie Griffiths,GBR,6-2 6-2
2026WTAIlkley125,wta,2026-06-08,Grass,QF,221307,Darja Vidmanova,CZE,216097,Elizabeth Mandlik,USA,6-7(2) 6-3 7-6(2)
2026WTAIlkley125,wta,2026-06-08,Grass,QF,221909,Ashlyn Krueger,USA,215042,Katie Swan,GBR,6-1 0-0 RET
2026WTAIlkley125,wta,2026-06-08,Grass,QF,223168,Mary Stoiana,USA,236955,Tatiana Prozorova,RUS,7-5 6-1
2026WTAIlkley125,wta,2026-06-08,Grass,QF,232447,Celine Naef,SUI,211552,Harmony Tan,FRA,7-6(6) 6-3
2026WTAIlkley125,wta,2026-06-08,Grass,R16,211552,Harmony Tan,FRA,222290,Lanlana Tararudee,THA,6-2 7-6(3)
2026WTAIlkley125,wta,2026-06-08,Grass,R16,215042,Katie Swan,GBR,203530,Viktorija Golubic,SUI,6-4 7-6(5)
2026WTAIlkley125,wta,2026-06-08,Grass,R16,216097,Elizabeth Mandlik,USA,213646,Dalma Galfi,HUN,6-4 6-4
2026WTAIlkley125,wta,2026-06-08,Grass,R16,221307,Darja Vidmanova,CZE,214593,Lucrezia Stefanini,ITA,6-2 6-1
2026WTAIlkley125,wta,2026-06-08,Grass,R16,221909,Ashlyn Krueger,USA,260206,Alicia Dudeney,GBR,6-4 3-6 6-2
2026WTAIlkley125,wta,2026-06-08,Grass,R16,223168,Mary Stoiana,USA,215138,Lulu Sun,NZL,6-2 6-3
2026WTAIlkley125,wta,2026-06-08,Grass,R16,232447,Celine Naef,SUI,259857,Akasha Urhobo,USA,6-3 6-4
2026WTAIlkley125,wta,2026-06-08,Grass,R16,236955,Tatiana Prozorova,RUS,221257,Sinja Kraus,AUT,6-4 6-3
2026WTAIlkley125,wta,2026-06-08,Grass,R32,203530,Viktorija Golubic,SUI,270485,Daniella Britton,GBR,6-3 6-3
2026WTAIlkley125,wta,2026-06-08,Grass,R32,211552,Harmony Tan,FRA,223194,Taylah Preston,AUS,4-6 6-3 6-1
2026WTAIlkley125,wta,2026-06-08,Grass,R32,213646,Dalma Galfi,HUN,263644,Emerson Jones,AUS,7-6(6) 6-7(2) 7-5
2026WTAIlkley125,wta,2026-06-08,Grass,R32,214593,Lucrezia Stefanini,ITA,260203,Vendula Valdmannova,CZE,6-4 6-3
2026WTAIlkley125,wta,2026-06-08,Grass,R32,215042,Katie Swan,GBR,206124,Tereza Martincova,CZE,7-5 6-2
2026WTAIlkley125,wta,2026-06-08,Grass,R32,215138,Lulu Sun,NZL,259591,Ella Mcdonald,GBR,2-6 6-2 6-2
2026WTAIlkley125,wta,2026-06-08,Grass,R32,216097,Elizabeth Mandlik,USA,259685,Mingge Xu,GBR,4-6 6-4 6-1
2026WTAIlkley125,wta,2026-06-08,Grass,R32,221257,Sinja Kraus,AUT,221626,Linda Klimovicova,CZE,6-2 6-3
2026WTAIlkley125,wta,2026-06-08,Grass,R32,221307,Darja Vidmanova,CZE,222258,Linda Fruhvirtova,CZE,6-7(6) 7-6(10) 6-2
2026WTAIlkley125,wta,2026-06-08,Grass,R32,221909,Ashlyn Krueger,USA,220722,Elvina Kalieva,USA,6-2 6-2
2026WTAIlkley125,wta,2026-06-08,Grass,R32,222290,Lanlana Tararudee,THA,213576,Iryna Shymanovich,BLR,7-6(6) 7-6(5)
2026WTAIlkley125,wta,2026-06-08,Grass,R32,223168,Mary Stoiana,USA,215037,Kayla Day,USA,7-5 6-4
2026WTAIlkley125,wta,2026-06-08,Grass,R32,232447,Celine Naef,SUI,252499,Alina Korneeva,RUS,6-4 7-5
2026WTAIlkley125,wta,2026-06-08,Grass,R32,236955,Tatiana Prozorova,RUS,247669,Veronika Podrez,UKR,6-4 6-2
2026WTAIlkley125,wta,2026-06-08,Grass,R32,259857,Akasha Urhobo,USA,216566,Mananchaya Sawangkaew,THA,7-6(3) 6-0
2026WTAIlkley125,wta,2026-06-08,Grass,R32,260206,Alicia Dudeney,GBR,221124,Himeno Sakatsume,JPN,6-4 6-3
2026WTAIlkley125,wta,2026-06-08,Grass,SF,221909,Ashlyn Krueger,USA,221307,Darja Vidmanova,CZE,6-4 3-6 6-4
2026WTAIlkley125,wta,2026-06-08,Grass,SF,232447,Celine Naef,SUI,223168,Mary Stoiana,USA,1-6 6-3 6-4
2026WTAModena125,wta,2026-06-08,Clay,F,203514,Katarzyna Kawa,POL,214459,Lucia Bronzetti,ITA,6-1 4-6 7-6(6)
2026WTAModena125,wta,2026-06-08,Clay,QF,203514,Katarzyna Kawa,POL,222966,Dominika Salkova,CZE,6-1 6-1
2026WTAModena125,wta,2026-06-08,Clay,QF,214459,Lucia Bronzetti,ITA,215572,Nuria Brancaccio,ITA,6-4 6-2
2026WTAModena125,wta,2026-06-08,Clay,QF,223286,Victoria Jimenez Kasintseva,AND,220742,Leyre Romero Gormaz,ESP,6-3 7-6(3)
2026WTAModena125,wta,2026-06-08,Clay,QF,266671,Laura Samson,CZE,259733,Kaitlin Quevedo,ESP,6-3 6-4
2026WTAModena125,wta,2026-06-08,Clay,R16,203514,Katarzyna Kawa,POL,223333,Noma Noha Akugue,GER,7-6(4) 6-1
2026WTAModena125,wta,2026-06-08,Clay,R16,214459,Lucia Bronzetti,ITA,211814,Julia Grabher,AUT,7-6(6) 7-6(4)
2026WTAModena125,wta,2026-06-08,Clay,R16,215572,Nuria Brancaccio,ITA,214461,Tamara Zidansek,SLO,6-2 6-2
2026WTAModena125,wta,2026-06-08,Clay,R16,220742,Leyre Romero Gormaz,ESP,210886,Mayar Sherif,EGY,6-4 6-2
2026WTAModena125,wta,2026-06-08,Clay,R16,222966,Dominika Salkova,CZE,203354,Martina Trevisan,ITA,6-1 7-6(5)
2026WTAModena125,wta,2026-06-08,Clay,R16,223286,Victoria Jimenez Kasintseva,AND,201478,Varvara Lepchenko,USA,6-2 6-2
2026WTAModena125,wta,2026-06-08,Clay,R16,259733,Kaitlin Quevedo,ESP,259871,Jeline Vandromme,BEL,6-3 3-6 6-4
2026WTAModena125,wta,2026-06-08,Clay,R16,266671,Laura Samson,CZE,221985,Darja Semenistaja,LAT,6-2 7-5
2026WTAModena125,wta,2026-06-08,Clay,R32,201478,Varvara Lepchenko,USA,231625,Noemi Basiletti,ITA,6-2 6-3
2026WTAModena125,wta,2026-06-08,Clay,R32,203354,Martina Trevisan,ITA,221411,Jennifer Ruggeri,ITA,6-0 6-3
2026WTAModena125,wta,2026-06-08,Clay,R32,203514,Katarzyna Kawa,POL,221354,Lisa Pigato,ITA,6-4 6-4
2026WTAModena125,wta,2026-06-08,Clay,R32,210886,Mayar Sherif,EGY,223410,Georgia Pedone,ITA,6-2 6-0
2026WTAModena125,wta,2026-06-08,Clay,R32,211814,Julia Grabher,AUT,210622,Andrea Lazaro Garcia,ESP,6-4 6-2
2026WTAModena125,wta,2026-06-08,Clay,R32,214459,Lucia Bronzetti,ITA,214386,Xinyu Gao,CHN,4-6 6-3 6-1
2026WTAModena125,wta,2026-06-08,Clay,R32,214461,Tamara Zidansek,SLO,223415,Federica Urgesi,ITA,7-5 6-0
2026WTAModena125,wta,2026-06-08,Clay,R32,215572,Nuria Brancaccio,ITA,206345,Victoria Bosio,ARG,6-4 7-5
2026WTAModena125,wta,2026-06-08,Clay,R32,220742,Leyre Romero Gormaz,ESP,214646,Xiaodi You,CHN,6-4 6-1
2026WTAModena125,wta,2026-06-08,Clay,R32,221985,Darja Semenistaja,LAT,215453,Marina Bassols Ribera,ESP,6-3 2-6 7-5
2026WTAModena125,wta,2026-06-08,Clay,R32,222966,Dominika Salkova,CZE,220554,Alice Tubello,FRA,6-1 3-6 6-4
2026WTAModena125,wta,2026-06-08,Clay,R32,223286,Victoria Jimenez Kasintseva,AND,213620,Jessica Pieri,ITA,6-2 6-4
2026WTAModena125,wta,2026-06-08,Clay,R32,223333,Noma Noha Akugue,GER,239456,Tiantsoa Sarah Rakotomanga Rajaonah,FRA,6-4 6-4
2026WTAModena125,wta,2026-06-08,Clay,R32,259733,Kaitlin Quevedo,ESP,220446,Jazmin Ortenzi,ARG,6-3 6-4
2026WTAModena125,wta,2026-06-08,Clay,R32,259871,Jeline Vandromme,BEL,214236,Angela Fita Boluda,ESP,6-4 6-3
2026WTAModena125,wta,2026-06-08,Clay,R32,266671,Laura Samson,CZE,216016,Xiyu Wang,CHN,7-6(3) 7-5
2026WTAModena125,wta,2026-06-08,Clay,SF,203514,Katarzyna Kawa,POL,223286,Victoria Jimenez Kasintseva,AND,2-6 6-4 6-3
2026WTAModena125,wta,2026-06-08,Clay,SF,214459,Lucia Bronzetti,ITA,266671,Laura Samson,CZE,7-6(3) 6-1
2026DublinChallenger,atp,2026-06-15,Grass,F,211902,Henry Searle,GBR,200514,Jurij Rodionov,AUT,6-4 6-2
2026DublinChallenger,atp,2026-06-15,Grass,Q1,106423,Thanasi Kokkinakis,AUS,208004,Harold Mayot,FRA,6-4 3-6 7-6(7)
2026DublinChallenger,atp,2026-06-15,Grass,Q1,200277,Charles Broom,GBR,214535,Dylan Leeman,IRL,6-0 6-0
2026DublinChallenger,atp,2026-06-15,Grass,Q1,200318,Yu Hsiou Hsu,TPE,134068,Vadym Ursu,UKR,6-4 6-4
2026DublinChallenger,atp,2026-06-15,Grass,Q1,200462,Andrea Guerrieri,ITA,211542,Filippo Romano,ITA,6-2 6-2
2026DublinChallenger,atp,2026-06-15,Grass,Q1,200610,Oliver Crawford,GBR,210399,Edward Winter,AUS,6-3 6-4
2026DublinChallenger,atp,2026-06-15,Grass,Q1,200677,Rio Noguchi,JPN,206703,Paul Jubb,GBR,6-4 4-6 6-3
2026DublinChallenger,atp,2026-06-15,Grass,Q1,207171,Hamish Stewart,GBR,202333,Keegan Smith,USA,7-6(2) 3-6 6-3
2026DublinChallenger,atp,2026-06-15,Grass,Q1,208197,Ammar Elamin,IRL,200748,Andres Andrade,ECU,6-2 1-6 7-5
2026DublinChallenger,atp,2026-06-15,Grass,Q1,208253,Niels Visker,NED,200385,Dan Added,FRA,6-3 6-3
2026DublinChallenger,atp,2026-06-15,Grass,Q1,209088,Quinn Vandecasteele,USA,111187,Kaichi Uchida,JPN,6-3 6-4
2026DublinChallenger,atp,2026-06-15,Grass,Q1,213178,Cruz Hewitt,AUS,210220,Edas Butvilas,LTU,3-6 6-4 6-4
2026DublinChallenger,atp,2026-06-15,Grass,Q2,106423,Thanasi Kokkinakis,AUS,208197,Ammar Elamin,IRL,6-2 6-1
2026DublinChallenger,atp,2026-06-15,Grass,Q2,200277,Charles Broom,GBR,200462,Andrea Guerrieri,ITA,6-1 6-4
2026DublinChallenger,atp,2026-06-15,Grass,Q2,200610,Oliver Crawford,GBR,208253,Niels Visker,NED,6-7(2) 6-2 6-2
2026DublinChallenger,atp,2026-06-15,Grass,Q2,200677,Rio Noguchi,JPN,207171,Hamish Stewart,GBR,5-7 6-4 6-4
2026DublinChallenger,atp,2026-06-15,Grass,Q2,209088,Quinn Vandecasteele,USA,213178,Cruz Hewitt,AUS,6-1 6-4
2026DublinChallenger,atp,2026-06-15,Grass,Q2,212044,Yi Zhou,CHN,200318,Yu Hsiou Hsu,TPE,6-4 7-5
2026DublinChallenger,atp,2026-06-15,Grass,QF,200514,Jurij Rodionov,AUT,212044,Yi Zhou,CHN,6-4 6-2
2026DublinChallenger,atp,2026-06-15,Grass,QF,208021,Kyrian Jacquet,FRA,105777,Grigor Dimitrov,BUL,6-3 7-6(9)
2026DublinChallenger,atp,2026-06-15,Grass,QF,208169,Titouan Droguet,FRA,208852,Stefanos Sakellaridis,GRE,6-3 6-3
2026DublinChallenger,atp,2026-06-15,Grass,QF,211902,Henry Searle,GBR,200008,Alexis Galarneau,CAN,7-5 3-6 6-1
2026DublinChallenger,atp,2026-06-15,Grass,R16,105777,Grigor Dimitrov,BUL,149843,Conor Gannon,IRL,6-2 6-3
2026DublinChallenger,atp,2026-06-15,Grass,R16,200008,Alexis Galarneau,CAN,200610,Oliver Crawford,GBR,2-6 6-2 6-4
2026DublinChallenger,atp,2026-06-15,Grass,R16,200514,Jurij Rodionov,AUT,212256,Colton Smith,USA,6-2 7-6(7)
2026DublinChallenger,atp,2026-06-15,Grass,R16,208021,Kyrian Jacquet,FRA,212219,Mees Rottgering,NED,6-4 2-0 RET
2026DublinChallenger,atp,2026-06-15,Grass,R16,208169,Titouan Droguet,FRA,208843,Jerome Kym,SUI,3-6 7-6(5) 6-4
2026DublinChallenger,atp,2026-06-15,Grass,R16,208852,Stefanos Sakellaridis,GRE,202127,Clement Tabur,FRA,1-6 7-6(10) 6-3
2026DublinChallenger,atp,2026-06-15,Grass,R16,211902,Henry Searle,GBR,200318,Yu Hsiou Hsu,TPE,6-4 7-6(3)
2026DublinChallenger,atp,2026-06-15,Grass,R16,212044,Yi Zhou,CHN,200711,Nicolas Mejia,COL,7-6(5) 6-3
2026DublinChallenger,atp,2026-06-15,Grass,R32,105777,Grigor Dimitrov,BUL,208210,Chris Rodesch,LUX,6-3 6-4
2026DublinChallenger,atp,2026-06-15,Grass,R32,149843,Conor Gannon,IRL,106071,Bernard Tomic,AUS,6-7(4) 6-4 7-6(1)
2026DublinChallenger,atp,2026-06-15,Grass,R32,200008,Alexis Galarneau,CAN,208353,Francesco Maestrelli,ITA,7-6(6) 7-5
2026DublinChallenger,atp,2026-06-15,Grass,R32,200318,Yu Hsiou Hsu,TPE,210136,Mark Lajal,EST,7-6(3) 4-1 RET
2026DublinChallenger,atp,2026-06-15,Grass,R32,200514,Jurij Rodionov,AUT,209088,Quinn Vandecasteele,USA,7-6(2) 6-2
2026DublinChallenger,atp,2026-06-15,Grass,R32,200610,Oliver Crawford,GBR,206750,Daniil Glinka,EST,6-7(5) 6-4 6-3
2026DublinChallenger,atp,2026-06-15,Grass,R32,200711,Nicolas Mejia,COL,126663,Juan Pablo Ficovich,ARG,6-4 4-6 6-3
2026DublinChallenger,atp,2026-06-15,Grass,R32,202127,Clement Tabur,FRA,200677,Rio Noguchi,JPN,6-4 6-4
2026DublinChallenger,atp,2026-06-15,Grass,R32,208021,Kyrian Jacquet,FRA,206904,Gauthier Onclin,BEL,7-6(6) 7-6(4)
2026DublinChallenger,atp,2026-06-15,Grass,R32,208169,Titouan Droguet,FRA,200277,Charles Broom,GBR,6-3 4-6 6-1
2026DublinChallenger,atp,2026-06-15,Grass,R32,208843,Jerome Kym,SUI,106423,Thanasi Kokkinakis,AUS,0-6 7-6(7) 6-4
2026DublinChallenger,atp,2026-06-15,Grass,R32,208852,Stefanos Sakellaridis,GRE,129814,Ivan Ivanov,BUL,7-6(8) 6-3
2026DublinChallenger,atp,2026-06-15,Grass,R32,211902,Henry Searle,GBR,111200,Elias Ymer,SWE,7-6(3) 7-6(5)
2026DublinChallenger,atp,2026-06-15,Grass,R32,212044,Yi Zhou,CHN,213653,Benjamin Willwerth,USA,6-3 6-7(6) 6-2
2026DublinChallenger,atp,2026-06-15,Grass,R32,212219,Mees Rottgering,NED,210683,Peter Buldorini,ITA,6-4 6-2
2026DublinChallenger,atp,2026-06-15,Grass,R32,212256,Colton Smith,USA,206889,Clement Chidekh,FRA,7-5 2-6 6-3
2026DublinChallenger,atp,2026-06-15,Grass,SF,200514,Jurij Rodionov,AUT,208169,Titouan Droguet,FRA,7-6(3) 6-1
2026DublinChallenger,atp,2026-06-15,Grass,SF,211902,Henry Searle,GBR,208021,Kyrian Jacquet,FRA,4-6 6-2 6-2
2026Nottingham2Challenger,atp,2026-06-15,Grass,F,106331,Christopher Oconnell,AUS,202261,Otto Virtanen,FIN,7-6(3) 7-6(6)
2026Nottingham2Challenger,atp,2026-06-15,Grass,Q1,111190,Zhizhen Zhang,CHN,213130,Mark Ceban,GBR,7-5 7-5
2026Nottingham2Challenger,atp,2026-06-15,Grass,Q1,126652,Jay Clarke,GBR,109054,Daniel Masur,GER,6-1 6-4
2026Nottingham2Challenger,atp,2026-06-15,Grass,Q1,126952,Soon Woo Kwon,KOR,209140,Millen Hurrion,GBR,6-2 6-4
2026Nottingham2Challenger,atp,2026-06-15,Grass,Q1,200329,Remy Bertola,SUI,210522,William Jansen,GBR,7-5 2-6 7-6(4)
2026Nottingham2Challenger,atp,2026-06-15,Grass,Q1,200416,August Holmgren,DEN,209407,Max Basing,GBR,6-3 6-2
2026Nottingham2Challenger,atp,2026-06-15,Grass,Q1,202400,Alastair Gray,GBR,213890,Henry Jefferson,GBR,6-3 6-4
2026Nottingham2Challenger,atp,2026-06-15,Grass,Q1,207760,Anton Matusevich,GBR,209911,Guy Den Ouden,NED,6-3 5-7 6-2
2026Nottingham2Challenger,atp,2026-06-15,Grass,Q1,208134,Luca Nardi,ITA,208267,Oscar Weightman,GBR,3-6 6-3 6-4
2026Nottingham2Challenger,atp,2026-06-15,Grass,Q1,208144,Giles Hussey,GBR,211394,Patrick Brady,GBR,7-5 6-4
2026Nottingham2Challenger,atp,2026-06-15,Grass,Q1,209115,Oliver Okonkwo,GBR,126409,Hugo Grenier,FRA,7-6(5) 7-5
2026Nottingham2Challenger,atp,2026-06-15,Grass,Q1,210317,James Mccabe,AUS,214213,Rhys Lawlor,GBR,6-4 6-2
2026Nottingham2Challenger,atp,2026-06-15,Grass,Q1,211767,James Watt,NZL,207608,Timofey Skatov,KAZ,7-6(5) 6-7(2) 7-6(8)
2026Nottingham2Challenger,atp,2026-06-15,Grass,Q2,111190,Zhizhen Zhang,CHN,209115,Oliver Okonkwo,GBR,6-2 6-4
2026Nottingham2Challenger,atp,2026-06-15,Grass,Q2,126652,Jay Clarke,GBR,200416,August Holmgren,DEN,6-4 5-7 6-2
2026Nottingham2Challenger,atp,2026-06-15,Grass,Q2,200329,Remy Bertola,SUI,210317,James Mccabe,AUS,7-6(3) 6-4
2026Nottingham2Challenger,atp,2026-06-15,Grass,Q2,202400,Alastair Gray,GBR,211767,James Watt,NZL,6-1 6-1
2026Nottingham2Challenger,atp,2026-06-15,Grass,Q2,207760,Anton Matusevich,GBR,126952,Soon Woo Kwon,KOR,6-3 6-4
2026Nottingham2Challenger,atp,2026-06-15,Grass,Q2,208134,Luca Nardi,ITA,208144,Giles Hussey,GBR,6-3 6-2
2026Nottingham2Challenger,atp,2026-06-15,Grass,QF,106331,Christopher Oconnell,AUS,126127,Benjamin Bonzi,FRA,6-4 6-4
2026Nottingham2Challenger,atp,2026-06-15,Grass,QF,111190,Zhizhen Zhang,CHN,126128,Roman Safiullin,RUS,6-7(4) 7-6(11) 6-1
2026Nottingham2Challenger,atp,2026-06-15,Grass,QF,200329,Remy Bertola,SUI,208278,Shintaro Mochizuki,JPN,6-3 6-4
2026Nottingham2Challenger,atp,2026-06-15,Grass,QF,202261,Otto Virtanen,FIN,126129,Billy Harris,GBR,7-6(3) 7-6(3)
2026Nottingham2Challenger,atp,2026-06-15,Grass,R16,106331,Christopher Oconnell,AUS,126652,Jay Clarke,GBR,4-6 6-4 7-6(5)
2026Nottingham2Challenger,atp,2026-06-15,Grass,R16,111190,Zhizhen Zhang,CHN,210262,Jaime Faria,POR,6-4 7-5
2026Nottingham2Challenger,atp,2026-06-15,Grass,R16,126127,Benjamin Bonzi,FRA,207985,Jacob Fearnley,GBR,6-1 7-6(5)
2026Nottingham2Challenger,atp,2026-06-15,Grass,R16,126128,Roman Safiullin,RUS,200416,August Holmgren,DEN,6-3 6-2
2026Nottingham2Challenger,atp,2026-06-15,Grass,R16,126129,Billy Harris,GBR,210338,Arthur Gea,FRA,7-6(3) 6-7(3) 6-4
2026Nottingham2Challenger,atp,2026-06-15,Grass,R16,200329,Remy Bertola,SUI,200059,Yibing Wu,CHN,6-3 6-3
2026Nottingham2Challenger,atp,2026-06-15,Grass,R16,202261,Otto Virtanen,FIN,208269,Felix Gill,GBR,6-2 6-3
2026Nottingham2Challenger,atp,2026-06-15,Grass,R16,208278,Shintaro Mochizuki,JPN,111456,Mackenzie Mcdonald,USA,7-6(3) 7-5
2026Nottingham2Challenger,atp,2026-06-15,Grass,R32,106331,Christopher Oconnell,AUS,210012,Henrique Rocha,POR,7-6(2) 6-1
2026Nottingham2Challenger,atp,2026-06-15,Grass,R32,111190,Zhizhen Zhang,CHN,210464,Darwin Blanch,USA,6-4 6-7(8) 6-4
2026Nottingham2Challenger,atp,2026-06-15,Grass,R32,111456,Mackenzie Mcdonald,USA,149282,Nicolai Budkov Kjaer,NOR,3-6 6-3 6-2
2026Nottingham2Challenger,atp,2026-06-15,Grass,R32,126127,Benjamin Bonzi,FRA,144642,Tomas Barrios Vera,CHI,6-3 2-6 6-3
2026Nottingham2Challenger,atp,2026-06-15,Grass,R32,126128,Roman Safiullin,RUS,210472,Oliver Tarvet,GBR,4-6 6-3 6-2
2026Nottingham2Challenger,atp,2026-06-15,Grass,R32,126129,Billy Harris,GBR,209409,Coleman Wong,HKG,7-5 3-6 6-1
2026Nottingham2Challenger,atp,2026-06-15,Grass,R32,126652,Jay Clarke,GBR,207729,Tristan Boyer,USA,7-6(3) 6-3
2026Nottingham2Challenger,atp,2026-06-15,Grass,R32,200059,Yibing Wu,CHN,210536,Rei Sakamoto,JPN,7-5 6-1
2026Nottingham2Challenger,atp,2026-06-15,Grass,R32,200329,Remy Bertola,SUI,208134,Luca Nardi,ITA,3-6 7-6(4) 7-6(2)
2026Nottingham2Challenger,atp,2026-06-15,Grass,R32,200416,August Holmgren,DEN,202400,Alastair Gray,GBR,6-4 7-5
2026Nottingham2Challenger,atp,2026-06-15,Grass,R32,202261,Otto Virtanen,FIN,126952,Soon Woo Kwon,KOR,6-2 7-5
2026Nottingham2Challenger,atp,2026-06-15,Grass,R32,207985,Jacob Fearnley,GBR,208013,Dane Sweeny,AUS,6-7(16) 6-1 6-2
2026Nottingham2Challenger,atp,2026-06-15,Grass,R32,208269,Felix Gill,GBR,200384,Hugo Gaston,FRA,7-6(4) 6-7(2) 6-2
2026Nottingham2Challenger,atp,2026-06-15,Grass,R32,208278,Shintaro Mochizuki,JPN,210116,Michael Zheng,USA,7-6(2) 3-6 7-6(5)
2026Nottingham2Challenger,atp,2026-06-15,Grass,R32,210262,Jaime Faria,POR,121411,Moez Echargui,TUN,6-3 6-4
2026Nottingham2Challenger,atp,2026-06-15,Grass,R32,210338,Arthur Gea,FRA,207760,Anton Matusevich,GBR,6-3 6-3
2026Nottingham2Challenger,atp,2026-06-15,Grass,SF,106331,Christopher Oconnell,AUS,200329,Remy Bertola,SUI,6-4 7-5
2026Nottingham2Challenger,atp,2026-06-15,Grass,SF,202261,Otto Virtanen,FIN,111190,Zhizhen Zhang,CHN,6-4 6-7(5) 7-5
2026ParmaChallenger,atp,2026-06-15,Clay,F,209414,Luca Van Assche,FRA,124116,Sebastian Ofner,AUT,2-6 6-2 6-3
2026ParmaChallenger,atp,2026-06-15,Clay,Q1,101495,Miguel Tobon,COL,210200,Yanaki Milev,BUL,6-3 6-2
2026ParmaChallenger,atp,2026-06-15,Clay,Q1,106177,Oriol Roca Batalla,ESP,212280,Giulio Perego,ITA,6-3 6-1
2026ParmaChallenger,atp,2026-06-15,Clay,Q1,133872,Enrico Dalla Valle,ITA,214055,Flavio Bocci,ITA,6-3 6-2
2026ParmaChallenger,atp,2026-06-15,Clay,Q1,200188,Matteo Martineau,FRA,202369,Daniel Salazar Martinez,COL,6-2 7-5
2026ParmaChallenger,atp,2026-06-15,Clay,Q1,200255,Alexander Weis,ITA,210063,Matyas Cerny,CZE,7-6(3) 6-4
2026ParmaChallenger,atp,2026-06-15,Clay,Q1,200595,Lorenzo Bocchi,ITA,212090,Sergio Callejon Hernando,ESP,6-3 6-4
2026ParmaChallenger,atp,2026-06-15,Clay,Q1,202342,Ryan Seggerman,USA,209916,Marko Topo,GER,6-7(3) 7-6(7) 6-4
2026ParmaChallenger,atp,2026-06-15,Clay,Q1,206867,Tommaso Compagnucci,ITA,213701,Tobia Costanzo Baragiola Mordini,ITA,6-3 6-2
2026ParmaChallenger,atp,2026-06-15,Clay,Q1,207605,Jakub Paul,SUI,213356,Michele Mecarelli,ITA,6-2 6-2
2026ParmaChallenger,atp,2026-06-15,Clay,Q1,211639,Alejo Sanchez Quilez,ESP,209385,Samuel Vincent Ruggeri,ITA,6-2 7-5
2026ParmaChallenger,atp,2026-06-15,Clay,Q1,212305,Juan Cruz Martin Manzano,ITA,206749,Niccolo Catini,ITA,6-1 6-2
2026ParmaChallenger,atp,2026-06-15,Clay,Q2,106177,Oriol Roca Batalla,ESP,211639,Alejo Sanchez Quilez,ESP,6-3 6-3
2026ParmaChallenger,atp,2026-06-15,Clay,Q2,133872,Enrico Dalla Valle,ITA,207605,Jakub Paul,SUI,6-3 7-5
2026ParmaChallenger,atp,2026-06-15,Clay,Q2,200255,Alexander Weis,ITA,200595,Lorenzo Bocchi,ITA,7-6(3) 6-4
2026ParmaChallenger,atp,2026-06-15,Clay,Q2,202342,Ryan Seggerman,USA,101495,Miguel Tobon,COL,6-4 3-6 7-6(5)
2026ParmaChallenger,atp,2026-06-15,Clay,Q2,211594,Luca Wiedenmann,GER,200188,Matteo Martineau,FRA,6-4 6-1
2026ParmaChallenger,atp,2026-06-15,Clay,Q2,212305,Juan Cruz Martin Manzano,ITA,206867,Tommaso Compagnucci,ITA,6-3 6-7(7) 6-4
2026ParmaChallenger,atp,2026-06-15,Clay,QF,111513,Laslo Djere,SRB,202358,Chun Hsin Tseng,TPE,6-3 4-6 6-4
2026ParmaChallenger,atp,2026-06-15,Clay,QF,124116,Sebastian Ofner,AUT,106148,Roberto Carballes Baena,ESP,4-6 6-3 6-3
2026ParmaChallenger,atp,2026-06-15,Clay,QF,209405,Daniel Rincon,ESP,207527,Buvaysar Gadamauri,BEL,6-7(3) 6-3 6-1
2026ParmaChallenger,atp,2026-06-15,Clay,QF,209414,Luca Van Assche,FRA,106065,Marco Cecchinato,ITA,3-6 6-0 6-1
2026ParmaChallenger,atp,2026-06-15,Clay,R16,106065,Marco Cecchinato,ITA,210682,Federico Bondioli,ITA,6-2 6-3
2026ParmaChallenger,atp,2026-06-15,Clay,R16,106148,Roberto Carballes Baena,ESP,105882,Stefano Travaglia,ITA,6-1 6-7(5) 6-3
2026ParmaChallenger,atp,2026-06-15,Clay,R16,111513,Laslo Djere,SRB,202342,Ryan Seggerman,USA,4-6 6-1 7-6(4)
2026ParmaChallenger,atp,2026-06-15,Clay,R16,124116,Sebastian Ofner,AUT,133872,Enrico Dalla Valle,ITA,6-2 7-5
2026ParmaChallenger,atp,2026-06-15,Clay,R16,202358,Chun Hsin Tseng,TPE,106177,Oriol Roca Batalla,ESP,6-2 7-6(1)
2026ParmaChallenger,atp,2026-06-15,Clay,R16,207527,Buvaysar Gadamauri,BEL,213635,Jacopo Vasami,ITA,6-4 7-6(1)
2026ParmaChallenger,atp,2026-06-15,Clay,R16,209405,Daniel Rincon,ESP,109303,Stefano Napolitano,ITA,6-2 3-1 RET
2026ParmaChallenger,atp,2026-06-15,Clay,R16,209414,Luca Van Assche,FRA,123755,Daniel Elahi Galan,COL,6-1 6-3
2026ParmaChallenger,atp,2026-06-15,Clay,R32,105882,Stefano Travaglia,ITA,209951,Petr Bar Biryukov,RUS,7-6(5) 6-3
2026ParmaChallenger,atp,2026-06-15,Clay,R32,106065,Marco Cecchinato,ITA,212241,Carlo Alberto Caniato,ITA,4-6 6-3 6-4
2026ParmaChallenger,atp,2026-06-15,Clay,R32,106148,Roberto Carballes Baena,ESP,207732,Miguel Damas,ESP,6-2 6-3
2026ParmaChallenger,atp,2026-06-15,Clay,R32,106177,Oriol Roca Batalla,ESP,208859,Francesco Passaro,ITA,6-4 6-0
2026ParmaChallenger,atp,2026-06-15,Clay,R32,109303,Stefano Napolitano,ITA,106162,Franco Agamenone,ITA,6-3 3-6 7-6(7)
2026ParmaChallenger,atp,2026-06-15,Clay,R32,111513,Laslo Djere,SRB,207411,Jesper De Jong,NED,6-3 7-5
2026ParmaChallenger,atp,2026-06-15,Clay,R32,123755,Daniel Elahi Galan,COL,200436,Zsombor Piros,HUN,6-2 3-6 6-3
2026ParmaChallenger,atp,2026-06-15,Clay,R32,124116,Sebastian Ofner,AUT,134840,Raul Brancaccio,ITA,6-3 6-4
2026ParmaChallenger,atp,2026-06-15,Clay,R32,133872,Enrico Dalla Valle,ITA,200255,Alexander Weis,ITA,6-2 6-3
2026ParmaChallenger,atp,2026-06-15,Clay,R32,202342,Ryan Seggerman,USA,211594,Luca Wiedenmann,GER,6-2 6-1
2026ParmaChallenger,atp,2026-06-15,Clay,R32,202358,Chun Hsin Tseng,TPE,212305,Juan Cruz Martin Manzano,ITA,6-4 6-0
2026ParmaChallenger,atp,2026-06-15,Clay,R32,207527,Buvaysar Gadamauri,BEL,106000,Damir Dzumhur,BIH,6-4 6-4
2026ParmaChallenger,atp,2026-06-15,Clay,R32,209405,Daniel Rincon,ESP,124079,Pedro Martinez,ESP,7-6(5) 7-6(5)
2026ParmaChallenger,atp,2026-06-15,Clay,R32,209414,Luca Van Assche,FRA,207663,Nikolas Sanchez Izquierdo,ESP,6-3 3-6 6-3
2026ParmaChallenger,atp,2026-06-15,Clay,R32,210682,Federico Bondioli,ITA,208223,Alvaro Guillen Meza,ECU,5-7 7-5 7-6(4)
2026ParmaChallenger,atp,2026-06-15,Clay,R32,213635,Jacopo Vasami,ITA,209899,Ilia Simakin,RUS,6-3 6-4
2026ParmaChallenger,atp,2026-06-15,Clay,SF,124116,Sebastian Ofner,AUT,111513,Laslo Djere,SRB,7-6(4) 6-7(5) 6-3
2026ParmaChallenger,atp,2026-06-15,Clay,SF,209414,Luca Van Assche,FRA,209405,Daniel Rincon,ESP,6-3 6-0
2026PoznanChallenger,atp,2026-06-15,Clay,F,208361,Gustavo Heide,BRA,207680,Facundo Diaz Acosta,ARG,6-2 6-2
2026PoznanChallenger,atp,2026-06-15,Clay,Q1,132573,Luca Castelnuovo,SUI,209403,Faris Zakaryia,EGY,6-0 6-2
2026PoznanChallenger,atp,2026-06-15,Clay,Q1,200574,Alexander Donski,BUL,210091,Filip Pieczonka,POL,6-3 6-4
2026PoznanChallenger,atp,2026-06-15,Clay,Q1,202239,Florian Broska,GER,209971,Michael Bassem Sobhy,EGY,7-6(4) 6-2
2026PoznanChallenger,atp,2026-06-15,Clay,Q1,207231,Mathys Erhard,FRA,200484,Rudolf Molleker,GER,5-7 7-6(3) 6-0
2026PoznanChallenger,atp,2026-06-15,Clay,Q1,208819,Max Hans Rehberg,GER,207704,Alex Marti Pujolras,ESP,6-3 6-1
2026PoznanChallenger,atp,2026-06-15,Clay,Q1,209167,Olle Wallin,SWE,202209,Imanol Lopez Morillo,ESP,6-3 6-7(8) 6-3
2026PoznanChallenger,atp,2026-06-15,Clay,Q1,209338,Daniel Siniakov,CZE,133975,Benjamin Hassan,LBN,6-3 4-6 6-2
2026PoznanChallenger,atp,2026-06-15,Clay,Q1,209984,Milos Karol,SVK,202398,Michael Vrbensky,CZE,7-6(4) 6-1
2026PoznanChallenger,atp,2026-06-15,Clay,Q1,211617,Maxim Mrva,CZE,214087,Jan Sadzik,POL,6-4 6-1
2026PoznanChallenger,atp,2026-06-15,Clay,Q1,212190,Karol Filar,POL,207797,Jonas Forejtek,CZE,6-3 7-5
2026PoznanChallenger,atp,2026-06-15,Clay,Q1,213048,Alan Wazny,POL,106187,Denis Yevseyev,KAZ,6-3 6-0
2026PoznanChallenger,atp,2026-06-15,Clay,Q2,202239,Florian Broska,GER,209338,Daniel Siniakov,CZE,1-6 7-5 6-2
2026PoznanChallenger,atp,2026-06-15,Clay,Q2,207231,Mathys Erhard,FRA,105613,Norbert Gombos,SVK,3-6 7-6(5) 6-3
2026PoznanChallenger,atp,2026-06-15,Clay,Q2,208819,Max Hans Rehberg,GER,200574,Alexander Donski,BUL,6-3 6-3
2026PoznanChallenger,atp,2026-06-15,Clay,Q2,209984,Milos Karol,SVK,132573,Luca Castelnuovo,SUI,3-6 6-2 6-3
2026PoznanChallenger,atp,2026-06-15,Clay,Q2,211617,Maxim Mrva,CZE,209167,Olle Wallin,SWE,6-3 6-3
2026PoznanChallenger,atp,2026-06-15,Clay,Q2,213048,Alan Wazny,POL,212190,Karol Filar,POL,6-2 7-5
2026PoznanChallenger,atp,2026-06-15,Clay,QF,207494,Dalibor Svrcina,CZE,208293,Gonzalo Bueno,PER,6-2 6-3
2026PoznanChallenger,atp,2026-06-15,Clay,QF,207680,Facundo Diaz Acosta,ARG,202239,Florian Broska,GER,6-3 4-6 7-6(3)
2026PoznanChallenger,atp,2026-06-15,Clay,QF,208361,Gustavo Heide,BRA,123828,Jan Choinski,GBR,7-6(5) 3-6 6-4
2026PoznanChallenger,atp,2026-06-15,Clay,QF,212020,Michele Ribecai,ITA,206307,Joao Lucas Reis Da Silva,BRA,6-4 6-0
2026PoznanChallenger,atp,2026-06-15,Clay,R16,123828,Jan Choinski,GBR,209874,Maks Kasnikowski,POL,6-4 2-6 6-3
2026PoznanChallenger,atp,2026-06-15,Clay,R16,202239,Florian Broska,GER,210557,Petr Brunclik,CZE,6-4 1-0 RET
2026PoznanChallenger,atp,2026-06-15,Clay,R16,206307,Joao Lucas Reis Da Silva,BRA,209322,Martin Krumich,CZE,7-5 6-0
2026PoznanChallenger,atp,2026-06-15,Clay,R16,207494,Dalibor Svrcina,CZE,105613,Norbert Gombos,SVK,6-4 6-2
2026PoznanChallenger,atp,2026-06-15,Clay,R16,207680,Facundo Diaz Acosta,ARG,210558,Hynek Barton,CZE,6-3 7-5
2026PoznanChallenger,atp,2026-06-15,Clay,R16,208293,Gonzalo Bueno,PER,106393,Frederico Ferreira Silva,POR,6-4 6-3
2026PoznanChallenger,atp,2026-06-15,Clay,R16,208361,Gustavo Heide,BRA,211617,Maxim Mrva,CZE,6-3 6-3
2026PoznanChallenger,atp,2026-06-15,Clay,R16,212020,Michele Ribecai,ITA,144821,Genaro Alberto Olivieri,ARG,7-6(5) 6-2
2026PoznanChallenger,atp,2026-06-15,Clay,R32,105613,Norbert Gombos,SVK,209167,Olle Wallin,SWE,6-4 6-4
2026PoznanChallenger,atp,2026-06-15,Clay,R32,106393,Frederico Ferreira Silva,POR,207231,Mathys Erhard,FRA,6-4 6-3
2026PoznanChallenger,atp,2026-06-15,Clay,R32,123828,Jan Choinski,GBR,208046,Pedro Boscardin Dias,BRA,7-5 6-0
2026PoznanChallenger,atp,2026-06-15,Clay,R32,144821,Genaro Alberto Olivieri,ARG,208819,Max Hans Rehberg,GER,3-6 6-3 6-4
2026PoznanChallenger,atp,2026-06-15,Clay,R32,202239,Florian Broska,GER,209903,Lukas Neumayer,AUT,3-6 6-1 6-4
2026PoznanChallenger,atp,2026-06-15,Clay,R32,206307,Joao Lucas Reis Da Silva,BRA,209984,Milos Karol,SVK,6-3 5-7 6-3
2026PoznanChallenger,atp,2026-06-15,Clay,R32,207494,Dalibor Svrcina,CZE,207213,Duje Ajdukovic,CRO,6-3 6-3
2026PoznanChallenger,atp,2026-06-15,Clay,R32,207680,Facundo Diaz Acosta,ARG,208364,Franco Roncadelli,URU,6-2 7-5
2026PoznanChallenger,atp,2026-06-15,Clay,R32,208293,Gonzalo Bueno,PER,211530,Tomasz Berkieta,POL,7-6(4) 6-3
2026PoznanChallenger,atp,2026-06-15,Clay,R32,208361,Gustavo Heide,BRA,207415,Daniel Michalski,POL,6-2 6-2
2026PoznanChallenger,atp,2026-06-15,Clay,R32,209322,Martin Krumich,CZE,213048,Alan Wazny,POL,3-6 7-5 7-6(4)
2026PoznanChallenger,atp,2026-06-15,Clay,R32,209874,Maks Kasnikowski,POL,105841,Lorenzo Giustino,ITA,6-4 7-6(1)
2026PoznanChallenger,atp,2026-06-15,Clay,R32,210557,Petr Brunclik,CZE,111576,Sumit Nagal,IND,6-4 5-4 Def.
2026PoznanChallenger,atp,2026-06-15,Clay,R32,210558,Hynek Barton,CZE,106293,Kimmer Coppejans,BEL,6-4 6-2
2026PoznanChallenger,atp,2026-06-15,Clay,R32,211617,Maxim Mrva,CZE,117361,Akira Santillan,AUS,6-3 6-2
2026PoznanChallenger,atp,2026-06-15,Clay,R32,212020,Michele Ribecai,ITA,202260,Henri Squire,GER,6-4 6-1
2026PoznanChallenger,atp,2026-06-15,Clay,SF,207680,Facundo Diaz Acosta,ARG,212020,Michele Ribecai,ITA,2-6 6-1 6-4
2026PoznanChallenger,atp,2026-06-15,Clay,SF,208361,Gustavo Heide,BRA,207494,Dalibor Svrcina,CZE,2-6 7-5 6-2
2026RoyanChallenger,atp,2026-06-15,Clay,F,208024,Max Alcala Gurri,ESP,213977,Cosme Rolland De Ravel,FRA,7-6(4) 6-1
2026RoyanChallenger,atp,2026-06-15,Clay,Q1,111568,Michael Zhu,USA,105646,Mark Vervoort,NED,6-3 6-1
2026RoyanChallenger,atp,2026-06-15,Clay,Q1,126573,Thomas Fancutt,AUS,105130,Vladimir Uzhylovsky,UKR,6-4 6-2
2026RoyanChallenger,atp,2026-06-15,Clay,Q1,133794,S D Prajwal Dev,IND,119896,Gabriel Gomez,FRA,6-2 6-2
2026RoyanChallenger,atp,2026-06-15,Clay,Q1,144925,Nitin Kumar Sinha,IND,207248,Naoki Tajima,JPN,7-6(6) 7-6(5)
2026RoyanChallenger,atp,2026-06-15,Clay,Q1,149117,Lorenzo Angelini,ITA,202128,Louis Dussin,FRA,6-3 6-2
2026RoyanChallenger,atp,2026-06-15,Clay,Q1,202305,Franco Ribero,ARG,209258,Alexandre Reco,FRA,4-6 6-4 6-3
2026RoyanChallenger,atp,2026-06-15,Clay,Q1,210498,Gerard Campana Lee,KOR,214399,Paul Theate,FRA,7-6(3) 6-2
2026RoyanChallenger,atp,2026-06-15,Clay,Q1,212944,Ryo Tabata,JPN,212998,Robinson Le Meur,FRA,6-1 1-6 6-1
2026RoyanChallenger,atp,2026-06-15,Clay,Q1,213977,Cosme Rolland De Ravel,FRA,134116,Jeffrey Hsu,TPE,6-1 6-1
2026RoyanChallenger,atp,2026-06-15,Clay,Q2,111568,Michael Zhu,USA,207893,Daniel De Jonge,NED,3-6 7-6(10) 6-4
2026RoyanChallenger,atp,2026-06-15,Clay,Q2,202305,Franco Ribero,ARG,144925,Nitin Kumar Sinha,IND,6-4 6-3
2026RoyanChallenger,atp,2026-06-15,Clay,Q2,210498,Gerard Campana Lee,KOR,207676,Adan Freire Da Silva,FRA,6-3 6-3
2026RoyanChallenger,atp,2026-06-15,Clay,Q2,212598,Emilien Demanet,BEL,126573,Thomas Fancutt,AUS,7-5 6-2
2026RoyanChallenger,atp,2026-06-15,Clay,Q2,212944,Ryo Tabata,JPN,149117,Lorenzo Angelini,ITA,6-0 7-5
2026RoyanChallenger,atp,2026-06-15,Clay,Q2,213977,Cosme Rolland De Ravel,FRA,133794,S D Prajwal Dev,IND,6-2 6-7(4) 6-0
2026RoyanChallenger,atp,2026-06-15,Clay,QF,208024,Max Alcala Gurri,ESP,202199,Carlos Sanchez Jover,ESP,6-2 6-7(3) 7-5
2026RoyanChallenger,atp,2026-06-15,Clay,QF,210005,Kilian Feldbausch,SUI,210447,Leo Raquillet,FRA,6-4 6-2
2026RoyanChallenger,atp,2026-06-15,Clay,QF,211636,Lucio Ratti,ARG,210498,Gerard Campana Lee,KOR,6-3 6-2
2026RoyanChallenger,atp,2026-06-15,Clay,QF,213977,Cosme Rolland De Ravel,FRA,212222,Raphael Perot,FRA,6-3 6-4
2026RoyanChallenger,atp,2026-06-15,Clay,R16,202199,Carlos Sanchez Jover,ESP,212598,Emilien Demanet,BEL,5-7 7-6(3) 6-4
2026RoyanChallenger,atp,2026-06-15,Clay,R16,208024,Max Alcala Gurri,ESP,212944,Ryo Tabata,JPN,6-2 6-2
2026RoyanChallenger,atp,2026-06-15,Clay,R16,210005,Kilian Feldbausch,SUI,210425,Svyatoslav Gulin,RUS,6-4 6-3
2026RoyanChallenger,atp,2026-06-15,Clay,R16,210447,Leo Raquillet,FRA,200303,Pavel Kotov,RUS,7-5 0-0 RET
2026RoyanChallenger,atp,2026-06-15,Clay,R16,210498,Gerard Campana Lee,KOR,212225,Thomas Faurel,FRA,7-5 6-4
2026RoyanChallenger,atp,2026-06-15,Clay,R16,211636,Lucio Ratti,ARG,213149,Felix Balshaw,FRA,7-6(8) 2-6 6-1
2026RoyanChallenger,atp,2026-06-15,Clay,R16,212222,Raphael Perot,FRA,212711,Daniel Jade,FRA,6-1 6-0
2026RoyanChallenger,atp,2026-06-15,Clay,R16,213977,Cosme Rolland De Ravel,FRA,211451,Gilles Arnaud Bailly,BEL,4-6 6-3 6-3
2026RoyanChallenger,atp,2026-06-15,Clay,R32,200303,Pavel Kotov,RUS,202305,Franco Ribero,ARG,6-7(3) 6-3 6-0
2026RoyanChallenger,atp,2026-06-15,Clay,R32,202199,Carlos Sanchez Jover,ESP,208279,Alejandro Moro Canas,ESP,1-6 7-6(2) 6-4
2026RoyanChallenger,atp,2026-06-15,Clay,R32,208024,Max Alcala Gurri,ESP,212749,Andres Santamarta Roig,ESP,7-5 6-1
2026RoyanChallenger,atp,2026-06-15,Clay,R32,210005,Kilian Feldbausch,SUI,106362,Laurent Lokoli,FRA,6-2 6-4
2026RoyanChallenger,atp,2026-06-15,Clay,R32,210425,Svyatoslav Gulin,RUS,208265,Pierre Delage,FRA,6-1 3-6 6-1
2026RoyanChallenger,atp,2026-06-15,Clay,R32,210447,Leo Raquillet,FRA,211768,Manas Dhamne,IND,7-5 2-6 6-3
2026RoyanChallenger,atp,2026-06-15,Clay,R32,210498,Gerard Campana Lee,KOR,202475,Philip Henning,RSA,4-6 6-3 7-6(3)
2026RoyanChallenger,atp,2026-06-15,Clay,R32,211451,Gilles Arnaud Bailly,BEL,131911,Lucas Poullain,FRA,7-5 6-2
2026RoyanChallenger,atp,2026-06-15,Clay,R32,211636,Lucio Ratti,ARG,123921,Calvin Hemery,FRA,3-6 6-1 3-0 RET
2026RoyanChallenger,atp,2026-06-15,Clay,R32,212222,Raphael Perot,FRA,209850,Robin Bertrand,FRA,7-6(7) 7-5
2026RoyanChallenger,atp,2026-06-15,Clay,R32,212225,Thomas Faurel,FRA,212207,Ognjen Milic,SRB,6-4 6-4
2026RoyanChallenger,atp,2026-06-15,Clay,R32,212598,Emilien Demanet,BEL,126125,Maxime Janvier,FRA,6-4 6-1
2026RoyanChallenger,atp,2026-06-15,Clay,R32,212711,Daniel Jade,FRA,111568,Michael Zhu,USA,4-6 6-2 6-3
2026RoyanChallenger,atp,2026-06-15,Clay,R32,212944,Ryo Tabata,JPN,207129,Yanki Erel,TUR,6-7(3) 6-3 7-6(4)
2026RoyanChallenger,atp,2026-06-15,Clay,R32,213149,Felix Balshaw,FRA,209131,Eliakim Coulibaly,CIV,6-1 3-6 6-1
2026RoyanChallenger,atp,2026-06-15,Clay,R32,213977,Cosme Rolland De Ravel,FRA,144972,Geoffrey Blancaneaux,FRA,2-6 6-3 6-3
2026RoyanChallenger,atp,2026-06-15,Clay,SF,208024,Max Alcala Gurri,ESP,210005,Kilian Feldbausch,SUI,6-3 6-2
2026RoyanChallenger,atp,2026-06-15,Clay,SF,213977,Cosme Rolland De Ravel,FRA,211636,Lucio Ratti,ARG,6-1 7-6(5)
2026WTABrescia125,wta,2026-06-15,Clay,F,210886,Mayar Sherif,EGY,216016,Xiyu Wang,CHN,6-4 6-3
2026WTABrescia125,wta,2026-06-15,Clay,Q1,203564,Chloe Paquet,FRA,213772,Amy Zhu,USA,7-5 6-1
2026WTABrescia125,wta,2026-06-15,Clay,Q1,211328,Deborah Chiesa,ITA,239156,Lucija Ciric Bagaric,CRO,6-0 6-2
2026WTABrescia125,wta,2026-06-15,Clay,Q1,214301,Tatiana Pieri,ITA,221000,Diletta Cherubini,ITA,6-1 6-7(4) 6-3
2026WTABrescia125,wta,2026-06-15,Clay,Q1,214546,Ekaterina Kazionova,RUS,239438,Julie Struplova,CZE,6-4 6-1
2026WTABrescia125,wta,2026-06-15,Clay,Q1,221004,Amarissa Kiara Toth,HUN,215039,Lara Salden,BEL,6-7(6) 2-2 RET
2026WTABrescia125,wta,2026-06-15,Clay,Q1,221411,Jennifer Ruggeri,ITA,245077,Yelyzaveta Kotliar,UKR,5-7 6-2 6-4
2026WTABrescia125,wta,2026-06-15,Clay,Q1,231625,Noemi Basiletti,ITA,222092,Radka Zelnickova,SVK,6-3 7-5
2026WTABrescia125,wta,2026-06-15,Clay,Q1,239392,Mia Ristic,SRB,214238,Verena Meliss,ITA,6-0 6-2
2026WTABrescia125,wta,2026-06-15,Clay,Q2,203564,Chloe Paquet,FRA,221004,Amarissa Kiara Toth,HUN,6-4 6-3
2026WTABrescia125,wta,2026-06-15,Clay,Q2,211328,Deborah Chiesa,ITA,214546,Ekaterina Kazionova,RUS,3-6 6-2 6-2
2026WTABrescia125,wta,2026-06-15,Clay,Q2,221411,Jennifer Ruggeri,ITA,214301,Tatiana Pieri,ITA,6-4 6-2
2026WTABrescia125,wta,2026-06-15,Clay,Q2,239392,Mia Ristic,SRB,231625,Noemi Basiletti,ITA,6-2 6-3
2026WTABrescia125,wta,2026-06-15,Clay,QF,210886,Mayar Sherif,EGY,239456,Tiantsoa Sarah Rakotomanga Rajaonah,FRA,6-2 6-2
2026WTABrescia125,wta,2026-06-15,Clay,QF,216016,Xiyu Wang,CHN,236972,Luisina Giovannini,ARG,6-2 6-1
2026WTABrescia125,wta,2026-06-15,Clay,QF,222506,Anastasiya Soboleva,UKR,221213,Ane Mintegi Del Olmo,ESP,7-6(4) 6-3
2026WTABrescia125,wta,2026-06-15,Clay,QF,260664,Elizara Yaneva,BUL,202493,Ekaterine Gorgodze,GEO,2-6 6-1 6-2
2026WTABrescia125,wta,2026-06-15,Clay,R16,202493,Ekaterine Gorgodze,GEO,211539,Fiona Ferro,FRA,7-6(3) 2-6 6-4
2026WTABrescia125,wta,2026-06-15,Clay,R16,210886,Mayar Sherif,EGY,221411,Jennifer Ruggeri,ITA,3-6 6-3 6-3
2026WTABrescia125,wta,2026-06-15,Clay,R16,216016,Xiyu Wang,CHN,220733,Carole Monnet,FRA,6-3 6-1
2026WTABrescia125,wta,2026-06-15,Clay,R16,221213,Ane Mintegi Del Olmo,ESP,214480,Miriam Bianca Bulgaru,ROU,6-4 6-2
2026WTABrescia125,wta,2026-06-15,Clay,R16,222506,Anastasiya Soboleva,UKR,211814,Julia Grabher,AUT,6-2 4-6 7-5
2026WTABrescia125,wta,2026-06-15,Clay,R16,236972,Luisina Giovannini,ARG,221178,Darya Astakhova,RUS,6-3 6-1
2026WTABrescia125,wta,2026-06-15,Clay,R16,239456,Tiantsoa Sarah Rakotomanga Rajaonah,FRA,239392,Mia Ristic,SRB,6-7(6) 6-3 6-1
2026WTABrescia125,wta,2026-06-15,Clay,R16,260664,Elizara Yaneva,BUL,220446,Jazmin Ortenzi,ARG,6-2 6-1
2026WTABrescia125,wta,2026-06-15,Clay,R32,202493,Ekaterine Gorgodze,GEO,215572,Nuria Brancaccio,ITA,4-6 6-2 7-6(3)
2026WTABrescia125,wta,2026-06-15,Clay,R32,210886,Mayar Sherif,EGY,213779,Raluka Serban,CYP,6-1 7-6(5)
2026WTABrescia125,wta,2026-06-15,Clay,R32,211539,Fiona Ferro,FRA,211643,Kajsa Rinaldo Persson,SWE,6-2 4-6 6-3
2026WTABrescia125,wta,2026-06-15,Clay,R32,211814,Julia Grabher,AUT,203564,Chloe Paquet,FRA,6-2 6-2
2026WTABrescia125,wta,2026-06-15,Clay,R32,214480,Miriam Bianca Bulgaru,ROU,203575,Danka Kovinic,MNE,6-4 6-3
2026WTABrescia125,wta,2026-06-15,Clay,R32,216016,Xiyu Wang,CHN,214386,Xinyu Gao,CHN,6-3 6-0
2026WTABrescia125,wta,2026-06-15,Clay,R32,220446,Jazmin Ortenzi,ARG,256673,Francesca Pace,ITA,6-3 6-3
2026WTABrescia125,wta,2026-06-15,Clay,R32,220733,Carole Monnet,FRA,203354,Martina Trevisan,ITA,7-5 7-6(5)
2026WTABrescia125,wta,2026-06-15,Clay,R32,221178,Darya Astakhova,RUS,231625,Noemi Basiletti,ITA,2-6 6-1 6-3
2026WTABrescia125,wta,2026-06-15,Clay,R32,221213,Ane Mintegi Del Olmo,ESP,214646,Xiaodi You,CHN,1-6 6-4 6-1
2026WTABrescia125,wta,2026-06-15,Clay,R32,221411,Jennifer Ruggeri,ITA,246493,Elena Ruxandra Bertea,ROU,1-6 6-4 6-1
2026WTABrescia125,wta,2026-06-15,Clay,R32,222506,Anastasiya Soboleva,UKR,210303,Kathinka Von Deichmann,LIE,4-6 6-4 6-1
2026WTABrescia125,wta,2026-06-15,Clay,R32,236972,Luisina Giovannini,ARG,220306,Alessandra Mazzola,ITA,6-7(3) 6-1 6-4
2026WTABrescia125,wta,2026-06-15,Clay,R32,239392,Mia Ristic,SRB,211328,Deborah Chiesa,ITA,7-5 3-6 6-4
2026WTABrescia125,wta,2026-06-15,Clay,R32,239456,Tiantsoa Sarah Rakotomanga Rajaonah,FRA,202464,Yuliana Lizarazo,COL,6-0 6-2
2026WTABrescia125,wta,2026-06-15,Clay,R32,260664,Elizara Yaneva,BUL,223410,Georgia Pedone,ITA,6-3 6-3
2026WTABrescia125,wta,2026-06-15,Clay,SF,210886,Mayar Sherif,EGY,260664,Elizara Yaneva,BUL,6-3 6-3
2026WTABrescia125,wta,2026-06-15,Clay,SF,216016,Xiyu Wang,CHN,222506,Anastasiya Soboleva,UKR,6-2 6-2
2026WTAFigueiradaFoz125,wta,2026-06-15,Hard,F,221307,Darja Vidmanova,CZE,213767,Ayla Aksu,USA,6-2 6-3
2026WTAFigueiradaFoz125,wta,2026-06-15,Hard,Q1,214741,Anastasia Kulikova,FIN,267435,Polina Isakova,UKR,6-3 6-0
2026WTAFigueiradaFoz125,wta,2026-06-15,Hard,Q1,215468,Momoko Kobori,JPN,225854,Carmen Lopez Martinez,ESP,6-1 6-0
2026WTAFigueiradaFoz125,wta,2026-06-15,Hard,Q1,215992,Whitney Osuigwe,USA,260066,Carla Tomai,POR,6-0 6-0
2026WTAFigueiradaFoz125,wta,2026-06-15,Hard,Q1,220489,Valentina Ryser,SUI,222309,Sana Garakani,IRI,6-1 6-1
2026WTAFigueiradaFoz125,wta,2026-06-15,Hard,Q1,220673,Alana Smith,USA,206205,Min Liu,CHN,6-2 6-4
2026WTAFigueiradaFoz125,wta,2026-06-15,Hard,Q1,221440,Allura Zamarripa,USA,214684,Katherine Sebov,CAN,6-3 6-3
2026WTAFigueiradaFoz125,wta,2026-06-15,Hard,Q1,222891,Maria Martinez Vaquero,ESP,215937,Shuo Feng,CHN,6-4 3-6 6-4
2026WTAFigueiradaFoz125,wta,2026-06-15,Hard,Q1,259794,Angelina Voloshchuk,POR,219331,Valentina Losciale,ITA,6-1 6-4
2026WTAFigueiradaFoz125,wta,2026-06-15,Hard,Q2,214741,Anastasia Kulikova,FIN,215468,Momoko Kobori,JPN,6-1 2-6 7-5
2026WTAFigueiradaFoz125,wta,2026-06-15,Hard,Q2,220489,Valentina Ryser,SUI,220673,Alana Smith,USA,7-5 0-6 7-6(3)
2026WTAFigueiradaFoz125,wta,2026-06-15,Hard,Q2,221440,Allura Zamarripa,USA,222891,Maria Martinez Vaquero,ESP,6-4 6-4
2026WTAFigueiradaFoz125,wta,2026-06-15,Hard,Q2,259794,Angelina Voloshchuk,POR,215992,Whitney Osuigwe,USA,6-1 6-4
2026WTAFigueiradaFoz125,wta,2026-06-15,Hard,QF,213767,Ayla Aksu,USA,259871,Jeline Vandromme,BEL,7-5 1-6 6-4
2026WTAFigueiradaFoz125,wta,2026-06-15,Hard,QF,220454,Yeon Woo Ku,KOR,221243,Martyna Kubka,POL,3-6 6-4 6-1
2026WTAFigueiradaFoz125,wta,2026-06-15,Hard,QF,221307,Darja Vidmanova,CZE,213525,Jil Teichmann,SUI,4-6 6-3 6-2
2026WTAFigueiradaFoz125,wta,2026-06-15,Hard,QF,221406,Alina Charaeva,RUS,214826,Susan Bandecchi,SUI,5-7 6-2 7-5
2026WTAFigueiradaFoz125,wta,2026-06-15,Hard,R16,213525,Jil Teichmann,SUI,223323,Barbora Palicova,CZE,6-4 4-6 6-3
2026WTAFigueiradaFoz125,wta,2026-06-15,Hard,R16,213767,Ayla Aksu,USA,203500,Sachia Vickery,USA,W/O
2026WTAFigueiradaFoz125,wta,2026-06-15,Hard,R16,214826,Susan Bandecchi,SUI,221382,Katarina Kuzmova,SVK,4-6 7-5 6-2
2026WTAFigueiradaFoz125,wta,2026-06-15,Hard,R16,220454,Yeon Woo Ku,KOR,214149,Viktoria Hruncakova,SVK,6-4 6-3
2026WTAFigueiradaFoz125,wta,2026-06-15,Hard,R16,221243,Martyna Kubka,POL,252499,Alina Korneeva,RUS,7-6(4) 5-7 6-4
2026WTAFigueiradaFoz125,wta,2026-06-15,Hard,R16,221307,Darja Vidmanova,CZE,239397,Elena Micic,AUS,6-3 6-4
2026WTAFigueiradaFoz125,wta,2026-06-15,Hard,R16,221406,Alina Charaeva,RUS,214741,Anastasia Kulikova,FIN,6-2 6-2
2026WTAFigueiradaFoz125,wta,2026-06-15,Hard,R16,259871,Jeline Vandromme,BEL,220489,Valentina Ryser,SUI,6-1 7-6(4)
2026WTAFigueiradaFoz125,wta,2026-06-15,Hard,R32,203500,Sachia Vickery,USA,206242,Beatriz Haddad Maia,BRA,7-5 7-5
2026WTAFigueiradaFoz125,wta,2026-06-15,Hard,R32,213525,Jil Teichmann,SUI,221164,Matilde Jorge,POR,7-5 6-1
2026WTAFigueiradaFoz125,wta,2026-06-15,Hard,R32,213767,Ayla Aksu,USA,204419,Ana Sofia Sanchez,MEX,6-2 6-2
2026WTAFigueiradaFoz125,wta,2026-06-15,Hard,R32,214149,Viktoria Hruncakova,SVK,260171,Hayu Kinoshita,JPN,6-1 6-1
2026WTAFigueiradaFoz125,wta,2026-06-15,Hard,R32,214741,Anastasia Kulikova,FIN,215988,Mai Hontama,JPN,4-6 6-3 6-4
2026WTAFigueiradaFoz125,wta,2026-06-15,Hard,R32,214826,Susan Bandecchi,SUI,201329,Vera Zvonareva,RUS,2-6 6-4 6-2
2026WTAFigueiradaFoz125,wta,2026-06-15,Hard,R32,220454,Yeon Woo Ku,KOR,214593,Lucrezia Stefanini,ITA,6-4 7-5
2026WTAFigueiradaFoz125,wta,2026-06-15,Hard,R32,220489,Valentina Ryser,SUI,201540,Kristina Mladenovic,FRA,6-1 6-3
2026WTAFigueiradaFoz125,wta,2026-06-15,Hard,R32,221243,Martyna Kubka,POL,221434,Aliona Falei,BLR,6-3 4-0 RET
2026WTAFigueiradaFoz125,wta,2026-06-15,Hard,R32,221307,Darja Vidmanova,CZE,259794,Angelina Voloshchuk,POR,6-4 1-6 6-4
2026WTAFigueiradaFoz125,wta,2026-06-15,Hard,R32,221382,Katarina Kuzmova,SVK,215077,Viktoria Morvayova,SVK,6-3 6-2
2026WTAFigueiradaFoz125,wta,2026-06-15,Hard,R32,221406,Alina Charaeva,RUS,215807,Manon Leonard,FRA,6-0 6-0
2026WTAFigueiradaFoz125,wta,2026-06-15,Hard,R32,223323,Barbora Palicova,CZE,258199,Carolyn Ansari,USA,6-4 6-2
2026WTAFigueiradaFoz125,wta,2026-06-15,Hard,R32,239397,Elena Micic,AUS,216055,Francisca Jorge,POR,6-4 7-6(3)
2026WTAFigueiradaFoz125,wta,2026-06-15,Hard,R32,252499,Alina Korneeva,RUS,221885,Fangran Tian,CHN,6-2 6-4
2026WTAFigueiradaFoz125,wta,2026-06-15,Hard,R32,259871,Jeline Vandromme,BEL,221440,Allura Zamarripa,USA,3-6 7-6(3) 7-5
2026WTAFigueiradaFoz125,wta,2026-06-15,Hard,SF,213767,Ayla Aksu,USA,221406,Alina Charaeva,RUS,6-3 6-7(5) 7-6(4)
2026WTAFigueiradaFoz125,wta,2026-06-15,Hard,SF,221307,Darja Vidmanova,CZE,220454,Yeon Woo Ku,KOR,6-4 6-3
2026PiracicabaChallenger,atp,2026-06-22,Clay,F,205734,Thiago Seyboth Wild,BRA,106380,Gonzalo Villanueva,ARG,6-2 6-2
2026PiracicabaChallenger,atp,2026-06-22,Clay,Q1,105868,Wilson Leite,BRA,212295,Enzo Camargo Lima,BRA,6-2 6-2
2026PiracicabaChallenger,atp,2026-06-22,Clay,Q1,207736,Arklon Huertas Del Pino,PER,213393,Breno Braga,BRA,6-2 6-4
2026PiracicabaChallenger,atp,2026-06-22,Clay,Q1,208006,Rafael Tosetto,BRA,214328,Andre Souza,BRA,6-1 6-3
2026PiracicabaChallenger,atp,2026-06-22,Clay,Q1,208532,Thiago Cigarran,ARG,214332,Henrique Ortenblad Nogueira,BRA,6-3 7-5
2026PiracicabaChallenger,atp,2026-06-22,Clay,Q1,208533,Joao Victor Couto Loureiro,BRA,202106,Juan Bautista Otegui,ARG,6-1 5-7 6-4
2026PiracicabaChallenger,atp,2026-06-22,Clay,Q1,210052,Nicolas Zanellato,BRA,211662,Gabriel Schenekenberg,BRA,6-3 6-2
2026PiracicabaChallenger,atp,2026-06-22,Clay,Q1,211658,Tomas Martinez,ARG,212847,Alejandro Hayen,MEX,6-3 6-4
2026PiracicabaChallenger,atp,2026-06-22,Clay,Q1,211664,Nicolas Oliveira,BRA,211635,Segundo Goity Zapico,ARG,6-4 6-3
2026PiracicabaChallenger,atp,2026-06-22,Clay,Q1,211761,Valentin Basel,ARG,212832,Salvador Price,COL,7-6(4) 6-1
2026PiracicabaChallenger,atp,2026-06-22,Clay,Q1,212306,Ignacio Parisca,VEN,212786,Victor Braga,BRA,6-2 6-0
2026PiracicabaChallenger,atp,2026-06-22,Clay,Q1,212455,Lucas Andrade Da Silva,BRA,212762,Victor Hugo Remondy Pagotto,BRA,6-3 6-4
2026PiracicabaChallenger,atp,2026-06-22,Clay,Q2,105868,Wilson Leite,BRA,208006,Rafael Tosetto,BRA,6-3 4-6 7-6(3)
2026PiracicabaChallenger,atp,2026-06-22,Clay,Q2,210052,Nicolas Zanellato,BRA,211658,Tomas Martinez,ARG,6-3 6-4
2026PiracicabaChallenger,atp,2026-06-22,Clay,Q2,211479,Gustavo Ribeiro De Almeida,BRA,208533,Joao Victor Couto Loureiro,BRA,6-1 6-3
2026PiracicabaChallenger,atp,2026-06-22,Clay,Q2,211664,Nicolas Oliveira,BRA,207736,Arklon Huertas Del Pino,PER,6-1 6-4
2026PiracicabaChallenger,atp,2026-06-22,Clay,Q2,211761,Valentin Basel,ARG,212306,Ignacio Parisca,VEN,6-1 6-2
2026PiracicabaChallenger,atp,2026-06-22,Clay,Q2,212455,Lucas Andrade Da Silva,BRA,208532,Thiago Cigarran,ARG,6-4 6-3
2026PiracicabaChallenger,atp,2026-06-22,Clay,QF,106380,Gonzalo Villanueva,ARG,209254,Valerio Aboian,ARG,6-1 6-1
2026PiracicabaChallenger,atp,2026-06-22,Clay,QF,205734,Thiago Seyboth Wild,BRA,106044,Nicolas Kicker,ARG,6-0 1-0 RET
2026PiracicabaChallenger,atp,2026-06-22,Clay,QF,207799,Matheus Pucinelli De Almeida,BRA,212051,Joaquin Aguilar Cardozo,URU,7-6(3) 6-2
2026PiracicabaChallenger,atp,2026-06-22,Clay,QF,210412,Juan Manuel La Serna,ARG,200572,Nick Hardt,DOM,6-2 3-0 RET
2026PiracicabaChallenger,atp,2026-06-22,Clay,R16,106044,Nicolas Kicker,ARG,210052,Nicolas Zanellato,BRA,7-5 6-4
2026PiracicabaChallenger,atp,2026-06-22,Clay,R16,106380,Gonzalo Villanueva,ARG,207130,Matias Soto,CHI,4-6 6-3 7-5
2026PiracicabaChallenger,atp,2026-06-22,Clay,R16,200572,Nick Hardt,DOM,105868,Wilson Leite,BRA,6-3 6-1
2026PiracicabaChallenger,atp,2026-06-22,Clay,R16,205734,Thiago Seyboth Wild,BRA,212455,Lucas Andrade Da Silva,BRA,7-6(3) 7-6(6)
2026PiracicabaChallenger,atp,2026-06-22,Clay,R16,207799,Matheus Pucinelli De Almeida,BRA,208063,Paulo Andre Saraiva Dos Santos,BRA,6-3 4-6 6-2
2026PiracicabaChallenger,atp,2026-06-22,Clay,R16,209254,Valerio Aboian,ARG,106292,Hernan Casanova,ARG,6-2 4-6 6-4
2026PiracicabaChallenger,atp,2026-06-22,Clay,R16,210412,Juan Manuel La Serna,ARG,144973,Santiago Fa Rodriguez Taverna,ARG,6-2 1-0 RET
2026PiracicabaChallenger,atp,2026-06-22,Clay,R16,212051,Joaquin Aguilar Cardozo,URU,208913,Juan Bautista Torres,ARG,6-3 6-4
2026PiracicabaChallenger,atp,2026-06-22,Clay,R32,106044,Nicolas Kicker,ARG,210218,Bruno Fernandez,BRA,7-6(1) 4-6 6-4
2026PiracicabaChallenger,atp,2026-06-22,Clay,R32,106292,Hernan Casanova,ARG,200495,Eduardo Ribeiro,BRA,7-5 6-2
2026PiracicabaChallenger,atp,2026-06-22,Clay,R32,106380,Gonzalo Villanueva,ARG,210507,Nicolas Villalon,CHI,1-6 6-3 6-1
2026PiracicabaChallenger,atp,2026-06-22,Clay,R32,144973,Santiago Fa Rodriguez Taverna,ARG,208532,Thiago Cigarran,ARG,7-6(9) 3-6 6-2
2026PiracicabaChallenger,atp,2026-06-22,Clay,R32,200572,Nick Hardt,DOM,211664,Nicolas Oliveira,BRA,2-6 6-4 6-4
2026PiracicabaChallenger,atp,2026-06-22,Clay,R32,205734,Thiago Seyboth Wild,BRA,210323,Luis Felipe Miguel,BRA,2-6 6-3 6-2
2026PiracicabaChallenger,atp,2026-06-22,Clay,R32,207130,Matias Soto,CHI,133820,Ignacio Monzon,ARG,6-3 6-1
2026PiracicabaChallenger,atp,2026-06-22,Clay,R32,207799,Matheus Pucinelli De Almeida,BRA,210377,Luciano Emanuel Ambrogi,ARG,6-7(3) 6-3 6-1
2026PiracicabaChallenger,atp,2026-06-22,Clay,R32,208063,Paulo Andre Saraiva Dos Santos,BRA,211479,Gustavo Ribeiro De Almeida,BRA,7-5 6-3
2026PiracicabaChallenger,atp,2026-06-22,Clay,R32,208913,Juan Bautista Torres,ARG,207834,Juan Alejandro Hernandez Serrano,MEX,3-6 6-2 6-0
2026PiracicabaChallenger,atp,2026-06-22,Clay,R32,209254,Valerio Aboian,ARG,211761,Valentin Basel,ARG,6-4 6-2
2026PiracicabaChallenger,atp,2026-06-22,Clay,R32,210052,Nicolas Zanellato,BRA,212784,Maximo Zeitune,ARG,7-6(4) 3-6 6-4
2026PiracicabaChallenger,atp,2026-06-22,Clay,R32,210412,Juan Manuel La Serna,ARG,212780,Enzo Kohlmann De Freitas,BRA,6-4 6-7(1) 6-4
2026PiracicabaChallenger,atp,2026-06-22,Clay,R32,212051,Joaquin Aguilar Cardozo,URU,211661,Juan Estevez,ARG,6-2 6-3
2026PiracicabaChallenger,atp,2026-06-22,Clay,R32,212455,Lucas Andrade Da Silva,BRA,138485,Conner Huertas Del Pino,PER,6-4 6-3
2026PiracicabaChallenger,atp,2026-06-22,Clay,SF,106380,Gonzalo Villanueva,ARG,207799,Matheus Pucinelli De Almeida,BRA,3-6 7-5 6-1
2026PiracicabaChallenger,atp,2026-06-22,Clay,SF,205734,Thiago Seyboth Wild,BRA,210412,Juan Manuel La Serna,ARG,6-3 6-3
2026TarguMuresChallenger,atp,2026-06-22,Clay,F,111576,Sumit Nagal,IND,213149,Felix Balshaw,FRA,6-3 7-5
2026TarguMuresChallenger,atp,2026-06-22,Clay,Q1,104905,Nicolas Barrientos,COL,210650,Stefan Adrian Andreescu,ROU,6-4 6-3
2026TarguMuresChallenger,atp,2026-06-22,Clay,Q1,106177,Oriol Roca Batalla,ESP,208250,Mihai Razvan Marinescu,ROU,6-1 6-3
2026TarguMuresChallenger,atp,2026-06-22,Clay,Q1,106187,Denis Yevseyev,KAZ,207660,Nicholas David Ionel,ROU,3-0 RET
2026TarguMuresChallenger,atp,2026-06-22,Clay,Q1,144682,Kaito Uesugi,JPN,126125,Maxime Janvier,FRA,6-1 3-6 6-3
2026TarguMuresChallenger,atp,2026-06-22,Clay,Q1,200214,Alan Fernando Rubio Fierros,MEX,213855,Cezar Stefan Bentzel,ROU,6-4 6-0
2026TarguMuresChallenger,atp,2026-06-22,Clay,Q1,206553,Luca Potenza,ITA,214028,Matei Varbanciu,ROU,6-1 6-3
2026TarguMuresChallenger,atp,2026-06-22,Clay,Q1,207407,Peter Makk,HUN,211491,Robert Guna,ROU,7-5 6-7(5) 6-3
2026TarguMuresChallenger,atp,2026-06-22,Clay,Q1,208457,Radu Mihai Papoe,ROU,212889,Daniel Uta,ROU,6-2 6-0
2026TarguMuresChallenger,atp,2026-06-22,Clay,Q1,209142,Sebastian Gima,ROU,200681,Adil Kalyanpur,IND,6-0 6-1
2026TarguMuresChallenger,atp,2026-06-22,Clay,Q1,210145,John Sperle,GER,208158,Dominik Palan,CZE,6-3 6-2
2026TarguMuresChallenger,atp,2026-06-22,Clay,Q1,212886,Radu David Turcanu,ROU,207502,Stefan Palosi,ROU,6-7(5) 6-2 6-3
2026TarguMuresChallenger,atp,2026-06-22,Clay,Q1,213149,Felix Balshaw,FRA,202305,Franco Ribero,ARG,6-3 6-1
2026TarguMuresChallenger,atp,2026-06-22,Clay,Q2,106177,Oriol Roca Batalla,ESP,209142,Sebastian Gima,ROU,6-3 6-4
2026TarguMuresChallenger,atp,2026-06-22,Clay,Q2,106187,Denis Yevseyev,KAZ,104905,Nicolas Barrientos,COL,6-4 7-5
2026TarguMuresChallenger,atp,2026-06-22,Clay,Q2,200214,Alan Fernando Rubio Fierros,MEX,212886,Radu David Turcanu,ROU,3-6 6-2 6-2
2026TarguMuresChallenger,atp,2026-06-22,Clay,Q2,206553,Luca Potenza,ITA,144682,Kaito Uesugi,JPN,6-4 6-3
2026TarguMuresChallenger,atp,2026-06-22,Clay,Q2,208457,Radu Mihai Papoe,ROU,210145,John Sperle,GER,6-3 6-2
2026TarguMuresChallenger,atp,2026-06-22,Clay,Q2,213149,Felix Balshaw,FRA,207407,Peter Makk,HUN,6-1 7-6(4)
2026TarguMuresChallenger,atp,2026-06-22,Clay,QF,111576,Sumit Nagal,IND,207213,Duje Ajdukovic,CRO,3-6 7-5 6-4
2026TarguMuresChallenger,atp,2026-06-22,Clay,QF,206470,Cezar Cretu,ROU,213360,Niels Mcdonald,GER,6-3 6-4
2026TarguMuresChallenger,atp,2026-06-22,Clay,QF,210119,Andrej Nedic,BIH,208024,Max Alcala Gurri,ESP,6-2 6-4
2026TarguMuresChallenger,atp,2026-06-22,Clay,QF,213149,Felix Balshaw,FRA,209322,Martin Krumich,CZE,6-3 3-6 6-3
2026TarguMuresChallenger,atp,2026-06-22,Clay,R16,111576,Sumit Nagal,IND,133975,Benjamin Hassan,LBN,1-6 6-4 6-4
2026TarguMuresChallenger,atp,2026-06-22,Clay,R16,206470,Cezar Cretu,ROU,208223,Alvaro Guillen Meza,ECU,6-2 6-3
2026TarguMuresChallenger,atp,2026-06-22,Clay,R16,207213,Duje Ajdukovic,CRO,106162,Franco Agamenone,ITA,7-5 7-5
2026TarguMuresChallenger,atp,2026-06-22,Clay,R16,208024,Max Alcala Gurri,ESP,209849,Sascha Gueymard Wayenburg,FRA,6-2 7-5
2026TarguMuresChallenger,atp,2026-06-22,Clay,R16,209322,Martin Krumich,CZE,209916,Marko Topo,GER,6-4 6-2
2026TarguMuresChallenger,atp,2026-06-22,Clay,R16,210119,Andrej Nedic,BIH,209142,Sebastian Gima,ROU,6-7(4) 6-3 7-5
2026TarguMuresChallenger,atp,2026-06-22,Clay,R16,213149,Felix Balshaw,FRA,209284,Elmer Moller,DEN,6-1 3-0 RET
2026TarguMuresChallenger,atp,2026-06-22,Clay,R16,213360,Niels Mcdonald,GER,208859,Francesco Passaro,ITA,6-7(5) 6-3 6-4
2026TarguMuresChallenger,atp,2026-06-22,Clay,R32,106162,Franco Agamenone,ITA,132573,Luca Castelnuovo,SUI,6-3 3-6 7-5
2026TarguMuresChallenger,atp,2026-06-22,Clay,R32,111576,Sumit Nagal,IND,209890,Mili Poljicak,CRO,6-4 3-6 7-5
2026TarguMuresChallenger,atp,2026-06-22,Clay,R32,133975,Benjamin Hassan,LBN,207732,Miguel Damas,ESP,6-2 3-6 7-6(3)
2026TarguMuresChallenger,atp,2026-06-22,Clay,R32,206470,Cezar Cretu,ROU,117361,Akira Santillan,AUS,6-4 6-3
2026TarguMuresChallenger,atp,2026-06-22,Clay,R32,207213,Duje Ajdukovic,CRO,105430,Radu Albot,MDA,3-6 7-6(3) 7-6(11)
2026TarguMuresChallenger,atp,2026-06-22,Clay,R32,208024,Max Alcala Gurri,ESP,200672,Sergey Fomin,UZB,7-6(6) 6-1
2026TarguMuresChallenger,atp,2026-06-22,Clay,R32,208223,Alvaro Guillen Meza,ECU,208457,Radu Mihai Papoe,ROU,7-6(4) 7-5
2026TarguMuresChallenger,atp,2026-06-22,Clay,R32,208859,Francesco Passaro,ITA,106177,Oriol Roca Batalla,ESP,7-6(2) 6-4
2026TarguMuresChallenger,atp,2026-06-22,Clay,R32,209142,Sebastian Gima,ROU,106187,Denis Yevseyev,KAZ,7-6(4) 6-3
2026TarguMuresChallenger,atp,2026-06-22,Clay,R32,209284,Elmer Moller,DEN,206553,Luca Potenza,ITA,6-4 7-5
2026TarguMuresChallenger,atp,2026-06-22,Clay,R32,209322,Martin Krumich,CZE,101495,Miguel Tobon,COL,6-4 4-6 6-4
2026TarguMuresChallenger,atp,2026-06-22,Clay,R32,209849,Sascha Gueymard Wayenburg,FRA,212244,Gabriel Ghetu,ROU,7-5 6-1
2026TarguMuresChallenger,atp,2026-06-22,Clay,R32,209916,Marko Topo,GER,209899,Ilia Simakin,RUS,6-4 4-6 6-2
2026TarguMuresChallenger,atp,2026-06-22,Clay,R32,210119,Andrej Nedic,BIH,200214,Alan Fernando Rubio Fierros,MEX,6-1 6-2
2026TarguMuresChallenger,atp,2026-06-22,Clay,R32,213149,Felix Balshaw,FRA,213066,Stefan Horia Haita,ROU,6-2 6-0
2026TarguMuresChallenger,atp,2026-06-22,Clay,R32,213360,Niels Mcdonald,GER,212020,Michele Ribecai,ITA,7-5 6-7(5) 6-1
2026TarguMuresChallenger,atp,2026-06-22,Clay,SF,111576,Sumit Nagal,IND,206470,Cezar Cretu,ROU,6-3 4-6 6-1
2026TarguMuresChallenger,atp,2026-06-22,Clay,SF,213149,Felix Balshaw,FRA,210119,Andrej Nedic,BIH,7-6(5) 7-5
2026BrasovChallenger,atp,2026-06-29,Clay,F,200436,Zsombor Piros,HUN,202333,Keegan Smith,USA,6-4 6-4
2026BrasovChallenger,atp,2026-06-29,Clay,Q1,105430,Radu Albot,MDA,207507,Stefan Latinovic,SRB,7-6(3) 6-3
2026BrasovChallenger,atp,2026-06-29,Clay,Q1,106220,Dimitar Kuzmanov,BUL,104822,N Vijay Sundar Prashanth,IND,6-0 6-1
2026BrasovChallenger,atp,2026-06-29,Clay,Q1,117361,Akira Santillan,AUS,212887,Alejandro Mateo Berge Nourescu,ROU,6-3 6-3
2026BrasovChallenger,atp,2026-06-29,Clay,Q1,126125,Maxime Janvier,FRA,202398,Michael Vrbensky,CZE,7-6(8) 4-6 6-3
2026BrasovChallenger,atp,2026-06-29,Clay,Q1,126878,David Poljak,CZE,208158,Dominik Palan,CZE,6-3 1-6 6-3
2026BrasovChallenger,atp,2026-06-29,Clay,Q1,200672,Sergey Fomin,UZB,121497,Mircea Alexandru Jecan,ROU,6-3 7-6(5)
2026BrasovChallenger,atp,2026-06-29,Clay,Q1,207407,Peter Makk,HUN,106368,Ramkumar Ramanathan,IND,6-3 7-6(6)
2026BrasovChallenger,atp,2026-06-29,Clay,Q1,209142,Sebastian Gima,ROU,210650,Stefan Adrian Andreescu,ROU,6-3 1-0 RET
2026BrasovChallenger,atp,2026-06-29,Clay,Q1,209167,Olle Wallin,SWE,210652,Dragos Nicolae Cazacu,ROU,6-7(3) 7-5 6-2
2026BrasovChallenger,atp,2026-06-29,Clay,Q1,209899,Ilia Simakin,RUS,212886,Radu David Turcanu,ROU,4-6 6-1 6-2
2026BrasovChallenger,atp,2026-06-29,Clay,Q1,212244,Gabriel Ghetu,ROU,132573,Luca Castelnuovo,SUI,6-3 6-3
2026BrasovChallenger,atp,2026-06-29,Clay,Q2,105430,Radu Albot,MDA,209142,Sebastian Gima,ROU,6-2 7-6(1)
2026BrasovChallenger,atp,2026-06-29,Clay,Q2,106220,Dimitar Kuzmanov,BUL,207407,Peter Makk,HUN,4-6 6-3 6-0
2026BrasovChallenger,atp,2026-06-29,Clay,Q2,117361,Akira Santillan,AUS,106187,Denis Yevseyev,KAZ,4-6 6-1 6-1
2026BrasovChallenger,atp,2026-06-29,Clay,Q2,209167,Olle Wallin,SWE,200672,Sergey Fomin,UZB,3-6 6-4 6-1
2026BrasovChallenger,atp,2026-06-29,Clay,Q2,209899,Ilia Simakin,RUS,126125,Maxime Janvier,FRA,4-6 6-2 7-6(4)
2026BrasovChallenger,atp,2026-06-29,Clay,Q2,212244,Gabriel Ghetu,ROU,126878,David Poljak,CZE,6-2 3-6 6-4
2026BrasovChallenger,atp,2026-06-29,Clay,QF,200436,Zsombor Piros,HUN,106220,Dimitar Kuzmanov,BUL,6-2 6-3
2026BrasovChallenger,atp,2026-06-29,Clay,QF,202333,Keegan Smith,USA,210119,Andrej Nedic,BIH,6-1 7-6(3)
2026BrasovChallenger,atp,2026-06-29,Clay,QF,207815,Guido Ivan Justo,ARG,209167,Olle Wallin,SWE,6-1 6-4
2026BrasovChallenger,atp,2026-06-29,Clay,QF,209874,Maks Kasnikowski,POL,209849,Sascha Gueymard Wayenburg,FRA,6-4 6-2
2026BrasovChallenger,atp,2026-06-29,Clay,R16,106220,Dimitar Kuzmanov,BUL,202146,Luka Pavlovic,FRA,4-6 6-2 7-6(5)
2026BrasovChallenger,atp,2026-06-29,Clay,R16,200436,Zsombor Piros,HUN,207502,Stefan Palosi,ROU,6-3 3-6 6-1
2026BrasovChallenger,atp,2026-06-29,Clay,R16,202333,Keegan Smith,USA,202260,Henri Squire,GER,7-6(5) 6-2
2026BrasovChallenger,atp,2026-06-29,Clay,R16,207815,Guido Ivan Justo,ARG,212207,Ognjen Milic,SRB,6-4 3-6 6-2
2026BrasovChallenger,atp,2026-06-29,Clay,R16,209167,Olle Wallin,SWE,106393,Frederico Ferreira Silva,POR,6-4 6-3
2026BrasovChallenger,atp,2026-06-29,Clay,R16,209849,Sascha Gueymard Wayenburg,FRA,210510,Lautaro Midon,ARG,4-6 6-3 6-4
2026BrasovChallenger,atp,2026-06-29,Clay,R16,209874,Maks Kasnikowski,POL,212749,Andres Santamarta Roig,ESP,6-3 6-2
2026BrasovChallenger,atp,2026-06-29,Clay,R16,210119,Andrej Nedic,BIH,208364,Franco Roncadelli,URU,6-3 6-4
2026BrasovChallenger,atp,2026-06-29,Clay,R32,106220,Dimitar Kuzmanov,BUL,209899,Ilia Simakin,RUS,3-6 6-4 6-2
2026BrasovChallenger,atp,2026-06-29,Clay,R32,106393,Frederico Ferreira Silva,POR,210220,Edas Butvilas,LTU,6-3 6-3
2026BrasovChallenger,atp,2026-06-29,Clay,R32,200436,Zsombor Piros,HUN,105430,Radu Albot,MDA,6-1 6-4
2026BrasovChallenger,atp,2026-06-29,Clay,R32,202146,Luka Pavlovic,FRA,117361,Akira Santillan,AUS,7-6(2) 6-3
2026BrasovChallenger,atp,2026-06-29,Clay,R32,202260,Henri Squire,GER,211451,Gilles Arnaud Bailly,BEL,6-3 3-6 6-4
2026BrasovChallenger,atp,2026-06-29,Clay,R32,202333,Keegan Smith,USA,212244,Gabriel Ghetu,ROU,4-6 7-6(6) 6-4
2026BrasovChallenger,atp,2026-06-29,Clay,R32,207502,Stefan Palosi,ROU,106187,Denis Yevseyev,KAZ,6-4 6-7(5) 7-5
2026BrasovChallenger,atp,2026-06-29,Clay,R32,207815,Guido Ivan Justo,ARG,209142,Sebastian Gima,ROU,6-2 6-1
2026BrasovChallenger,atp,2026-06-29,Clay,R32,208364,Franco Roncadelli,URU,208223,Alvaro Guillen Meza,ECU,4-6 6-2 6-4
2026BrasovChallenger,atp,2026-06-29,Clay,R32,209167,Olle Wallin,SWE,206470,Cezar Cretu,ROU,7-5 6-1
2026BrasovChallenger,atp,2026-06-29,Clay,R32,209849,Sascha Gueymard Wayenburg,FRA,208024,Max Alcala Gurri,ESP,7-6(5) 3-6 6-3
2026BrasovChallenger,atp,2026-06-29,Clay,R32,209874,Maks Kasnikowski,POL,200748,Andres Andrade,ECU,7-6(4) 6-1
2026BrasovChallenger,atp,2026-06-29,Clay,R32,210119,Andrej Nedic,BIH,208004,Harold Mayot,FRA,6-2 6-0
2026BrasovChallenger,atp,2026-06-29,Clay,R32,210510,Lautaro Midon,ARG,213066,Stefan Horia Haita,ROU,6-7(3) 7-5 6-0
2026BrasovChallenger,atp,2026-06-29,Clay,R32,212207,Ognjen Milic,SRB,208353,Francesco Maestrelli,ITA,6-3 6-7(8) 6-3
2026BrasovChallenger,atp,2026-06-29,Clay,R32,212749,Andres Santamarta Roig,ESP,210748,Federico Cina,ITA,6-4 6-3
2026BrasovChallenger,atp,2026-06-29,Clay,SF,200436,Zsombor Piros,HUN,209874,Maks Kasnikowski,POL,4-6 6-3 6-2
2026BrasovChallenger,atp,2026-06-29,Clay,SF,202333,Keegan Smith,USA,207815,Guido Ivan Justo,ARG,7-6(4) 6-2
2026CaryChallenger,atp,2026-06-29,Hard,F,211711,Braden Shick,USA,209355,Timo Legout,FRA,4-6 7-5 6-3
2026CaryChallenger,atp,2026-06-29,Hard,Q1,105655,Hiroki Moriya,JPN,126206,Alex Rybakov,USA,7-6(3) 5-2 RET
2026CaryChallenger,atp,2026-06-29,Hard,Q1,201987,Masamichi Imamura,JPN,209088,Quinn Vandecasteele,USA,6-3 6-3
2026CaryChallenger,atp,2026-06-29,Hard,Q1,202122,Yuta Shimizu,JPN,202297,Dan Martin,CAN,7-6(4) 7-6(2)
2026CaryChallenger,atp,2026-06-29,Hard,Q1,202290,Dhakshineswar Suresh,IND,106283,Mitchell Krueger,USA,6-1 6-4
2026CaryChallenger,atp,2026-06-29,Hard,Q1,207993,Justin Boulais,CAN,212174,Enzo Aguiard,AUS,6-7(6) 7-5 6-3
2026CaryChallenger,atp,2026-06-29,Hard,Q1,208389,James Trotter,JPN,213838,Ronit Karki,USA,6-1 6-7(14) 6-3
2026CaryChallenger,atp,2026-06-29,Hard,Q1,208649,Andrew Fenty,USA,207202,Karl Poling,USA,6-3 6-3
2026CaryChallenger,atp,2026-06-29,Hard,Q1,209079,Samir Banerjee,USA,132052,Christian Langmo,USA,7-6(7) 6-4
2026CaryChallenger,atp,2026-06-29,Hard,Q1,210028,Ozan Baris,USA,212251,Daniel Milavsky,USA,6-1 7-5
2026CaryChallenger,atp,2026-06-29,Hard,Q1,210221,Jay Dylan Hara Friend,JPN,210434,Charlie Camus,FRA,6-4 6-2
2026CaryChallenger,atp,2026-06-29,Hard,Q1,212216,Trevor Svajda,USA,200666,Jie Cui,CHN,6-3 7-6(2)
2026CaryChallenger,atp,2026-06-29,Hard,Q2,202122,Yuta Shimizu,JPN,212216,Trevor Svajda,USA,6-4 7-6(2)
2026CaryChallenger,atp,2026-06-29,Hard,Q2,202290,Dhakshineswar Suresh,IND,209079,Samir Banerjee,USA,7-6(5) 6-3
2026CaryChallenger,atp,2026-06-29,Hard,Q2,208649,Andrew Fenty,USA,201987,Masamichi Imamura,JPN,6-4 6-1
2026CaryChallenger,atp,2026-06-29,Hard,Q2,210028,Ozan Baris,USA,208389,James Trotter,JPN,7-6(7) 6-2
2026CaryChallenger,atp,2026-06-29,Hard,Q2,210221,Jay Dylan Hara Friend,JPN,207993,Justin Boulais,CAN,7-6(2) 4-6 6-3
2026CaryChallenger,atp,2026-06-29,Hard,Q2,210399,Edward Winter,AUS,105655,Hiroki Moriya,JPN,4-6 6-2 6-3
2026CaryChallenger,atp,2026-06-29,Hard,QF,133297,Yosuke Watanuki,JPN,213605,Jack Kennedy,USA,6-1 6-4
2026CaryChallenger,atp,2026-06-29,Hard,QF,209355,Timo Legout,FRA,210028,Ozan Baris,USA,6-4 6-1
2026CaryChallenger,atp,2026-06-29,Hard,QF,210399,Edward Winter,AUS,213152,William Manning,USA,6-3 6-4
2026CaryChallenger,atp,2026-06-29,Hard,QF,211711,Braden Shick,USA,210221,Jay Dylan Hara Friend,JPN,7-6(6) 6-4
2026CaryChallenger,atp,2026-06-29,Hard,R16,133297,Yosuke Watanuki,JPN,126555,Tung Lin Wu,TPE,6-3 6-7(1) 6-1
2026CaryChallenger,atp,2026-06-29,Hard,R16,209355,Timo Legout,FRA,210536,Rei Sakamoto,JPN,6-4 6-3
2026CaryChallenger,atp,2026-06-29,Hard,R16,210028,Ozan Baris,USA,134329,Blake Ellis,AUS,6-1 6-4
2026CaryChallenger,atp,2026-06-29,Hard,R16,210221,Jay Dylan Hara Friend,JPN,208025,Alex Martinez,ESP,6-1 6-2
2026CaryChallenger,atp,2026-06-29,Hard,R16,210399,Edward Winter,AUS,206750,Daniil Glinka,EST,6-7(6) 6-4 6-4
2026CaryChallenger,atp,2026-06-29,Hard,R16,211711,Braden Shick,USA,202290,Dhakshineswar Suresh,IND,6-4 4-1 RET
2026CaryChallenger,atp,2026-06-29,Hard,R16,213152,William Manning,USA,111581,Michael Mmoh,USA,7-6(7) 3-6 3-3 RET
2026CaryChallenger,atp,2026-06-29,Hard,R16,213605,Jack Kennedy,USA,106281,Liam Broady,GBR,2-6 7-5 7-6(5)
2026CaryChallenger,atp,2026-06-29,Hard,R32,106281,Liam Broady,GBR,211627,Hayato Matsuoka,JPN,6-1 6-2
2026CaryChallenger,atp,2026-06-29,Hard,R32,111581,Michael Mmoh,USA,202122,Yuta Shimizu,JPN,7-6(3) 7-6(5)
2026CaryChallenger,atp,2026-06-29,Hard,R32,126555,Tung Lin Wu,TPE,207993,Justin Boulais,CAN,6-7(8) 6-4 7-6(3)
2026CaryChallenger,atp,2026-06-29,Hard,R32,133297,Yosuke Watanuki,JPN,210318,Andre Ilagan,USA,3-6 6-0 6-3
2026CaryChallenger,atp,2026-06-29,Hard,R32,134329,Blake Ellis,AUS,210340,Philip Sekulic,AUS,7-5 6-7(4) 7-5
2026CaryChallenger,atp,2026-06-29,Hard,R32,202290,Dhakshineswar Suresh,IND,208119,Liam Draxl,CAN,7-6(5) 6-4
2026CaryChallenger,atp,2026-06-29,Hard,R32,206750,Daniil Glinka,EST,208854,Aidan Mayo,USA,7-6(1) 2-6 7-6(5)
2026CaryChallenger,atp,2026-06-29,Hard,R32,208025,Alex Martinez,ESP,200677,Rio Noguchi,JPN,6-1 6-3
2026CaryChallenger,atp,2026-06-29,Hard,R32,209355,Timo Legout,FRA,209080,Blaise Bicknell,JAM,6-3 6-2
2026CaryChallenger,atp,2026-06-29,Hard,R32,210028,Ozan Baris,USA,126663,Juan Pablo Ficovich,ARG,6-4 5-7 6-4
2026CaryChallenger,atp,2026-06-29,Hard,R32,210221,Jay Dylan Hara Friend,JPN,200670,J J Wolf,USA,5-7 7-6(5) 6-3
2026CaryChallenger,atp,2026-06-29,Hard,R32,210399,Edward Winter,AUS,208649,Andrew Fenty,USA,3-0 RET
2026CaryChallenger,atp,2026-06-29,Hard,R32,210536,Rei Sakamoto,JPN,211701,Jules Leroux,FRA,6-3 6-7(3) 6-2
2026CaryChallenger,atp,2026-06-29,Hard,R32,211711,Braden Shick,USA,111806,Fajing Sun,CHN,6-1 6-2
2026CaryChallenger,atp,2026-06-29,Hard,R32,213152,William Manning,USA,208144,Giles Hussey,GBR,6-1 6-2
2026CaryChallenger,atp,2026-06-29,Hard,R32,213605,Jack Kennedy,USA,111187,Kaichi Uchida,JPN,6-4 6-4
2026CaryChallenger,atp,2026-06-29,Hard,SF,209355,Timo Legout,FRA,210399,Edward Winter,AUS,7-5 7-5
2026CaryChallenger,atp,2026-06-29,Hard,SF,211711,Braden Shick,USA,133297,Yosuke Watanuki,JPN,WO
2026MilanChallenger,atp,2026-06-29,Clay,F,207680,Facundo Diaz Acosta,ARG,106065,Marco Cecchinato,ITA,6-7(0) 7-6(5) 7-6(5)
2026MilanChallenger,atp,2026-06-29,Clay,Q1,105613,Norbert Gombos,SVK,207601,Manuel Mazza,ITA,7-6(7) 6-4
2026MilanChallenger,atp,2026-06-29,Clay,Q1,106177,Oriol Roca Batalla,ESP,213064,Samuele Seghetti,ITA,6-3 3-6 7-5
2026MilanChallenger,atp,2026-06-29,Clay,Q1,109054,Daniel Masur,GER,213619,Oskari Paldanius,FIN,6-7(5) 6-3 6-1
2026MilanChallenger,atp,2026-06-29,Clay,Q1,133872,Enrico Dalla Valle,ITA,206467,Federico Arnaboldi,ITA,6-2 3-1 RET
2026MilanChallenger,atp,2026-06-29,Clay,Q1,206662,Georgii Kravchenko,UKR,210684,Niccolo Ciavarella,ITA,6-3 6-4
2026MilanChallenger,atp,2026-06-29,Clay,Q1,206867,Tommaso Compagnucci,ITA,214481,Francesco Giuseppe Colasanto,ITA,6-2 6-1
2026MilanChallenger,atp,2026-06-29,Clay,Q1,207231,Mathys Erhard,FRA,211323,Jacopo Bilardo,ITA,6-7(4) 6-2 6-2
2026MilanChallenger,atp,2026-06-29,Clay,Q1,208285,Fausto Tabacco,ITA,209506,Francesco Forti,ITA,3-6 6-4 6-2
2026MilanChallenger,atp,2026-06-29,Clay,Q1,209318,Petr Nesterov,BUL,208153,Giuseppe La Vela,ITA,6-1 6-4
2026MilanChallenger,atp,2026-06-29,Clay,Q1,210054,Matthew William Donald,CZE,206553,Luca Potenza,ITA,6-2 7-6(7)
2026MilanChallenger,atp,2026-06-29,Clay,Q1,211639,Alejo Sanchez Quilez,ESP,209890,Mili Poljicak,CRO,6-7(5) 6-4 6-2
2026MilanChallenger,atp,2026-06-29,Clay,Q1,212461,Daniele Rapagnetta,ITA,134068,Vadym Ursu,UKR,6-2 6-1
2026MilanChallenger,atp,2026-06-29,Clay,Q2,105613,Norbert Gombos,SVK,206662,Georgii Kravchenko,UKR,6-3 4-6 6-2
2026MilanChallenger,atp,2026-06-29,Clay,Q2,106177,Oriol Roca Batalla,ESP,109054,Daniel Masur,GER,6-1 6-2
2026MilanChallenger,atp,2026-06-29,Clay,Q2,133872,Enrico Dalla Valle,ITA,209318,Petr Nesterov,BUL,6-1 6-1
2026MilanChallenger,atp,2026-06-29,Clay,Q2,207231,Mathys Erhard,FRA,211639,Alejo Sanchez Quilez,ESP,6-3 7-5
2026MilanChallenger,atp,2026-06-29,Clay,Q2,210054,Matthew William Donald,CZE,206867,Tommaso Compagnucci,ITA,6-0 6-0
2026MilanChallenger,atp,2026-06-29,Clay,Q2,212461,Daniele Rapagnetta,ITA,208285,Fausto Tabacco,ITA,6-2 6-1
2026MilanChallenger,atp,2026-06-29,Clay,QF,106065,Marco Cecchinato,ITA,213003,Pierluigi Basile,ITA,6-1 3-0 RET
2026MilanChallenger,atp,2026-06-29,Clay,QF,207680,Facundo Diaz Acosta,ARG,212305,Juan Cruz Martin Manzano,ITA,6-0 6-2
2026MilanChallenger,atp,2026-06-29,Clay,QF,208361,Gustavo Heide,BRA,133872,Enrico Dalla Valle,ITA,7-6(4) 7-6(5)
2026MilanChallenger,atp,2026-06-29,Clay,QF,209405,Daniel Rincon,ESP,207681,Francisco Comesana,ARG,6-4 5-7 7-6(5)
2026MilanChallenger,atp,2026-06-29,Clay,R16,106065,Marco Cecchinato,ITA,134840,Raul Brancaccio,ITA,6-2 7-6(1)
2026MilanChallenger,atp,2026-06-29,Clay,R16,133872,Enrico Dalla Valle,ITA,208859,Francesco Passaro,ITA,6-2 6-4
2026MilanChallenger,atp,2026-06-29,Clay,R16,207680,Facundo Diaz Acosta,ARG,212461,Daniele Rapagnetta,ITA,6-2 6-1
2026MilanChallenger,atp,2026-06-29,Clay,R16,207681,Francisco Comesana,ARG,212309,Diego Dedura Palomero,GER,7-6(7) 6-7(10) 6-0
2026MilanChallenger,atp,2026-06-29,Clay,R16,208361,Gustavo Heide,BRA,209875,Alex Barrena,ARG,6-0 7-6(7)
2026MilanChallenger,atp,2026-06-29,Clay,R16,209405,Daniel Rincon,ESP,207231,Mathys Erhard,FRA,6-4 7-6(2)
2026MilanChallenger,atp,2026-06-29,Clay,R16,212305,Juan Cruz Martin Manzano,ITA,122554,David Jorda Sanchis,ESP,6-0 5-7 6-3
2026MilanChallenger,atp,2026-06-29,Clay,R16,213003,Pierluigi Basile,ITA,209284,Elmer Moller,DEN,6-4 6-4
2026MilanChallenger,atp,2026-06-29,Clay,R32,106065,Marco Cecchinato,ITA,211542,Filippo Romano,ITA,5-7 6-2 6-1
2026MilanChallenger,atp,2026-06-29,Clay,R32,122554,David Jorda Sanchis,ESP,210178,Juan Carlos Prado Angelo,BOL,6-2 7-6(2)
2026MilanChallenger,atp,2026-06-29,Clay,R32,133872,Enrico Dalla Valle,ITA,105882,Stefano Travaglia,ITA,7-6(3) 6-1
2026MilanChallenger,atp,2026-06-29,Clay,R32,134840,Raul Brancaccio,ITA,105932,Nikoloz Basilashvili,GEO,6-1 2-1 RET
2026MilanChallenger,atp,2026-06-29,Clay,R32,207231,Mathys Erhard,FRA,200514,Jurij Rodionov,AUT,6-3 6-2
2026MilanChallenger,atp,2026-06-29,Clay,R32,207680,Facundo Diaz Acosta,ARG,101495,Miguel Tobon,COL,6-2 6-2
2026MilanChallenger,atp,2026-06-29,Clay,R32,207681,Francisco Comesana,ARG,210054,Matthew William Donald,CZE,6-1 6-2
2026MilanChallenger,atp,2026-06-29,Clay,R32,208361,Gustavo Heide,BRA,144870,Federico Agustin Gomez,ARG,6-4 6-1
2026MilanChallenger,atp,2026-06-29,Clay,R32,208859,Francesco Passaro,ITA,207415,Daniel Michalski,POL,6-4 7-5
2026MilanChallenger,atp,2026-06-29,Clay,R32,209284,Elmer Moller,DEN,105613,Norbert Gombos,SVK,7-6(9) 6-1
2026MilanChallenger,atp,2026-06-29,Clay,R32,209405,Daniel Rincon,ESP,213635,Jacopo Vasami,ITA,6-2 1-0 RET
2026MilanChallenger,atp,2026-06-29,Clay,R32,209875,Alex Barrena,ARG,106198,Hugo Dellien,BOL,5-7 6-1 6-4
2026MilanChallenger,atp,2026-06-29,Clay,R32,212305,Juan Cruz Martin Manzano,ITA,213360,Niels Mcdonald,GER,7-5 6-1
2026MilanChallenger,atp,2026-06-29,Clay,R32,212309,Diego Dedura Palomero,GER,207732,Miguel Damas,ESP,6-3 6-4
2026MilanChallenger,atp,2026-06-29,Clay,R32,212461,Daniele Rapagnetta,ITA,212020,Michele Ribecai,ITA,7-6(4) 6-4
2026MilanChallenger,atp,2026-06-29,Clay,R32,213003,Pierluigi Basile,ITA,106177,Oriol Roca Batalla,ESP,6-7(4) 6-3 6-1
2026MilanChallenger,atp,2026-06-29,Clay,SF,106065,Marco Cecchinato,ITA,208361,Gustavo Heide,BRA,6-1 7-5
2026MilanChallenger,atp,2026-06-29,Clay,SF,207680,Facundo Diaz Acosta,ARG,209405,Daniel Rincon,ESP,4-6 6-4 6-3
2026QuitoChallenger,atp,2026-06-29,Clay,F,207799,Matheus Pucinelli De Almeida,BRA,106292,Hernan Casanova,ARG,5-7 6-3 6-2
2026QuitoChallenger,atp,2026-06-29,Clay,Q1,105156,Federico Zeballos,BOL,127443,Andres Urrea,COL,3-6 6-3 6-4
2026QuitoChallenger,atp,2026-06-29,Clay,Q1,105273,Mauricio Echazu,PER,208365,Amador Salazar,CHI,6-1 6-1
2026QuitoChallenger,atp,2026-06-29,Clay,Q1,209328,Martin Maldonado,ECU,212832,Salvador Price,COL,7-6(2) 6-2
2026QuitoChallenger,atp,2026-06-29,Clay,Q1,211635,Segundo Goity Zapico,ARG,212971,Tsz Fu Wong,HKG,6-1 6-0
2026QuitoChallenger,atp,2026-06-29,Clay,Q1,211658,Tomas Martinez,ARG,105419,Patricio Alvarado,ECU,6-3 6-3
2026QuitoChallenger,atp,2026-06-29,Clay,Q1,212455,Lucas Andrade Da Silva,BRA,210624,Jorge Ruiz,ECU,6-4 6-3
2026QuitoChallenger,atp,2026-06-29,Clay,Q1,212847,Alejandro Hayen,MEX,206726,Darwin Andres Macias Elizalde,ECU,6-2 6-4
2026QuitoChallenger,atp,2026-06-29,Clay,Q2,126581,Juan Sebastian Osorio,COL,212847,Alejandro Hayen,MEX,4-6 6-2 6-2
2026QuitoChallenger,atp,2026-06-29,Clay,Q2,200335,Felipe Meligeni Alves,BRA,202275,Fermin Tenti,ARG,6-3 6-1
2026QuitoChallenger,atp,2026-06-29,Clay,Q2,211635,Segundo Goity Zapico,ARG,209328,Martin Maldonado,ECU,6-3 6-4
2026QuitoChallenger,atp,2026-06-29,Clay,Q2,211658,Tomas Martinez,ARG,105273,Mauricio Echazu,PER,7-6(3) 5-7 7-6(6)
2026QuitoChallenger,atp,2026-06-29,Clay,Q2,212455,Lucas Andrade Da Silva,BRA,105156,Federico Zeballos,BOL,6-2 6-3
2026QuitoChallenger,atp,2026-06-29,Clay,QF,106292,Hernan Casanova,ARG,126581,Juan Sebastian Osorio,COL,6-2 7-6(3)
2026QuitoChallenger,atp,2026-06-29,Clay,QF,200335,Felipe Meligeni Alves,BRA,210202,Rodrigo Pacheco Mendez,MEX,2-6 7-6(6) 7-6(5)
2026QuitoChallenger,atp,2026-06-29,Clay,QF,207799,Matheus Pucinelli De Almeida,BRA,209246,Alan Magadan,MEX,6-1 6-7(4) 6-4
2026QuitoChallenger,atp,2026-06-29,Clay,QF,212831,Samuel Heredia,COL,133820,Ignacio Monzon,ARG,6-2 6-4
2026QuitoChallenger,atp,2026-06-29,Clay,R16,106292,Hernan Casanova,ARG,210545,Luis Carlos Alvarez,MEX,7-5 6-2
2026QuitoChallenger,atp,2026-06-29,Clay,R16,126581,Juan Sebastian Osorio,COL,207130,Matias Soto,CHI,4-6 6-3 6-2
2026QuitoChallenger,atp,2026-06-29,Clay,R16,133820,Ignacio Monzon,ARG,210412,Juan Manuel La Serna,ARG,6-2 6-3
2026QuitoChallenger,atp,2026-06-29,Clay,R16,200335,Felipe Meligeni Alves,BRA,209254,Valerio Aboian,ARG,6-2 6-4
2026QuitoChallenger,atp,2026-06-29,Clay,R16,207799,Matheus Pucinelli De Almeida,BRA,208411,Daniel Antonio Nunez,CHI,6-2 6-0
2026QuitoChallenger,atp,2026-06-29,Clay,R16,209246,Alan Magadan,MEX,122669,Juan Pablo Varillas,PER,6-1 6-4
2026QuitoChallenger,atp,2026-06-29,Clay,R16,210202,Rodrigo Pacheco Mendez,MEX,211635,Segundo Goity Zapico,ARG,6-2 6-2
2026QuitoChallenger,atp,2026-06-29,Clay,R16,212831,Samuel Heredia,COL,200495,Eduardo Ribeiro,BRA,6-4 6-4
2026QuitoChallenger,atp,2026-06-29,Clay,R32,106292,Hernan Casanova,ARG,214525,Mario Andre Galarraga,ECU,6-0 6-2
2026QuitoChallenger,atp,2026-06-29,Clay,R32,122669,Juan Pablo Varillas,PER,122078,Dmitry Popko,KAZ,6-2 4-6 6-4
2026QuitoChallenger,atp,2026-06-29,Clay,R32,126581,Juan Sebastian Osorio,COL,126209,Peter Bertran,DOM,2-6 7-6(5) 6-2
2026QuitoChallenger,atp,2026-06-29,Clay,R32,133820,Ignacio Monzon,ARG,105944,Juan Sebastian Gomez,COL,6-2 7-6(3)
2026QuitoChallenger,atp,2026-06-29,Clay,R32,200335,Felipe Meligeni Alves,BRA,212455,Lucas Andrade Da Silva,BRA,6-1 6-2
2026QuitoChallenger,atp,2026-06-29,Clay,R32,200495,Eduardo Ribeiro,BRA,211658,Tomas Martinez,ARG,6-4 6-4
2026QuitoChallenger,atp,2026-06-29,Clay,R32,207130,Matias Soto,CHI,132017,Mwendwa Mbithi,USA,1-6 6-4 7-6(4)
2026QuitoChallenger,atp,2026-06-29,Clay,R32,207799,Matheus Pucinelli De Almeida,BRA,208909,Johan Alexander Rodriguez Rodriguez,COL,7-5 6-3
2026QuitoChallenger,atp,2026-06-29,Clay,R32,208411,Daniel Antonio Nunez,CHI,214523,Angel Veliz,ECU,3-6 6-3 6-1
2026QuitoChallenger,atp,2026-06-29,Clay,R32,209246,Alan Magadan,MEX,106203,Pedro Sakamoto,BRA,2-6 6-3 7-5
2026QuitoChallenger,atp,2026-06-29,Clay,R32,209254,Valerio Aboian,ARG,106057,Facundo Mena,ARG,6-2 6-0
2026QuitoChallenger,atp,2026-06-29,Clay,R32,210202,Rodrigo Pacheco Mendez,MEX,210218,Bruno Fernandez,BRA,5-7 6-2 6-4
2026QuitoChallenger,atp,2026-06-29,Clay,R32,210412,Juan Manuel La Serna,ARG,207834,Juan Alejandro Hernandez Serrano,MEX,6-3 4-6 6-1
2026QuitoChallenger,atp,2026-06-29,Clay,R32,210545,Luis Carlos Alvarez,MEX,214637,Felipe Jose Rivadeneira Gallegos,ECU,6-3 6-1
2026QuitoChallenger,atp,2026-06-29,Clay,R32,211635,Segundo Goity Zapico,ARG,212830,Samuel Alejandro Linde Palacios,COL,6-1 6-2
2026QuitoChallenger,atp,2026-06-29,Clay,R32,212831,Samuel Heredia,COL,211479,Gustavo Ribeiro De Almeida,BRA,6-3 6-4
2026QuitoChallenger,atp,2026-06-29,Clay,SF,106292,Hernan Casanova,ARG,200335,Felipe Meligeni Alves,BRA,7-6(5) 7-5
2026QuitoChallenger,atp,2026-06-29,Clay,SF,207799,Matheus Pucinelli De Almeida,BRA,212831,Samuel Heredia,COL,6-3 4-6 6-4
2026TroyesChallenger,atp,2026-06-29,Clay,F,202359,Marvin Moeller,GER,210005,Kilian Feldbausch,SUI,7-6(5) 6-3
2026TroyesChallenger,atp,2026-06-29,Clay,Q1,106172,Maxime Chazal,FRA,212286,Rodrigo Alujas,MEX,6-1 6-1
2026TroyesChallenger,atp,2026-06-29,Clay,Q1,132999,Kai Wehnelt,GER,104932,Kenny De Schepper,FRA,7-6(3) 6-4
2026TroyesChallenger,atp,2026-06-29,Clay,Q1,207664,Luca Staeheli,SUI,119643,Abel Hernandez Aguila,ESP,6-1 6-0
2026TroyesChallenger,atp,2026-06-29,Clay,Q1,210494,Theo Papamalamis,FRA,202356,Tsung Hao Huang,TPE,6-2 6-2
2026TroyesChallenger,atp,2026-06-29,Clay,Q1,211707,Amit Vales,ISR,210145,John Sperle,GER,1-6 7-5 6-3
2026TroyesChallenger,atp,2026-06-29,Clay,Q1,211901,Yanis Ghazouani Durand,FRA,208653,Isaac Becroft,NZL,6-3 6-3
2026TroyesChallenger,atp,2026-06-29,Clay,Q1,212248,Fryderyk Lechno Wasiutynski,POL,202334,Jesse Delaney,AUS,6-4 6-1
2026TroyesChallenger,atp,2026-06-29,Clay,Q1,212978,Izan Almazan Valiente,ESP,111568,Michael Zhu,USA,6-3 6-4
2026TroyesChallenger,atp,2026-06-29,Clay,Q1,213760,Pavel Lagutin,RUS,211618,Jan Kumstat,CZE,7-6(5) 6-2
2026TroyesChallenger,atp,2026-06-29,Clay,Q2,132999,Kai Wehnelt,GER,200214,Alan Fernando Rubio Fierros,MEX,6-4 6-3
2026TroyesChallenger,atp,2026-06-29,Clay,Q2,207664,Luca Staeheli,SUI,211901,Yanis Ghazouani Durand,FRA,6-3 7-5
2026TroyesChallenger,atp,2026-06-29,Clay,Q2,210425,Svyatoslav Gulin,RUS,211707,Amit Vales,ISR,6-3 6-2
2026TroyesChallenger,atp,2026-06-29,Clay,Q2,212248,Fryderyk Lechno Wasiutynski,POL,106172,Maxime Chazal,FRA,6-2 2-6 6-3
2026TroyesChallenger,atp,2026-06-29,Clay,Q2,212978,Izan Almazan Valiente,ESP,210494,Theo Papamalamis,FRA,7-6(4) 6-1
2026TroyesChallenger,atp,2026-06-29,Clay,Q2,213760,Pavel Lagutin,RUS,202305,Franco Ribero,ARG,6-3 6-3
2026TroyesChallenger,atp,2026-06-29,Clay,QF,105841,Lorenzo Giustino,ITA,127108,Igor Ribeiro Marcondes,BRA,4-6 7-6(4) 6-1
2026TroyesChallenger,atp,2026-06-29,Clay,QF,123921,Calvin Hemery,FRA,209131,Eliakim Coulibaly,CIV,1-2 RET
2026TroyesChallenger,atp,2026-06-29,Clay,QF,202359,Marvin Moeller,GER,129911,Marat Sharipov,RUS,6-2 3-6 7-6(1)
2026TroyesChallenger,atp,2026-06-29,Clay,QF,210005,Kilian Feldbausch,SUI,208540,Inaki Montes De La Torre,ESP,6-1 6-3
2026TroyesChallenger,atp,2026-06-29,Clay,R16,105841,Lorenzo Giustino,ITA,209916,Marko Topo,GER,6-1 7-6(3)
2026TroyesChallenger,atp,2026-06-29,Clay,R16,123921,Calvin Hemery,FRA,212241,Carlo Alberto Caniato,ITA,6-3 6-1
2026TroyesChallenger,atp,2026-06-29,Clay,R16,127108,Igor Ribeiro Marcondes,BRA,207664,Luca Staeheli,SUI,7-6(4) 6-0
2026TroyesChallenger,atp,2026-06-29,Clay,R16,129911,Marat Sharipov,RUS,208502,Dominic Stricker,SUI,4-2 RET
2026TroyesChallenger,atp,2026-06-29,Clay,R16,202359,Marvin Moeller,GER,213174,Mickael Kaouk,FRA,6-2 6-3
2026TroyesChallenger,atp,2026-06-29,Clay,R16,208540,Inaki Montes De La Torre,ESP,106172,Maxime Chazal,FRA,7-5 6-1
2026TroyesChallenger,atp,2026-06-29,Clay,R16,209131,Eliakim Coulibaly,CIV,211651,Alexander Vasilev,BUL,6-4 6-2
2026TroyesChallenger,atp,2026-06-29,Clay,R16,210005,Kilian Feldbausch,SUI,209354,Ioannis Xilas,GRE,6-1 6-4
2026TroyesChallenger,atp,2026-06-29,Clay,R32,105841,Lorenzo Giustino,ITA,210425,Svyatoslav Gulin,RUS,6-4 1-6 6-4
2026TroyesChallenger,atp,2026-06-29,Clay,R32,106172,Maxime Chazal,FRA,200452,Patrick Zahraj,GER,7-5 3-6 6-1
2026TroyesChallenger,atp,2026-06-29,Clay,R32,123921,Calvin Hemery,FRA,207760,Anton Matusevich,GBR,6-2 6-2
2026TroyesChallenger,atp,2026-06-29,Clay,R32,127108,Igor Ribeiro Marcondes,BRA,212225,Thomas Faurel,FRA,7-6(9) 3-6 6-4
2026TroyesChallenger,atp,2026-06-29,Clay,R32,129911,Marat Sharipov,RUS,213977,Cosme Rolland De Ravel,FRA,7-6(4) 6-3
2026TroyesChallenger,atp,2026-06-29,Clay,R32,202359,Marvin Moeller,GER,212248,Fryderyk Lechno Wasiutynski,POL,6-4 6-2
2026TroyesChallenger,atp,2026-06-29,Clay,R32,207664,Luca Staeheli,SUI,144972,Geoffrey Blancaneaux,FRA,6-7(6) 6-3 6-2
2026TroyesChallenger,atp,2026-06-29,Clay,R32,208502,Dominic Stricker,SUI,202475,Philip Henning,RSA,6-2 6-4
2026TroyesChallenger,atp,2026-06-29,Clay,R32,208540,Inaki Montes De La Torre,ESP,210682,Federico Bondioli,ITA,6-3 4-6 6-1
2026TroyesChallenger,atp,2026-06-29,Clay,R32,209131,Eliakim Coulibaly,CIV,213760,Pavel Lagutin,RUS,5-7 6-3 6-2
2026TroyesChallenger,atp,2026-06-29,Clay,R32,209354,Ioannis Xilas,GRE,211768,Manas Dhamne,IND,7-6(9) 7-6(7)
2026TroyesChallenger,atp,2026-06-29,Clay,R32,209916,Marko Topo,GER,210447,Leo Raquillet,FRA,6-1 3-6 7-5
2026TroyesChallenger,atp,2026-06-29,Clay,R32,210005,Kilian Feldbausch,SUI,210129,Samuele Pieri,ITA,6-2 6-2
2026TroyesChallenger,atp,2026-06-29,Clay,R32,211651,Alexander Vasilev,BUL,132999,Kai Wehnelt,GER,1-6 6-1 6-1
2026TroyesChallenger,atp,2026-06-29,Clay,R32,212241,Carlo Alberto Caniato,ITA,212978,Izan Almazan Valiente,ESP,6-2 6-1
2026TroyesChallenger,atp,2026-06-29,Clay,R32,213174,Mickael Kaouk,FRA,209898,Dali Blanch,USA,7-5 3-6 7-6(3)
2026TroyesChallenger,atp,2026-06-29,Clay,SF,202359,Marvin Moeller,GER,123921,Calvin Hemery,FRA,7-6(5) 7-6(7)
2026TroyesChallenger,atp,2026-06-29,Clay,SF,210005,Kilian Feldbausch,SUI,105841,Lorenzo Giustino,ITA,6-4 6-3
2026BogotaChallenger,atp,2026-07-06,Clay,F,200711,Nicolas Mejia,COL,207130,Matias Soto,CHI,6-1 7-5
2026BogotaChallenger,atp,2026-07-06,Clay,Q1,105156,Federico Zeballos,BOL,207736,Arklon Huertas Del Pino,PER,6-4 7-5
2026BogotaChallenger,atp,2026-07-06,Clay,Q1,122078,Dmitry Popko,KAZ,211615,Mateo Castaneda,COL,6-1 6-1
2026BogotaChallenger,atp,2026-07-06,Clay,Q1,133820,Ignacio Monzon,ARG,213970,Nicolas Hurtado Novoa,COL,6-2 6-1
2026BogotaChallenger,atp,2026-07-06,Clay,Q1,138485,Conner Huertas Del Pino,PER,211658,Tomas Martinez,ARG,6-4 6-3
2026BogotaChallenger,atp,2026-07-06,Clay,Q1,200335,Felipe Meligeni Alves,BRA,127443,Andres Urrea,COL,6-1 6-1
2026BogotaChallenger,atp,2026-07-06,Clay,Q1,202275,Fermin Tenti,ARG,126209,Peter Bertran,DOM,3-6 7-5 6-1
2026BogotaChallenger,atp,2026-07-06,Clay,Q1,207738,Brandon Perez,VEN,210507,Nicolas Villalon,CHI,6-2 6-2
2026BogotaChallenger,atp,2026-07-06,Clay,Q1,208533,Joao Victor Couto Loureiro,BRA,212832,Salvador Price,COL,6-3 6-1
2026BogotaChallenger,atp,2026-07-06,Clay,Q1,208855,Christopher Papa,USA,132017,Mwendwa Mbithi,USA,6-4 6-4
2026BogotaChallenger,atp,2026-07-06,Clay,Q1,209936,Lorenzo Claverie,ITA,208411,Daniel Antonio Nunez,CHI,6-3 7-6(3)
2026BogotaChallenger,atp,2026-07-06,Clay,Q1,212455,Lucas Andrade Da Silva,BRA,211635,Segundo Goity Zapico,ARG,6-0 6-4
2026BogotaChallenger,atp,2026-07-06,Clay,Q1,213967,Cristian Felipe Sanchez Rojas,COL,208372,Natan Rodrigues,BRA,4-1 RET
2026BogotaChallenger,atp,2026-07-06,Clay,Q2,122078,Dmitry Popko,KAZ,213967,Cristian Felipe Sanchez Rojas,COL,6-2 6-1
2026BogotaChallenger,atp,2026-07-06,Clay,Q2,133820,Ignacio Monzon,ARG,208533,Joao Victor Couto Loureiro,BRA,7-6(3) 6-7(1) 7-5
2026BogotaChallenger,atp,2026-07-06,Clay,Q2,200335,Felipe Meligeni Alves,BRA,207738,Brandon Perez,VEN,6-1 6-4
2026BogotaChallenger,atp,2026-07-06,Clay,Q2,202275,Fermin Tenti,ARG,138485,Conner Huertas Del Pino,PER,6-3 2-6 6-4
2026BogotaChallenger,atp,2026-07-06,Clay,Q2,209936,Lorenzo Claverie,ITA,208855,Christopher Papa,USA,6-4 3-6 6-3
2026BogotaChallenger,atp,2026-07-06,Clay,Q2,212455,Lucas Andrade Da Silva,BRA,105156,Federico Zeballos,BOL,6-1 6-2
2026BogotaChallenger,atp,2026-07-06,Clay,QF,122669,Juan Pablo Varillas,PER,207799,Matheus Pucinelli De Almeida,BRA,6-3 7-6(4)
2026BogotaChallenger,atp,2026-07-06,Clay,QF,200711,Nicolas Mejia,COL,106292,Hernan Casanova,ARG,6-3 6-2
2026BogotaChallenger,atp,2026-07-06,Clay,QF,207130,Matias Soto,CHI,212455,Lucas Andrade Da Silva,BRA,6-4 6-7(5) 6-1
2026BogotaChallenger,atp,2026-07-06,Clay,QF,209936,Lorenzo Claverie,ITA,106057,Facundo Mena,ARG,7-6(5) 7-6(6)
2026BogotaChallenger,atp,2026-07-06,Clay,R16,106057,Facundo Mena,ARG,207657,Tristan Mccormick,USA,5-7 6-4 6-4
2026BogotaChallenger,atp,2026-07-06,Clay,R16,106292,Hernan Casanova,ARG,210377,Luciano Emanuel Ambrogi,ARG,7-6(2) 6-2
2026BogotaChallenger,atp,2026-07-06,Clay,R16,122669,Juan Pablo Varillas,PER,210545,Luis Carlos Alvarez,MEX,7-6(4) 6-7(4) 6-1
2026BogotaChallenger,atp,2026-07-06,Clay,R16,200711,Nicolas Mejia,COL,144973,Santiago Fa Rodriguez Taverna,ARG,7-6(2) 6-7(3) 6-2
2026BogotaChallenger,atp,2026-07-06,Clay,R16,207130,Matias Soto,CHI,209246,Alan Magadan,MEX,7-6(5) 6-3
2026BogotaChallenger,atp,2026-07-06,Clay,R16,207799,Matheus Pucinelli De Almeida,BRA,200495,Eduardo Ribeiro,BRA,6-1 6-4
2026BogotaChallenger,atp,2026-07-06,Clay,R16,209936,Lorenzo Claverie,ITA,200572,Nick Hardt,DOM,7-6(3) 7-6(5)
2026BogotaChallenger,atp,2026-07-06,Clay,R16,212455,Lucas Andrade Da Silva,BRA,200335,Felipe Meligeni Alves,BRA,4-6 6-4 7-6(0)
2026BogotaChallenger,atp,2026-07-06,Clay,R32,106057,Facundo Mena,ARG,200366,Olukayode Alafia Damina Ayeni,USA,3-6 6-3 7-5
2026BogotaChallenger,atp,2026-07-06,Clay,R32,106292,Hernan Casanova,ARG,133820,Ignacio Monzon,ARG,7-5 7-5
2026BogotaChallenger,atp,2026-07-06,Clay,R32,122669,Juan Pablo Varillas,PER,210218,Bruno Fernandez,BRA,2-6 6-3 6-4
2026BogotaChallenger,atp,2026-07-06,Clay,R32,144973,Santiago Fa Rodriguez Taverna,ARG,212830,Samuel Alejandro Linde Palacios,COL,7-6(1) 6-3
2026BogotaChallenger,atp,2026-07-06,Clay,R32,200335,Felipe Meligeni Alves,BRA,210202,Rodrigo Pacheco Mendez,MEX,6-4 6-3
2026BogotaChallenger,atp,2026-07-06,Clay,R32,200495,Eduardo Ribeiro,BRA,105944,Juan Sebastian Gomez,COL,6-2 7-5
2026BogotaChallenger,atp,2026-07-06,Clay,R32,200572,Nick Hardt,DOM,207834,Juan Alejandro Hernandez Serrano,MEX,7-6(5) 4-6 6-2
2026BogotaChallenger,atp,2026-07-06,Clay,R32,200711,Nicolas Mejia,COL,202275,Fermin Tenti,ARG,6-3 6-2
2026BogotaChallenger,atp,2026-07-06,Clay,R32,207130,Matias Soto,CHI,126581,Juan Sebastian Osorio,COL,6-2 3-6 6-2
2026BogotaChallenger,atp,2026-07-06,Clay,R32,207657,Tristan Mccormick,USA,106203,Pedro Sakamoto,BRA,7-6(2) 0-0 RET
2026BogotaChallenger,atp,2026-07-06,Clay,R32,207799,Matheus Pucinelli De Almeida,BRA,122078,Dmitry Popko,KAZ,6-3 4-6 7-5
2026BogotaChallenger,atp,2026-07-06,Clay,R32,209246,Alan Magadan,MEX,208909,Johan Alexander Rodriguez Rodriguez,COL,7-5 7-5
2026BogotaChallenger,atp,2026-07-06,Clay,R32,209936,Lorenzo Claverie,ITA,212831,Samuel Heredia,COL,7-6(3) 6-7(5) 6-1
2026BogotaChallenger,atp,2026-07-06,Clay,R32,210377,Luciano Emanuel Ambrogi,ARG,144848,Sergio Luis Hernandez Ramirez,COL,7-5 6-4
2026BogotaChallenger,atp,2026-07-06,Clay,R32,210545,Luis Carlos Alvarez,MEX,209254,Valerio Aboian,ARG,7-5 6-7(9) 7-5
2026BogotaChallenger,atp,2026-07-06,Clay,R32,212455,Lucas Andrade Da Silva,BRA,202271,Lorenzo Joaquin Rodriguez,ARG,6-4 7-6(1)
2026BogotaChallenger,atp,2026-07-06,Clay,SF,200711,Nicolas Mejia,COL,122669,Juan Pablo Varillas,PER,6-4 5-7 6-1
2026BogotaChallenger,atp,2026-07-06,Clay,SF,207130,Matias Soto,CHI,209936,Lorenzo Claverie,ITA,7-5 7-5
2026BraunschweigChallenger,atp,2026-07-06,Clay,F,123828,Jan Choinski,GBR,200384,Hugo Gaston,FRA,4-6 6-0 6-4
2026BraunschweigChallenger,atp,2026-07-06,Clay,Q1,105613,Norbert Gombos,SVK,212269,Marc Majdandzic,GER,7-5 6-4
2026BraunschweigChallenger,atp,2026-07-06,Clay,Q1,106187,Denis Yevseyev,KAZ,104932,Kenny De Schepper,FRA,5-7 6-4 6-4
2026BraunschweigChallenger,atp,2026-07-06,Clay,Q1,106220,Dimitar Kuzmanov,BUL,122425,Rafael Matos,BRA,6-3 6-4
2026BraunschweigChallenger,atp,2026-07-06,Clay,Q1,126197,Orlando Luz,BRA,211639,Alejo Sanchez Quilez,ESP,7-6(9) 6-3
2026BraunschweigChallenger,atp,2026-07-06,Clay,Q1,200184,Andrey Chepelev,RUS,210145,John Sperle,GER,6-2 6-4
2026BraunschweigChallenger,atp,2026-07-06,Clay,Q1,200457,Jannik Opitz,GER,212222,Raphael Perot,FRA,7-5 6-3
2026BraunschweigChallenger,atp,2026-07-06,Clay,Q1,200484,Rudolf Molleker,GER,104510,Stefan Seifert,GER,6-4 6-2
2026BraunschweigChallenger,atp,2026-07-06,Clay,Q1,205734,Thiago Seyboth Wild,BRA,214671,Oliver Majdandzic,GER,6-1 6-2
2026BraunschweigChallenger,atp,2026-07-06,Clay,Q1,207669,Robert Strombachs,LAT,212852,Kacper Szymkowiak,POL,6-4 6-3
2026BraunschweigChallenger,atp,2026-07-06,Clay,Q1,210129,Samuele Pieri,ITA,207864,Noel Larwig,GER,7-5 7-5
2026BraunschweigChallenger,atp,2026-07-06,Clay,Q1,212288,Vincent Marysko,GER,126340,Viktor Durasovic,NOR,7-6(4) 6-2
2026BraunschweigChallenger,atp,2026-07-06,Clay,Q2,105613,Norbert Gombos,SVK,126197,Orlando Luz,BRA,6-0 6-3
2026BraunschweigChallenger,atp,2026-07-06,Clay,Q2,106220,Dimitar Kuzmanov,BUL,207669,Robert Strombachs,LAT,6-2 6-2
2026BraunschweigChallenger,atp,2026-07-06,Clay,Q2,200184,Andrey Chepelev,RUS,106187,Denis Yevseyev,KAZ,3-6 6-1 6-3
2026BraunschweigChallenger,atp,2026-07-06,Clay,Q2,200484,Rudolf Molleker,GER,210129,Samuele Pieri,ITA,6-1 4-6 6-3
2026BraunschweigChallenger,atp,2026-07-06,Clay,Q2,205734,Thiago Seyboth Wild,BRA,212288,Vincent Marysko,GER,6-2 6-4
2026BraunschweigChallenger,atp,2026-07-06,Clay,Q2,213001,Mika Petkovic,GER,200457,Jannik Opitz,GER,6-2 7-5
2026BraunschweigChallenger,atp,2026-07-06,Clay,QF,123828,Jan Choinski,GBR,212309,Diego Dedura Palomero,GER,6-4 6-1
2026BraunschweigChallenger,atp,2026-07-06,Clay,QF,200384,Hugo Gaston,FRA,202359,Marvin Moeller,GER,6-2 6-4
2026BraunschweigChallenger,atp,2026-07-06,Clay,QF,207680,Facundo Diaz Acosta,ARG,213360,Niels Mcdonald,GER,6-3 6-2
2026BraunschweigChallenger,atp,2026-07-06,Clay,QF,209405,Daniel Rincon,ESP,111513,Laslo Djere,SRB,6-7(3) 6-4 6-3
2026BraunschweigChallenger,atp,2026-07-06,Clay,R16,111513,Laslo Djere,SRB,212268,Max Schoenhaus,GER,7-5 6-4
2026BraunschweigChallenger,atp,2026-07-06,Clay,R16,123828,Jan Choinski,GBR,208819,Max Hans Rehberg,GER,2-6 7-5 6-4
2026BraunschweigChallenger,atp,2026-07-06,Clay,R16,200384,Hugo Gaston,FRA,213001,Mika Petkovic,GER,6-7(4) 6-4 6-1
2026BraunschweigChallenger,atp,2026-07-06,Clay,R16,202359,Marvin Moeller,GER,209226,Adolfo Daniel Vallejo,PAR,6-3 5-0 RET
2026BraunschweigChallenger,atp,2026-07-06,Clay,R16,207680,Facundo Diaz Acosta,ARG,209147,Vilius Gaubas,LTU,6-4 6-2
2026BraunschweigChallenger,atp,2026-07-06,Clay,R16,209405,Daniel Rincon,ESP,124116,Sebastian Ofner,AUT,3-6 7-5 6-3
2026BraunschweigChallenger,atp,2026-07-06,Clay,R16,212309,Diego Dedura Palomero,GER,207494,Dalibor Svrcina,CZE,6-3 7-6(3)
2026BraunschweigChallenger,atp,2026-07-06,Clay,R16,213360,Niels Mcdonald,GER,209322,Martin Krumich,CZE,6-4 6-4
2026BraunschweigChallenger,atp,2026-07-06,Clay,R32,111513,Laslo Djere,SRB,208293,Gonzalo Bueno,PER,6-1 6-2
2026BraunschweigChallenger,atp,2026-07-06,Clay,R32,123828,Jan Choinski,GBR,106220,Dimitar Kuzmanov,BUL,6-4 6-4
2026BraunschweigChallenger,atp,2026-07-06,Clay,R32,124116,Sebastian Ofner,AUT,105613,Norbert Gombos,SVK,6-3 6-3
2026BraunschweigChallenger,atp,2026-07-06,Clay,R32,200384,Hugo Gaston,FRA,200184,Andrey Chepelev,RUS,6-4 6-1
2026BraunschweigChallenger,atp,2026-07-06,Clay,R32,202359,Marvin Moeller,GER,209917,Benito Sanchez Martinez,GER,0-6 6-3 7-6(6)
2026BraunschweigChallenger,atp,2026-07-06,Clay,R32,207494,Dalibor Svrcina,CZE,205734,Thiago Seyboth Wild,BRA,6-4 6-3
2026BraunschweigChallenger,atp,2026-07-06,Clay,R32,207680,Facundo Diaz Acosta,ARG,200484,Rudolf Molleker,GER,6-3 3-6 6-4
2026BraunschweigChallenger,atp,2026-07-06,Clay,R32,208819,Max Hans Rehberg,GER,213608,Moise Kouame,FRA,6-4 6-4
2026BraunschweigChallenger,atp,2026-07-06,Clay,R32,209147,Vilius Gaubas,LTU,105932,Nikoloz Basilashvili,GEO,6-3 6-7(5) 6-2
2026BraunschweigChallenger,atp,2026-07-06,Clay,R32,209226,Adolfo Daniel Vallejo,PAR,210178,Juan Carlos Prado Angelo,BOL,6-2 6-4
2026BraunschweigChallenger,atp,2026-07-06,Clay,R32,209322,Martin Krumich,CZE,210129,Samuele Pieri,ITA,7-5 4-6 6-3
2026BraunschweigChallenger,atp,2026-07-06,Clay,R32,209405,Daniel Rincon,ESP,210167,Tom Gentzsch,GER,6-4 6-4
2026BraunschweigChallenger,atp,2026-07-06,Clay,R32,212268,Max Schoenhaus,GER,208882,Roman Andres Burruchaga,ARG,6-3 6-3
2026BraunschweigChallenger,atp,2026-07-06,Clay,R32,212309,Diego Dedura Palomero,GER,202127,Clement Tabur,FRA,6-1 3-6 6-4
2026BraunschweigChallenger,atp,2026-07-06,Clay,R32,213001,Mika Petkovic,GER,207608,Timofey Skatov,KAZ,7-5 6-3
2026BraunschweigChallenger,atp,2026-07-06,Clay,R32,213360,Niels Mcdonald,GER,202333,Keegan Smith,USA,6-1 6-3
2026BraunschweigChallenger,atp,2026-07-06,Clay,SF,123828,Jan Choinski,GBR,209405,Daniel Rincon,ESP,7-5 6-2
2026BraunschweigChallenger,atp,2026-07-06,Clay,SF,200384,Hugo Gaston,FRA,207680,Facundo Diaz Acosta,ARG,5-7 7-6(4) 7-5
2026IasiChallenger,atp,2026-07-06,Clay,F,200436,Zsombor Piros,HUN,208169,Titouan Droguet,FRA,6-1 7-6(2)
2026IasiChallenger,atp,2026-07-06,Clay,Q1,105814,Maximilian Neuchrist,AUT,106368,Ramkumar Ramanathan,IND,6-4 6-1
2026IasiChallenger,atp,2026-07-06,Clay,Q1,110774,Marcelo Zormann Da Silva,BRA,105430,Radu Albot,MDA,2-6 6-1 6-4
2026IasiChallenger,atp,2026-07-06,Clay,Q1,126878,David Poljak,CZE,208240,Alexandr Binda,ITA,5-7 6-3 6-4
2026IasiChallenger,atp,2026-07-06,Clay,Q1,133794,S D Prajwal Dev,IND,212889,Daniel Uta,ROU,2-6 6-3 6-2
2026IasiChallenger,atp,2026-07-06,Clay,Q1,144925,Nitin Kumar Sinha,IND,214595,Luca Frunza,ROU,6-4 6-0
2026IasiChallenger,atp,2026-07-06,Clay,Q1,200574,Alexander Donski,BUL,208554,Erik Grevelius,SWE,6-2 6-4
2026IasiChallenger,atp,2026-07-06,Clay,Q1,207704,Alex Marti Pujolras,ESP,104822,N Vijay Sundar Prashanth,IND,6-2 6-3
2026IasiChallenger,atp,2026-07-06,Clay,Q1,209167,Olle Wallin,SWE,214028,Matei Varbanciu,ROU,6-0 6-3
2026IasiChallenger,atp,2026-07-06,Clay,Q1,210595,Jiri Cizek,CZE,210652,Dragos Nicolae Cazacu,ROU,7-6(3) 6-1
2026IasiChallenger,atp,2026-07-06,Clay,Q2,133794,S D Prajwal Dev,IND,110774,Marcelo Zormann Da Silva,BRA,6-2 6-2
2026IasiChallenger,atp,2026-07-06,Clay,Q2,200574,Alexander Donski,BUL,210595,Jiri Cizek,CZE,7-5 6-2
2026IasiChallenger,atp,2026-07-06,Clay,Q2,207231,Mathys Erhard,FRA,144925,Nitin Kumar Sinha,IND,6-0 6-2
2026IasiChallenger,atp,2026-07-06,Clay,Q2,209167,Olle Wallin,SWE,105814,Maximilian Neuchrist,AUT,7-5 6-3
2026IasiChallenger,atp,2026-07-06,Clay,Q2,209360,Samir Hamza Reguig,ALG,207704,Alex Marti Pujolras,ESP,6-2 2-6 6-4
2026IasiChallenger,atp,2026-07-06,Clay,Q2,213066,Stefan Horia Haita,ROU,126878,David Poljak,CZE,6-4 6-2
2026IasiChallenger,atp,2026-07-06,Clay,QF,200436,Zsombor Piros,HUN,210510,Lautaro Midon,ARG,6-2 7-6(3)
2026IasiChallenger,atp,2026-07-06,Clay,QF,208169,Titouan Droguet,FRA,208361,Gustavo Heide,BRA,6-1 6-3
2026IasiChallenger,atp,2026-07-06,Clay,QF,208316,Valentin Royer,FRA,106121,Taro Daniel,JPN,4-6 6-2 6-2
2026IasiChallenger,atp,2026-07-06,Clay,QF,208843,Jerome Kym,SUI,209874,Maks Kasnikowski,POL,4-6 6-0 6-3
2026IasiChallenger,atp,2026-07-06,Clay,R16,106121,Taro Daniel,JPN,144645,Zdenek Kolar,CZE,6-4 6-3
2026IasiChallenger,atp,2026-07-06,Clay,R16,200436,Zsombor Piros,HUN,106000,Damir Dzumhur,BIH,4-6 6-4 6-3
2026IasiChallenger,atp,2026-07-06,Clay,R16,208169,Titouan Droguet,FRA,202146,Luka Pavlovic,FRA,6-3 7-6(3)
2026IasiChallenger,atp,2026-07-06,Clay,R16,208316,Valentin Royer,FRA,209167,Olle Wallin,SWE,3-6 7-6(3) 6-4
2026IasiChallenger,atp,2026-07-06,Clay,R16,208361,Gustavo Heide,BRA,206470,Cezar Cretu,ROU,2-6 7-5 6-3
2026IasiChallenger,atp,2026-07-06,Clay,R16,208843,Jerome Kym,SUI,209849,Sascha Gueymard Wayenburg,FRA,7-6(1) 7-5
2026IasiChallenger,atp,2026-07-06,Clay,R16,209874,Maks Kasnikowski,POL,124079,Pedro Martinez,ESP,4-6 6-3 7-5
2026IasiChallenger,atp,2026-07-06,Clay,R16,210510,Lautaro Midon,ARG,209899,Ilia Simakin,RUS,7-5 6-3
2026IasiChallenger,atp,2026-07-06,Clay,R32,106000,Damir Dzumhur,BIH,213066,Stefan Horia Haita,ROU,6-1 6-1
2026IasiChallenger,atp,2026-07-06,Clay,R32,106121,Taro Daniel,JPN,144821,Genaro Alberto Olivieri,ARG,6-0 6-4
2026IasiChallenger,atp,2026-07-06,Clay,R32,124079,Pedro Martinez,ESP,133794,S D Prajwal Dev,IND,6-3 4-6 6-2
2026IasiChallenger,atp,2026-07-06,Clay,R32,144645,Zdenek Kolar,CZE,207502,Stefan Palosi,ROU,7-5 6-0
2026IasiChallenger,atp,2026-07-06,Clay,R32,200436,Zsombor Piros,HUN,212244,Gabriel Ghetu,ROU,6-0 6-3
2026IasiChallenger,atp,2026-07-06,Clay,R32,202146,Luka Pavlovic,FRA,106393,Frederico Ferreira Silva,POR,2-6 6-3 6-4
2026IasiChallenger,atp,2026-07-06,Clay,R32,206470,Cezar Cretu,ROU,207704,Alex Marti Pujolras,ESP,6-1 6-4
2026IasiChallenger,atp,2026-07-06,Clay,R32,208169,Titouan Droguet,FRA,207231,Mathys Erhard,FRA,7-6(5) 6-4
2026IasiChallenger,atp,2026-07-06,Clay,R32,208316,Valentin Royer,FRA,105814,Maximilian Neuchrist,AUT,6-2 6-3
2026IasiChallenger,atp,2026-07-06,Clay,R32,208361,Gustavo Heide,BRA,126878,David Poljak,CZE,6-4 7-6(4)
2026IasiChallenger,atp,2026-07-06,Clay,R32,208843,Jerome Kym,SUI,212225,Thomas Faurel,FRA,6-0 2-6 6-2
2026IasiChallenger,atp,2026-07-06,Clay,R32,209167,Olle Wallin,SWE,209360,Samir Hamza Reguig,ALG,6-4 6-1
2026IasiChallenger,atp,2026-07-06,Clay,R32,209849,Sascha Gueymard Wayenburg,FRA,200574,Alexander Donski,BUL,7-6(4) 4-6 6-3
2026IasiChallenger,atp,2026-07-06,Clay,R32,209874,Maks Kasnikowski,POL,210748,Federico Cina,ITA,6-4 3-6 7-5
2026IasiChallenger,atp,2026-07-06,Clay,R32,209899,Ilia Simakin,RUS,144642,Tomas Barrios Vera,CHI,4-6 7-5 7-6(7)
2026IasiChallenger,atp,2026-07-06,Clay,R32,210510,Lautaro Midon,ARG,208457,Radu Mihai Papoe,ROU,6-2 6-2
2026IasiChallenger,atp,2026-07-06,Clay,SF,200436,Zsombor Piros,HUN,208843,Jerome Kym,SUI,7-6(5) 6-3
2026IasiChallenger,atp,2026-07-06,Clay,SF,208169,Titouan Droguet,FRA,208316,Valentin Royer,FRA,6-3 6-4
2026LiegeChallenger,atp,2026-07-06,Clay,F,202239,Florian Broska,GER,105841,Lorenzo Giustino,ITA,6-7(4) 6-4 6-1
2026LiegeChallenger,atp,2026-07-06,Clay,Q1,132999,Kai Wehnelt,GER,212552,Nicolas Ifi,BEL,6-4 6-7(4) 6-4
2026LiegeChallenger,atp,2026-07-06,Clay,Q1,202148,Michiel De Krom,NED,200276,Niklas Schell,GER,6-3 6-4
2026LiegeChallenger,atp,2026-07-06,Clay,Q1,202305,Franco Ribero,ARG,211450,Alessio Basile,BEL,6-3 6-3
2026LiegeChallenger,atp,2026-07-06,Clay,Q1,202356,Tsung Hao Huang,TPE,122294,Gabriele Maria Noce,ITA,1-6 6-2 6-3
2026LiegeChallenger,atp,2026-07-06,Clay,Q1,207592,Martin Van Der Meerschen,BEL,209979,Madhwin Kamath,IND,6-3 6-0
2026LiegeChallenger,atp,2026-07-06,Clay,Q1,207664,Luca Staeheli,SUI,144747,Courtney John Lock,ZIM,6-0 6-0
2026LiegeChallenger,atp,2026-07-06,Clay,Q1,207764,Ryan Nijboer,NED,202230,Maxence Bertimon,FRA,3-6 6-4 6-1
2026LiegeChallenger,atp,2026-07-06,Clay,Q1,208182,Saba Purtseladze,GEO,209973,Edouard Villoslada,FRA,4-6 6-1 6-0
2026LiegeChallenger,atp,2026-07-06,Clay,Q1,210447,Leo Raquillet,FRA,144730,Tomohiro Masabayashi,JPN,6-2 6-1
2026LiegeChallenger,atp,2026-07-06,Clay,Q1,210498,Gerard Campana Lee,KOR,149266,Fadi Bidan,LBN,6-3 6-2
2026LiegeChallenger,atp,2026-07-06,Clay,Q1,212071,Kasra Rahmani,IRI,212992,Niels Ratiu,BEL,7-6(5) 6-4
2026LiegeChallenger,atp,2026-07-06,Clay,Q1,212248,Fryderyk Lechno Wasiutynski,POL,207591,David Tixhon,BEL,6-3 7-6(4)
2026LiegeChallenger,atp,2026-07-06,Clay,Q2,132999,Kai Wehnelt,GER,207592,Martin Van Der Meerschen,BEL,6-1 6-4
2026LiegeChallenger,atp,2026-07-06,Clay,Q2,202356,Tsung Hao Huang,TPE,208182,Saba Purtseladze,GEO,7-6(4) 2-6 6-3
2026LiegeChallenger,atp,2026-07-06,Clay,Q2,207664,Luca Staeheli,SUI,212248,Fryderyk Lechno Wasiutynski,POL,7-5 3-0 RET
2026LiegeChallenger,atp,2026-07-06,Clay,Q2,207764,Ryan Nijboer,NED,212071,Kasra Rahmani,IRI,6-2 6-1
2026LiegeChallenger,atp,2026-07-06,Clay,Q2,210447,Leo Raquillet,FRA,202305,Franco Ribero,ARG,3-6 6-4 6-3
2026LiegeChallenger,atp,2026-07-06,Clay,Q2,210498,Gerard Campana Lee,KOR,202148,Michiel De Krom,NED,3-6 6-2 7-6(1)
2026LiegeChallenger,atp,2026-07-06,Clay,QF,105841,Lorenzo Giustino,ITA,211504,Jack Loge,BEL,7-5 6-4
2026LiegeChallenger,atp,2026-07-06,Clay,QF,106293,Kimmer Coppejans,BEL,209911,Guy Den Ouden,NED,6-3 6-3
2026LiegeChallenger,atp,2026-07-06,Clay,QF,202239,Florian Broska,GER,213149,Felix Balshaw,FRA,7-6(4) 6-4
2026LiegeChallenger,atp,2026-07-06,Clay,QF,207732,Miguel Damas,ESP,211768,Manas Dhamne,IND,6-1 7-6(6)
2026LiegeChallenger,atp,2026-07-06,Clay,R16,105841,Lorenzo Giustino,ITA,212598,Emilien Demanet,BEL,6-3 6-4
2026LiegeChallenger,atp,2026-07-06,Clay,R16,106293,Kimmer Coppejans,BEL,207415,Daniel Michalski,POL,6-4 7-5
2026LiegeChallenger,atp,2026-07-06,Clay,R16,202239,Florian Broska,GER,206904,Gauthier Onclin,BEL,5-7 7-6(5) 6-2
2026LiegeChallenger,atp,2026-07-06,Clay,R16,207732,Miguel Damas,ESP,211451,Gilles Arnaud Bailly,BEL,7-5 2-6 6-2
2026LiegeChallenger,atp,2026-07-06,Clay,R16,209911,Guy Den Ouden,NED,105948,Federico Coria,ARG,2-6 6-2 6-3
2026LiegeChallenger,atp,2026-07-06,Clay,R16,211504,Jack Loge,BEL,207664,Luca Staeheli,SUI,7-6(5) 3-6 6-2
2026LiegeChallenger,atp,2026-07-06,Clay,R16,211768,Manas Dhamne,IND,207491,Sandro Kopp,AUT,7-6(4) 7-6(5)
2026LiegeChallenger,atp,2026-07-06,Clay,R16,213149,Felix Balshaw,FRA,202475,Philip Henning,RSA,6-0 6-2
2026LiegeChallenger,atp,2026-07-06,Clay,R32,105841,Lorenzo Giustino,ITA,210447,Leo Raquillet,FRA,6-3 4-6 6-2
2026LiegeChallenger,atp,2026-07-06,Clay,R32,105948,Federico Coria,ARG,144972,Geoffrey Blancaneaux,FRA,7-6(4) 1-0 RET
2026LiegeChallenger,atp,2026-07-06,Clay,R32,106293,Kimmer Coppejans,BEL,207764,Ryan Nijboer,NED,6-3 6-1
2026LiegeChallenger,atp,2026-07-06,Clay,R32,202239,Florian Broska,GER,132999,Kai Wehnelt,GER,6-2 6-3
2026LiegeChallenger,atp,2026-07-06,Clay,R32,202475,Philip Henning,RSA,200188,Matteo Martineau,FRA,6-3 6-2
2026LiegeChallenger,atp,2026-07-06,Clay,R32,206904,Gauthier Onclin,BEL,210498,Gerard Campana Lee,KOR,4-6 6-2 6-2
2026LiegeChallenger,atp,2026-07-06,Clay,R32,207415,Daniel Michalski,POL,208046,Pedro Boscardin Dias,BRA,6-2 6-1
2026LiegeChallenger,atp,2026-07-06,Clay,R32,207491,Sandro Kopp,AUT,210558,Hynek Barton,CZE,6-4 6-2
2026LiegeChallenger,atp,2026-07-06,Clay,R32,207664,Luca Staeheli,SUI,207527,Buvaysar Gadamauri,BEL,1-6 4-1 RET
2026LiegeChallenger,atp,2026-07-06,Clay,R32,207732,Miguel Damas,ESP,210697,Harold Huens,BEL,6-0 6-4
2026LiegeChallenger,atp,2026-07-06,Clay,R32,209911,Guy Den Ouden,NED,202356,Tsung Hao Huang,TPE,6-2 6-2
2026LiegeChallenger,atp,2026-07-06,Clay,R32,211451,Gilles Arnaud Bailly,BEL,212749,Andres Santamarta Roig,ESP,5-7 6-4 7-5
2026LiegeChallenger,atp,2026-07-06,Clay,R32,211504,Jack Loge,BEL,209506,Francesco Forti,ITA,4-6 6-3 7-6(5)
2026LiegeChallenger,atp,2026-07-06,Clay,R32,211768,Manas Dhamne,IND,200672,Sergey Fomin,UZB,6-3 4-6 6-4
2026LiegeChallenger,atp,2026-07-06,Clay,R32,212598,Emilien Demanet,BEL,106172,Maxime Chazal,FRA,6-2 6-3
2026LiegeChallenger,atp,2026-07-06,Clay,R32,213149,Felix Balshaw,FRA,202199,Carlos Sanchez Jover,ESP,6-2 7-5
2026LiegeChallenger,atp,2026-07-06,Clay,SF,105841,Lorenzo Giustino,ITA,207732,Miguel Damas,ESP,7-6(3) 6-3
2026LiegeChallenger,atp,2026-07-06,Clay,SF,202239,Florian Broska,GER,106293,Kimmer Coppejans,BEL,6-3 6-2
2026NewportChallenger,atp,2026-07-06,Grass,F,207985,Jacob Fearnley,GBR,200443,Adam Walton,AUS,5-7 7-6(8) 6-4
2026NewportChallenger,atp,2026-07-06,Grass,Q1,105359,Jason Jung,TPE,211346,Andres Martin,USA,7-6(3) 3-6 6-4
2026NewportChallenger,atp,2026-07-06,Grass,Q1,105655,Hiroki Moriya,JPN,208025,Alex Martinez,ESP,6-4 7-6(1)
2026NewportChallenger,atp,2026-07-06,Grass,Q1,111578,Stefan Kozlov,USA,208854,Aidan Mayo,USA,7-6(3) 5-7 6-3
2026NewportChallenger,atp,2026-07-06,Grass,Q1,126206,Alex Rybakov,USA,126555,Tung Lin Wu,TPE,6-4 7-6(8)
2026NewportChallenger,atp,2026-07-06,Grass,Q1,135753,Patrick Maloney,USA,210340,Philip Sekulic,AUS,6-3 6-3
2026NewportChallenger,atp,2026-07-06,Grass,Q1,208143,Garrett Johns,USA,134329,Blake Ellis,AUS,6-4 6-3
2026NewportChallenger,atp,2026-07-06,Grass,Q1,208342,Tyler Zink,USA,212258,Adhithya Ganesan,USA,7-5 6-2
2026NewportChallenger,atp,2026-07-06,Grass,Q1,209088,Quinn Vandecasteele,USA,208389,James Trotter,JPN,6-7(6) 7-6(6) 6-3
2026NewportChallenger,atp,2026-07-06,Grass,Q1,210028,Ozan Baris,USA,111806,Fajing Sun,CHN,6-4 6-3
2026NewportChallenger,atp,2026-07-06,Grass,Q1,211627,Hayato Matsuoka,JPN,212859,Matisse Farzam,USA,6-4 6-3
2026NewportChallenger,atp,2026-07-06,Grass,Q1,212251,Daniel Milavsky,USA,201987,Masamichi Imamura,JPN,6-4 6-7(3) 6-1
2026NewportChallenger,atp,2026-07-06,Grass,Q2,105359,Jason Jung,TPE,105655,Hiroki Moriya,JPN,7-6(6) 7-6(3)
2026NewportChallenger,atp,2026-07-06,Grass,Q2,111578,Stefan Kozlov,USA,208143,Garrett Johns,USA,6-4 6-2
2026NewportChallenger,atp,2026-07-06,Grass,Q2,135753,Patrick Maloney,USA,211627,Hayato Matsuoka,JPN,6-3 6-4
2026NewportChallenger,atp,2026-07-06,Grass,Q2,208342,Tyler Zink,USA,210028,Ozan Baris,USA,7-6(2) 6-3
2026NewportChallenger,atp,2026-07-06,Grass,Q2,210318,Andre Ilagan,USA,126206,Alex Rybakov,USA,3-6 6-4 6-3
2026NewportChallenger,atp,2026-07-06,Grass,Q2,212251,Daniel Milavsky,USA,209088,Quinn Vandecasteele,USA,1-6 6-3 6-3
2026NewportChallenger,atp,2026-07-06,Grass,QF,200008,Alexis Galarneau,CAN,212251,Daniel Milavsky,USA,6-3 6-2
2026NewportChallenger,atp,2026-07-06,Grass,QF,200443,Adam Walton,AUS,210338,Arthur Gea,FRA,6-4 6-4
2026NewportChallenger,atp,2026-07-06,Grass,QF,207985,Jacob Fearnley,GBR,210464,Darwin Blanch,USA,6-3 6-3
2026NewportChallenger,atp,2026-07-06,Grass,QF,210506,Alex Michelsen,USA,106281,Liam Broady,GBR,6-3 7-6(6)
2026NewportChallenger,atp,2026-07-06,Grass,R16,106281,Liam Broady,GBR,210318,Andre Ilagan,USA,6-3 7-6(2)
2026NewportChallenger,atp,2026-07-06,Grass,R16,200008,Alexis Galarneau,CAN,105173,Adrian Mannarino,FRA,6-3 3-6 7-6(5)
2026NewportChallenger,atp,2026-07-06,Grass,R16,200443,Adam Walton,AUS,106071,Bernard Tomic,AUS,6-4 4-6 6-2
2026NewportChallenger,atp,2026-07-06,Grass,R16,207985,Jacob Fearnley,GBR,111578,Stefan Kozlov,USA,3-6 6-3 6-2
2026NewportChallenger,atp,2026-07-06,Grass,R16,210338,Arthur Gea,FRA,209262,Tristan Schoolkate,AUS,4-6 7-6(7) 7-5
2026NewportChallenger,atp,2026-07-06,Grass,R16,210464,Darwin Blanch,USA,208143,Garrett Johns,USA,5-7 6-3 6-3
2026NewportChallenger,atp,2026-07-06,Grass,R16,210506,Alex Michelsen,USA,105359,Jason Jung,TPE,6-1 6-3
2026NewportChallenger,atp,2026-07-06,Grass,R16,212251,Daniel Milavsky,USA,207352,Bu Yunchaokete,CHN,6-2 6-1
2026NewportChallenger,atp,2026-07-06,Grass,R32,105173,Adrian Mannarino,FRA,200329,Remy Bertola,SUI,6-2 6-1
2026NewportChallenger,atp,2026-07-06,Grass,R32,105359,Jason Jung,TPE,210317,James Mccabe,AUS,6-4 6-3
2026NewportChallenger,atp,2026-07-06,Grass,R32,106071,Bernard Tomic,AUS,211711,Braden Shick,USA,6-2 6-3
2026NewportChallenger,atp,2026-07-06,Grass,R32,106281,Liam Broady,GBR,126846,Aleksandar Vukic,AUS,7-6(4) 6-3
2026NewportChallenger,atp,2026-07-06,Grass,R32,111578,Stefan Kozlov,USA,200059,Yibing Wu,CHN,6-4 2-6 6-4
2026NewportChallenger,atp,2026-07-06,Grass,R32,200008,Alexis Galarneau,CAN,126663,Juan Pablo Ficovich,ARG,4-6 6-4 7-6(4)
2026NewportChallenger,atp,2026-07-06,Grass,R32,200443,Adam Walton,AUS,111456,Mackenzie Mcdonald,USA,6-1 6-3
2026NewportChallenger,atp,2026-07-06,Grass,R32,207352,Bu Yunchaokete,CHN,206750,Daniil Glinka,EST,6-4 6-4
2026NewportChallenger,atp,2026-07-06,Grass,R32,207985,Jacob Fearnley,GBR,210136,Mark Lajal,EST,7-5 3-6 6-1
2026NewportChallenger,atp,2026-07-06,Grass,R32,208143,Garrett Johns,USA,135753,Patrick Maloney,USA,3-6 6-3 6-4
2026NewportChallenger,atp,2026-07-06,Grass,R32,209262,Tristan Schoolkate,AUS,200416,August Holmgren,DEN,6-3 6-7(3) 6-3
2026NewportChallenger,atp,2026-07-06,Grass,R32,210318,Andre Ilagan,USA,200677,Rio Noguchi,JPN,7-5 3-6 6-3
2026NewportChallenger,atp,2026-07-06,Grass,R32,210338,Arthur Gea,FRA,208342,Tyler Zink,USA,6-2 6-3
2026NewportChallenger,atp,2026-07-06,Grass,R32,210464,Darwin Blanch,USA,209326,Murphy Cassone,USA,6-4 1-6 6-3
2026NewportChallenger,atp,2026-07-06,Grass,R32,210506,Alex Michelsen,USA,211627,Hayato Matsuoka,JPN,6-1 6-4
2026NewportChallenger,atp,2026-07-06,Grass,R32,212251,Daniel Milavsky,USA,111187,Kaichi Uchida,JPN,6-4 6-3
2026NewportChallenger,atp,2026-07-06,Grass,SF,200443,Adam Walton,AUS,210506,Alex Michelsen,USA,7-6(2) 6-4
2026NewportChallenger,atp,2026-07-06,Grass,SF,207985,Jacob Fearnley,GBR,200008,Alexis Galarneau,CAN,6-7(2) 6-3 6-4
2026Nottingham3Challenger,atp,2026-07-06,Grass,F,211902,Henry Searle,GBR,206889,Clement Chidekh,FRA,6-4 6-4
2026Nottingham3Challenger,atp,2026-07-06,Grass,Q1,111568,Michael Zhu,USA,210723,Liam Hignett,GBR,6-4 6-3
2026Nottingham3Challenger,atp,2026-07-06,Grass,Q1,126971,Marcus Walters,GBR,207331,Vladislav Melnic,ROU,6-3 7-6(10)
2026Nottingham3Challenger,atp,2026-07-06,Grass,Q1,129814,Ivan Ivanov,BUL,149843,Conor Gannon,IRL,6-4 6-3
2026Nottingham3Challenger,atp,2026-07-06,Grass,Q1,200050,Finn Bass,GBR,208302,Nikola Slavic,SWE,6-4 6-3
2026Nottingham3Challenger,atp,2026-07-06,Grass,Q1,202334,Jesse Delaney,AUS,149145,Matteo Covato,ITA,6-1 6-3
2026Nottingham3Challenger,atp,2026-07-06,Grass,Q1,202342,Ryan Seggerman,USA,209921,Ali Habib,GBR,6-4 6-2
2026Nottingham3Challenger,atp,2026-07-06,Grass,Q1,208382,Herman Hoeyeraal,NOR,210448,Phoenix Weir,GBR,6-2 6-1
2026Nottingham3Challenger,atp,2026-07-06,Grass,Q1,210099,Dinko Dinev,BUL,212059,Zach Stephens,GBR,6-7(10) 7-6(2) 6-4
2026Nottingham3Challenger,atp,2026-07-06,Grass,Q1,210494,Theo Papamalamis,FRA,144937,Nicolas Parizzia,SUI,7-5 6-3
2026Nottingham3Challenger,atp,2026-07-06,Grass,Q1,210522,William Jansen,GBR,208160,Sam Ryan Ziegann,AUS,6-1 6-2
2026Nottingham3Challenger,atp,2026-07-06,Grass,Q1,211394,Patrick Brady,GBR,208905,James Mackinlay,GBR,6-2 6-1
2026Nottingham3Challenger,atp,2026-07-06,Grass,Q1,211707,Amit Vales,ISR,212478,William Rejchtman Vinciguerra,SWE,7-6(6) 4-6 6-3
2026Nottingham3Challenger,atp,2026-07-06,Grass,Q2,126971,Marcus Walters,GBR,202334,Jesse Delaney,AUS,7-5 1-6 6-3
2026Nottingham3Challenger,atp,2026-07-06,Grass,Q2,129814,Ivan Ivanov,BUL,210099,Dinko Dinev,BUL,4-6 6-1 6-1
2026Nottingham3Challenger,atp,2026-07-06,Grass,Q2,208382,Herman Hoeyeraal,NOR,200050,Finn Bass,GBR,6-1 6-4
2026Nottingham3Challenger,atp,2026-07-06,Grass,Q2,210522,William Jansen,GBR,210494,Theo Papamalamis,FRA,6-7(6) 6-4 6-4
2026Nottingham3Challenger,atp,2026-07-06,Grass,Q2,211394,Patrick Brady,GBR,202342,Ryan Seggerman,USA,7-6(4) 6-3
2026Nottingham3Challenger,atp,2026-07-06,Grass,Q2,211707,Amit Vales,ISR,111568,Michael Zhu,USA,6-4 6-2
2026Nottingham3Challenger,atp,2026-07-06,Grass,QF,202400,Alastair Gray,GBR,212044,Yi Zhou,CHN,6-3 6-4
2026Nottingham3Challenger,atp,2026-07-06,Grass,QF,206889,Clement Chidekh,FRA,129814,Ivan Ivanov,BUL,6-2 6-2
2026Nottingham3Challenger,atp,2026-07-06,Grass,QF,209407,Max Basing,GBR,208269,Felix Gill,GBR,2-6 6-3 7-6(4)
2026Nottingham3Challenger,atp,2026-07-06,Grass,QF,211902,Henry Searle,GBR,208902,Johannus Monday,GBR,6-4 7-5
2026Nottingham3Challenger,atp,2026-07-06,Grass,R16,129814,Ivan Ivanov,BUL,210747,Lui Maxted,GBR,6-3 6-4
2026Nottingham3Challenger,atp,2026-07-06,Grass,R16,202400,Alastair Gray,GBR,211394,Patrick Brady,GBR,6-1 6-1
2026Nottingham3Challenger,atp,2026-07-06,Grass,R16,206889,Clement Chidekh,FRA,132744,Alberto Barroso Campos,ESP,6-3 6-3
2026Nottingham3Challenger,atp,2026-07-06,Grass,R16,208269,Felix Gill,GBR,210731,Filip Jeff Planinsek,SLO,6-1 6-3
2026Nottingham3Challenger,atp,2026-07-06,Grass,R16,208902,Johannus Monday,GBR,207907,Arda Azkara,TUR,6-3 6-2
2026Nottingham3Challenger,atp,2026-07-06,Grass,R16,209407,Max Basing,GBR,132573,Luca Castelnuovo,SUI,6-4 6-7(2) 6-3
2026Nottingham3Challenger,atp,2026-07-06,Grass,R16,211902,Henry Searle,GBR,211707,Amit Vales,ISR,6-3 6-2
2026Nottingham3Challenger,atp,2026-07-06,Grass,R16,212044,Yi Zhou,CHN,207893,Daniel De Jonge,NED,6-7(3) 6-1 6-1
2026Nottingham3Challenger,atp,2026-07-06,Grass,R32,129814,Ivan Ivanov,BUL,208253,Niels Visker,NED,7-6(3) 6-3
2026Nottingham3Challenger,atp,2026-07-06,Grass,R32,132573,Luca Castelnuovo,SUI,211324,Mitsuki Wei Kang Leong,MAS,7-6(4) 6-3
2026Nottingham3Challenger,atp,2026-07-06,Grass,R32,132744,Alberto Barroso Campos,ESP,211409,Guillaume Dalmasso,FRA,6-3 6-4
2026Nottingham3Challenger,atp,2026-07-06,Grass,R32,202400,Alastair Gray,GBR,208267,Oscar Weightman,GBR,6-2 6-4
2026Nottingham3Challenger,atp,2026-07-06,Grass,R32,206889,Clement Chidekh,FRA,126125,Maxime Janvier,FRA,4-6 6-4 6-3
2026Nottingham3Challenger,atp,2026-07-06,Grass,R32,207893,Daniel De Jonge,NED,209163,Emile Hudd,GBR,7-6(6) 6-4
2026Nottingham3Challenger,atp,2026-07-06,Grass,R32,207907,Arda Azkara,TUR,212839,Oliver Bonding,GBR,7-6(6) 6-3
2026Nottingham3Challenger,atp,2026-07-06,Grass,R32,208269,Felix Gill,GBR,210522,William Jansen,GBR,6-4 6-7(5) 6-4
2026Nottingham3Challenger,atp,2026-07-06,Grass,R32,208902,Johannus Monday,GBR,211758,Matthew Summers,GBR,6-3 6-3
2026Nottingham3Challenger,atp,2026-07-06,Grass,R32,209407,Max Basing,GBR,211542,Filippo Romano,ITA,0-6 6-3 7-6(5)
2026Nottingham3Challenger,atp,2026-07-06,Grass,R32,210731,Filip Jeff Planinsek,SLO,127108,Igor Ribeiro Marcondes,BRA,7-6(4) 6-3
2026Nottingham3Challenger,atp,2026-07-06,Grass,R32,210747,Lui Maxted,GBR,211577,Antoine Ghibaudo,FRA,6-3 6-1
2026Nottingham3Challenger,atp,2026-07-06,Grass,R32,211394,Patrick Brady,GBR,208382,Herman Hoeyeraal,NOR,6-3 7-5
2026Nottingham3Challenger,atp,2026-07-06,Grass,R32,211707,Amit Vales,ISR,126971,Marcus Walters,GBR,6-2 6-1
2026Nottingham3Challenger,atp,2026-07-06,Grass,R32,211902,Henry Searle,GBR,200452,Patrick Zahraj,GER,6-4 6-7(2) 6-3
2026Nottingham3Challenger,atp,2026-07-06,Grass,R32,212044,Yi Zhou,CHN,210714,Robin Catry,FRA,6-4 6-3
2026Nottingham3Challenger,atp,2026-07-06,Grass,SF,206889,Clement Chidekh,FRA,202400,Alastair Gray,GBR,7-5 6-3
2026Nottingham3Challenger,atp,2026-07-06,Grass,SF,211902,Henry Searle,GBR,209407,Max Basing,GBR,7-5 6-2
2026TriesteChallenger,atp,2026-07-06,Clay,F,106198,Hugo Dellien,BOL,212063,Matej Dodig,CRO,5-7 6-4 6-2
2026TriesteChallenger,atp,2026-07-06,Clay,Q1,106380,Gonzalo Villanueva,ARG,106075,Jozef Kovalik,SVK,7-6(5) 4-6 7-6(5)
2026TriesteChallenger,atp,2026-07-06,Clay,Q1,132831,Giovanni Oradini,ITA,214126,Matteo Sciahbasi,ITA,6-3 6-3
2026TriesteChallenger,atp,2026-07-06,Clay,Q1,133872,Enrico Dalla Valle,ITA,106262,Boris Arias,BOL,6-3 6-0
2026TriesteChallenger,atp,2026-07-06,Clay,Q1,144716,Oleg Prihodko,UKR,209164,Lorenzo Rottoli,ITA,6-3 7-6(4)
2026TriesteChallenger,atp,2026-07-06,Clay,Q1,148679,Henry Bernet,SUI,214078,Leonardo Iemmi,ITA,6-2 6-2
2026TriesteChallenger,atp,2026-07-06,Clay,Q1,200595,Lorenzo Bocchi,ITA,213120,Lorenzo Berto,ITA,6-2 7-5
2026TriesteChallenger,atp,2026-07-06,Clay,Q1,202378,Ignacio Carou,URU,210063,Matyas Cerny,CZE,1-6 6-3 6-2
2026TriesteChallenger,atp,2026-07-06,Clay,Q1,206553,Luca Potenza,ITA,149117,Lorenzo Angelini,ITA,6-4 3-6 6-4
2026TriesteChallenger,atp,2026-07-06,Clay,Q1,209264,Pietro Fellin,ITA,134087,Johannes Ingildsen,DEN,6-3 7-6(3)
2026TriesteChallenger,atp,2026-07-06,Clay,Q1,213927,Gabriele Crivellaro,ITA,200214,Alan Fernando Rubio Fierros,MEX,6-2 1-6 5-0 RET
2026TriesteChallenger,atp,2026-07-06,Clay,Q2,106380,Gonzalo Villanueva,ARG,200595,Lorenzo Bocchi,ITA,7-6(3) 6-1
2026TriesteChallenger,atp,2026-07-06,Clay,Q2,133872,Enrico Dalla Valle,ITA,202378,Ignacio Carou,URU,6-1 6-1
2026TriesteChallenger,atp,2026-07-06,Clay,Q2,144716,Oleg Prihodko,UKR,132831,Giovanni Oradini,ITA,6-4 3-6 7-5
2026TriesteChallenger,atp,2026-07-06,Clay,Q2,148679,Henry Bernet,SUI,105413,Andrej Martin,SVK,6-1 6-3
2026TriesteChallenger,atp,2026-07-06,Clay,Q2,206662,Georgii Kravchenko,UKR,213927,Gabriele Crivellaro,ITA,6-4 6-1
2026TriesteChallenger,atp,2026-07-06,Clay,Q2,209264,Pietro Fellin,ITA,206553,Luca Potenza,ITA,6-3 1-6 7-5
2026TriesteChallenger,atp,2026-07-06,Clay,QF,106198,Hugo Dellien,BOL,207663,Nikolas Sanchez Izquierdo,ESP,3-6 6-0 7-5
2026TriesteChallenger,atp,2026-07-06,Clay,QF,148679,Henry Bernet,SUI,210682,Federico Bondioli,ITA,2-6 7-6(8) 6-3
2026TriesteChallenger,atp,2026-07-06,Clay,QF,202260,Henri Squire,GER,209903,Lukas Neumayer,AUT,6-2 6-3
2026TriesteChallenger,atp,2026-07-06,Clay,QF,212063,Matej Dodig,CRO,134840,Raul Brancaccio,ITA,7-6(5) 6-1
2026TriesteChallenger,atp,2026-07-06,Clay,R16,106198,Hugo Dellien,BOL,200462,Andrea Guerrieri,ITA,6-1 6-2
2026TriesteChallenger,atp,2026-07-06,Clay,R16,134840,Raul Brancaccio,ITA,126504,Andrea Pellegrino,ITA,3-6 6-4 6-3
2026TriesteChallenger,atp,2026-07-06,Clay,R16,148679,Henry Bernet,SUI,144870,Federico Agustin Gomez,ARG,6-3 6-7(10) 6-3
2026TriesteChallenger,atp,2026-07-06,Clay,R16,202260,Henri Squire,GER,208859,Francesco Passaro,ITA,5-7 6-4 7-5
2026TriesteChallenger,atp,2026-07-06,Clay,R16,207663,Nikolas Sanchez Izquierdo,ESP,209875,Alex Barrena,ARG,6-4 6-3
2026TriesteChallenger,atp,2026-07-06,Clay,R16,209903,Lukas Neumayer,AUT,207815,Guido Ivan Justo,ARG,6-4 5-7 6-4
2026TriesteChallenger,atp,2026-07-06,Clay,R16,210682,Federico Bondioli,ITA,211617,Maxim Mrva,CZE,7-5 6-0
2026TriesteChallenger,atp,2026-07-06,Clay,R16,212063,Matej Dodig,CRO,212020,Michele Ribecai,ITA,4-6 7-5 6-4
2026TriesteChallenger,atp,2026-07-06,Clay,R32,106198,Hugo Dellien,BOL,212241,Carlo Alberto Caniato,ITA,6-3 7-5
2026TriesteChallenger,atp,2026-07-06,Clay,R32,126504,Andrea Pellegrino,ITA,208024,Max Alcala Gurri,ESP,6-3 6-4
2026TriesteChallenger,atp,2026-07-06,Clay,R32,134840,Raul Brancaccio,ITA,106162,Franco Agamenone,ITA,7-6(3) 3-6 6-3
2026TriesteChallenger,atp,2026-07-06,Clay,R32,144870,Federico Agustin Gomez,ARG,133872,Enrico Dalla Valle,ITA,6-4 4-6 6-4
2026TriesteChallenger,atp,2026-07-06,Clay,R32,148679,Henry Bernet,SUI,212305,Juan Cruz Martin Manzano,ITA,6-7(10) 6-4 6-3
2026TriesteChallenger,atp,2026-07-06,Clay,R32,200462,Andrea Guerrieri,ITA,106177,Oriol Roca Batalla,ESP,6-4 6-4
2026TriesteChallenger,atp,2026-07-06,Clay,R32,202260,Henri Squire,GER,208223,Alvaro Guillen Meza,ECU,7-6(5) 7-6(5)
2026TriesteChallenger,atp,2026-07-06,Clay,R32,207663,Nikolas Sanchez Izquierdo,ESP,210157,Dylan Dietrich,SUI,7-6(7) 2-6 6-3
2026TriesteChallenger,atp,2026-07-06,Clay,R32,207815,Guido Ivan Justo,ARG,206662,Georgii Kravchenko,UKR,6-4 6-0
2026TriesteChallenger,atp,2026-07-06,Clay,R32,208859,Francesco Passaro,ITA,209264,Pietro Fellin,ITA,6-3 3-1 RET
2026TriesteChallenger,atp,2026-07-06,Clay,R32,209875,Alex Barrena,ARG,144716,Oleg Prihodko,UKR,6-4 6-4
2026TriesteChallenger,atp,2026-07-06,Clay,R32,209903,Lukas Neumayer,AUT,210119,Andrej Nedic,BIH,6-4 6-3
2026TriesteChallenger,atp,2026-07-06,Clay,R32,210682,Federico Bondioli,ITA,212082,Joel Schwaerzler,AUT,3-6 6-3 7-5
2026TriesteChallenger,atp,2026-07-06,Clay,R32,211617,Maxim Mrva,CZE,106380,Gonzalo Villanueva,ARG,5-7 7-6(6) 6-4
2026TriesteChallenger,atp,2026-07-06,Clay,R32,212020,Michele Ribecai,ITA,208364,Franco Roncadelli,URU,6-3 6-3
2026TriesteChallenger,atp,2026-07-06,Clay,R32,212063,Matej Dodig,CRO,111576,Sumit Nagal,IND,6-2 6-4
2026TriesteChallenger,atp,2026-07-06,Clay,SF,106198,Hugo Dellien,BOL,148679,Henry Bernet,SUI,4-6 7-6(4) 6-4
2026TriesteChallenger,atp,2026-07-06,Clay,SF,212063,Matej Dodig,CRO,202260,Henri Squire,GER,6-4 3-6 6-3
2026WTABastad125,wta,2026-07-06,Clay,F,211651,Paula Badosa,ESP,215899,Simona Waltert,SUI,7-5 7-5
2026WTABastad125,wta,2026-07-06,Clay,QF,201709,Yulia Putintseva,KAZ,221257,Sinja Kraus,AUT,6-2 6-3
2026WTABastad125,wta,2026-07-06,Clay,QF,211651,Paula Badosa,ESP,201478,Varvara Lepchenko,USA,7-5 7-6(3)
2026WTABastad125,wta,2026-07-06,Clay,QF,215899,Simona Waltert,SUI,220742,Leyre Romero Gormaz,ESP,6-2 6-1
2026WTABastad125,wta,2026-07-06,Clay,QF,259733,Kaitlin Quevedo,ESP,213706,Irene Burillo Escorihuela,ESP,4-6 6-4 6-4
2026WTABastad125,wta,2026-07-06,Clay,R16,201478,Varvara Lepchenko,USA,211337,Tamara Korpatsch,GER,6-1 6-2
2026WTABastad125,wta,2026-07-06,Clay,R16,201709,Yulia Putintseva,KAZ,236957,Lola Radivojevic,SRB,6-4 7-5
2026WTABastad125,wta,2026-07-06,Clay,R16,211651,Paula Badosa,ESP,215306,Emiliana Arango,COL,6-3 6-2
2026WTABastad125,wta,2026-07-06,Clay,R16,213706,Irene Burillo Escorihuela,ESP,220416,Moyuka Uchijima,JPN,6-4 6-7(2) 7-5
2026WTABastad125,wta,2026-07-06,Clay,R16,215899,Simona Waltert,SUI,216186,Aneta Laboutkova,CZE,6-2 6-0
2026WTABastad125,wta,2026-07-06,Clay,R16,220742,Leyre Romero Gormaz,ESP,214480,Miriam Bianca Bulgaru,ROU,6-3 6-3
2026WTABastad125,wta,2026-07-06,Clay,R16,221257,Sinja Kraus,AUT,216385,Caijsa Wilda Hennemann,SWE,6-2 6-4
2026WTABastad125,wta,2026-07-06,Clay,R16,259733,Kaitlin Quevedo,ESP,211643,Kajsa Rinaldo Persson,SWE,7-6(5) 3-6 6-3
2026WTABastad125,wta,2026-07-06,Clay,R32,201478,Varvara Lepchenko,USA,221369,Lisa Zaar,SWE,6-4 4-6 7-6(1)
2026WTABastad125,wta,2026-07-06,Clay,R32,201709,Yulia Putintseva,KAZ,213657,Martha Matoula,GRE,7-6(3) 6-1
2026WTABastad125,wta,2026-07-06,Clay,R32,211337,Tamara Korpatsch,GER,259996,Linea Bajraliu,SWE,6-2 6-3
2026WTABastad125,wta,2026-07-06,Clay,R32,211643,Kajsa Rinaldo Persson,SWE,213646,Dalma Galfi,HUN,6-4 7-6(4)
2026WTABastad125,wta,2026-07-06,Clay,R32,211651,Paula Badosa,ESP,215453,Marina Bassols Ribera,ESP,6-3 6-2
2026WTABastad125,wta,2026-07-06,Clay,R32,213706,Irene Burillo Escorihuela,ESP,223333,Noma Noha Akugue,GER,7-5 2-6 6-2
2026WTABastad125,wta,2026-07-06,Clay,R32,214480,Miriam Bianca Bulgaru,ROU,211063,Valeriya Strakhova,UKR,6-2 6-2
2026WTABastad125,wta,2026-07-06,Clay,R32,215306,Emiliana Arango,COL,263909,Lea Nilsson,SWE,6-2 6-2
2026WTABastad125,wta,2026-07-06,Clay,R32,215899,Simona Waltert,SUI,203514,Katarzyna Kawa,POL,6-4 6-1
2026WTABastad125,wta,2026-07-06,Clay,R32,216186,Aneta Laboutkova,CZE,270311,Grace Bernstein,SWE,6-1 6-1
2026WTABastad125,wta,2026-07-06,Clay,R32,216385,Caijsa Wilda Hennemann,SWE,259966,June Bjork,SWE,6-2 6-3
2026WTABastad125,wta,2026-07-06,Clay,R32,220416,Moyuka Uchijima,JPN,220716,Oleksandra Oliynykova,UKR,5-7 6-2 7-5
2026WTABastad125,wta,2026-07-06,Clay,R32,220742,Leyre Romero Gormaz,ESP,221985,Darja Semenistaja,LAT,6-2 2-6 6-2
2026WTABastad125,wta,2026-07-06,Clay,R32,221257,Sinja Kraus,AUT,214906,Claire Liu,USA,7-5 6-0
2026WTABastad125,wta,2026-07-06,Clay,R32,236957,Lola Radivojevic,SRB,201621,Mona Barthel,GER,6-4 6-2
2026WTABastad125,wta,2026-07-06,Clay,R32,259733,Kaitlin Quevedo,ESP,260528,Tiana Tian Deng,SWE,6-2 6-3
2026WTABastad125,wta,2026-07-06,Clay,SF,211651,Paula Badosa,ESP,201709,Yulia Putintseva,KAZ,6-1 6-2
2026WTABastad125,wta,2026-07-06,Clay,SF,215899,Simona Waltert,SUI,259733,Kaitlin Quevedo,ESP,7-5 6-2
2026WTAContrexeville125,wta,2026-07-06,Clay,F,210886,Mayar Sherif,EGY,259871,Jeline Vandromme,BEL,3-6 7-6(0) 7-5
2026WTAContrexeville125,wta,2026-07-06,Clay,Q1,214189,Alicia Herrero Linana,ESP,266642,Dune Vaissaud,FRA,5-7 6-1 6-0
2026WTAContrexeville125,wta,2026-07-06,Clay,Q1,221157,Diana Martynov,FRA,215693,Michaela Bayerlova,CZE,6-4 6-1
2026WTAContrexeville125,wta,2026-07-06,Clay,Q1,221468,Lucie Nguyen Tan,FRA,211779,Yana Morderger,GER,6-0 6-2
2026WTAContrexeville125,wta,2026-07-06,Clay,Q1,221486,Amandine Monnot,FRA,222276,Jasmijn Gimbrere,NED,6-3 7-6(5)
2026WTAContrexeville125,wta,2026-07-06,Clay,Q1,222859,Maria Sara Popa,ROU,233742,Yaroslava Bartashevich,FRA,6-1 7-6(6)
2026WTAContrexeville125,wta,2026-07-06,Clay,Q1,235159,Astrid Lew Yan Foon,FRA,222273,Gina Marie Dittmann,GER,6-4 6-4
2026WTAContrexeville125,wta,2026-07-06,Clay,Q1,245077,Yelyzaveta Kotliar,UKR,211285,Tayisiya Morderger,GER,3-6 6-3 6-0
2026WTAContrexeville125,wta,2026-07-06,Clay,Q1,260185,Liv Boulard,FRA,221236,Polina Kudermetova,UZB,7-6(2) 6-4
2026WTAContrexeville125,wta,2026-07-06,Clay,Q2,214189,Alicia Herrero Linana,ESP,221468,Lucie Nguyen Tan,FRA,6-1 6-1
2026WTAContrexeville125,wta,2026-07-06,Clay,Q2,221157,Diana Martynov,FRA,235159,Astrid Lew Yan Foon,FRA,6-3 4-6 7-5
2026WTAContrexeville125,wta,2026-07-06,Clay,Q2,221486,Amandine Monnot,FRA,222859,Maria Sara Popa,ROU,7-5 7-6(5)
2026WTAContrexeville125,wta,2026-07-06,Clay,Q2,245077,Yelyzaveta Kotliar,UKR,260185,Liv Boulard,FRA,6-4 6-3
2026WTAContrexeville125,wta,2026-07-06,Clay,QF,206417,Leolia Jeanjean,FRA,220554,Alice Tubello,FRA,3-6 6-3 6-4
2026WTAContrexeville125,wta,2026-07-06,Clay,QF,210886,Mayar Sherif,EGY,214189,Alicia Herrero Linana,ESP,6-2 6-3
2026WTAContrexeville125,wta,2026-07-06,Clay,QF,215878,Aurora Zantedeschi,ITA,215020,Anna Blinkova,RUS,6-4 7-6(5)
2026WTAContrexeville125,wta,2026-07-06,Clay,QF,259871,Jeline Vandromme,BEL,221014,Francesca Curmi,MLT,6-3 6-0
2026WTAContrexeville125,wta,2026-07-06,Clay,R16,206417,Leolia Jeanjean,FRA,215936,Francesca Jones,GBR,1-6 6-4 7-5
2026WTAContrexeville125,wta,2026-07-06,Clay,R16,210886,Mayar Sherif,EGY,203281,Amandine Hesse,FRA,6-3 7-5
2026WTAContrexeville125,wta,2026-07-06,Clay,R16,214189,Alicia Herrero Linana,ESP,216262,Clara Burel,FRA,6-3 4-6 6-3
2026WTAContrexeville125,wta,2026-07-06,Clay,R16,215020,Anna Blinkova,RUS,214604,Maria Lourdes Carle,ARG,6-4 7-6(5)
2026WTAContrexeville125,wta,2026-07-06,Clay,R16,215878,Aurora Zantedeschi,ITA,221354,Lisa Pigato,ITA,6-2 5-5 RET
2026WTAContrexeville125,wta,2026-07-06,Clay,R16,220554,Alice Tubello,FRA,211344,Caroline Uebelhoer,GER,6-3 6-3
2026WTAContrexeville125,wta,2026-07-06,Clay,R16,221014,Francesca Curmi,MLT,214119,Rebeka Masarova,ESP,6-4 6-4
2026WTAContrexeville125,wta,2026-07-06,Clay,R16,259871,Jeline Vandromme,BEL,221407,Oksana Selekhmeteva,RUS,6-0 6-1
2026WTAContrexeville125,wta,2026-07-06,Clay,R32,203281,Amandine Hesse,FRA,223323,Barbora Palicova,CZE,6-4 6-2
2026WTAContrexeville125,wta,2026-07-06,Clay,R32,206417,Leolia Jeanjean,FRA,221486,Amandine Monnot,FRA,6-4 6-3
2026WTAContrexeville125,wta,2026-07-06,Clay,R32,210886,Mayar Sherif,EGY,236956,Yasmine Kabbaj,MAR,6-4 6-2
2026WTAContrexeville125,wta,2026-07-06,Clay,R32,211344,Caroline Uebelhoer,GER,222966,Dominika Salkova,CZE,6-1 7-5
2026WTAContrexeville125,wta,2026-07-06,Clay,R32,214119,Rebeka Masarova,ESP,211814,Julia Grabher,AUT,7-6(5) 4-6 7-5
2026WTAContrexeville125,wta,2026-07-06,Clay,R32,214189,Alicia Herrero Linana,ESP,220589,Elina Avanesyan,ARM,6-2 6-4
2026WTAContrexeville125,wta,2026-07-06,Clay,R32,214604,Maria Lourdes Carle,ARG,206007,Laura Pigossi,BRA,6-2 6-1
2026WTAContrexeville125,wta,2026-07-06,Clay,R32,215020,Anna Blinkova,RUS,222965,Erika Andreeva,RUS,7-6(4) 7-5
2026WTAContrexeville125,wta,2026-07-06,Clay,R32,215878,Aurora Zantedeschi,ITA,221039,Elsa Jacquemot,FRA,6-1 6-2
2026WTAContrexeville125,wta,2026-07-06,Clay,R32,215936,Francesca Jones,GBR,214254,Alice Rame,FRA,6-2 7-5
2026WTAContrexeville125,wta,2026-07-06,Clay,R32,216262,Clara Burel,FRA,238075,Petra Marcinko,CRO,6-7(3) 6-0 6-2
2026WTAContrexeville125,wta,2026-07-06,Clay,R32,220554,Alice Tubello,FRA,260913,Yufei Ren,CHN,2-6 7-5 6-4
2026WTAContrexeville125,wta,2026-07-06,Clay,R32,221014,Francesca Curmi,MLT,206219,Oceane Dodin,FRA,6-4 6-3
2026WTAContrexeville125,wta,2026-07-06,Clay,R32,221354,Lisa Pigato,ITA,214236,Angela Fita Boluda,ESP,6-1 1-6 7-6(7)
2026WTAContrexeville125,wta,2026-07-06,Clay,R32,221407,Oksana Selekhmeteva,RUS,245077,Yelyzaveta Kotliar,UKR,6-4 6-4
2026WTAContrexeville125,wta,2026-07-06,Clay,R32,259871,Jeline Vandromme,BEL,221157,Diana Martynov,FRA,6-3 6-3
2026WTAContrexeville125,wta,2026-07-06,Clay,SF,210886,Mayar Sherif,EGY,206417,Leolia Jeanjean,FRA,7-5 7-6(3)
2026WTAContrexeville125,wta,2026-07-06,Clay,SF,259871,Jeline Vandromme,BEL,215878,Aurora Zantedeschi,ITA,6-3 6-4
2026WTANewport125,wta,2026-07-06,Grass,F,213583,Tatjana Maria,GER,220465,Katie Volynets,USA,6-2 6-4
2026WTANewport125,wta,2026-07-06,Grass,QF,213583,Tatjana Maria,GER,214593,Lucrezia Stefanini,ITA,6-1 6-0
2026WTANewport125,wta,2026-07-06,Grass,QF,213889,Greet Minnen,BEL,201483,Madison Brengle,USA,7-5 6-0
2026WTANewport125,wta,2026-07-06,Grass,QF,216566,Mananchaya Sawangkaew,THA,223168,Mary Stoiana,USA,3-6 6-2 7-5
2026WTANewport125,wta,2026-07-06,Grass,QF,220465,Katie Volynets,USA,216097,Elizabeth Mandlik,USA,3-6 6-4 6-3
2026WTANewport125,wta,2026-07-06,Grass,R16,201483,Madison Brengle,USA,239436,Kayla Cross,CAN,6-3 6-1
2026WTANewport125,wta,2026-07-06,Grass,R16,213583,Tatjana Maria,GER,214684,Katherine Sebov,CAN,6-3 6-3
2026WTANewport125,wta,2026-07-06,Grass,R16,213889,Greet Minnen,BEL,221307,Darja Vidmanova,CZE,7-6(2) 4-6 6-1
2026WTANewport125,wta,2026-07-06,Grass,R16,214593,Lucrezia Stefanini,ITA,222189,Anna Sinclair Rogers,USA,6-2 6-1
2026WTANewport125,wta,2026-07-06,Grass,R16,216097,Elizabeth Mandlik,USA,222034,Reese Brantmeier,USA,6-3 4-6 6-2
2026WTANewport125,wta,2026-07-06,Grass,R16,216566,Mananchaya Sawangkaew,THA,221220,Lea Ma,USA,6-2 6-3
2026WTANewport125,wta,2026-07-06,Grass,R16,220465,Katie Volynets,USA,220891,Kylie Collins,USA,6-3 6-4
2026WTANewport125,wta,2026-07-06,Grass,R16,223168,Mary Stoiana,USA,213576,Iryna Shymanovich,BLR,3-6 6-2 6-3
2026WTANewport125,wta,2026-07-06,Grass,R32,201483,Madison Brengle,USA,204419,Ana Sofia Sanchez,MEX,7-5 6-3
2026WTANewport125,wta,2026-07-06,Grass,R32,213576,Iryna Shymanovich,BLR,260171,Hayu Kinoshita,JPN,6-3 6-2
2026WTANewport125,wta,2026-07-06,Grass,R32,213583,Tatjana Maria,GER,239386,Olivia Lincer,USA,6-3 6-2
2026WTANewport125,wta,2026-07-06,Grass,R32,213889,Greet Minnen,BEL,215614,Mei Yamaguchi,JPN,7-5 6-3
2026WTANewport125,wta,2026-07-06,Grass,R32,214593,Lucrezia Stefanini,ITA,203475,Carol Zhao,CAN,6-3 6-1
2026WTANewport125,wta,2026-07-06,Grass,R32,214684,Katherine Sebov,CAN,223335,Cadence Brace,CAN,6-2 6-2
2026WTANewport125,wta,2026-07-06,Grass,R32,216097,Elizabeth Mandlik,USA,215468,Momoko Kobori,JPN,6-1 6-4
2026WTANewport125,wta,2026-07-06,Grass,R32,216566,Mananchaya Sawangkaew,THA,214452,Caroline Dolehide,USA,6-3 6-4
2026WTANewport125,wta,2026-07-06,Grass,R32,220465,Katie Volynets,USA,220502,Ariana Arseneault,CAN,3-6 6-1 6-1
2026WTANewport125,wta,2026-07-06,Grass,R32,220891,Kylie Collins,USA,220673,Alana Smith,USA,6-4 6-4
2026WTANewport125,wta,2026-07-06,Grass,R32,221220,Lea Ma,USA,238064,Clervie Ngounoue,USA,6-4 6-6 RET
2026WTANewport125,wta,2026-07-06,Grass,R32,221307,Darja Vidmanova,CZE,258199,Carolyn Ansari,USA,6-3 6-1
2026WTANewport125,wta,2026-07-06,Grass,R32,222034,Reese Brantmeier,USA,203500,Sachia Vickery,USA,6-1 6-4
2026WTANewport125,wta,2026-07-06,Grass,R32,222189,Anna Sinclair Rogers,USA,246481,Sahaja Yamalapalli,IND,7-6(5) 6-4
2026WTANewport125,wta,2026-07-06,Grass,R32,223168,Mary Stoiana,USA,221512,Katrina Scott,USA,6-2 6-2
2026WTANewport125,wta,2026-07-06,Grass,R32,239436,Kayla Cross,CAN,259967,Sayaka Ishii,JPN,6-2 6-3
2026WTANewport125,wta,2026-07-06,Grass,SF,213583,Tatjana Maria,GER,216566,Mananchaya Sawangkaew,THA,6-2 6-1
2026WTANewport125,wta,2026-07-06,Grass,SF,220465,Katie Volynets,USA,213889,Greet Minnen,BEL,6-3 6-2
2026BunschotenChallenger,atp,2026-07-13,Clay,F,209911,Guy Den Ouden,NED,210167,Tom Gentzsch,GER,6-4 4-6 6-0
2026BunschotenChallenger,atp,2026-07-13,Clay,Q1,106187,Denis Yevseyev,KAZ,212606,Leonardo Borrelli,ITA,6-2 6-4
2026BunschotenChallenger,atp,2026-07-13,Clay,Q1,106220,Dimitar Kuzmanov,BUL,207893,Daniel De Jonge,NED,4-6 6-4 6-3
2026BunschotenChallenger,atp,2026-07-13,Clay,Q1,127123,Mateus Alves,BRA,209913,Fons Van Sambeek,NED,7-6(4) 6-1
2026BunschotenChallenger,atp,2026-07-13,Clay,Q1,144923,Louis Wessels,GER,212311,Stijn Paardekooper,NED,6-3 7-6(6)
2026BunschotenChallenger,atp,2026-07-13,Clay,Q1,202356,Tsung Hao Huang,TPE,133835,Gijs Brouwer,NED,6-2 6-1
2026BunschotenChallenger,atp,2026-07-13,Clay,Q1,207439,Dax Donders,NED,200484,Rudolf Molleker,GER,7-6(5) 4-6 6-3
2026BunschotenChallenger,atp,2026-07-13,Clay,Q1,207764,Ryan Nijboer,NED,211707,Amit Vales,ISR,6-4 6-4
2026BunschotenChallenger,atp,2026-07-13,Clay,Q1,210093,Sander Jong,NED,106172,Maxime Chazal,FRA,3-6 7-6(8) 6-4
2026BunschotenChallenger,atp,2026-07-13,Clay,Q1,210498,Gerard Campana Lee,KOR,121264,Oscar Jose Gutierrez,BRA,6-4 7-5
2026BunschotenChallenger,atp,2026-07-13,Clay,Q1,211524,Abel Forger,NED,207704,Alex Marti Pujolras,ESP,6-4 6-4
2026BunschotenChallenger,atp,2026-07-13,Clay,Q1,211618,Jan Kumstat,CZE,210447,Leo Raquillet,FRA,7-6(2) 6-4
2026BunschotenChallenger,atp,2026-07-13,Clay,Q1,213001,Mika Petkovic,GER,213045,Manvydas Balciunas,NED,6-4 6-2
2026BunschotenChallenger,atp,2026-07-13,Clay,Q2,144923,Louis Wessels,GER,207439,Dax Donders,NED,6-1 3-6 6-3
2026BunschotenChallenger,atp,2026-07-13,Clay,Q2,207764,Ryan Nijboer,NED,106220,Dimitar Kuzmanov,BUL,7-6(5) 6-3
2026BunschotenChallenger,atp,2026-07-13,Clay,Q2,210498,Gerard Campana Lee,KOR,106187,Denis Yevseyev,KAZ,6-3 6-0
2026BunschotenChallenger,atp,2026-07-13,Clay,Q2,211524,Abel Forger,NED,202356,Tsung Hao Huang,TPE,6-2 6-4
2026BunschotenChallenger,atp,2026-07-13,Clay,Q2,211618,Jan Kumstat,CZE,127123,Mateus Alves,BRA,6-3 6-3
2026BunschotenChallenger,atp,2026-07-13,Clay,Q2,213001,Mika Petkovic,GER,210093,Sander Jong,NED,7-6(5) 6-3
2026BunschotenChallenger,atp,2026-07-13,Clay,QF,106293,Kimmer Coppejans,BEL,123755,Daniel Elahi Galan,COL,6-2 6-1
2026BunschotenChallenger,atp,2026-07-13,Clay,QF,209911,Guy Den Ouden,NED,207764,Ryan Nijboer,NED,6-4 7-6(3)
2026BunschotenChallenger,atp,2026-07-13,Clay,QF,210167,Tom Gentzsch,GER,208069,Max Houkes,NED,3-6 7-6(4) 6-4
2026BunschotenChallenger,atp,2026-07-13,Clay,QF,211618,Jan Kumstat,CZE,212275,Thijs Boogaard,NED,6-1 6-1
2026BunschotenChallenger,atp,2026-07-13,Clay,R16,106293,Kimmer Coppejans,BEL,144923,Louis Wessels,GER,6-3 6-1
2026BunschotenChallenger,atp,2026-07-13,Clay,R16,123755,Daniel Elahi Galan,COL,211542,Filippo Romano,ITA,7-5 6-4
2026BunschotenChallenger,atp,2026-07-13,Clay,R16,207764,Ryan Nijboer,NED,208253,Niels Visker,NED,6-2 6-3
2026BunschotenChallenger,atp,2026-07-13,Clay,R16,208069,Max Houkes,NED,212268,Max Schoenhaus,GER,6-4 6-1
2026BunschotenChallenger,atp,2026-07-13,Clay,R16,209911,Guy Den Ouden,NED,210558,Hynek Barton,CZE,4-6 6-3 6-2
2026BunschotenChallenger,atp,2026-07-13,Clay,R16,210167,Tom Gentzsch,GER,213046,Pieter De Lange,NED,6-3 6-2
2026BunschotenChallenger,atp,2026-07-13,Clay,R16,211618,Jan Kumstat,CZE,202239,Florian Broska,GER,6-7(5) 6-4 6-4
2026BunschotenChallenger,atp,2026-07-13,Clay,R16,212275,Thijs Boogaard,NED,210498,Gerard Campana Lee,KOR,6-0 4-6 4-2 RET
2026BunschotenChallenger,atp,2026-07-13,Clay,R32,106293,Kimmer Coppejans,BEL,208046,Pedro Boscardin Dias,BRA,6-2 7-5
2026BunschotenChallenger,atp,2026-07-13,Clay,R32,123755,Daniel Elahi Galan,COL,211524,Abel Forger,NED,4-6 6-3 6-2
2026BunschotenChallenger,atp,2026-07-13,Clay,R32,144923,Louis Wessels,GER,126652,Jay Clarke,GBR,4-6 6-3 4-0 RET
2026BunschotenChallenger,atp,2026-07-13,Clay,R32,202239,Florian Broska,GER,209951,Petr Bar Biryukov,RUS,3-6 6-2 6-3
2026BunschotenChallenger,atp,2026-07-13,Clay,R32,207764,Ryan Nijboer,NED,209983,Mika Brunold,SUI,4-6 6-2 6-3
2026BunschotenChallenger,atp,2026-07-13,Clay,R32,208069,Max Houkes,NED,122554,David Jorda Sanchis,ESP,6-3 6-1
2026BunschotenChallenger,atp,2026-07-13,Clay,R32,208253,Niels Visker,NED,144642,Tomas Barrios Vera,CHI,6-4 6-4
2026BunschotenChallenger,atp,2026-07-13,Clay,R32,209911,Guy Den Ouden,NED,106187,Denis Yevseyev,KAZ,6-3 6-0
2026BunschotenChallenger,atp,2026-07-13,Clay,R32,210167,Tom Gentzsch,GER,213001,Mika Petkovic,GER,7-5 6-4
2026BunschotenChallenger,atp,2026-07-13,Clay,R32,210498,Gerard Campana Lee,KOR,200188,Matteo Martineau,FRA,6-4 6-4
2026BunschotenChallenger,atp,2026-07-13,Clay,R32,210558,Hynek Barton,CZE,206307,Joao Lucas Reis Da Silva,BRA,6-7(4) 6-2 6-4
2026BunschotenChallenger,atp,2026-07-13,Clay,R32,211542,Filippo Romano,ITA,211451,Gilles Arnaud Bailly,BEL,2-6 6-4 6-2
2026BunschotenChallenger,atp,2026-07-13,Clay,R32,211618,Jan Kumstat,CZE,202260,Henri Squire,GER,6-3 6-1
2026BunschotenChallenger,atp,2026-07-13,Clay,R32,212268,Max Schoenhaus,GER,212749,Andres Santamarta Roig,ESP,7-5 6-1
2026BunschotenChallenger,atp,2026-07-13,Clay,R32,212275,Thijs Boogaard,NED,206904,Gauthier Onclin,BEL,3-6 7-6(3) 6-4
2026BunschotenChallenger,atp,2026-07-13,Clay,R32,213046,Pieter De Lange,NED,126107,Michael Geerts,BEL,6-2 6-2
2026BunschotenChallenger,atp,2026-07-13,Clay,SF,209911,Guy Den Ouden,NED,106293,Kimmer Coppejans,BEL,6-2 7-6(3)
2026BunschotenChallenger,atp,2026-07-13,Clay,SF,210167,Tom Gentzsch,GER,211618,Jan Kumstat,CZE,7-5 6-4
2026CordenonsChallenger,atp,2026-07-13,Clay,F,208024,Max Alcala Gurri,ESP,210682,Federico Bondioli,ITA,6-2 6-0
2026CordenonsChallenger,atp,2026-07-13,Clay,Q1,106380,Gonzalo Villanueva,ARG,212071,Kasra Rahmani,IRI,3-6 6-1 1-0 RET
2026CordenonsChallenger,atp,2026-07-13,Clay,Q1,200538,Matyas Fuele,HUN,210223,Leonardo Rossi,ITA,7-5 7-6(4)
2026CordenonsChallenger,atp,2026-07-13,Clay,Q1,202369,Daniel Salazar Martinez,COL,206467,Federico Arnaboldi,ITA,3-6 6-3 6-2
2026CordenonsChallenger,atp,2026-07-13,Clay,Q1,206662,Georgii Kravchenko,UKR,210047,Lorenzo Lorusso,ITA,6-4 6-2
2026CordenonsChallenger,atp,2026-07-13,Clay,Q1,207407,Peter Makk,HUN,202334,Jesse Delaney,AUS,6-1 6-0
2026CordenonsChallenger,atp,2026-07-13,Clay,Q1,208240,Alexandr Binda,ITA,149152,Aaron Gil Garcia,LUX,7-5 6-3
2026CordenonsChallenger,atp,2026-07-13,Clay,Q1,209385,Samuel Vincent Ruggeri,ITA,126878,David Poljak,CZE,6-4 6-4
2026CordenonsChallenger,atp,2026-07-13,Clay,Q1,209506,Francesco Forti,ITA,210315,Pietro Pampanin,ITA,6-1 7-6(3)
2026CordenonsChallenger,atp,2026-07-13,Clay,Q1,209937,Giorgio Tabacco,ITA,210129,Samuele Pieri,ITA,7-5 6-4
2026CordenonsChallenger,atp,2026-07-13,Clay,Q1,210649,Giammarco Gandolfi,ITA,126125,Maxime Janvier,FRA,6-3 6-3
2026CordenonsChallenger,atp,2026-07-13,Clay,Q1,213927,Gabriele Crivellaro,ITA,209971,Michael Bassem Sobhy,EGY,6-4 7-5
2026CordenonsChallenger,atp,2026-07-13,Clay,Q2,106380,Gonzalo Villanueva,ARG,210649,Giammarco Gandolfi,ITA,6-0 6-3
2026CordenonsChallenger,atp,2026-07-13,Clay,Q2,144716,Oleg Prihodko,UKR,213927,Gabriele Crivellaro,ITA,6-4 6-1
2026CordenonsChallenger,atp,2026-07-13,Clay,Q2,200538,Matyas Fuele,HUN,208240,Alexandr Binda,ITA,7-6(3) 3-6 6-4
2026CordenonsChallenger,atp,2026-07-13,Clay,Q2,206662,Georgii Kravchenko,UKR,202369,Daniel Salazar Martinez,COL,6-1 4-6 6-3
2026CordenonsChallenger,atp,2026-07-13,Clay,Q2,207407,Peter Makk,HUN,209506,Francesco Forti,ITA,6-1 6-1
2026CordenonsChallenger,atp,2026-07-13,Clay,Q2,209937,Giorgio Tabacco,ITA,209385,Samuel Vincent Ruggeri,ITA,6-4 6-0
2026CordenonsChallenger,atp,2026-07-13,Clay,QF,106380,Gonzalo Villanueva,ARG,109303,Stefano Napolitano,ITA,6-3 7-6(2)
2026CordenonsChallenger,atp,2026-07-13,Clay,QF,200538,Matyas Fuele,HUN,106198,Hugo Dellien,BOL,2-6 6-3 6-4
2026CordenonsChallenger,atp,2026-07-13,Clay,QF,208024,Max Alcala Gurri,ESP,208364,Franco Roncadelli,URU,6-1 6-3
2026CordenonsChallenger,atp,2026-07-13,Clay,QF,210682,Federico Bondioli,ITA,111576,Sumit Nagal,IND,1-6 7-5 6-3
2026CordenonsChallenger,atp,2026-07-13,Clay,R16,106198,Hugo Dellien,BOL,133872,Enrico Dalla Valle,ITA,5-7 6-0 6-1
2026CordenonsChallenger,atp,2026-07-13,Clay,R16,106380,Gonzalo Villanueva,ARG,212305,Juan Cruz Martin Manzano,ITA,6-2 6-0
2026CordenonsChallenger,atp,2026-07-13,Clay,R16,109303,Stefano Napolitano,ITA,209875,Alex Barrena,ARG,6-4 3-6 7-6(2)
2026CordenonsChallenger,atp,2026-07-13,Clay,R16,111576,Sumit Nagal,IND,208913,Juan Bautista Torres,ARG,7-6(3) 6-2
2026CordenonsChallenger,atp,2026-07-13,Clay,R16,200538,Matyas Fuele,HUN,205734,Thiago Seyboth Wild,BRA,5-7 6-4 6-3
2026CordenonsChallenger,atp,2026-07-13,Clay,R16,208024,Max Alcala Gurri,ESP,149117,Lorenzo Angelini,ITA,6-4 6-2
2026CordenonsChallenger,atp,2026-07-13,Clay,R16,208364,Franco Roncadelli,URU,211617,Maxim Mrva,CZE,6-2 4-6 7-6(7)
2026CordenonsChallenger,atp,2026-07-13,Clay,R16,210682,Federico Bondioli,ITA,207815,Guido Ivan Justo,ARG,6-3 7-6(3)
2026CordenonsChallenger,atp,2026-07-13,Clay,R32,106198,Hugo Dellien,BOL,209354,Ioannis Xilas,GRE,6-2 6-3
2026CordenonsChallenger,atp,2026-07-13,Clay,R32,106380,Gonzalo Villanueva,ARG,212020,Michele Ribecai,ITA,6-1 6-2
2026CordenonsChallenger,atp,2026-07-13,Clay,R32,109303,Stefano Napolitano,ITA,213149,Felix Balshaw,FRA,6-1 4-6 6-1
2026CordenonsChallenger,atp,2026-07-13,Clay,R32,111576,Sumit Nagal,IND,206470,Cezar Cretu,ROU,6-2 6-4
2026CordenonsChallenger,atp,2026-07-13,Clay,R32,133872,Enrico Dalla Valle,ITA,210119,Andrej Nedic,BIH,6-3 6-4
2026CordenonsChallenger,atp,2026-07-13,Clay,R32,149117,Lorenzo Angelini,ITA,208540,Inaki Montes De La Torre,ESP,6-3 6-0
2026CordenonsChallenger,atp,2026-07-13,Clay,R32,200538,Matyas Fuele,HUN,144716,Oleg Prihodko,UKR,4-6 6-2 7-5
2026CordenonsChallenger,atp,2026-07-13,Clay,R32,205734,Thiago Seyboth Wild,BRA,207407,Peter Makk,HUN,2-6 6-3 7-5
2026CordenonsChallenger,atp,2026-07-13,Clay,R32,207815,Guido Ivan Justo,ARG,208819,Max Hans Rehberg,GER,6-3 6-4
2026CordenonsChallenger,atp,2026-07-13,Clay,R32,208024,Max Alcala Gurri,ESP,209937,Giorgio Tabacco,ITA,6-0 6-2
2026CordenonsChallenger,atp,2026-07-13,Clay,R32,208364,Franco Roncadelli,URU,105841,Lorenzo Giustino,ITA,2-6 6-2 6-1
2026CordenonsChallenger,atp,2026-07-13,Clay,R32,208913,Juan Bautista Torres,ARG,206662,Georgii Kravchenko,UKR,7-6(2) 6-3
2026CordenonsChallenger,atp,2026-07-13,Clay,R32,209875,Alex Barrena,ARG,106162,Franco Agamenone,ITA,6-7(4) 6-4 7-5
2026CordenonsChallenger,atp,2026-07-13,Clay,R32,210682,Federico Bondioli,ITA,208223,Alvaro Guillen Meza,ECU,6-7(7) 6-3 7-6(7)
2026CordenonsChallenger,atp,2026-07-13,Clay,R32,211617,Maxim Mrva,CZE,212241,Carlo Alberto Caniato,ITA,3-6 7-6(5) 6-4
2026CordenonsChallenger,atp,2026-07-13,Clay,R32,212305,Juan Cruz Martin Manzano,ITA,208004,Harold Mayot,FRA,6-4 6-3
2026CordenonsChallenger,atp,2026-07-13,Clay,SF,208024,Max Alcala Gurri,ESP,106380,Gonzalo Villanueva,ARG,4-6 7-5 6-2
2026CordenonsChallenger,atp,2026-07-13,Clay,SF,210682,Federico Bondioli,ITA,200538,Matyas Fuele,HUN,6-2 6-4
2026GranbyChallenger,atp,2026-07-13,Hard,F,126846,Aleksandar Vukic,AUS,210338,Arthur Gea,FRA,6-4 1-6 6-1
2026GranbyChallenger,atp,2026-07-13,Hard,Q1,126177,Strong Kirchheimer,USA,144731,Kody Pearson,AUS,6-4 6-1
2026GranbyChallenger,atp,2026-07-13,Hard,Q1,207202,Karl Poling,USA,208386,Matt Kuhar,USA,4-6 6-3 6-3
2026GranbyChallenger,atp,2026-07-13,Hard,Q1,208389,James Trotter,JPN,214450,Jared Horwood,CAN,6-3 7-5
2026GranbyChallenger,atp,2026-07-13,Hard,Q1,210121,Kokoro Isomura,JPN,209067,Hunter Heck,USA,0-6 6-4 6-1
2026GranbyChallenger,atp,2026-07-13,Hard,Q1,210399,Edward Winter,AUS,134490,Justin Roberts,BAH,7-6(5) 4-6 7-6(5)
2026GranbyChallenger,atp,2026-07-13,Hard,Q1,210726,Cesar Bouchelaghem,FRA,210672,Leo Vithoontien,JPN,6-3 7-5
2026GranbyChallenger,atp,2026-07-13,Hard,Q1,211409,Guillaume Dalmasso,FRA,213628,Volodymyr Gurenko,CAN,6-4 6-4
2026GranbyChallenger,atp,2026-07-13,Hard,Q1,211501,Kenta Miyoshi,JPN,210044,Bruno Kuzuhara,USA,6-4 7-6(6)
2026GranbyChallenger,atp,2026-07-13,Hard,Q1,212258,Adhithya Ganesan,USA,212525,Eloi Roux,CAN,6-3 6-1
2026GranbyChallenger,atp,2026-07-13,Hard,Q1,212259,Benjamin Thomas George,CAN,209246,Alan Magadan,MEX,7-5 1-6 6-3
2026GranbyChallenger,atp,2026-07-13,Hard,Q1,212300,Sasha Rozin,CAN,126337,Renta Tokuda,JPN,7-5 6-3
2026GranbyChallenger,atp,2026-07-13,Hard,Q1,212530,Mikael Arseneault,CAN,202297,Dan Martin,CAN,3-6 7-5 4-2 RET
2026GranbyChallenger,atp,2026-07-13,Hard,Q2,126177,Strong Kirchheimer,USA,210399,Edward Winter,AUS,6-3 7-6(2)
2026GranbyChallenger,atp,2026-07-13,Hard,Q2,208389,James Trotter,JPN,212259,Benjamin Thomas George,CAN,0-6 7-6(7) 6-4
2026GranbyChallenger,atp,2026-07-13,Hard,Q2,211409,Guillaume Dalmasso,FRA,212530,Mikael Arseneault,CAN,4-6 6-4 6-4
2026GranbyChallenger,atp,2026-07-13,Hard,Q2,211501,Kenta Miyoshi,JPN,207202,Karl Poling,USA,7-6(5) 5-7 7-5
2026GranbyChallenger,atp,2026-07-13,Hard,Q2,212258,Adhithya Ganesan,USA,210726,Cesar Bouchelaghem,FRA,2-6 6-2 7-5
2026GranbyChallenger,atp,2026-07-13,Hard,Q2,212300,Sasha Rozin,CAN,210121,Kokoro Isomura,JPN,7-6(6) 6-4
2026GranbyChallenger,atp,2026-07-13,Hard,QF,126846,Aleksandar Vukic,AUS,200008,Alexis Galarneau,CAN,7-6(2) 7-6(2)
2026GranbyChallenger,atp,2026-07-13,Hard,QF,200416,August Holmgren,DEN,207993,Justin Boulais,CAN,6-1 6-3
2026GranbyChallenger,atp,2026-07-13,Hard,QF,209326,Murphy Cassone,USA,210340,Philip Sekulic,AUS,6-2 6-1
2026GranbyChallenger,atp,2026-07-13,Hard,QF,210338,Arthur Gea,FRA,208119,Liam Draxl,CAN,7-6(5) 2-6 6-0
2026GranbyChallenger,atp,2026-07-13,Hard,R16,126846,Aleksandar Vukic,AUS,212531,Nicolas Arseneault,CAN,6-3 6-3
2026GranbyChallenger,atp,2026-07-13,Hard,R16,200008,Alexis Galarneau,CAN,208342,Tyler Zink,USA,6-1 5-7 7-6(2)
2026GranbyChallenger,atp,2026-07-13,Hard,R16,200416,August Holmgren,DEN,208854,Aidan Mayo,USA,7-6(4) 6-2
2026GranbyChallenger,atp,2026-07-13,Hard,R16,207993,Justin Boulais,CAN,202122,Yuta Shimizu,JPN,7-5 6-1
2026GranbyChallenger,atp,2026-07-13,Hard,R16,208119,Liam Draxl,CAN,212251,Daniel Milavsky,USA,7-5 6-1
2026GranbyChallenger,atp,2026-07-13,Hard,R16,209326,Murphy Cassone,USA,209080,Blaise Bicknell,JAM,6-7(7) 6-2 7-5
2026GranbyChallenger,atp,2026-07-13,Hard,R16,210338,Arthur Gea,FRA,211675,Keegan Rice,CAN,6-4 6-2
2026GranbyChallenger,atp,2026-07-13,Hard,R16,210340,Philip Sekulic,AUS,206750,Daniil Glinka,EST,6-1 1-6 6-3
2026GranbyChallenger,atp,2026-07-13,Hard,R32,126846,Aleksandar Vukic,AUS,106281,Liam Broady,GBR,6-4 5-7 7-6(4)
2026GranbyChallenger,atp,2026-07-13,Hard,R32,200008,Alexis Galarneau,CAN,111187,Kaichi Uchida,JPN,6-2 6-1
2026GranbyChallenger,atp,2026-07-13,Hard,R32,200416,August Holmgren,DEN,133297,Yosuke Watanuki,JPN,6-7(6) 6-4 7-5
2026GranbyChallenger,atp,2026-07-13,Hard,R32,202122,Yuta Shimizu,JPN,210221,Jay Dylan Hara Friend,JPN,6-2 4-6 6-2
2026GranbyChallenger,atp,2026-07-13,Hard,R32,206750,Daniil Glinka,EST,208143,Garrett Johns,USA,7-6(2) 6-3
2026GranbyChallenger,atp,2026-07-13,Hard,R32,207993,Justin Boulais,CAN,111190,Zhizhen Zhang,CHN,6-2 7-6(6)
2026GranbyChallenger,atp,2026-07-13,Hard,R32,208119,Liam Draxl,CAN,208389,James Trotter,JPN,1-6 6-3 6-3
2026GranbyChallenger,atp,2026-07-13,Hard,R32,208342,Tyler Zink,USA,212258,Adhithya Ganesan,USA,7-6(1) 6-7(5) 7-6(13)
2026GranbyChallenger,atp,2026-07-13,Hard,R32,208854,Aidan Mayo,USA,211409,Guillaume Dalmasso,FRA,6-4 6-4
2026GranbyChallenger,atp,2026-07-13,Hard,R32,209080,Blaise Bicknell,JAM,211501,Kenta Miyoshi,JPN,6-1 7-6(3)
2026GranbyChallenger,atp,2026-07-13,Hard,R32,209326,Murphy Cassone,USA,209262,Tristan Schoolkate,AUS,7-5 4-6 7-6(4)
2026GranbyChallenger,atp,2026-07-13,Hard,R32,210338,Arthur Gea,FRA,111806,Fajing Sun,CHN,6-2 6-3
2026GranbyChallenger,atp,2026-07-13,Hard,R32,210340,Philip Sekulic,AUS,126177,Strong Kirchheimer,USA,6-4 6-0
2026GranbyChallenger,atp,2026-07-13,Hard,R32,211675,Keegan Rice,CAN,212300,Sasha Rozin,CAN,7-6(5) 7-6(0)
2026GranbyChallenger,atp,2026-07-13,Hard,R32,212251,Daniel Milavsky,USA,211673,Duncan Chan,CAN,6-4 6-2
2026GranbyChallenger,atp,2026-07-13,Hard,R32,212531,Nicolas Arseneault,CAN,211346,Andres Martin,USA,6-2 6-7(4) 6-3
2026GranbyChallenger,atp,2026-07-13,Hard,SF,126846,Aleksandar Vukic,AUS,200416,August Holmgren,DEN,6-4 3-6 6-3
2026GranbyChallenger,atp,2026-07-13,Hard,SF,210338,Arthur Gea,FRA,209326,Murphy Cassone,USA,6-3 6-3
2026LincolnChallenger,atp,2026-07-13,Hard,F,106071,Bernard Tomic,AUS,210136,Mark Lajal,EST,4-6 7-6(4) 7-6(3)
2026LincolnChallenger,atp,2026-07-13,Hard,Q1,105655,Hiroki Moriya,JPN,209914,Andreja Petrovic,NOR,6-3 5-7 6-1
2026LincolnChallenger,atp,2026-07-13,Hard,Q1,126573,Thomas Fancutt,AUS,210744,Kaylan Bigun,USA,6-4 6-7(5) 6-2
2026LincolnChallenger,atp,2026-07-13,Hard,Q1,132052,Christian Langmo,USA,206895,Alex Kobelt,USA,7-6(6) 6-3
2026LincolnChallenger,atp,2026-07-13,Hard,Q1,200059,Yibing Wu,CHN,135753,Patrick Maloney,USA,7-6(4) 6-3
2026LincolnChallenger,atp,2026-07-13,Hard,Q1,200632,Evan Zhu,USA,208055,Ajeet Rai,NZL,7-5 7-5
2026LincolnChallenger,atp,2026-07-13,Hard,Q1,202290,Dhakshineswar Suresh,IND,208039,Ronald Hohmann,USA,7-6(3) 6-3
2026LincolnChallenger,atp,2026-07-13,Hard,Q1,208586,Joshua Sheehy,USA,213985,Kelly Giese,USA,6-3 6-2
2026LincolnChallenger,atp,2026-07-13,Hard,Q1,208844,Keshav Chopra,USA,209088,Quinn Vandecasteele,USA,7-6(5) 3-6 6-3
2026LincolnChallenger,atp,2026-07-13,Hard,Q1,209120,Yassine Dlimi,MAR,212405,Gavin Young,USA,7-5 6-3
2026LincolnChallenger,atp,2026-07-13,Hard,Q1,211727,Pavle Marinkov,AUS,213838,Ronit Karki,USA,6-4 6-2
2026LincolnChallenger,atp,2026-07-13,Hard,Q1,212733,Matthew Forbes,USA,200366,Olukayode Alafia Damina Ayeni,USA,6-3 6-4
2026LincolnChallenger,atp,2026-07-13,Hard,Q2,126573,Thomas Fancutt,AUS,105655,Hiroki Moriya,JPN,7-6(6) 4-6 6-1
2026LincolnChallenger,atp,2026-07-13,Hard,Q2,132052,Christian Langmo,USA,208586,Joshua Sheehy,USA,6-3 6-7(2) 7-5
2026LincolnChallenger,atp,2026-07-13,Hard,Q2,200059,Yibing Wu,CHN,211727,Pavle Marinkov,AUS,6-3 7-6(3)
2026LincolnChallenger,atp,2026-07-13,Hard,Q2,200632,Evan Zhu,USA,209120,Yassine Dlimi,MAR,7-6(4) 6-0
2026LincolnChallenger,atp,2026-07-13,Hard,Q2,202290,Dhakshineswar Suresh,IND,208844,Keshav Chopra,USA,6-3 6-4
2026LincolnChallenger,atp,2026-07-13,Hard,QF,106071,Bernard Tomic,AUS,212733,Matthew Forbes,USA,7-6(1) 6-3
2026LincolnChallenger,atp,2026-07-13,Hard,QF,207352,Bu Yunchaokete,CHN,212256,Colton Smith,USA,6-7(1) 6-3 6-4
2026LincolnChallenger,atp,2026-07-13,Hard,QF,210136,Mark Lajal,EST,200677,Rio Noguchi,JPN,6-4 6-4
2026LincolnChallenger,atp,2026-07-13,Hard,QF,212958,Spencer Johnson,USA,209409,Coleman Wong,HKG,6-3 7-6(2)
2026LincolnChallenger,atp,2026-07-13,Hard,R16,106071,Bernard Tomic,AUS,210317,James Mccabe,AUS,7-6(2) 6-4
2026LincolnChallenger,atp,2026-07-13,Hard,R16,200677,Rio Noguchi,JPN,202290,Dhakshineswar Suresh,IND,6-4 6-0
2026LincolnChallenger,atp,2026-07-13,Hard,R16,207352,Bu Yunchaokete,CHN,200059,Yibing Wu,CHN,6-4 6-4
2026LincolnChallenger,atp,2026-07-13,Hard,R16,209409,Coleman Wong,HKG,209394,Anton Shepp,NZL,7-5 7-6(5)
2026LincolnChallenger,atp,2026-07-13,Hard,R16,210136,Mark Lajal,EST,106283,Mitchell Krueger,USA,6-2 3-1 RET
2026LincolnChallenger,atp,2026-07-13,Hard,R16,212256,Colton Smith,USA,211627,Hayato Matsuoka,JPN,6-3 7-5
2026LincolnChallenger,atp,2026-07-13,Hard,R16,212733,Matthew Forbes,USA,200666,Jie Cui,CHN,6-7(3) 7-6(4) 6-3
2026LincolnChallenger,atp,2026-07-13,Hard,R16,212958,Spencer Johnson,USA,200670,J J Wolf,USA,6-2 6-4
2026LincolnChallenger,atp,2026-07-13,Hard,R32,106071,Bernard Tomic,AUS,210464,Darwin Blanch,USA,6-4 6-7(7) 6-3
2026LincolnChallenger,atp,2026-07-13,Hard,R32,106283,Mitchell Krueger,USA,208025,Alex Martinez,ESP,6-2 7-5
2026LincolnChallenger,atp,2026-07-13,Hard,R32,200059,Yibing Wu,CHN,132052,Christian Langmo,USA,6-1 6-4
2026LincolnChallenger,atp,2026-07-13,Hard,R32,200666,Jie Cui,CHN,126573,Thomas Fancutt,AUS,6-3 6-4
2026LincolnChallenger,atp,2026-07-13,Hard,R32,200670,J J Wolf,USA,208649,Andrew Fenty,USA,6-7(11) 4-1 RET
2026LincolnChallenger,atp,2026-07-13,Hard,R32,200677,Rio Noguchi,JPN,200277,Charles Broom,GBR,6-2 4-6 7-5
2026LincolnChallenger,atp,2026-07-13,Hard,R32,202290,Dhakshineswar Suresh,IND,121411,Moez Echargui,TUN,4-6 7-6(2) 7-6(4)
2026LincolnChallenger,atp,2026-07-13,Hard,R32,207352,Bu Yunchaokete,CHN,200632,Evan Zhu,USA,4-6 7-6(4) 7-6(8)
2026LincolnChallenger,atp,2026-07-13,Hard,R32,209394,Anton Shepp,NZL,213605,Jack Kennedy,USA,6-4 2-6 6-3
2026LincolnChallenger,atp,2026-07-13,Hard,R32,209409,Coleman Wong,HKG,126555,Tung Lin Wu,TPE,6-2 6-2
2026LincolnChallenger,atp,2026-07-13,Hard,R32,210136,Mark Lajal,EST,212216,Trevor Svajda,USA,5-7 7-6(5) 6-3
2026LincolnChallenger,atp,2026-07-13,Hard,R32,210317,James Mccabe,AUS,201987,Masamichi Imamura,JPN,6-4 7-6(6)
2026LincolnChallenger,atp,2026-07-13,Hard,R32,211627,Hayato Matsuoka,JPN,105655,Hiroki Moriya,JPN,7-5 6-3
2026LincolnChallenger,atp,2026-07-13,Hard,R32,212256,Colton Smith,USA,210318,Andre Ilagan,USA,4-6 6-3 7-6(5)
2026LincolnChallenger,atp,2026-07-13,Hard,R32,212733,Matthew Forbes,USA,210478,Sebastian Gorzny,USA,6-3 4-6 6-4
2026LincolnChallenger,atp,2026-07-13,Hard,R32,212958,Spencer Johnson,USA,200329,Remy Bertola,SUI,6-1 6-4
2026LincolnChallenger,atp,2026-07-13,Hard,SF,106071,Bernard Tomic,AUS,212958,Spencer Johnson,USA,6-7(5) 6-3 6-2
2026LincolnChallenger,atp,2026-07-13,Hard,SF,210136,Mark Lajal,EST,207352,Bu Yunchaokete,CHN,2-6 6-1 7-6(6)
2026PozoblancoChallenger,atp,2026-07-13,Hard,F,208210,Chris Rodesch,LUX,125802,Ilya Ivashka,BLR,6-4 2-6 7-6(5)
2026PozoblancoChallenger,atp,2026-07-13,Hard,Q1,207998,Takuya Kumasaka,JPN,210577,Alejandro Turriziani Alvarez,ESP,6-3 6-2
2026PozoblancoChallenger,atp,2026-07-13,Hard,Q1,208605,Mario Gonzalez Fernandez,ESP,133794,S D Prajwal Dev,IND,7-5 6-2
2026PozoblancoChallenger,atp,2026-07-13,Hard,Q1,210668,Massimo Giunta,ITA,132744,Alberto Barroso Campos,ESP,6-7(1) 6-3 6-3
2026PozoblancoChallenger,atp,2026-07-13,Hard,Q1,210721,Iliyan Radulov,BUL,212090,Sergio Callejon Hernando,ESP,6-2 6-2
2026PozoblancoChallenger,atp,2026-07-13,Hard,Q1,211324,Mitsuki Wei Kang Leong,MAS,207907,Arda Azkara,TUR,6-3 6-2
2026PozoblancoChallenger,atp,2026-07-13,Hard,Q1,212827,Bernardo Munk Mesa,ESP,208126,John Echeverria,ESP,3-6 7-6(4) 6-4
2026PozoblancoChallenger,atp,2026-07-13,Hard,Q1,212830,Samuel Alejandro Linde Palacios,COL,211898,Mae Malige,FRA,6-4 6-4
2026PozoblancoChallenger,atp,2026-07-13,Hard,Q1,212978,Izan Almazan Valiente,ESP,212831,Samuel Heredia,COL,1-6 6-4 6-1
2026PozoblancoChallenger,atp,2026-07-13,Hard,Q1,213760,Pavel Lagutin,RUS,208168,Nicolas Tepmahc,FRA,6-3 2-6 6-3
2026PozoblancoChallenger,atp,2026-07-13,Hard,Q2,125802,Ilya Ivashka,BLR,210721,Iliyan Radulov,BUL,6-4 6-4
2026PozoblancoChallenger,atp,2026-07-13,Hard,Q2,200297,Aziz Ouakaa,TUN,212830,Samuel Alejandro Linde Palacios,COL,6-3 6-0
2026PozoblancoChallenger,atp,2026-07-13,Hard,Q2,208158,Dominik Palan,CZE,208605,Mario Gonzalez Fernandez,ESP,6-4 6-4
2026PozoblancoChallenger,atp,2026-07-13,Hard,Q2,211324,Mitsuki Wei Kang Leong,MAS,212827,Bernardo Munk Mesa,ESP,3-6 6-4 6-2
2026PozoblancoChallenger,atp,2026-07-13,Hard,Q2,212978,Izan Almazan Valiente,ESP,210668,Massimo Giunta,ITA,6-3 7-5
2026PozoblancoChallenger,atp,2026-07-13,Hard,Q2,213760,Pavel Lagutin,RUS,207998,Takuya Kumasaka,JPN,6-3 6-1
2026PozoblancoChallenger,atp,2026-07-13,Hard,QF,117361,Akira Santillan,AUS,212978,Izan Almazan Valiente,ESP,7-6(5) 2-6 6-2
2026PozoblancoChallenger,atp,2026-07-13,Hard,QF,125802,Ilya Ivashka,BLR,200385,Dan Added,FRA,6-7(4) 6-1 6-3
2026PozoblancoChallenger,atp,2026-07-13,Hard,QF,208210,Chris Rodesch,LUX,200610,Oliver Crawford,GBR,5-7 7-6(3) 7-5
2026PozoblancoChallenger,atp,2026-07-13,Hard,QF,211500,Tiago Pereira,POR,211639,Alejo Sanchez Quilez,ESP,6-4 7-6(4)
2026PozoblancoChallenger,atp,2026-07-13,Hard,R16,117361,Akira Santillan,AUS,126409,Hugo Grenier,FRA,6-3 4-1 RET
2026PozoblancoChallenger,atp,2026-07-13,Hard,R16,125802,Ilya Ivashka,BLR,200297,Aziz Ouakaa,TUN,6-1 6-0
2026PozoblancoChallenger,atp,2026-07-13,Hard,R16,200385,Dan Added,FRA,211577,Antoine Ghibaudo,FRA,7-6(4) 3-6 6-3
2026PozoblancoChallenger,atp,2026-07-13,Hard,R16,200610,Oliver Crawford,GBR,129814,Ivan Ivanov,BUL,6-0 4-6 7-5
2026PozoblancoChallenger,atp,2026-07-13,Hard,R16,208210,Chris Rodesch,LUX,210531,Paul Inchauspe,FRA,6-1 7-6(4)
2026PozoblancoChallenger,atp,2026-07-13,Hard,R16,211500,Tiago Pereira,POR,212044,Yi Zhou,CHN,5-7 7-6(5) 6-3
2026PozoblancoChallenger,atp,2026-07-13,Hard,R16,211639,Alejo Sanchez Quilez,ESP,207129,Yanki Erel,TUR,6-4 6-2
2026PozoblancoChallenger,atp,2026-07-13,Hard,R16,212978,Izan Almazan Valiente,ESP,208158,Dominik Palan,CZE,7-5 6-3
2026PozoblancoChallenger,atp,2026-07-13,Hard,R32,117361,Akira Santillan,AUS,213075,Alejandro Lopez Escribano,ESP,3-6 6-1 6-2
2026PozoblancoChallenger,atp,2026-07-13,Hard,R32,125802,Ilya Ivashka,BLR,210382,Maximus Jones,THA,6-2 3-1 RET
2026PozoblancoChallenger,atp,2026-07-13,Hard,R32,126409,Hugo Grenier,FRA,207200,Cyril Vandermeersch,FRA,6-4 6-1
2026PozoblancoChallenger,atp,2026-07-13,Hard,R32,129814,Ivan Ivanov,BUL,210668,Massimo Giunta,ITA,7-6(5) 2-6 7-5
2026PozoblancoChallenger,atp,2026-07-13,Hard,R32,200297,Aziz Ouakaa,TUN,126663,Juan Pablo Ficovich,ARG,7-6(4) 4-6 6-4
2026PozoblancoChallenger,atp,2026-07-13,Hard,R32,200385,Dan Added,FRA,211324,Mitsuki Wei Kang Leong,MAS,6-4 7-6(5)
2026PozoblancoChallenger,atp,2026-07-13,Hard,R32,200610,Oliver Crawford,GBR,212966,Pablo Perez Navarro,ESP,6-4 6-3
2026PozoblancoChallenger,atp,2026-07-13,Hard,R32,207129,Yanki Erel,TUR,202146,Luka Pavlovic,FRA,7-6(6) 6-2
2026PozoblancoChallenger,atp,2026-07-13,Hard,R32,208158,Dominik Palan,CZE,134068,Vadym Ursu,UKR,6-4 7-5
2026PozoblancoChallenger,atp,2026-07-13,Hard,R32,208210,Chris Rodesch,LUX,207368,Mert Alkaya,TUR,7-6(9) 4-6 6-4
2026PozoblancoChallenger,atp,2026-07-13,Hard,R32,210531,Paul Inchauspe,FRA,207171,Hamish Stewart,GBR,3-6 6-3 6-4
2026PozoblancoChallenger,atp,2026-07-13,Hard,R32,211500,Tiago Pereira,POR,101495,Miguel Tobon,COL,6-4 6-7(7) 6-3
2026PozoblancoChallenger,atp,2026-07-13,Hard,R32,211577,Antoine Ghibaudo,FRA,132573,Luca Castelnuovo,SUI,7-5 6-4
2026PozoblancoChallenger,atp,2026-07-13,Hard,R32,211639,Alejo Sanchez Quilez,ESP,213760,Pavel Lagutin,RUS,6-3 6-4
2026PozoblancoChallenger,atp,2026-07-13,Hard,R32,212044,Yi Zhou,CHN,111578,Stefan Kozlov,USA,6-3 3-6 6-4
2026PozoblancoChallenger,atp,2026-07-13,Hard,R32,212978,Izan Almazan Valiente,ESP,202400,Alastair Gray,GBR,7-6(4) 6-2
2026PozoblancoChallenger,atp,2026-07-13,Hard,SF,125802,Ilya Ivashka,BLR,211500,Tiago Pereira,POR,7-6(5) 2-6 7-6(7)
2026PozoblancoChallenger,atp,2026-07-13,Hard,SF,208210,Chris Rodesch,LUX,117361,Akira Santillan,AUS,6-3 6-4
2026WTARome125,wta,2026-07-13,Clay,F,215936,Francesca Jones,GBR,214459,Lucia Bronzetti,ITA,6-3 6-1
2026WTARome125,wta,2026-07-13,Clay,QF,203354,Martina Trevisan,ITA,260664,Elizara Yaneva,BUL,4-6 6-2 6-2
2026WTARome125,wta,2026-07-13,Clay,QF,214459,Lucia Bronzetti,ITA,211328,Deborah Chiesa,ITA,2-6 6-3 6-2
2026WTARome125,wta,2026-07-13,Clay,QF,215572,Nuria Brancaccio,ITA,220699,Julia Riera,ARG,6-3 1-6 7-6(5)
2026WTARome125,wta,2026-07-13,Clay,QF,215936,Francesca Jones,GBR,223333,Noma Noha Akugue,GER,6-3 6-1
2026WTARome125,wta,2026-07-13,Clay,R16,203354,Martina Trevisan,ITA,215878,Aurora Zantedeschi,ITA,6-1 7-6(1)
2026WTARome125,wta,2026-07-13,Clay,R16,211328,Deborah Chiesa,ITA,236957,Lola Radivojevic,SRB,6-2 6-2
2026WTARome125,wta,2026-07-13,Clay,R16,214459,Lucia Bronzetti,ITA,267439,Teodora Kostovic,SRB,6-4 6-4
2026WTARome125,wta,2026-07-13,Clay,R16,215572,Nuria Brancaccio,ITA,220770,Eva Vedder,NED,6-1 6-2
2026WTARome125,wta,2026-07-13,Clay,R16,215936,Francesca Jones,GBR,223415,Federica Urgesi,ITA,2-6 6-4 6-1
2026WTARome125,wta,2026-07-13,Clay,R16,220699,Julia Riera,ARG,203575,Danka Kovinic,MNE,3-6 7-5 7-5
2026WTARome125,wta,2026-07-13,Clay,R16,223333,Noma Noha Akugue,GER,221178,Darya Astakhova,RUS,5-7 6-2 6-3
2026WTARome125,wta,2026-07-13,Clay,R16,260664,Elizara Yaneva,BUL,216139,Sofya Lansere,RUS,6-2 7-6(4)
2026WTARome125,wta,2026-07-13,Clay,R32,203354,Martina Trevisan,ITA,261972,Tyra Caterina Grant,ITA,6-0 6-3
2026WTARome125,wta,2026-07-13,Clay,R32,203575,Danka Kovinic,MNE,231625,Noemi Basiletti,ITA,6-2 1-6 6-4
2026WTARome125,wta,2026-07-13,Clay,R32,211328,Deborah Chiesa,ITA,211227,Lina Gjorcheska,MKD,6-7(1) 6-3 6-3
2026WTARome125,wta,2026-07-13,Clay,R32,214459,Lucia Bronzetti,ITA,220306,Alessandra Mazzola,ITA,7-5 6-1
2026WTARome125,wta,2026-07-13,Clay,R32,215572,Nuria Brancaccio,ITA,213620,Jessica Pieri,ITA,6-2 6-2
2026WTARome125,wta,2026-07-13,Clay,R32,215878,Aurora Zantedeschi,ITA,211539,Fiona Ferro,FRA,6-4 2-6 6-3
2026WTARome125,wta,2026-07-13,Clay,R32,215936,Francesca Jones,GBR,214919,Dalila Spiteri,ITA,1-6 6-1 6-0
2026WTARome125,wta,2026-07-13,Clay,R32,216139,Sofya Lansere,RUS,216116,Elena Malygina,EST,4-6 6-1 6-4
2026WTARome125,wta,2026-07-13,Clay,R32,220699,Julia Riera,ARG,221985,Darja Semenistaja,LAT,6-1 4-6 6-1
2026WTARome125,wta,2026-07-13,Clay,R32,220770,Eva Vedder,NED,256673,Francesca Pace,ITA,6-4 6-4
2026WTARome125,wta,2026-07-13,Clay,R32,221178,Darya Astakhova,RUS,211643,Kajsa Rinaldo Persson,SWE,6-3 6-1
2026WTARome125,wta,2026-07-13,Clay,R32,223333,Noma Noha Akugue,GER,214254,Alice Rame,FRA,6-1 7-5
2026WTARome125,wta,2026-07-13,Clay,R32,223415,Federica Urgesi,ITA,245077,Yelyzaveta Kotliar,UKR,6-3 6-0
2026WTARome125,wta,2026-07-13,Clay,R32,236957,Lola Radivojevic,SRB,260913,Yufei Ren,CHN,6-4 6-0
2026WTARome125,wta,2026-07-13,Clay,R32,260664,Elizara Yaneva,BUL,221407,Oksana Selekhmeteva,RUS,6-3 6-2
2026WTARome125,wta,2026-07-13,Clay,R32,267439,Teodora Kostovic,SRB,221411,Jennifer Ruggeri,ITA,6-2 6-3
2026WTARome125,wta,2026-07-13,Clay,SF,214459,Lucia Bronzetti,ITA,215572,Nuria Brancaccio,ITA,6-4 5-7 6-0
2026WTARome125,wta,2026-07-13,Clay,SF,215936,Francesca Jones,GBR,203354,Martina Trevisan,ITA,2-6 6-1 6-1
2026BloomfieldHillsChallenger,atp,2026-07-20,Hard,F,210506,Alex Michelsen,USA,207985,Jacob Fearnley,GBR,7-6(4) 6-3
2026BloomfieldHillsChallenger,atp,2026-07-20,Hard,Q1,105985,Darian King,BAR,212235,Noah Zamora,USA,6-1 7-5
2026BloomfieldHillsChallenger,atp,2026-07-20,Hard,Q1,111578,Stefan Kozlov,USA,210672,Leo Vithoontien,JPN,4-6 6-1 6-2
2026BloomfieldHillsChallenger,atp,2026-07-20,Hard,Q1,135753,Patrick Maloney,USA,105655,Hiroki Moriya,JPN,6-3 7-6(9)
2026BloomfieldHillsChallenger,atp,2026-07-20,Hard,Q1,200632,Evan Zhu,USA,209079,Samir Banerjee,USA,6-1 7-6(2)
2026BloomfieldHillsChallenger,atp,2026-07-20,Hard,Q1,201987,Masamichi Imamura,JPN,210370,James Tracy,USA,6-4 3-6 6-1
2026BloomfieldHillsChallenger,atp,2026-07-20,Hard,Q1,202290,Dhakshineswar Suresh,IND,207738,Brandon Perez,VEN,6-4 6-2
2026BloomfieldHillsChallenger,atp,2026-07-20,Hard,Q1,208854,Aidan Mayo,USA,132052,Christian Langmo,USA,4-6 7-5 6-2
2026BloomfieldHillsChallenger,atp,2026-07-20,Hard,Q1,210044,Bruno Kuzuhara,USA,209936,Lorenzo Claverie,ITA,4-6 6-4 7-6(6)
2026BloomfieldHillsChallenger,atp,2026-07-20,Hard,Q1,210478,Sebastian Gorzny,USA,209088,Quinn Vandecasteele,USA,6-3 7-6(8)
2026BloomfieldHillsChallenger,atp,2026-07-20,Hard,Q1,212405,Gavin Young,USA,210196,Richard Biagiotti,DEN,6-3 6-4
2026BloomfieldHillsChallenger,atp,2026-07-20,Hard,Q1,212837,Roger Pascual Ferra,ESP,208386,Matt Kuhar,USA,6-1 6-4
2026BloomfieldHillsChallenger,atp,2026-07-20,Hard,Q2,200632,Evan Zhu,USA,135753,Patrick Maloney,USA,4-6 6-3 6-2
2026BloomfieldHillsChallenger,atp,2026-07-20,Hard,Q2,201987,Masamichi Imamura,JPN,105985,Darian King,BAR,7-5 6-1
2026BloomfieldHillsChallenger,atp,2026-07-20,Hard,Q2,209246,Alan Magadan,MEX,208854,Aidan Mayo,USA,7-6(3) 3-6 7-6(4)
2026BloomfieldHillsChallenger,atp,2026-07-20,Hard,Q2,210044,Bruno Kuzuhara,USA,202290,Dhakshineswar Suresh,IND,6-7(5) 6-3 6-4
2026BloomfieldHillsChallenger,atp,2026-07-20,Hard,Q2,210478,Sebastian Gorzny,USA,212405,Gavin Young,USA,5-7 7-5 6-3
2026BloomfieldHillsChallenger,atp,2026-07-20,Hard,Q2,212837,Roger Pascual Ferra,ESP,111578,Stefan Kozlov,USA,6-4 6-4
2026BloomfieldHillsChallenger,atp,2026-07-20,Hard,QF,202290,Dhakshineswar Suresh,IND,211346,Andres Martin,USA,3-6 7-6(4) 7-6(6)
2026BloomfieldHillsChallenger,atp,2026-07-20,Hard,QF,207985,Jacob Fearnley,GBR,200670,J J Wolf,USA,7-6(5) 4-6 6-3
2026BloomfieldHillsChallenger,atp,2026-07-20,Hard,QF,210116,Michael Zheng,USA,200443,Adam Walton,AUS,4-6 7-6(4) 6-3
2026BloomfieldHillsChallenger,atp,2026-07-20,Hard,QF,210506,Alex Michelsen,USA,210136,Mark Lajal,EST,6-3 6-4
2026BloomfieldHillsChallenger,atp,2026-07-20,Hard,R16,200443,Adam Walton,AUS,106423,Thanasi Kokkinakis,AUS,2-6 6-3 7-6(3)
2026BloomfieldHillsChallenger,atp,2026-07-20,Hard,R16,200670,J J Wolf,USA,209409,Coleman Wong,HKG,6-3 7-5
2026BloomfieldHillsChallenger,atp,2026-07-20,Hard,R16,202290,Dhakshineswar Suresh,IND,127339,Borna Gojo,CRO,6-2 6-4
2026BloomfieldHillsChallenger,atp,2026-07-20,Hard,R16,207985,Jacob Fearnley,GBR,207729,Tristan Boyer,USA,6-4 6-4
2026BloomfieldHillsChallenger,atp,2026-07-20,Hard,R16,210116,Michael Zheng,USA,209246,Alan Magadan,MEX,7-5 6-3
2026BloomfieldHillsChallenger,atp,2026-07-20,Hard,R16,210136,Mark Lajal,EST,208010,Pablo Llamas Ruiz,ESP,6-2 4-6 7-6(5)
2026BloomfieldHillsChallenger,atp,2026-07-20,Hard,R16,210506,Alex Michelsen,USA,144750,Lloyd Harris,RSA,6-3 6-3
2026BloomfieldHillsChallenger,atp,2026-07-20,Hard,R16,211346,Andres Martin,USA,212837,Roger Pascual Ferra,ESP,6-3 1-6 6-3
2026BloomfieldHillsChallenger,atp,2026-07-20,Hard,R32,106423,Thanasi Kokkinakis,AUS,200632,Evan Zhu,USA,6-3 6-3
2026BloomfieldHillsChallenger,atp,2026-07-20,Hard,R32,127339,Borna Gojo,CRO,210478,Sebastian Gorzny,USA,6-2 6-2
2026BloomfieldHillsChallenger,atp,2026-07-20,Hard,R32,144750,Lloyd Harris,RSA,121411,Moez Echargui,TUN,6-4 6-4
2026BloomfieldHillsChallenger,atp,2026-07-20,Hard,R32,200443,Adam Walton,AUS,209080,Blaise Bicknell,JAM,3-6 6-1 3-1 RET
2026BloomfieldHillsChallenger,atp,2026-07-20,Hard,R32,200670,J J Wolf,USA,212256,Colton Smith,USA,7-6(1) 6-3
2026BloomfieldHillsChallenger,atp,2026-07-20,Hard,R32,202290,Dhakshineswar Suresh,IND,126129,Billy Harris,GBR,6-2 6-4
2026BloomfieldHillsChallenger,atp,2026-07-20,Hard,R32,207729,Tristan Boyer,USA,106071,Bernard Tomic,AUS,1-3 RET
2026BloomfieldHillsChallenger,atp,2026-07-20,Hard,R32,207985,Jacob Fearnley,GBR,200329,Remy Bertola,SUI,6-4 6-4
2026BloomfieldHillsChallenger,atp,2026-07-20,Hard,R32,208010,Pablo Llamas Ruiz,ESP,210044,Bruno Kuzuhara,USA,6-3 6-4
2026BloomfieldHillsChallenger,atp,2026-07-20,Hard,R32,209246,Alan Magadan,MEX,111578,Stefan Kozlov,USA,3-6 6-1 7-6(4)
2026BloomfieldHillsChallenger,atp,2026-07-20,Hard,R32,209409,Coleman Wong,HKG,212958,Spencer Johnson,USA,6-2 6-4
2026BloomfieldHillsChallenger,atp,2026-07-20,Hard,R32,210116,Michael Zheng,USA,209406,Abedallah Shelbayh,JOR,6-4 6-1
2026BloomfieldHillsChallenger,atp,2026-07-20,Hard,R32,210136,Mark Lajal,EST,210464,Darwin Blanch,USA,6-4 5-7 6-4
2026BloomfieldHillsChallenger,atp,2026-07-20,Hard,R32,210506,Alex Michelsen,USA,208854,Aidan Mayo,USA,6-3 6-7(4) 7-6(5)
2026BloomfieldHillsChallenger,atp,2026-07-20,Hard,R32,211346,Andres Martin,USA,208013,Dane Sweeny,AUS,4-6 6-3 7-6(6)
2026BloomfieldHillsChallenger,atp,2026-07-20,Hard,R32,212837,Roger Pascual Ferra,ESP,201987,Masamichi Imamura,JPN,6-1 6-1
2026BloomfieldHillsChallenger,atp,2026-07-20,Hard,SF,207985,Jacob Fearnley,GBR,210116,Michael Zheng,USA,6-3 6-4
2026BloomfieldHillsChallenger,atp,2026-07-20,Hard,SF,210506,Alex Michelsen,USA,202290,Dhakshineswar Suresh,IND,6-2 6-7(5) 6-2
2026SegoviaChallenger,atp,2026-07-20,Hard,F,202146,Luka Pavlovic,FRA,200188,Matteo Martineau,FRA,6-4 3-6 6-1
2026SegoviaChallenger,atp,2026-07-20,Hard,Q1,144970,Constantin Bittoun Kouzmine,FRA,211596,Yaroslav Demin,RUS,7-5 6-3
2026SegoviaChallenger,atp,2026-07-20,Hard,Q1,200014,Digvijaypratap Singh,IND,211628,Koki Matsuda,JPN,4-6 6-4 7-5
2026SegoviaChallenger,atp,2026-07-20,Hard,Q1,200297,Aziz Ouakaa,TUN,208297,Maxwell Mckennon,USA,6-2 6-2
2026SegoviaChallenger,atp,2026-07-20,Hard,Q1,202326,Ivan Marrero Curbelo,ESP,214154,Enrique Collar,ESP,6-4 6-3
2026SegoviaChallenger,atp,2026-07-20,Hard,Q1,207200,Cyril Vandermeersch,FRA,210721,Iliyan Radulov,BUL,6-3 6-2
2026SegoviaChallenger,atp,2026-07-20,Hard,Q1,207998,Takuya Kumasaka,JPN,213689,Asier Meneses Perny,ESP,6-2 6-4
2026SegoviaChallenger,atp,2026-07-20,Hard,Q1,208158,Dominik Palan,CZE,212827,Bernardo Munk Mesa,ESP,6-3 6-4
2026SegoviaChallenger,atp,2026-07-20,Hard,Q1,210668,Massimo Giunta,ITA,133794,S D Prajwal Dev,IND,6-4 7-6(4)
2026SegoviaChallenger,atp,2026-07-20,Hard,Q1,211324,Mitsuki Wei Kang Leong,MAS,132744,Alberto Barroso Campos,ESP,6-2 7-5
2026SegoviaChallenger,atp,2026-07-20,Hard,Q1,211651,Alexander Vasilev,BUL,132573,Luca Castelnuovo,SUI,6-4 6-2
2026SegoviaChallenger,atp,2026-07-20,Hard,Q1,212090,Sergio Callejon Hernando,ESP,208168,Nicolas Tepmahc,FRA,7-5 6-1
2026SegoviaChallenger,atp,2026-07-20,Hard,Q1,212831,Samuel Heredia,COL,208126,John Echeverria,ESP,6-4 7-6(3)
2026SegoviaChallenger,atp,2026-07-20,Hard,Q2,200014,Digvijaypratap Singh,IND,211651,Alexander Vasilev,BUL,6-3 3-6 6-1
2026SegoviaChallenger,atp,2026-07-20,Hard,Q2,202326,Ivan Marrero Curbelo,ESP,144970,Constantin Bittoun Kouzmine,FRA,2-6 7-6(8) 6-2
2026SegoviaChallenger,atp,2026-07-20,Hard,Q2,207200,Cyril Vandermeersch,FRA,200297,Aziz Ouakaa,TUN,6-3 6-1
2026SegoviaChallenger,atp,2026-07-20,Hard,Q2,207998,Takuya Kumasaka,JPN,212090,Sergio Callejon Hernando,ESP,6-3 7-6(1)
2026SegoviaChallenger,atp,2026-07-20,Hard,Q2,208158,Dominik Palan,CZE,211324,Mitsuki Wei Kang Leong,MAS,6-7(6) 6-4 7-5
2026SegoviaChallenger,atp,2026-07-20,Hard,Q2,210668,Massimo Giunta,ITA,212831,Samuel Heredia,COL,6-1 6-4
2026SegoviaChallenger,atp,2026-07-20,Hard,QF,200188,Matteo Martineau,FRA,207129,Yanki Erel,TUR,6-4 6-4
2026SegoviaChallenger,atp,2026-07-20,Hard,QF,200610,Oliver Crawford,GBR,208279,Alejandro Moro Canas,ESP,6-4 6-0
2026SegoviaChallenger,atp,2026-07-20,Hard,QF,202146,Luka Pavlovic,FRA,207368,Mert Alkaya,TUR,6-1 6-2
2026SegoviaChallenger,atp,2026-07-20,Hard,QF,202333,Keegan Smith,USA,210531,Paul Inchauspe,FRA,6-7(4) 7-6(2) 7-6(4)
2026SegoviaChallenger,atp,2026-07-20,Hard,R16,200188,Matteo Martineau,FRA,106380,Gonzalo Villanueva,ARG,6-3 7-6(6)
2026SegoviaChallenger,atp,2026-07-20,Hard,R16,200610,Oliver Crawford,GBR,211639,Alejo Sanchez Quilez,ESP,6-4 7-6(6)
2026SegoviaChallenger,atp,2026-07-20,Hard,R16,202146,Luka Pavlovic,FRA,212044,Yi Zhou,CHN,6-4 7-6(6)
2026SegoviaChallenger,atp,2026-07-20,Hard,R16,202333,Keegan Smith,USA,208605,Mario Gonzalez Fernandez,ESP,6-4 6-2
2026SegoviaChallenger,atp,2026-07-20,Hard,R16,207129,Yanki Erel,TUR,208158,Dominik Palan,CZE,3-6 7-6(11) 6-2
2026SegoviaChallenger,atp,2026-07-20,Hard,R16,207368,Mert Alkaya,TUR,117361,Akira Santillan,AUS,6-2 6-2
2026SegoviaChallenger,atp,2026-07-20,Hard,R16,208279,Alejandro Moro Canas,ESP,202326,Ivan Marrero Curbelo,ESP,6-3 6-4
2026SegoviaChallenger,atp,2026-07-20,Hard,R16,210531,Paul Inchauspe,FRA,202147,Florent Bax,FRA,7-5 6-3
2026SegoviaChallenger,atp,2026-07-20,Hard,R32,106380,Gonzalo Villanueva,ARG,125802,Ilya Ivashka,BLR,6-3 6-3
2026SegoviaChallenger,atp,2026-07-20,Hard,R32,117361,Akira Santillan,AUS,202400,Alastair Gray,GBR,2-6 6-2 6-3
2026SegoviaChallenger,atp,2026-07-20,Hard,R32,200188,Matteo Martineau,FRA,144970,Constantin Bittoun Kouzmine,FRA,6-4 6-3
2026SegoviaChallenger,atp,2026-07-20,Hard,R32,200610,Oliver Crawford,GBR,207704,Alex Marti Pujolras,ESP,6-3 6-4
2026SegoviaChallenger,atp,2026-07-20,Hard,R32,202146,Luka Pavlovic,FRA,207998,Takuya Kumasaka,JPN,3-6 6-1 6-2
2026SegoviaChallenger,atp,2026-07-20,Hard,R32,202147,Florent Bax,FRA,200385,Dan Added,FRA,6-2 6-1
2026SegoviaChallenger,atp,2026-07-20,Hard,R32,202326,Ivan Marrero Curbelo,ESP,106057,Facundo Mena,ARG,6-4 6-3
2026SegoviaChallenger,atp,2026-07-20,Hard,R32,202333,Keegan Smith,USA,200014,Digvijaypratap Singh,IND,7-6(4) 6-4
2026SegoviaChallenger,atp,2026-07-20,Hard,R32,207129,Yanki Erel,TUR,200672,Sergey Fomin,UZB,6-2 3-6 7-6(8)
2026SegoviaChallenger,atp,2026-07-20,Hard,R32,207368,Mert Alkaya,TUR,126663,Juan Pablo Ficovich,ARG,6-3 6-4
2026SegoviaChallenger,atp,2026-07-20,Hard,R32,208158,Dominik Palan,CZE,209407,Max Basing,GBR,3-6 6-3 6-4
2026SegoviaChallenger,atp,2026-07-20,Hard,R32,208279,Alejandro Moro Canas,ESP,210668,Massimo Giunta,ITA,7-6(4) 5-7 6-4
2026SegoviaChallenger,atp,2026-07-20,Hard,R32,208605,Mario Gonzalez Fernandez,ESP,101495,Miguel Tobon,COL,6-7(3) 6-3 7-6(2)
2026SegoviaChallenger,atp,2026-07-20,Hard,R32,210531,Paul Inchauspe,FRA,207200,Cyril Vandermeersch,FRA,6-1 3-0 RET
2026SegoviaChallenger,atp,2026-07-20,Hard,R32,211639,Alejo Sanchez Quilez,ESP,211577,Antoine Ghibaudo,FRA,6-3 6-3
2026SegoviaChallenger,atp,2026-07-20,Hard,R32,212044,Yi Zhou,CHN,126107,Michael Geerts,BEL,6-1 6-4
2026SegoviaChallenger,atp,2026-07-20,Hard,SF,200188,Matteo Martineau,FRA,200610,Oliver Crawford,GBR,6-3 5-7 7-6(4)
2026SegoviaChallenger,atp,2026-07-20,Hard,SF,202146,Luka Pavlovic,FRA,202333,Keegan Smith,USA,6-2 7-6(3)
2026TampereChallenger,atp,2026-07-20,Clay,F,212309,Diego Dedura Palomero,GER,202261,Otto Virtanen,FIN,6-3 6-7(3) 6-3
2026TampereChallenger,atp,2026-07-20,Clay,Q1,106220,Dimitar Kuzmanov,BUL,200457,Jannik Opitz,GER,7-5 6-2
2026TampereChallenger,atp,2026-07-20,Clay,Q1,126125,Maxime Janvier,FRA,211355,Oskar Brostrom Poulsen,DEN,7-5 7-6(4)
2026TampereChallenger,atp,2026-07-20,Clay,Q1,126609,Patrik Niklas Salminen,FIN,202398,Michael Vrbensky,CZE,7-6(2) 6-7(2) 6-4
2026TampereChallenger,atp,2026-07-20,Clay,Q1,127108,Igor Ribeiro Marcondes,BRA,213048,Alan Wazny,POL,7-5 4-6 6-0
2026TampereChallenger,atp,2026-07-20,Clay,Q1,144821,Genaro Alberto Olivieri,ARG,213127,Jeri Lassila,FIN,6-1 6-1
2026TampereChallenger,atp,2026-07-20,Clay,Q1,144923,Louis Wessels,GER,212478,William Rejchtman Vinciguerra,SWE,6-4 6-1
2026TampereChallenger,atp,2026-07-20,Clay,Q1,208253,Niels Visker,NED,209267,Vesa Ahti,FIN,6-3 4-6 6-4
2026TampereChallenger,atp,2026-07-20,Clay,Q1,209937,Giorgio Tabacco,ITA,209204,Iiro Vasa,FIN,6-2 6-2
2026TampereChallenger,atp,2026-07-20,Clay,Q1,210223,Leonardo Rossi,ITA,208855,Christopher Papa,USA,6-2 6-2
2026TampereChallenger,atp,2026-07-20,Clay,Q1,210505,Marcel Zielinski,POL,210328,Matt Ponchet,FRA,7-6(4) 7-6(3)
2026TampereChallenger,atp,2026-07-20,Clay,Q1,210602,Peetu Pohjola,FIN,206467,Federico Arnaboldi,ITA,1-6 6-4 6-2
2026TampereChallenger,atp,2026-07-20,Clay,Q1,213001,Mika Petkovic,GER,214053,Felix Alopaeus,FIN,6-4 6-2
2026TampereChallenger,atp,2026-07-20,Clay,Q2,106220,Dimitar Kuzmanov,BUL,126125,Maxime Janvier,FRA,6-0 6-1
2026TampereChallenger,atp,2026-07-20,Clay,Q2,127108,Igor Ribeiro Marcondes,BRA,210223,Leonardo Rossi,ITA,7-5 6-2
2026TampereChallenger,atp,2026-07-20,Clay,Q2,144821,Genaro Alberto Olivieri,ARG,210505,Marcel Zielinski,POL,6-2 6-2
2026TampereChallenger,atp,2026-07-20,Clay,Q2,144923,Louis Wessels,GER,210602,Peetu Pohjola,FIN,6-0 6-3
2026TampereChallenger,atp,2026-07-20,Clay,Q2,208253,Niels Visker,NED,126609,Patrik Niklas Salminen,FIN,6-3 7-6(5)
2026TampereChallenger,atp,2026-07-20,Clay,Q2,213001,Mika Petkovic,GER,209937,Giorgio Tabacco,ITA,7-6(1) 6-2
2026TampereChallenger,atp,2026-07-20,Clay,QF,202261,Otto Virtanen,FIN,202260,Henri Squire,GER,5-2 RET
2026TampereChallenger,atp,2026-07-20,Clay,QF,206904,Gauthier Onclin,BEL,210167,Tom Gentzsch,GER,6-2 6-7(5) 6-3
2026TampereChallenger,atp,2026-07-20,Clay,QF,209874,Maks Kasnikowski,POL,210558,Hynek Barton,CZE,5-7 6-4 7-5
2026TampereChallenger,atp,2026-07-20,Clay,QF,212309,Diego Dedura Palomero,GER,127108,Igor Ribeiro Marcondes,BRA,6-2 6-2
2026TampereChallenger,atp,2026-07-20,Clay,R16,127108,Igor Ribeiro Marcondes,BRA,209849,Sascha Gueymard Wayenburg,FRA,6-7(5) 7-6(2) 6-2
2026TampereChallenger,atp,2026-07-20,Clay,R16,202260,Henri Squire,GER,208364,Franco Roncadelli,URU,6-3 6-3
2026TampereChallenger,atp,2026-07-20,Clay,R16,202261,Otto Virtanen,FIN,106220,Dimitar Kuzmanov,BUL,6-4 6-2
2026TampereChallenger,atp,2026-07-20,Clay,R16,206904,Gauthier Onclin,BEL,208253,Niels Visker,NED,6-2 7-6(6)
2026TampereChallenger,atp,2026-07-20,Clay,R16,209874,Maks Kasnikowski,POL,144814,Eero Vasa,FIN,6-3 6-2
2026TampereChallenger,atp,2026-07-20,Clay,R16,210167,Tom Gentzsch,GER,210119,Andrej Nedic,BIH,4-6 6-2 6-0
2026TampereChallenger,atp,2026-07-20,Clay,R16,210558,Hynek Barton,CZE,211451,Gilles Arnaud Bailly,BEL,6-3 6-2
2026TampereChallenger,atp,2026-07-20,Clay,R16,212309,Diego Dedura Palomero,GER,207815,Guido Ivan Justo,ARG,6-4 6-2
2026TampereChallenger,atp,2026-07-20,Clay,R32,106220,Dimitar Kuzmanov,BUL,206307,Joao Lucas Reis Da Silva,BRA,6-1 6-2
2026TampereChallenger,atp,2026-07-20,Clay,R32,127108,Igor Ribeiro Marcondes,BRA,210631,Linus Lagerbohm,FIN,4-6 6-4 6-3
2026TampereChallenger,atp,2026-07-20,Clay,R32,144814,Eero Vasa,FIN,207663,Nikolas Sanchez Izquierdo,ESP,7-6(3) 4-6 6-0
2026TampereChallenger,atp,2026-07-20,Clay,R32,202260,Henri Squire,GER,213001,Mika Petkovic,GER,6-2 7-6(3)
2026TampereChallenger,atp,2026-07-20,Clay,R32,202261,Otto Virtanen,FIN,208046,Pedro Boscardin Dias,BRA,4-6 7-6(3) 6-3
2026TampereChallenger,atp,2026-07-20,Clay,R32,206904,Gauthier Onclin,BEL,207213,Duje Ajdukovic,CRO,7-6(13) 6-1
2026TampereChallenger,atp,2026-07-20,Clay,R32,207815,Guido Ivan Justo,ARG,144821,Genaro Alberto Olivieri,ARG,6-3 6-1
2026TampereChallenger,atp,2026-07-20,Clay,R32,208253,Niels Visker,NED,209875,Alex Barrena,ARG,6-2 6-3
2026TampereChallenger,atp,2026-07-20,Clay,R32,208364,Franco Roncadelli,URU,213619,Oskari Paldanius,FIN,7-5 7-6(5)
2026TampereChallenger,atp,2026-07-20,Clay,R32,209849,Sascha Gueymard Wayenburg,FRA,149282,Nicolai Budkov Kjaer,NOR,7-6(4) 6-3
2026TampereChallenger,atp,2026-07-20,Clay,R32,209874,Maks Kasnikowski,POL,144923,Louis Wessels,GER,6-2 6-1
2026TampereChallenger,atp,2026-07-20,Clay,R32,210119,Andrej Nedic,BIH,111576,Sumit Nagal,IND,6-1 7-6(2)
2026TampereChallenger,atp,2026-07-20,Clay,R32,210167,Tom Gentzsch,GER,209898,Dali Blanch,USA,6-7(3) 7-5 6-4
2026TampereChallenger,atp,2026-07-20,Clay,R32,210558,Hynek Barton,CZE,208540,Inaki Montes De La Torre,ESP,6-3 6-2
2026TampereChallenger,atp,2026-07-20,Clay,R32,211451,Gilles Arnaud Bailly,BEL,123755,Daniel Elahi Galan,COL,7-6(4) 6-2
2026TampereChallenger,atp,2026-07-20,Clay,R32,212309,Diego Dedura Palomero,GER,106044,Nicolas Kicker,ARG,6-4 6-4
2026TampereChallenger,atp,2026-07-20,Clay,SF,202261,Otto Virtanen,FIN,209874,Maks Kasnikowski,POL,6-2 6-2
2026TampereChallenger,atp,2026-07-20,Clay,SF,212309,Diego Dedura Palomero,GER,206904,Gauthier Onclin,BEL,6-2 2-6 7-6(2)
2026WTAPalermo125,wta,2026-07-20,Clay,F,215936,Francesca Jones,GBR,211539,Fiona Ferro,FRA,6-0 4-6 7-6(6)
2026WTAPalermo125,wta,2026-07-20,Clay,Q1,202688,Isabella Shinikova,BUL,213771,Rasheeda Mcadoo,USA,6-4 6-4
2026WTAPalermo125,wta,2026-07-20,Clay,Q1,210847,Miriana Tona,ITA,214919,Dalila Spiteri,ITA,W/O
2026WTAPalermo125,wta,2026-07-20,Clay,Q1,213779,Raluka Serban,CYP,264130,Anastasia Bertacchi,ITA,5-7 6-4 6-0
2026WTAPalermo125,wta,2026-07-20,Clay,Q1,216095,Mina Hodzic,GER,201399,Emily Webley Smith,GBR,6-2 6-1
2026WTAPalermo125,wta,2026-07-20,Clay,Q1,221004,Amarissa Kiara Toth,HUN,239156,Lucija Ciric Bagaric,CRO,W/O
2026WTAPalermo125,wta,2026-07-20,Clay,Q1,231625,Noemi Basiletti,ITA,221258,Laura Boehner,GER,6-2 6-2
2026WTAPalermo125,wta,2026-07-20,Clay,Q1,245077,Yelyzaveta Kotliar,UKR,223415,Federica Urgesi,ITA,W/O
2026WTAPalermo125,wta,2026-07-20,Clay,Q1,260913,Yufei Ren,CHN,270266,Carla Giambelli,ITA,5-7 6-4 6-3
2026WTAPalermo125,wta,2026-07-20,Clay,Q2,216095,Mina Hodzic,GER,245077,Yelyzaveta Kotliar,UKR,7-6(0) 7-6(6)
2026WTAPalermo125,wta,2026-07-20,Clay,Q2,221004,Amarissa Kiara Toth,HUN,213779,Raluka Serban,CYP,6-1 1-0 RET
2026WTAPalermo125,wta,2026-07-20,Clay,Q2,231625,Noemi Basiletti,ITA,202688,Isabella Shinikova,BUL,7-5 6-0
2026WTAPalermo125,wta,2026-07-20,Clay,Q2,260913,Yufei Ren,CHN,210847,Miriana Tona,ITA,6-0 6-3
2026WTAPalermo125,wta,2026-07-20,Clay,QF,211539,Fiona Ferro,FRA,216095,Mina Hodzic,GER,6-2 6-0
2026WTAPalermo125,wta,2026-07-20,Clay,QF,214459,Lucia Bronzetti,ITA,236956,Yasmine Kabbaj,MAR,6-3 2-6 6-0
2026WTAPalermo125,wta,2026-07-20,Clay,QF,215936,Francesca Jones,GBR,221411,Jennifer Ruggeri,ITA,4-6 6-3 6-2
2026WTAPalermo125,wta,2026-07-20,Clay,QF,260581,Alevtina Ibragimova,RUS,216262,Clara Burel,FRA,3-6 7-6(5) 6-4
2026WTAPalermo125,wta,2026-07-20,Clay,R16,211539,Fiona Ferro,FRA,222965,Erika Andreeva,RUS,6-4 6-3
2026WTAPalermo125,wta,2026-07-20,Clay,R16,214459,Lucia Bronzetti,ITA,214919,Dalila Spiteri,ITA,6-4 6-4
2026WTAPalermo125,wta,2026-07-20,Clay,R16,215936,Francesca Jones,GBR,214480,Miriam Bianca Bulgaru,ROU,6-3 6-2
2026WTAPalermo125,wta,2026-07-20,Clay,R16,216095,Mina Hodzic,GER,231625,Noemi Basiletti,ITA,6-3 2-6 6-2
2026WTAPalermo125,wta,2026-07-20,Clay,R16,216262,Clara Burel,FRA,223415,Federica Urgesi,ITA,W/O
2026WTAPalermo125,wta,2026-07-20,Clay,R16,221411,Jennifer Ruggeri,ITA,236957,Lola Radivojevic,SRB,7-5 4-6 6-4
2026WTAPalermo125,wta,2026-07-20,Clay,R16,236956,Yasmine Kabbaj,MAR,202493,Ekaterine Gorgodze,GEO,7-5 6-2
2026WTAPalermo125,wta,2026-07-20,Clay,R16,260581,Alevtina Ibragimova,RUS,214254,Alice Rame,FRA,6-0 6-4
2026WTAPalermo125,wta,2026-07-20,Clay,R32,202493,Ekaterine Gorgodze,GEO,221213,Ane Mintegi Del Olmo,ESP,7-6(3) 3-6 7-6(2)
2026WTAPalermo125,wta,2026-07-20,Clay,R32,211539,Fiona Ferro,FRA,260913,Yufei Ren,CHN,6-2 6-3
2026WTAPalermo125,wta,2026-07-20,Clay,R32,214254,Alice Rame,FRA,221073,Anastasia Tikhonova,RUS,6-1 6-2
2026WTAPalermo125,wta,2026-07-20,Clay,R32,214459,Lucia Bronzetti,ITA,270265,Ilary Pistola,ITA,6-1 6-4
2026WTAPalermo125,wta,2026-07-20,Clay,R32,214480,Miriam Bianca Bulgaru,ROU,216385,Caijsa Wilda Hennemann,SWE,3-6 6-1 6-2
2026WTAPalermo125,wta,2026-07-20,Clay,R32,214919,Dalila Spiteri,ITA,220306,Alessandra Mazzola,ITA,7-6(1) 6-3
2026WTAPalermo125,wta,2026-07-20,Clay,R32,215936,Francesca Jones,GBR,221178,Darya Astakhova,RUS,6-3 6-2
2026WTAPalermo125,wta,2026-07-20,Clay,R32,216095,Mina Hodzic,GER,211344,Caroline Uebelhoer,GER,6-4 4-6 6-2
2026WTAPalermo125,wta,2026-07-20,Clay,R32,216262,Clara Burel,FRA,221031,Anastasia Abbagnato,ITA,6-2 6-1
2026WTAPalermo125,wta,2026-07-20,Clay,R32,221411,Jennifer Ruggeri,ITA,221004,Amarissa Kiara Toth,HUN,3-6 6-3 6-4
2026WTAPalermo125,wta,2026-07-20,Clay,R32,222965,Erika Andreeva,RUS,211227,Lina Gjorcheska,MKD,6-2 6-0
2026WTAPalermo125,wta,2026-07-20,Clay,R32,223415,Federica Urgesi,ITA,260664,Elizara Yaneva,BUL,5-7 7-6(2) 6-1
2026WTAPalermo125,wta,2026-07-20,Clay,R32,231625,Noemi Basiletti,ITA,213779,Raluka Serban,CYP,6-4 6-1
2026WTAPalermo125,wta,2026-07-20,Clay,R32,236956,Yasmine Kabbaj,MAR,211328,Deborah Chiesa,ITA,6-4 6-1
2026WTAPalermo125,wta,2026-07-20,Clay,R32,236957,Lola Radivojevic,SRB,216139,Sofya Lansere,RUS,6-1 3-6 6-1
2026WTAPalermo125,wta,2026-07-20,Clay,R32,260581,Alevtina Ibragimova,RUS,214461,Tamara Zidansek,SLO,3-6 6-4 6-3
2026WTAPalermo125,wta,2026-07-20,Clay,SF,211539,Fiona Ferro,FRA,214459,Lucia Bronzetti,ITA,6-2 6-3
2026WTAPalermo125,wta,2026-07-20,Clay,SF,215936,Francesca Jones,GBR,260581,Alevtina Ibragimova,RUS,6-3 6-4
2026WinnipegChallenger,atp,2026-07-20,Hard,F,210389,Toby Samuel,GBR,208119,Liam Draxl,CAN,6-4 6-2
2026WinnipegChallenger,atp,2026-07-20,Hard,Q1,126337,Renta Tokuda,JPN,211501,Kenta Miyoshi,JPN,6-7(7) 6-3 6-2
2026WinnipegChallenger,atp,2026-07-20,Hard,Q1,208143,Garrett Johns,USA,212259,Benjamin Thomas George,CAN,4-6 6-4 6-2
2026WinnipegChallenger,atp,2026-07-20,Hard,Q1,208389,James Trotter,JPN,211409,Guillaume Dalmasso,FRA,6-3 6-4
2026WinnipegChallenger,atp,2026-07-20,Hard,Q1,209140,Millen Hurrion,GBR,210744,Kaylan Bigun,USA,6-4 7-5
2026WinnipegChallenger,atp,2026-07-20,Hard,Q1,209394,Anton Shepp,NZL,212300,Sasha Rozin,CAN,6-4 3-6 6-2
2026WinnipegChallenger,atp,2026-07-20,Hard,Q1,210121,Kokoro Isomura,JPN,202346,Ben Jones,GBR,4-6 6-4 7-6(3)
2026WinnipegChallenger,atp,2026-07-20,Hard,Q1,210399,Edward Winter,AUS,208586,Joshua Sheehy,USA,4-6 6-3 6-0
2026WinnipegChallenger,atp,2026-07-20,Hard,Q1,211673,Duncan Chan,CAN,200366,Olukayode Alafia Damina Ayeni,USA,6-3 6-4
2026WinnipegChallenger,atp,2026-07-20,Hard,Q1,212174,Enzo Aguiard,AUS,126177,Strong Kirchheimer,USA,3-6 7-6(1) 6-2
2026WinnipegChallenger,atp,2026-07-20,Hard,Q1,212251,Daniel Milavsky,USA,126573,Thomas Fancutt,AUS,6-4 3-6 7-5
2026WinnipegChallenger,atp,2026-07-20,Hard,Q1,212530,Mikael Arseneault,CAN,211727,Pavle Marinkov,AUS,6-3 6-4
2026WinnipegChallenger,atp,2026-07-20,Hard,Q2,208143,Garrett Johns,USA,212174,Enzo Aguiard,AUS,6-4 6-7(2) 6-4
2026WinnipegChallenger,atp,2026-07-20,Hard,Q2,208389,James Trotter,JPN,210121,Kokoro Isomura,JPN,6-1 6-0
2026WinnipegChallenger,atp,2026-07-20,Hard,Q2,209140,Millen Hurrion,GBR,126337,Renta Tokuda,JPN,7-5 6-1
2026WinnipegChallenger,atp,2026-07-20,Hard,Q2,211673,Duncan Chan,CAN,210726,Cesar Bouchelaghem,FRA,3-6 7-6(2) 6-3
2026WinnipegChallenger,atp,2026-07-20,Hard,Q2,212251,Daniel Milavsky,USA,209394,Anton Shepp,NZL,6-3 6-1
2026WinnipegChallenger,atp,2026-07-20,Hard,Q2,212530,Mikael Arseneault,CAN,210399,Edward Winter,AUS,7-6(2) 4-6 6-1
2026WinnipegChallenger,atp,2026-07-20,Hard,QF,200277,Charles Broom,GBR,200677,Rio Noguchi,JPN,6-2 6-4
2026WinnipegChallenger,atp,2026-07-20,Hard,QF,208119,Liam Draxl,CAN,206889,Clement Chidekh,FRA,7-6(6) 6-4
2026WinnipegChallenger,atp,2026-07-20,Hard,QF,208278,Shintaro Mochizuki,JPN,208902,Johannus Monday,GBR,6-4 7-6(4)
2026WinnipegChallenger,atp,2026-07-20,Hard,QF,210389,Toby Samuel,GBR,200318,Yu Hsiou Hsu,TPE,6-3 7-6(5)
2026WinnipegChallenger,atp,2026-07-20,Hard,R16,200277,Charles Broom,GBR,111190,Zhizhen Zhang,CHN,2-6 7-6(8) 6-2
2026WinnipegChallenger,atp,2026-07-20,Hard,R16,200318,Yu Hsiou Hsu,TPE,212219,Mees Rottgering,NED,6-3 6-3
2026WinnipegChallenger,atp,2026-07-20,Hard,R16,200677,Rio Noguchi,JPN,211675,Keegan Rice,CAN,3-6 6-4 6-0
2026WinnipegChallenger,atp,2026-07-20,Hard,R16,206889,Clement Chidekh,FRA,211627,Hayato Matsuoka,JPN,6-3 7-6(4)
2026WinnipegChallenger,atp,2026-07-20,Hard,R16,208119,Liam Draxl,CAN,200416,August Holmgren,DEN,7-5 1-6 6-4
2026WinnipegChallenger,atp,2026-07-20,Hard,R16,208278,Shintaro Mochizuki,JPN,211673,Duncan Chan,CAN,6-2 2-6 6-4
2026WinnipegChallenger,atp,2026-07-20,Hard,R16,208902,Johannus Monday,GBR,202122,Yuta Shimizu,JPN,4-6 6-3 6-3
2026WinnipegChallenger,atp,2026-07-20,Hard,R16,210389,Toby Samuel,GBR,133297,Yosuke Watanuki,JPN,6-0 6-1
2026WinnipegChallenger,atp,2026-07-20,Hard,R32,111190,Zhizhen Zhang,CHN,208342,Tyler Zink,USA,7-6(1) 6-3
2026WinnipegChallenger,atp,2026-07-20,Hard,R32,133297,Yosuke Watanuki,JPN,210318,Andre Ilagan,USA,7-6(3) 7-5
2026WinnipegChallenger,atp,2026-07-20,Hard,R32,200277,Charles Broom,GBR,210399,Edward Winter,AUS,2-6 6-3 6-2
2026WinnipegChallenger,atp,2026-07-20,Hard,R32,200318,Yu Hsiou Hsu,TPE,210221,Jay Dylan Hara Friend,JPN,6-3 6-4
2026WinnipegChallenger,atp,2026-07-20,Hard,R32,200416,August Holmgren,DEN,208143,Garrett Johns,USA,6-7(8) 6-2 7-6(4)
2026WinnipegChallenger,atp,2026-07-20,Hard,R32,200677,Rio Noguchi,JPN,211711,Braden Shick,USA,5-7 6-3 6-2
2026WinnipegChallenger,atp,2026-07-20,Hard,R32,202122,Yuta Shimizu,JPN,106281,Liam Broady,GBR,6-2 7-5
2026WinnipegChallenger,atp,2026-07-20,Hard,R32,206889,Clement Chidekh,FRA,208389,James Trotter,JPN,6-1 6-2
2026WinnipegChallenger,atp,2026-07-20,Hard,R32,208119,Liam Draxl,CAN,209140,Millen Hurrion,GBR,6-0 6-0
2026WinnipegChallenger,atp,2026-07-20,Hard,R32,208278,Shintaro Mochizuki,JPN,210340,Philip Sekulic,AUS,6-3 4-6 6-1
2026WinnipegChallenger,atp,2026-07-20,Hard,R32,208902,Johannus Monday,GBR,207993,Justin Boulais,CAN,5-7 6-2 7-5
2026WinnipegChallenger,atp,2026-07-20,Hard,R32,210389,Toby Samuel,GBR,212530,Mikael Arseneault,CAN,6-2 6-0
2026WinnipegChallenger,atp,2026-07-20,Hard,R32,211627,Hayato Matsuoka,JPN,212251,Daniel Milavsky,USA,6-2 6-4
2026WinnipegChallenger,atp,2026-07-20,Hard,R32,211673,Duncan Chan,CAN,210317,James Mccabe,AUS,7-6(5) 4-6 7-5
2026WinnipegChallenger,atp,2026-07-20,Hard,R32,211675,Keegan Rice,CAN,212531,Nicolas Arseneault,CAN,6-3 7-6(6)
2026WinnipegChallenger,atp,2026-07-20,Hard,R32,212219,Mees Rottgering,NED,111806,Fajing Sun,CHN,6-4 6-4
2026WinnipegChallenger,atp,2026-07-20,Hard,SF,208119,Liam Draxl,CAN,208278,Shintaro Mochizuki,JPN,6-0 6-3
2026WinnipegChallenger,atp,2026-07-20,Hard,SF,210389,Toby Samuel,GBR,200277,Charles Broom,GBR,7-6(4) 6-2
2026ZugChallenger,atp,2026-07-20,Clay,F,205734,Thiago Seyboth Wild,BRA,144817,Marc Andrea Huesler,SUI,6-4 6-3
2026ZugChallenger,atp,2026-07-20,Clay,Q1,105613,Norbert Gombos,SVK,106310,Alexander Ritschard,SUI,2-6 7-6(2) 7-5
2026ZugChallenger,atp,2026-07-20,Clay,Q1,106329,Thiago Monteiro,BRA,213151,Flynn Thomas,SUI,6-4 6-4
2026ZugChallenger,atp,2026-07-20,Clay,Q1,122669,Juan Pablo Varillas,PER,206589,Gabi Adrian Boitan,ROU,6-4 6-7(4) 6-3
2026ZugChallenger,atp,2026-07-20,Clay,Q1,200574,Alexander Donski,BUL,209916,Marko Topo,GER,6-4 6-1
2026ZugChallenger,atp,2026-07-20,Clay,Q1,207664,Luca Staeheli,SUI,209951,Petr Bar Biryukov,RUS,7-5 6-3
2026ZugChallenger,atp,2026-07-20,Clay,Q1,207760,Anton Matusevich,GBR,212149,Nikola Djosic,SUI,6-2 6-4
2026ZugChallenger,atp,2026-07-20,Clay,Q1,208502,Dominic Stricker,SUI,106187,Denis Yevseyev,KAZ,6-2 6-3
2026ZugChallenger,atp,2026-07-20,Clay,Q1,208913,Juan Bautista Torres,ARG,213173,Nicola Senn,SUI,7-6(5) 6-4
2026ZugChallenger,atp,2026-07-20,Clay,Q1,209318,Petr Nesterov,BUL,210129,Samuele Pieri,ITA,6-3 6-7(3) 7-5
2026ZugChallenger,atp,2026-07-20,Clay,Q1,209890,Mili Poljicak,CRO,211566,Patrick Schoen,SUI,7-5 7-5
2026ZugChallenger,atp,2026-07-20,Clay,Q1,209983,Mika Brunold,SUI,206662,Georgii Kravchenko,UKR,6-7(3) 7-6(4) 6-4
2026ZugChallenger,atp,2026-07-20,Clay,Q1,211707,Amit Vales,ISR,211495,Andrin Casanova,SUI,6-3 3-6 6-4
2026ZugChallenger,atp,2026-07-20,Clay,Q2,105613,Norbert Gombos,SVK,211707,Amit Vales,ISR,6-1 6-2
2026ZugChallenger,atp,2026-07-20,Clay,Q2,106329,Thiago Monteiro,BRA,209318,Petr Nesterov,BUL,6-3 4-6 7-5
2026ZugChallenger,atp,2026-07-20,Clay,Q2,200574,Alexander Donski,BUL,122669,Juan Pablo Varillas,PER,7-5 6-3
2026ZugChallenger,atp,2026-07-20,Clay,Q2,207760,Anton Matusevich,GBR,207664,Luca Staeheli,SUI,6-3 6-2
2026ZugChallenger,atp,2026-07-20,Clay,Q2,208502,Dominic Stricker,SUI,208913,Juan Bautista Torres,ARG,7-6(6) 6-3
2026ZugChallenger,atp,2026-07-20,Clay,Q2,209983,Mika Brunold,SUI,209890,Mili Poljicak,CRO,6-2 3-6 6-3
2026ZugChallenger,atp,2026-07-20,Clay,QF,144817,Marc Andrea Huesler,SUI,208502,Dominic Stricker,SUI,6-3 6-2
2026ZugChallenger,atp,2026-07-20,Clay,QF,205734,Thiago Seyboth Wild,BRA,202475,Philip Henning,RSA,6-1 7-6(1)
2026ZugChallenger,atp,2026-07-20,Clay,QF,208819,Max Hans Rehberg,GER,207760,Anton Matusevich,GBR,6-7(5) 6-4 6-3
2026ZugChallenger,atp,2026-07-20,Clay,QF,210157,Dylan Dietrich,SUI,208004,Harold Mayot,FRA,6-3 6-3
2026ZugChallenger,atp,2026-07-20,Clay,R16,144817,Marc Andrea Huesler,SUI,208913,Juan Bautista Torres,ARG,6-2 7-5
2026ZugChallenger,atp,2026-07-20,Clay,R16,202475,Philip Henning,RSA,208843,Jerome Kym,SUI,7-5 4-6 6-0
2026ZugChallenger,atp,2026-07-20,Clay,R16,205734,Thiago Seyboth Wild,BRA,209405,Daniel Rincon,ESP,7-6(8) 4-6 6-3
2026ZugChallenger,atp,2026-07-20,Clay,R16,207760,Anton Matusevich,GBR,208223,Alvaro Guillen Meza,ECU,7-5 6-4
2026ZugChallenger,atp,2026-07-20,Clay,R16,208004,Harold Mayot,FRA,209983,Mika Brunold,SUI,6-4 6-3
2026ZugChallenger,atp,2026-07-20,Clay,R16,208502,Dominic Stricker,SUI,105613,Norbert Gombos,SVK,6-1 6-3
2026ZugChallenger,atp,2026-07-20,Clay,R16,208819,Max Hans Rehberg,GER,200436,Zsombor Piros,HUN,6-3 6-4
2026ZugChallenger,atp,2026-07-20,Clay,R16,210157,Dylan Dietrich,SUI,208024,Max Alcala Gurri,ESP,6-3 6-3
2026ZugChallenger,atp,2026-07-20,Clay,R32,105613,Norbert Gombos,SVK,202262,Filip Cristian Jianu,ROU,4-3 RET
2026ZugChallenger,atp,2026-07-20,Clay,R32,144817,Marc Andrea Huesler,SUI,106148,Roberto Carballes Baena,ESP,6-3 7-6(6)
2026ZugChallenger,atp,2026-07-20,Clay,R32,200436,Zsombor Piros,HUN,109303,Stefano Napolitano,ITA,6-1 3-2 RET
2026ZugChallenger,atp,2026-07-20,Clay,R32,202475,Philip Henning,RSA,106329,Thiago Monteiro,BRA,7-6(4) 6-3
2026ZugChallenger,atp,2026-07-20,Clay,R32,205734,Thiago Seyboth Wild,BRA,144645,Zdenek Kolar,CZE,6-3 6-2
2026ZugChallenger,atp,2026-07-20,Clay,R32,207760,Anton Matusevich,GBR,206470,Cezar Cretu,ROU,6-0 6-3
2026ZugChallenger,atp,2026-07-20,Clay,R32,208004,Harold Mayot,FRA,134840,Raul Brancaccio,ITA,6-4 2-6 6-1
2026ZugChallenger,atp,2026-07-20,Clay,R32,208024,Max Alcala Gurri,ESP,209322,Martin Krumich,CZE,6-3 6-7(7) 6-2
2026ZugChallenger,atp,2026-07-20,Clay,R32,208223,Alvaro Guillen Meza,ECU,207527,Buvaysar Gadamauri,BEL,5-2 RET
2026ZugChallenger,atp,2026-07-20,Clay,R32,208502,Dominic Stricker,SUI,208859,Francesco Passaro,ITA,6-7(5) 6-1 7-6(4)
2026ZugChallenger,atp,2026-07-20,Clay,R32,208819,Max Hans Rehberg,GER,200574,Alexander Donski,BUL,6-4 6-3
2026ZugChallenger,atp,2026-07-20,Clay,R32,208843,Jerome Kym,SUI,126652,Jay Clarke,GBR,1-6 6-4 6-4
2026ZugChallenger,atp,2026-07-20,Clay,R32,208913,Juan Bautista Torres,ARG,148679,Henry Bernet,SUI,6-4 3-6 6-3
2026ZugChallenger,atp,2026-07-20,Clay,R32,209405,Daniel Rincon,ESP,212225,Thomas Faurel,FRA,7-6(4) 4-6 7-6(8)
2026ZugChallenger,atp,2026-07-20,Clay,R32,209983,Mika Brunold,SUI,207732,Miguel Damas,ESP,6-1 6-0
2026ZugChallenger,atp,2026-07-20,Clay,R32,210157,Dylan Dietrich,SUI,144642,Tomas Barrios Vera,CHI,6-4 4-6 6-1
2026ZugChallenger,atp,2026-07-20,Clay,SF,144817,Marc Andrea Huesler,SUI,208819,Max Hans Rehberg,GER,7-6(5) 4-6 6-4
2026ZugChallenger,atp,2026-07-20,Clay,SF,205734,Thiago Seyboth Wild,BRA,210157,Dylan Dietrich,SUI,6-4 6-3
2026BonnChallenger,atp,2026-07-27,Clay,F,123828,Jan Choinski,GBR,214018,Jamie Mackenzie,GER,6-3 6-2
2026BonnChallenger,atp,2026-07-27,Clay,Q1,123755,Daniel Elahi Galan,COL,202148,Michiel De Krom,NED,6-2 6-2
2026BonnChallenger,atp,2026-07-27,Clay,Q1,126627,Johan Nikles,SUI,211707,Amit Vales,ISR,6-2 7-5
2026BonnChallenger,atp,2026-07-27,Clay,Q1,207704,Alex Marti Pujolras,ESP,207708,Dusan Obradovic,SRB,6-4 6-0
2026BonnChallenger,atp,2026-07-27,Clay,Q1,207799,Matheus Pucinelli De Almeida,BRA,144923,Louis Wessels,GER,6-3 6-4
2026BonnChallenger,atp,2026-07-27,Clay,Q1,208153,Giuseppe La Vela,ITA,200672,Sergey Fomin,UZB,1-6 6-1 6-3
2026BonnChallenger,atp,2026-07-27,Clay,Q1,209167,Olle Wallin,SWE,213629,Vincent Dullinger,GER,4-6 6-2 6-2
2026BonnChallenger,atp,2026-07-27,Clay,Q1,209254,Valerio Aboian,ARG,213157,Yannic Nittmann,GER,6-3 6-2
2026BonnChallenger,atp,2026-07-27,Clay,Q1,209916,Marko Topo,GER,210223,Leonardo Rossi,ITA,6-4 6-1
2026BonnChallenger,atp,2026-07-27,Clay,Q1,210054,Matthew William Donald,CZE,214670,Christopher Thies,GER,6-4 6-0
2026BonnChallenger,atp,2026-07-27,Clay,Q1,210129,Samuele Pieri,ITA,212899,Moritz Kudernatsch,GER,6-4 6-1
2026BonnChallenger,atp,2026-07-27,Clay,Q1,212029,Dimitris Sakellaridis,GRE,207732,Miguel Damas,ESP,2-6 6-3 6-0
2026BonnChallenger,atp,2026-07-27,Clay,Q1,213001,Mika Petkovic,GER,144907,Adrian Oetzbach,GER,6-4 7-5
2026BonnChallenger,atp,2026-07-27,Clay,Q2,123755,Daniel Elahi Galan,COL,213001,Mika Petkovic,GER,6-4 6-3
2026BonnChallenger,atp,2026-07-27,Clay,Q2,207799,Matheus Pucinelli De Almeida,BRA,126627,Johan Nikles,SUI,6-3 6-2
2026BonnChallenger,atp,2026-07-27,Clay,Q2,209167,Olle Wallin,SWE,210054,Matthew William Donald,CZE,7-6(9) 6-3
2026BonnChallenger,atp,2026-07-27,Clay,Q2,209916,Marko Topo,GER,209254,Valerio Aboian,ARG,6-3 7-6(4)
2026BonnChallenger,atp,2026-07-27,Clay,Q2,210129,Samuele Pieri,ITA,208153,Giuseppe La Vela,ITA,6-3 2-6 6-2
2026BonnChallenger,atp,2026-07-27,Clay,Q2,212029,Dimitris Sakellaridis,GRE,207704,Alex Marti Pujolras,ESP,6-4 4-6 6-2
2026BonnChallenger,atp,2026-07-27,Clay,QF,123828,Jan Choinski,GBR,209167,Olle Wallin,SWE,6-4 7-5
2026BonnChallenger,atp,2026-07-27,Clay,QF,144870,Federico Agustin Gomez,ARG,207799,Matheus Pucinelli De Almeida,BRA,7-6(4) 2-6 7-5
2026BonnChallenger,atp,2026-07-27,Clay,QF,211609,Max Dahlin,SWE,123755,Daniel Elahi Galan,COL,7-6(2) 3-6 7-5
2026BonnChallenger,atp,2026-07-27,Clay,QF,214018,Jamie Mackenzie,GER,200514,Jurij Rodionov,AUT,7-6(5) 6-4
2026BonnChallenger,atp,2026-07-27,Clay,R16,123755,Daniel Elahi Galan,COL,208819,Max Hans Rehberg,GER,4-6 7-6(3) 7-6(4)
2026BonnChallenger,atp,2026-07-27,Clay,R16,123828,Jan Choinski,GBR,209875,Alex Barrena,ARG,6-3 6-2
2026BonnChallenger,atp,2026-07-27,Clay,R16,144870,Federico Agustin Gomez,ARG,210129,Samuele Pieri,ITA,6-3 6-3
2026BonnChallenger,atp,2026-07-27,Clay,R16,200514,Jurij Rodionov,AUT,213360,Niels Mcdonald,GER,7-6(3) 6-3
2026BonnChallenger,atp,2026-07-27,Clay,R16,207799,Matheus Pucinelli De Almeida,BRA,202260,Henri Squire,GER,6-2 7-6(5)
2026BonnChallenger,atp,2026-07-27,Clay,R16,209167,Olle Wallin,SWE,106148,Roberto Carballes Baena,ESP,6-3 1-6 6-1
2026BonnChallenger,atp,2026-07-27,Clay,R16,211609,Max Dahlin,SWE,210167,Tom Gentzsch,GER,6-4 3-6 7-6(8)
2026BonnChallenger,atp,2026-07-27,Clay,R16,214018,Jamie Mackenzie,GER,209284,Elmer Moller,DEN,6-1 1-6 6-3
2026BonnChallenger,atp,2026-07-27,Clay,R32,106148,Roberto Carballes Baena,ESP,208069,Max Houkes,NED,6-4 3-6 6-2
2026BonnChallenger,atp,2026-07-27,Clay,R32,123755,Daniel Elahi Galan,COL,200303,Pavel Kotov,RUS,6-4 6-4
2026BonnChallenger,atp,2026-07-27,Clay,R32,123828,Jan Choinski,GBR,208859,Francesco Passaro,ITA,6-3 6-4
2026BonnChallenger,atp,2026-07-27,Clay,R32,144870,Federico Agustin Gomez,ARG,212268,Max Schoenhaus,GER,6-4 6-2
2026BonnChallenger,atp,2026-07-27,Clay,R32,200514,Jurij Rodionov,AUT,208046,Pedro Boscardin Dias,BRA,6-3 6-4
2026BonnChallenger,atp,2026-07-27,Clay,R32,202260,Henri Squire,GER,202127,Clement Tabur,FRA,4-6 6-4 6-4
2026BonnChallenger,atp,2026-07-27,Clay,R32,207799,Matheus Pucinelli De Almeida,BRA,209911,Guy Den Ouden,NED,6-3 6-3
2026BonnChallenger,atp,2026-07-27,Clay,R32,208819,Max Hans Rehberg,GER,105882,Stefano Travaglia,ITA,6-3 6-1
2026BonnChallenger,atp,2026-07-27,Clay,R32,209167,Olle Wallin,SWE,105841,Lorenzo Giustino,ITA,3-6 6-3 6-2
2026BonnChallenger,atp,2026-07-27,Clay,R32,209284,Elmer Moller,DEN,209916,Marko Topo,GER,6-4 7-5
2026BonnChallenger,atp,2026-07-27,Clay,R32,209875,Alex Barrena,ARG,126627,Johan Nikles,SUI,3-6 6-3 6-3
2026BonnChallenger,atp,2026-07-27,Clay,R32,210129,Samuele Pieri,ITA,211451,Gilles Arnaud Bailly,BEL,6-2 6-3
2026BonnChallenger,atp,2026-07-27,Clay,R32,210167,Tom Gentzsch,GER,206307,Joao Lucas Reis Da Silva,BRA,6-3 6-3
2026BonnChallenger,atp,2026-07-27,Clay,R32,211609,Max Dahlin,SWE,200188,Matteo Martineau,FRA,6-4 7-5
2026BonnChallenger,atp,2026-07-27,Clay,R32,213360,Niels Mcdonald,GER,212029,Dimitris Sakellaridis,GRE,6-3 7-6(4)
2026BonnChallenger,atp,2026-07-27,Clay,R32,214018,Jamie Mackenzie,GER,207527,Buvaysar Gadamauri,BEL,7-6(4) 6-2
2026BonnChallenger,atp,2026-07-27,Clay,SF,123828,Jan Choinski,GBR,144870,Federico Agustin Gomez,ARG,6-4 6-2
2026BonnChallenger,atp,2026-07-27,Clay,SF,214018,Jamie Mackenzie,GER,211609,Max Dahlin,SWE,6-4 5-7 6-4
2026LiberecChallenger,atp,2026-07-27,Clay,F,211618,Jan Kumstat,CZE,208293,Gonzalo Bueno,PER,6-3 6-1
2026LiberecChallenger,atp,2026-07-27,Clay,Q1,105613,Norbert Gombos,SVK,209360,Samir Hamza Reguig,ALG,6-0 2-0 RET
2026LiberecChallenger,atp,2026-07-27,Clay,Q1,126939,Khumoyun Sultanov,UZB,127087,Dominik Recek,CZE,6-3 6-2
2026LiberecChallenger,atp,2026-07-27,Clay,Q1,202089,Aleksandr Braynin,UKR,144925,Nitin Kumar Sinha,IND,6-2 7-6(0)
2026LiberecChallenger,atp,2026-07-27,Clay,Q1,206662,Georgii Kravchenko,UKR,210447,Leo Raquillet,FRA,3-6 6-3 6-4
2026LiberecChallenger,atp,2026-07-27,Clay,Q1,209338,Daniel Siniakov,CZE,213092,Jonas Kucera,CZE,6-3 6-0
2026LiberecChallenger,atp,2026-07-27,Clay,Q1,210556,Jakub Nicod,CZE,210498,Gerard Campana Lee,KOR,6-1 0-0 RET
2026LiberecChallenger,atp,2026-07-27,Clay,Q1,211530,Tomasz Berkieta,POL,125806,Dominik Kellovsky,CZE,6-4 6-4
2026LiberecChallenger,atp,2026-07-27,Clay,Q1,212104,Pablo Martinez Gomez,ESP,209302,Peter Fajta,HUN,7-6(3) 6-1
2026LiberecChallenger,atp,2026-07-27,Clay,Q1,212478,William Rejchtman Vinciguerra,SWE,133794,S D Prajwal Dev,IND,6-3 6-2
2026LiberecChallenger,atp,2026-07-27,Clay,Q1,213551,Jakub Vrba,CZE,200484,Rudolf Molleker,GER,4-6 7-6(6) 6-4
2026LiberecChallenger,atp,2026-07-27,Clay,Q2,105413,Andrej Martin,SVK,209278,Alec Beckley,RSA,7-5 1-6 7-6(11)
2026LiberecChallenger,atp,2026-07-27,Clay,Q2,105613,Norbert Gombos,SVK,211530,Tomasz Berkieta,POL,7-6(6) 6-1
2026LiberecChallenger,atp,2026-07-27,Clay,Q2,126939,Khumoyun Sultanov,UZB,202089,Aleksandr Braynin,UKR,3-6 6-3 7-5
2026LiberecChallenger,atp,2026-07-27,Clay,Q2,210556,Jakub Nicod,CZE,206662,Georgii Kravchenko,UKR,6-4 6-1
2026LiberecChallenger,atp,2026-07-27,Clay,Q2,212104,Pablo Martinez Gomez,ESP,213551,Jakub Vrba,CZE,6-1 6-3
2026LiberecChallenger,atp,2026-07-27,Clay,Q2,212478,William Rejchtman Vinciguerra,SWE,209338,Daniel Siniakov,CZE,5-7 6-3 6-2
2026LiberecChallenger,atp,2026-07-27,Clay,QF,105613,Norbert Gombos,SVK,210005,Kilian Feldbausch,SUI,4-6 6-1 6-1
2026LiberecChallenger,atp,2026-07-27,Clay,QF,111576,Sumit Nagal,IND,209322,Martin Krumich,CZE,6-3 6-2
2026LiberecChallenger,atp,2026-07-27,Clay,QF,208293,Gonzalo Bueno,PER,208913,Juan Bautista Torres,ARG,5-2 RET
2026LiberecChallenger,atp,2026-07-27,Clay,QF,211618,Jan Kumstat,CZE,106393,Frederico Ferreira Silva,POR,6-4 7-5
2026LiberecChallenger,atp,2026-07-27,Clay,R16,105613,Norbert Gombos,SVK,208364,Franco Roncadelli,URU,7-5 7-5
2026LiberecChallenger,atp,2026-07-27,Clay,R16,106393,Frederico Ferreira Silva,POR,106044,Nicolas Kicker,ARG,6-2 4-6 6-1
2026LiberecChallenger,atp,2026-07-27,Clay,R16,111576,Sumit Nagal,IND,210557,Petr Brunclik,CZE,6-4 6-4
2026LiberecChallenger,atp,2026-07-27,Clay,R16,208293,Gonzalo Bueno,PER,210558,Hynek Barton,CZE,7-5 7-5
2026LiberecChallenger,atp,2026-07-27,Clay,R16,208913,Juan Bautista Torres,ARG,207815,Guido Ivan Justo,ARG,6-3 6-3
2026LiberecChallenger,atp,2026-07-27,Clay,R16,209322,Martin Krumich,CZE,212082,Joel Schwaerzler,AUT,6-2 6-3
2026LiberecChallenger,atp,2026-07-27,Clay,R16,210005,Kilian Feldbausch,SUI,207213,Duje Ajdukovic,CRO,6-3 6-3
2026LiberecChallenger,atp,2026-07-27,Clay,R16,211618,Jan Kumstat,CZE,205734,Thiago Seyboth Wild,BRA,6-4 6-2
2026LiberecChallenger,atp,2026-07-27,Clay,R32,105613,Norbert Gombos,SVK,210063,Matyas Cerny,CZE,6-1 4-6 6-2
2026LiberecChallenger,atp,2026-07-27,Clay,R32,106044,Nicolas Kicker,ARG,210377,Luciano Emanuel Ambrogi,ARG,6-2 6-4
2026LiberecChallenger,atp,2026-07-27,Clay,R32,106393,Frederico Ferreira Silva,POR,209874,Maks Kasnikowski,POL,6-1 3-6 6-3
2026LiberecChallenger,atp,2026-07-27,Clay,R32,111576,Sumit Nagal,IND,208540,Inaki Montes De La Torre,ESP,6-3 6-3
2026LiberecChallenger,atp,2026-07-27,Clay,R32,205734,Thiago Seyboth Wild,BRA,105413,Andrej Martin,SVK,6-1 6-4
2026LiberecChallenger,atp,2026-07-27,Clay,R32,207213,Duje Ajdukovic,CRO,126939,Khumoyun Sultanov,UZB,7-6(3) 0-0 RET
2026LiberecChallenger,atp,2026-07-27,Clay,R32,207815,Guido Ivan Justo,ARG,209849,Sascha Gueymard Wayenburg,FRA,6-4 6-4
2026LiberecChallenger,atp,2026-07-27,Clay,R32,208293,Gonzalo Bueno,PER,212104,Pablo Martinez Gomez,ESP,7-6(5) 6-4
2026LiberecChallenger,atp,2026-07-27,Clay,R32,208364,Franco Roncadelli,URU,210556,Jakub Nicod,CZE,6-3 6-2
2026LiberecChallenger,atp,2026-07-27,Clay,R32,208913,Juan Bautista Torres,ARG,212020,Michele Ribecai,ITA,3-6 7-5 6-2
2026LiberecChallenger,atp,2026-07-27,Clay,R32,209322,Martin Krumich,CZE,202475,Philip Henning,RSA,2-6 6-4 6-2
2026LiberecChallenger,atp,2026-07-27,Clay,R32,210005,Kilian Feldbausch,SUI,208004,Harold Mayot,FRA,6-3 6-7(6) 6-4
2026LiberecChallenger,atp,2026-07-27,Clay,R32,210557,Petr Brunclik,CZE,212478,William Rejchtman Vinciguerra,SWE,6-2 6-4
2026LiberecChallenger,atp,2026-07-27,Clay,R32,210558,Hynek Barton,CZE,210119,Andrej Nedic,BIH,7-6(3) 6-2
2026LiberecChallenger,atp,2026-07-27,Clay,R32,211618,Jan Kumstat,CZE,144645,Zdenek Kolar,CZE,6-2 4-6 6-3
2026LiberecChallenger,atp,2026-07-27,Clay,R32,212082,Joel Schwaerzler,AUT,211617,Maxim Mrva,CZE,6-3 6-4
2026LiberecChallenger,atp,2026-07-27,Clay,SF,208293,Gonzalo Bueno,PER,105613,Norbert Gombos,SVK,6-3 6-3
2026LiberecChallenger,atp,2026-07-27,Clay,SF,211618,Jan Kumstat,CZE,111576,Sumit Nagal,IND,7-5 6-4
2026SamsunChallenger,atp,2026-07-27,Hard,F,210120,Gabriel Debru,FRA,144970,Constantin Bittoun Kouzmine,FRA,3-6 7-5 6-4
2026SamsunChallenger,atp,2026-07-27,Hard,Q1,105806,Mirza Basic,BIH,206479,S Mert Ozdemir,TUR,6-3 6-1
2026SamsunChallenger,atp,2026-07-27,Hard,Q1,144970,Constantin Bittoun Kouzmine,FRA,212030,Kerem Yilmaz,TUR,2-6 6-2 6-3
2026SamsunChallenger,atp,2026-07-27,Hard,Q1,200014,Digvijaypratap Singh,IND,105029,Sergey Betov,BLR,6-4 6-3
2026SamsunChallenger,atp,2026-07-27,Hard,Q1,200086,Toufik Sahtali,ALG,209885,Gokberk Saritas,TUR,6-0 6-1
2026SamsunChallenger,atp,2026-07-27,Hard,Q1,200441,Grigoriy Lomakin,KAZ,210722,Viktor Markov,BUL,7-5 7-5
2026SamsunChallenger,atp,2026-07-27,Hard,Q1,209905,Shunsuke Nakagawa,JPN,208182,Saba Purtseladze,GEO,7-6(5) 6-3
2026SamsunChallenger,atp,2026-07-27,Hard,Q1,210485,Togan Tokac,TUR,122113,Yurii Dzhavakian,UKR,6-1 6-4
2026SamsunChallenger,atp,2026-07-27,Hard,Q1,210513,Tuncay Duran,TUR,207248,Naoki Tajima,JPN,6-4 6-2
2026SamsunChallenger,atp,2026-07-27,Hard,Q1,211501,Kenta Miyoshi,JPN,130247,Anton Chekhov,RUS,6-1 6-2
2026SamsunChallenger,atp,2026-07-27,Hard,Q1,212903,Melih Anavatan,TUR,209067,Hunter Heck,USA,4-6 6-4 6-3
2026SamsunChallenger,atp,2026-07-27,Hard,Q2,125833,Mert Naci Turker,TUR,200086,Toufik Sahtali,ALG,2-6 6-2 7-5
2026SamsunChallenger,atp,2026-07-27,Hard,Q2,144970,Constantin Bittoun Kouzmine,FRA,200441,Grigoriy Lomakin,KAZ,6-3 6-1
2026SamsunChallenger,atp,2026-07-27,Hard,Q2,209905,Shunsuke Nakagawa,JPN,105806,Mirza Basic,BIH,3-6 6-4 6-4
2026SamsunChallenger,atp,2026-07-27,Hard,Q2,210485,Togan Tokac,TUR,208297,Maxwell Mckennon,USA,7-6(7) 6-1
2026SamsunChallenger,atp,2026-07-27,Hard,Q2,210513,Tuncay Duran,TUR,200014,Digvijaypratap Singh,IND,7-6(4) 6-3
2026SamsunChallenger,atp,2026-07-27,Hard,Q2,211501,Kenta Miyoshi,JPN,212903,Melih Anavatan,TUR,6-2 6-2
2026SamsunChallenger,atp,2026-07-27,Hard,QF,144970,Constantin Bittoun Kouzmine,FRA,211768,Manas Dhamne,IND,6-4 7-5
2026SamsunChallenger,atp,2026-07-27,Hard,QF,210120,Gabriel Debru,FRA,211628,Koki Matsuda,JPN,4-6 7-6(5) 6-3
2026SamsunChallenger,atp,2026-07-27,Hard,QF,210531,Paul Inchauspe,FRA,207129,Yanki Erel,TUR,3-6 6-3 6-4
2026SamsunChallenger,atp,2026-07-27,Hard,QF,211501,Kenta Miyoshi,JPN,134068,Vadym Ursu,UKR,6-2 6-4
2026SamsunChallenger,atp,2026-07-27,Hard,R16,134068,Vadym Ursu,UKR,106187,Denis Yevseyev,KAZ,4-6 6-3 6-3
2026SamsunChallenger,atp,2026-07-27,Hard,R16,144970,Constantin Bittoun Kouzmine,FRA,209407,Max Basing,GBR,0-6 7-6(7) 6-2
2026SamsunChallenger,atp,2026-07-27,Hard,R16,207129,Yanki Erel,TUR,105430,Radu Albot,MDA,6-1 6-7(5) 6-4
2026SamsunChallenger,atp,2026-07-27,Hard,R16,210120,Gabriel Debru,FRA,202147,Florent Bax,FRA,6-4 3-6 6-2
2026SamsunChallenger,atp,2026-07-27,Hard,R16,210531,Paul Inchauspe,FRA,106220,Dimitar Kuzmanov,BUL,1-6 7-6(4) 6-0
2026SamsunChallenger,atp,2026-07-27,Hard,R16,211501,Kenta Miyoshi,JPN,200385,Dan Added,FRA,3-6 6-3 6-4
2026SamsunChallenger,atp,2026-07-27,Hard,R16,211628,Koki Matsuda,JPN,124040,Colin Sinclair,NMI,6-3 6-3
2026SamsunChallenger,atp,2026-07-27,Hard,R16,211768,Manas Dhamne,IND,208431,Semen Pankin,RUS,6-2 1-6 7-5
2026SamsunChallenger,atp,2026-07-27,Hard,R32,105430,Radu Albot,MDA,133975,Benjamin Hassan,LBN,6-3 6-4
2026SamsunChallenger,atp,2026-07-27,Hard,R32,106187,Denis Yevseyev,KAZ,210513,Tuncay Duran,TUR,6-7(5) 6-1 6-3
2026SamsunChallenger,atp,2026-07-27,Hard,R32,106220,Dimitar Kuzmanov,BUL,208240,Alexandr Binda,ITA,7-5 6-4
2026SamsunChallenger,atp,2026-07-27,Hard,R32,124040,Colin Sinclair,NMI,207368,Mert Alkaya,TUR,0-6 7-5 6-4
2026SamsunChallenger,atp,2026-07-27,Hard,R32,134068,Vadym Ursu,UKR,125833,Mert Naci Turker,TUR,6-2 6-3
2026SamsunChallenger,atp,2026-07-27,Hard,R32,144970,Constantin Bittoun Kouzmine,FRA,117356,Cem Ilkel,TUR,6-3 6-2
2026SamsunChallenger,atp,2026-07-27,Hard,R32,200385,Dan Added,FRA,131911,Lucas Poullain,FRA,7-5 2-6 6-2
2026SamsunChallenger,atp,2026-07-27,Hard,R32,202147,Florent Bax,FRA,207998,Takuya Kumasaka,JPN,7-6(3) 6-3
2026SamsunChallenger,atp,2026-07-27,Hard,R32,207129,Yanki Erel,TUR,207907,Arda Azkara,TUR,6-4 6-4
2026SamsunChallenger,atp,2026-07-27,Hard,R32,208431,Semen Pankin,RUS,210485,Togan Tokac,TUR,6-3 6-3
2026SamsunChallenger,atp,2026-07-27,Hard,R32,209407,Max Basing,GBR,106168,Sidharth Rawat,IND,6-3 6-1
2026SamsunChallenger,atp,2026-07-27,Hard,R32,210120,Gabriel Debru,FRA,206589,Gabi Adrian Boitan,ROU,4-6 6-2 6-2
2026SamsunChallenger,atp,2026-07-27,Hard,R32,210531,Paul Inchauspe,FRA,144985,Ergi Kirkin,TUR,6-4 7-6(3)
2026SamsunChallenger,atp,2026-07-27,Hard,R32,211501,Kenta Miyoshi,JPN,209905,Shunsuke Nakagawa,JPN,6-2 6-2
2026SamsunChallenger,atp,2026-07-27,Hard,R32,211628,Koki Matsuda,JPN,210000,Karan Singh,IND,6-4 6-4
2026SamsunChallenger,atp,2026-07-27,Hard,R32,211768,Manas Dhamne,IND,134405,Koray Kirci,TUR,6-3 6-1
2026SamsunChallenger,atp,2026-07-27,Hard,SF,144970,Constantin Bittoun Kouzmine,FRA,211501,Kenta Miyoshi,JPN,4-6 6-4 6-4
2026SamsunChallenger,atp,2026-07-27,Hard,SF,210120,Gabriel Debru,FRA,210531,Paul Inchauspe,FRA,6-4 6-2
2026SanMarinoChallenger,atp,2026-07-27,Clay,F,207680,Facundo Diaz Acosta,ARG,209890,Mili Poljicak,CRO,6-1 6-4
2026SanMarinoChallenger,atp,2026-07-27,Clay,Q1,106075,Jozef Kovalik,SVK,210042,Gabriele Piraino,ITA,2-6 7-6(3) 7-5
2026SanMarinoChallenger,atp,2026-07-27,Clay,Q1,106329,Thiago Monteiro,BRA,208216,Alberto Bronzetti,ITA,6-2 6-1
2026SanMarinoChallenger,atp,2026-07-27,Clay,Q1,122669,Juan Pablo Varillas,PER,207507,Stefan Latinovic,SRB,7-6(3) 6-3
2026SanMarinoChallenger,atp,2026-07-27,Clay,Q1,126125,Maxime Janvier,FRA,149117,Lorenzo Angelini,ITA,4-6 6-4 6-2
2026SanMarinoChallenger,atp,2026-07-27,Clay,Q1,206867,Tommaso Compagnucci,ITA,207996,Siddhant Banthia,IND,6-2 6-1
2026SanMarinoChallenger,atp,2026-07-27,Clay,Q1,207601,Manuel Mazza,ITA,208253,Niels Visker,NED,6-3 7-6(7)
2026SanMarinoChallenger,atp,2026-07-27,Clay,Q1,209506,Francesco Forti,ITA,105156,Federico Zeballos,BOL,6-1 6-4
2026SanMarinoChallenger,atp,2026-07-27,Clay,Q1,209890,Mili Poljicak,CRO,212696,Enrico Baldisserri,ITA,6-3 6-4
2026SanMarinoChallenger,atp,2026-07-27,Clay,Q1,209983,Mika Brunold,SUI,212156,Alex Degabriele,MLT,6-1 6-2
2026SanMarinoChallenger,atp,2026-07-27,Clay,Q2,106329,Thiago Monteiro,BRA,207601,Manuel Mazza,ITA,6-1 6-4
2026SanMarinoChallenger,atp,2026-07-27,Clay,Q2,122669,Juan Pablo Varillas,PER,209506,Francesco Forti,ITA,6-4 3-6 7-6(5)
2026SanMarinoChallenger,atp,2026-07-27,Clay,Q2,133872,Enrico Dalla Valle,ITA,209983,Mika Brunold,SUI,6-3 6-3
2026SanMarinoChallenger,atp,2026-07-27,Clay,Q2,202398,Michael Vrbensky,CZE,126125,Maxime Janvier,FRA,6-3 5-7 6-3
2026SanMarinoChallenger,atp,2026-07-27,Clay,Q2,206867,Tommaso Compagnucci,ITA,209898,Dali Blanch,USA,6-4 7-6(3)
2026SanMarinoChallenger,atp,2026-07-27,Clay,Q2,209890,Mili Poljicak,CRO,106075,Jozef Kovalik,SVK,7-6(14) 6-3
2026SanMarinoChallenger,atp,2026-07-27,Clay,QF,122669,Juan Pablo Varillas,PER,207608,Timofey Skatov,KAZ,6-4 6-4
2026SanMarinoChallenger,atp,2026-07-27,Clay,QF,207680,Facundo Diaz Acosta,ARG,210178,Juan Carlos Prado Angelo,BOL,6-2 4-6 6-1
2026SanMarinoChallenger,atp,2026-07-27,Clay,QF,209147,Vilius Gaubas,LTU,106329,Thiago Monteiro,BRA,7-6(7) 7-6(5)
2026SanMarinoChallenger,atp,2026-07-27,Clay,QF,209890,Mili Poljicak,CRO,124186,Alexandre Muller,FRA,7-6(3) 6-7(4) 7-5
2026SanMarinoChallenger,atp,2026-07-27,Clay,R16,106329,Thiago Monteiro,BRA,126504,Andrea Pellegrino,ITA,6-3 6-2
2026SanMarinoChallenger,atp,2026-07-27,Clay,R16,122669,Juan Pablo Varillas,PER,208353,Francesco Maestrelli,ITA,7-6(5) 4-6 6-3
2026SanMarinoChallenger,atp,2026-07-27,Clay,R16,124186,Alexandre Muller,FRA,106065,Marco Cecchinato,ITA,4-6 6-2 7-5
2026SanMarinoChallenger,atp,2026-07-27,Clay,R16,207608,Timofey Skatov,KAZ,202261,Otto Virtanen,FIN,6-2 6-4
2026SanMarinoChallenger,atp,2026-07-27,Clay,R16,207680,Facundo Diaz Acosta,ARG,209506,Francesco Forti,ITA,6-2 7-6(3)
2026SanMarinoChallenger,atp,2026-07-27,Clay,R16,209147,Vilius Gaubas,LTU,144821,Genaro Alberto Olivieri,ARG,6-2 6-3
2026SanMarinoChallenger,atp,2026-07-27,Clay,R16,209890,Mili Poljicak,CRO,105932,Nikoloz Basilashvili,GEO,6-7(8) 6-3 6-4
2026SanMarinoChallenger,atp,2026-07-27,Clay,R16,210178,Juan Carlos Prado Angelo,BOL,106198,Hugo Dellien,BOL,7-6(4) 0-0 RET
2026SanMarinoChallenger,atp,2026-07-27,Clay,R32,105932,Nikoloz Basilashvili,GEO,202398,Michael Vrbensky,CZE,6-3 3-6 6-2
2026SanMarinoChallenger,atp,2026-07-27,Clay,R32,106065,Marco Cecchinato,ITA,106162,Franco Agamenone,ITA,6-3 6-4
2026SanMarinoChallenger,atp,2026-07-27,Clay,R32,106198,Hugo Dellien,BOL,124079,Pedro Martinez,ESP,6-1 6-4
2026SanMarinoChallenger,atp,2026-07-27,Clay,R32,106329,Thiago Monteiro,BRA,122554,David Jorda Sanchis,ESP,7-5 7-5
2026SanMarinoChallenger,atp,2026-07-27,Clay,R32,122669,Juan Pablo Varillas,PER,213635,Jacopo Vasami,ITA,6-2 6-2
2026SanMarinoChallenger,atp,2026-07-27,Clay,R32,124186,Alexandre Muller,FRA,109303,Stefano Napolitano,ITA,6-2 6-4
2026SanMarinoChallenger,atp,2026-07-27,Clay,R32,126504,Andrea Pellegrino,ITA,212241,Carlo Alberto Caniato,ITA,6-4 6-0
2026SanMarinoChallenger,atp,2026-07-27,Clay,R32,144821,Genaro Alberto Olivieri,ARG,126535,Carlos Taberner,ESP,6-4 6-1
2026SanMarinoChallenger,atp,2026-07-27,Clay,R32,202261,Otto Virtanen,FIN,211542,Filippo Romano,ITA,7-5 6-4
2026SanMarinoChallenger,atp,2026-07-27,Clay,R32,207608,Timofey Skatov,KAZ,212225,Thomas Faurel,FRA,6-1 7-6(8)
2026SanMarinoChallenger,atp,2026-07-27,Clay,R32,207680,Facundo Diaz Acosta,ARG,206867,Tommaso Compagnucci,ITA,6-4 6-2
2026SanMarinoChallenger,atp,2026-07-27,Clay,R32,208353,Francesco Maestrelli,ITA,209903,Lukas Neumayer,AUT,6-4 6-0
2026SanMarinoChallenger,atp,2026-07-27,Clay,R32,209147,Vilius Gaubas,LTU,202146,Luka Pavlovic,FRA,6-1 7-5
2026SanMarinoChallenger,atp,2026-07-27,Clay,R32,209506,Francesco Forti,ITA,105948,Federico Coria,ARG,6-4 6-2
2026SanMarinoChallenger,atp,2026-07-27,Clay,R32,209890,Mili Poljicak,CRO,133872,Enrico Dalla Valle,ITA,7-6(6) 7-6(2)
2026SanMarinoChallenger,atp,2026-07-27,Clay,R32,210178,Juan Carlos Prado Angelo,BOL,209405,Daniel Rincon,ESP,6-4 6-7(5) 6-3
2026SanMarinoChallenger,atp,2026-07-27,Clay,SF,207680,Facundo Diaz Acosta,ARG,209147,Vilius Gaubas,LTU,6-2 6-3
2026SanMarinoChallenger,atp,2026-07-27,Clay,SF,209890,Mili Poljicak,CRO,122669,Juan Pablo Varillas,PER,7-5 6-4
2026VancouverChallenger,atp,2026-07-27,Hard,F,200670,J J Wolf,USA,210136,Mark Lajal,EST,7-5 6-1
2026VancouverChallenger,atp,2026-07-27,Hard,Q1,126337,Renta Tokuda,JPN,208586,Joshua Sheehy,USA,4-6 7-6(5) 7-5
2026VancouverChallenger,atp,2026-07-27,Hard,Q1,132052,Christian Langmo,USA,211727,Pavle Marinkov,AUS,6-4 7-5
2026VancouverChallenger,atp,2026-07-27,Hard,Q1,200632,Evan Zhu,USA,209394,Anton Shepp,NZL,6-3 3-6 6-3
2026VancouverChallenger,atp,2026-07-27,Hard,Q1,207202,Karl Poling,USA,210121,Kokoro Isomura,JPN,6-3 6-4
2026VancouverChallenger,atp,2026-07-27,Hard,Q1,208342,Tyler Zink,USA,212531,Nicolas Arseneault,CAN,6-4 6-3
2026VancouverChallenger,atp,2026-07-27,Hard,Q1,208389,James Trotter,JPN,212530,Mikael Arseneault,CAN,6-7(4) 6-3 6-3
2026VancouverChallenger,atp,2026-07-27,Hard,Q1,209088,Quinn Vandecasteele,USA,210726,Cesar Bouchelaghem,FRA,6-1 6-4
2026VancouverChallenger,atp,2026-07-27,Hard,Q1,210221,Jay Dylan Hara Friend,JPN,105655,Hiroki Moriya,JPN,6-2 6-0
2026VancouverChallenger,atp,2026-07-27,Hard,Q1,211627,Hayato Matsuoka,JPN,211409,Guillaume Dalmasso,FRA,6-4 6-4
2026VancouverChallenger,atp,2026-07-27,Hard,Q1,211711,Braden Shick,USA,212259,Benjamin Thomas George,CAN,6-7(5) 6-2 7-5
2026VancouverChallenger,atp,2026-07-27,Hard,Q1,212251,Daniel Milavsky,USA,210744,Kaylan Bigun,USA,6-4 7-5
2026VancouverChallenger,atp,2026-07-27,Hard,Q1,213911,Connor Church,CAN,207993,Justin Boulais,CAN,6-3 6-3
2026VancouverChallenger,atp,2026-07-27,Hard,Q2,200632,Evan Zhu,USA,132052,Christian Langmo,USA,6-2 4-6 6-3
2026VancouverChallenger,atp,2026-07-27,Hard,Q2,208342,Tyler Zink,USA,207202,Karl Poling,USA,3-6 6-3 7-5
2026VancouverChallenger,atp,2026-07-27,Hard,Q2,208389,James Trotter,JPN,211627,Hayato Matsuoka,JPN,6-3 6-4
2026VancouverChallenger,atp,2026-07-27,Hard,Q2,210221,Jay Dylan Hara Friend,JPN,213911,Connor Church,CAN,6-2 7-6(3)
2026VancouverChallenger,atp,2026-07-27,Hard,Q2,211711,Braden Shick,USA,126337,Renta Tokuda,JPN,WO
2026VancouverChallenger,atp,2026-07-27,Hard,Q2,212251,Daniel Milavsky,USA,209088,Quinn Vandecasteele,USA,6-2 0-6 6-3
2026VancouverChallenger,atp,2026-07-27,Hard,QF,200670,J J Wolf,USA,211627,Hayato Matsuoka,JPN,4-6 7-5 6-3
2026VancouverChallenger,atp,2026-07-27,Hard,QF,210136,Mark Lajal,EST,211711,Braden Shick,USA,6-2 6-2
2026VancouverChallenger,atp,2026-07-27,Hard,QF,210221,Jay Dylan Hara Friend,JPN,126127,Benjamin Bonzi,FRA,5-7 7-6(7) 7-5
2026VancouverChallenger,atp,2026-07-27,Hard,QF,211675,Keegan Rice,CAN,212251,Daniel Milavsky,USA,1-6 6-1 7-6(4)
2026VancouverChallenger,atp,2026-07-27,Hard,R16,126127,Benjamin Bonzi,FRA,111581,Michael Mmoh,USA,7-5 6-4
2026VancouverChallenger,atp,2026-07-27,Hard,R16,200670,J J Wolf,USA,208342,Tyler Zink,USA,6-3 6-3
2026VancouverChallenger,atp,2026-07-27,Hard,R16,210136,Mark Lajal,EST,206889,Clement Chidekh,FRA,7-6(3) 7-5
2026VancouverChallenger,atp,2026-07-27,Hard,R16,210221,Jay Dylan Hara Friend,JPN,210389,Toby Samuel,GBR,6-4 7-5
2026VancouverChallenger,atp,2026-07-27,Hard,R16,211627,Hayato Matsuoka,JPN,208278,Shintaro Mochizuki,JPN,6-3 6-2
2026VancouverChallenger,atp,2026-07-27,Hard,R16,211675,Keegan Rice,CAN,207784,Harry Wendelken,GBR,6-2 2-6 7-5
2026VancouverChallenger,atp,2026-07-27,Hard,R16,211711,Braden Shick,USA,200748,Andres Andrade,ECU,6-2 6-3
2026VancouverChallenger,atp,2026-07-27,Hard,R16,212251,Daniel Milavsky,USA,208013,Dane Sweeny,AUS,6-3 6-1
2026VancouverChallenger,atp,2026-07-27,Hard,R32,111581,Michael Mmoh,USA,200318,Yu Hsiou Hsu,TPE,6-3 6-4
2026VancouverChallenger,atp,2026-07-27,Hard,R32,126127,Benjamin Bonzi,FRA,209080,Blaise Bicknell,JAM,3-6 6-3 6-4
2026VancouverChallenger,atp,2026-07-27,Hard,R32,200670,J J Wolf,USA,111190,Zhizhen Zhang,CHN,7-6(3) 3-6 6-4
2026VancouverChallenger,atp,2026-07-27,Hard,R32,200748,Andres Andrade,ECU,200615,Alexei Popyrin,AUS,7-5 3-6 6-1
2026VancouverChallenger,atp,2026-07-27,Hard,R32,206889,Clement Chidekh,FRA,210340,Philip Sekulic,AUS,6-2 6-2
2026VancouverChallenger,atp,2026-07-27,Hard,R32,207784,Harry Wendelken,GBR,209326,Murphy Cassone,USA,6-5 RET
2026VancouverChallenger,atp,2026-07-27,Hard,R32,208013,Dane Sweeny,AUS,211673,Duncan Chan,CAN,6-4 6-1
2026VancouverChallenger,atp,2026-07-27,Hard,R32,208278,Shintaro Mochizuki,JPN,200277,Charles Broom,GBR,2-6 6-2 6-4
2026VancouverChallenger,atp,2026-07-27,Hard,R32,208342,Tyler Zink,USA,208389,James Trotter,JPN,3-6 6-1 6-3
2026VancouverChallenger,atp,2026-07-27,Hard,R32,210136,Mark Lajal,EST,200632,Evan Zhu,USA,6-3 6-2
2026VancouverChallenger,atp,2026-07-27,Hard,R32,210221,Jay Dylan Hara Friend,JPN,106281,Liam Broady,GBR,7-5 5-7 6-4
2026VancouverChallenger,atp,2026-07-27,Hard,R32,210389,Toby Samuel,GBR,209957,Jack Pinnington Jones,GBR,7-5 6-1
2026VancouverChallenger,atp,2026-07-27,Hard,R32,211627,Hayato Matsuoka,JPN,133297,Yosuke Watanuki,JPN,6-4 6-2
2026VancouverChallenger,atp,2026-07-27,Hard,R32,211675,Keegan Rice,CAN,208010,Pablo Llamas Ruiz,ESP,6-4 3-6 6-4
2026VancouverChallenger,atp,2026-07-27,Hard,R32,211711,Braden Shick,USA,200416,August Holmgren,DEN,6-7(5) 6-3 6-3
2026VancouverChallenger,atp,2026-07-27,Hard,R32,212251,Daniel Milavsky,USA,212044,Yi Zhou,CHN,3-6 6-1 6-3
2026VancouverChallenger,atp,2026-07-27,Hard,SF,200670,J J Wolf,USA,210221,Jay Dylan Hara Friend,JPN,6-3 6-4
2026VancouverChallenger,atp,2026-07-27,Hard,SF,210136,Mark Lajal,EST,211675,Keegan Rice,CAN,6-3 6-2
2026WTATarguMures125,wta,2026-07-27,Clay,F,266671,Laura Samson,CZE,259733,Kaitlin Quevedo,ESP,2-6 6-3 6-1
2026WTATarguMures125,wta,2026-07-27,Clay,Q1,210847,Miriana Tona,ITA,202688,Isabella Shinikova,BUL,6-2 6-3
2026WTATarguMures125,wta,2026-07-27,Clay,Q1,214546,Ekaterina Kazionova,RUS,202672,Ekaterina Yashina,RUS,6-2 6-2
2026WTATarguMures125,wta,2026-07-27,Clay,Q1,214653,Andreea Prisacariu,ROU,211328,Deborah Chiesa,ITA,7-6(5) 6-2
2026WTATarguMures125,wta,2026-07-27,Clay,Q1,221191,Margaux Rouvroy,FRA,239167,Diana Ilie,ROU,6-1 6-1
2026WTATarguMures125,wta,2026-07-27,Clay,Q1,222859,Maria Sara Popa,ROU,221004,Amarissa Kiara Toth,HUN,6-3 3-1 RET
2026WTATarguMures125,wta,2026-07-27,Clay,Q1,223120,Briana Szabo,ROU,252531,Gina Feistel,GER,7-5 3-2 RET
2026WTATarguMures125,wta,2026-07-27,Clay,Q1,239156,Lucija Ciric Bagaric,CRO,221486,Amandine Monnot,FRA,7-6(8) 6-0
2026WTATarguMures125,wta,2026-07-27,Clay,Q1,245077,Yelyzaveta Kotliar,UKR,220306,Alessandra Mazzola,ITA,5-7 6-2 6-2
2026WTATarguMures125,wta,2026-07-27,Clay,Q2,210847,Miriana Tona,ITA,223120,Briana Szabo,ROU,4-6 6-4 6-4
2026WTATarguMures125,wta,2026-07-27,Clay,Q2,221191,Margaux Rouvroy,FRA,214546,Ekaterina Kazionova,RUS,6-4 3-6 7-5
2026WTATarguMures125,wta,2026-07-27,Clay,Q2,239156,Lucija Ciric Bagaric,CRO,222859,Maria Sara Popa,ROU,6-4 6-2
2026WTATarguMures125,wta,2026-07-27,Clay,Q2,245077,Yelyzaveta Kotliar,UKR,214653,Andreea Prisacariu,ROU,6-4 6-0
2026WTATarguMures125,wta,2026-07-27,Clay,QF,214459,Lucia Bronzetti,ITA,204427,Sara Sorribes Tormo,ESP,6-3 2-6 7-5
2026WTATarguMures125,wta,2026-07-27,Clay,QF,215936,Francesca Jones,GBR,214254,Alice Rame,FRA,6-1 6-2
2026WTATarguMures125,wta,2026-07-27,Clay,QF,259733,Kaitlin Quevedo,ESP,220733,Carole Monnet,FRA,7-6(4) 6-3
2026WTATarguMures125,wta,2026-07-27,Clay,QF,266671,Laura Samson,CZE,239392,Mia Ristic,SRB,7-6(0) 4-6 6-2
2026WTATarguMures125,wta,2026-07-27,Clay,R16,204427,Sara Sorribes Tormo,ESP,216385,Caijsa Wilda Hennemann,SWE,6-1 6-3
2026WTATarguMures125,wta,2026-07-27,Clay,R16,214254,Alice Rame,FRA,221191,Margaux Rouvroy,FRA,6-2 6-4
2026WTATarguMures125,wta,2026-07-27,Clay,R16,214459,Lucia Bronzetti,ITA,260581,Alevtina Ibragimova,RUS,6-3 6-2
2026WTATarguMures125,wta,2026-07-27,Clay,R16,215936,Francesca Jones,GBR,239156,Lucija Ciric Bagaric,CRO,7-5 6-3
2026WTATarguMures125,wta,2026-07-27,Clay,R16,220733,Carole Monnet,FRA,246493,Elena Ruxandra Bertea,ROU,7-6(1) 7-5
2026WTATarguMures125,wta,2026-07-27,Clay,R16,239392,Mia Ristic,SRB,245077,Yelyzaveta Kotliar,UKR,2-6 6-2 7-6(4)
2026WTATarguMures125,wta,2026-07-27,Clay,R16,259733,Kaitlin Quevedo,ESP,213706,Irene Burillo Escorihuela,ESP,7-5 6-1
2026WTATarguMures125,wta,2026-07-27,Clay,R16,266671,Laura Samson,CZE,222506,Anastasiya Soboleva,UKR,4-2 RET
2026WTATarguMures125,wta,2026-07-27,Clay,R32,204427,Sara Sorribes Tormo,ESP,220742,Leyre Romero Gormaz,ESP,3-6 6-3 6-3
2026WTATarguMures125,wta,2026-07-27,Clay,R32,213706,Irene Burillo Escorihuela,ESP,216139,Sofya Lansere,RUS,2-6 6-4 6-4
2026WTATarguMures125,wta,2026-07-27,Clay,R32,214254,Alice Rame,FRA,239438,Julie Struplova,CZE,6-2 5-7 6-1
2026WTATarguMures125,wta,2026-07-27,Clay,R32,214459,Lucia Bronzetti,ITA,210847,Miriana Tona,ITA,6-2 6-2
2026WTATarguMures125,wta,2026-07-27,Clay,R32,215936,Francesca Jones,GBR,203564,Chloe Paquet,FRA,6-0 1-6 6-0
2026WTATarguMures125,wta,2026-07-27,Clay,R32,216385,Caijsa Wilda Hennemann,SWE,266376,Mia Pohankova,SVK,6-1 4-6 6-4
2026WTATarguMures125,wta,2026-07-27,Clay,R32,220733,Carole Monnet,FRA,214480,Miriam Bianca Bulgaru,ROU,6-1 6-3
2026WTATarguMures125,wta,2026-07-27,Clay,R32,221191,Margaux Rouvroy,FRA,236957,Lola Radivojevic,SRB,0-6 6-3 7-6(4)
2026WTATarguMures125,wta,2026-07-27,Clay,R32,222506,Anastasiya Soboleva,UKR,221911,Selena Janicijevic,FRA,6-4 6-2
2026WTATarguMures125,wta,2026-07-27,Clay,R32,239156,Lucija Ciric Bagaric,CRO,222037,Rachel Gailis,USA,6-2 6-1
2026WTATarguMures125,wta,2026-07-27,Clay,R32,239392,Mia Ristic,SRB,221985,Darja Semenistaja,LAT,6-2 6-3
2026WTATarguMures125,wta,2026-07-27,Clay,R32,245077,Yelyzaveta Kotliar,UKR,214919,Dalila Spiteri,ITA,5-7 6-3 6-2
2026WTATarguMures125,wta,2026-07-27,Clay,R32,246493,Elena Ruxandra Bertea,ROU,216116,Elena Malygina,EST,6-3 6-3
2026WTATarguMures125,wta,2026-07-27,Clay,R32,259733,Kaitlin Quevedo,ESP,213584,Irina Fetecau,ROU,6-1 6-3
2026WTATarguMures125,wta,2026-07-27,Clay,R32,260581,Alevtina Ibragimova,RUS,267176,Maia Ilinca Burcescu,ROU,6-4 3-6 7-5
2026WTATarguMures125,wta,2026-07-27,Clay,R32,266671,Laura Samson,CZE,270165,Alesia Breaz,ROU,6-4 6-3
2026WTATarguMures125,wta,2026-07-27,Clay,SF,259733,Kaitlin Quevedo,ESP,215936,Francesca Jones,GBR,7-6(5) 0-0 RET
2026WTATarguMures125,wta,2026-07-27,Clay,SF,266671,Laura Samson,CZE,214459,Lucia Bronzetti,ITA,7-5 6-4
2026WTAVancouver125,wta,2026-07-27,Hard,F,223194,Taylah Preston,AUS,213666,Maddison Inglis,AUS,7-6(5) 6-3
2026WTAVancouver125,wta,2026-07-27,Hard,Q1,202443,Valeria Savinykh,RUS,222377,Mia Kupres,CAN,6-4 6-0
2026WTAVancouver125,wta,2026-07-27,Hard,Q1,216587,Hong Yi Cody Wong,HKG,223203,Dasha Plekhanova,CAN,6-2 7-6(1)
2026WTAVancouver125,wta,2026-07-27,Hard,Q1,221512,Katrina Scott,USA,214800,Sabastiani Leon,MEX,6-1 6-1
2026WTAVancouver125,wta,2026-07-27,Hard,Q1,246478,Miho Kuramochi,JPN,206075,Hiroko Kuwata,JPN,7-6(2) 6-4
2026WTAVancouver125,wta,2026-07-27,Hard,Q1,266761,Emma Dong,CAN,214262,Ena Shibahara,JPN,6-2 1-6 6-4
2026WTAVancouver125,wta,2026-07-27,Hard,Q1,267882,Ellie Schoppe,USA,258191,Ana Grubor,CAN,6-7(5) 7-5 6-2
2026WTAVancouver125,wta,2026-07-27,Hard,Q1,270186,Avery Alexander,CAN,214862,Martina Okalova,SVK,6-4 4-6 7-6(5)
2026WTAVancouver125,wta,2026-07-27,Hard,Q2,216587,Hong Yi Cody Wong,HKG,221096,Sijia Wei,CHN,5-7 6-3 6-1
2026WTAVancouver125,wta,2026-07-27,Hard,Q2,246478,Miho Kuramochi,JPN,270186,Avery Alexander,CAN,7-5 6-3
2026WTAVancouver125,wta,2026-07-27,Hard,Q2,266761,Emma Dong,CAN,202443,Valeria Savinykh,RUS,6-3 6-2
2026WTAVancouver125,wta,2026-07-27,Hard,Q2,267882,Ellie Schoppe,USA,221512,Katrina Scott,USA,7-6(5) 7-6(7)
2026WTAVancouver125,wta,2026-07-27,Hard,QF,213666,Maddison Inglis,AUS,220416,Moyuka Uchijima,JPN,6-4 6-7(9) 6-3
2026WTAVancouver125,wta,2026-07-27,Hard,QF,215988,Mai Hontama,JPN,221124,Himeno Sakatsume,JPN,6-2 6-2
2026WTAVancouver125,wta,2026-07-27,Hard,QF,216566,Mananchaya Sawangkaew,THA,263644,Emerson Jones,AUS,6-3 6-2
2026WTAVancouver125,wta,2026-07-27,Hard,QF,223194,Taylah Preston,AUS,211279,Harriet Dart,GBR,6-3 6-3
2026WTAVancouver125,wta,2026-07-27,Hard,R16,211279,Harriet Dart,GBR,266761,Emma Dong,CAN,6-0 3-6 3-0 RET
2026WTAVancouver125,wta,2026-07-27,Hard,R16,213666,Maddison Inglis,AUS,223321,Sofia Costoulas,BEL,6-3 6-3
2026WTAVancouver125,wta,2026-07-27,Hard,R16,215988,Mai Hontama,JPN,203288,Jia Jing Lu,CHN,6-3 6-3
2026WTAVancouver125,wta,2026-07-27,Hard,R16,216566,Mananchaya Sawangkaew,THA,211702,Nao Hibino,JPN,6-1 3-6 6-2
2026WTAVancouver125,wta,2026-07-27,Hard,R16,220416,Moyuka Uchijima,JPN,260171,Hayu Kinoshita,JPN,2-6 6-4 7-5
2026WTAVancouver125,wta,2026-07-27,Hard,R16,221124,Himeno Sakatsume,JPN,220502,Ariana Arseneault,CAN,7-6(5) 6-2
2026WTAVancouver125,wta,2026-07-27,Hard,R16,223194,Taylah Preston,AUS,211880,Priscilla Hon,AUS,7-6(3) 6-4
2026WTAVancouver125,wta,2026-07-27,Hard,R16,263644,Emerson Jones,AUS,201483,Madison Brengle,USA,4-6 6-0 6-2
2026WTAVancouver125,wta,2026-07-27,Hard,R32,201483,Madison Brengle,USA,215545,Alexandra Vagramov,CAN,6-4 4-6 6-2
2026WTAVancouver125,wta,2026-07-27,Hard,R32,203288,Jia Jing Lu,CHN,214452,Caroline Dolehide,USA,7-5 6-4
2026WTAVancouver125,wta,2026-07-27,Hard,R32,211279,Harriet Dart,GBR,239436,Kayla Cross,CAN,6-2 6-1
2026WTAVancouver125,wta,2026-07-27,Hard,R32,211702,Nao Hibino,JPN,260374,Teah Chavez,CAN,6-1 6-2
2026WTAVancouver125,wta,2026-07-27,Hard,R32,211880,Priscilla Hon,AUS,267882,Ellie Schoppe,USA,6-3 6-4
2026WTAVancouver125,wta,2026-07-27,Hard,R32,213666,Maddison Inglis,AUS,213889,Greet Minnen,BEL,6-1 6-3
2026WTAVancouver125,wta,2026-07-27,Hard,R32,215988,Mai Hontama,JPN,215037,Kayla Day,USA,6-7(3) 6-3 6-4
2026WTAVancouver125,wta,2026-07-27,Hard,R32,216566,Mananchaya Sawangkaew,THA,215314,En Shuo Liang,TPE,6-2 6-4
2026WTAVancouver125,wta,2026-07-27,Hard,R32,220416,Moyuka Uchijima,JPN,246478,Miho Kuramochi,JPN,6-1 6-4
2026WTAVancouver125,wta,2026-07-27,Hard,R32,220502,Ariana Arseneault,CAN,222376,Annabelle Xu,CAN,6-4 7-6(3)
2026WTAVancouver125,wta,2026-07-27,Hard,R32,221124,Himeno Sakatsume,JPN,216587,Hong Yi Cody Wong,HKG,2-6 6-3 7-5
2026WTAVancouver125,wta,2026-07-27,Hard,R32,223194,Taylah Preston,AUS,211844,Haruka Kaji,JPN,6-0 6-2
2026WTAVancouver125,wta,2026-07-27,Hard,R32,223321,Sofia Costoulas,BEL,211878,Lizette Cabrera,AUS,6-2 6-2
2026WTAVancouver125,wta,2026-07-27,Hard,R32,260171,Hayu Kinoshita,JPN,211846,Kyoka Okamura,JPN,6-1 6-4
2026WTAVancouver125,wta,2026-07-27,Hard,R32,263644,Emerson Jones,AUS,203475,Carol Zhao,CAN,6-3 4-6 6-4
2026WTAVancouver125,wta,2026-07-27,Hard,R32,266761,Emma Dong,CAN,220454,Yeon Woo Ku,KOR,4-6 6-2 7-6(6)
2026WTAVancouver125,wta,2026-07-27,Hard,SF,213666,Maddison Inglis,AUS,215988,Mai Hontama,JPN,6-3 6-4
2026WTAVancouver125,wta,2026-07-27,Hard,SF,223194,Taylah Preston,AUS,216566,Mananchaya Sawangkaew,THA,5-7 6-3 6-3
2026GrodziskMazowieckiChallenger,atp,2026-08-03,Hard,F,212082,Joel Schwaerzler,AUT,200462,Andrea Guerrieri,ITA,7-6(4) 6-1
2026GrodziskMazowieckiChallenger,atp,2026-08-03,Hard,Q1,125802,Ilya Ivashka,BLR,212896,Melvin Kumar,SWE,6-2 6-1
2026GrodziskMazowieckiChallenger,atp,2026-08-03,Hard,Q1,133794,S D Prajwal Dev,IND,212156,Alex Degabriele,MLT,6-2 7-6(2)
2026GrodziskMazowieckiChallenger,atp,2026-08-03,Hard,Q1,144826,Aziz Dougaz,TUN,209417,Alan Bojarski,POL,6-2 6-7(3) 6-1
2026GrodziskMazowieckiChallenger,atp,2026-08-03,Hard,Q1,144925,Nitin Kumar Sinha,IND,210514,Edison Ambarzumjan,GER,6-4 7-6(2)
2026GrodziskMazowieckiChallenger,atp,2026-08-03,Hard,Q1,144985,Ergi Kirkin,TUR,212852,Kacper Szymkowiak,POL,6-4 7-6(1)
2026GrodziskMazowieckiChallenger,atp,2026-08-03,Hard,Q1,200574,Alexander Donski,BUL,104932,Kenny De Schepper,FRA,2-6 6-4 7-6(4)
2026GrodziskMazowieckiChallenger,atp,2026-08-03,Hard,Q1,208267,Oscar Weightman,GBR,211358,Adam Majchrzak,POL,6-3 3-6 6-1
2026GrodziskMazowieckiChallenger,atp,2026-08-03,Hard,Q1,210595,Jiri Cizek,CZE,213713,Melios Efstathiou,CYP,6-4 2-6 6-3
2026GrodziskMazowieckiChallenger,atp,2026-08-03,Hard,Q1,211707,Amit Vales,ISR,144932,Kristjan Tamm,EST,6-4 6-2
2026GrodziskMazowieckiChallenger,atp,2026-08-03,Hard,Q1,212029,Dimitris Sakellaridis,GRE,207794,Younes Lalami Laaroussi,MAR,6-4 6-3
2026GrodziskMazowieckiChallenger,atp,2026-08-03,Hard,Q1,213619,Oskari Paldanius,FIN,210447,Leo Raquillet,FRA,3-6 6-0 7-5
2026GrodziskMazowieckiChallenger,atp,2026-08-03,Hard,Q2,125802,Ilya Ivashka,BLR,208267,Oscar Weightman,GBR,6-4 6-1
2026GrodziskMazowieckiChallenger,atp,2026-08-03,Hard,Q2,144826,Aziz Dougaz,TUN,212029,Dimitris Sakellaridis,GRE,6-4 6-4
2026GrodziskMazowieckiChallenger,atp,2026-08-03,Hard,Q2,144985,Ergi Kirkin,TUR,213619,Oskari Paldanius,FIN,6-7(3) 6-4 6-2
2026GrodziskMazowieckiChallenger,atp,2026-08-03,Hard,Q2,200574,Alexander Donski,BUL,144925,Nitin Kumar Sinha,IND,6-3 6-4
2026GrodziskMazowieckiChallenger,atp,2026-08-03,Hard,Q2,210595,Jiri Cizek,CZE,105806,Mirza Basic,BIH,6-4 1-1 RET
2026GrodziskMazowieckiChallenger,atp,2026-08-03,Hard,Q2,211707,Amit Vales,ISR,133794,S D Prajwal Dev,IND,4-6 7-5 6-2
2026GrodziskMazowieckiChallenger,atp,2026-08-03,Hard,QF,200462,Andrea Guerrieri,ITA,212020,Michele Ribecai,ITA,4-6 7-5 6-2
2026GrodziskMazowieckiChallenger,atp,2026-08-03,Hard,QF,206750,Daniil Glinka,EST,200574,Alexander Donski,BUL,7-6(4) 6-4
2026GrodziskMazowieckiChallenger,atp,2026-08-03,Hard,QF,207231,Mathys Erhard,FRA,202326,Ivan Marrero Curbelo,ESP,6-3 6-3
2026GrodziskMazowieckiChallenger,atp,2026-08-03,Hard,QF,212082,Joel Schwaerzler,AUT,125802,Ilya Ivashka,BLR,7-6(4) 6-4
2026GrodziskMazowieckiChallenger,atp,2026-08-03,Hard,R16,125802,Ilya Ivashka,BLR,208004,Harold Mayot,FRA,WO
2026GrodziskMazowieckiChallenger,atp,2026-08-03,Hard,R16,200462,Andrea Guerrieri,ITA,126340,Viktor Durasovic,NOR,6-4 4-6 6-2
2026GrodziskMazowieckiChallenger,atp,2026-08-03,Hard,R16,200574,Alexander Donski,BUL,208279,Alejandro Moro Canas,ESP,6-4 7-6(5)
2026GrodziskMazowieckiChallenger,atp,2026-08-03,Hard,R16,202326,Ivan Marrero Curbelo,ESP,209874,Maks Kasnikowski,POL,2-6 7-6(4) 6-1
2026GrodziskMazowieckiChallenger,atp,2026-08-03,Hard,R16,206750,Daniil Glinka,EST,211707,Amit Vales,ISR,7-5 1-6 6-4
2026GrodziskMazowieckiChallenger,atp,2026-08-03,Hard,R16,207231,Mathys Erhard,FRA,106000,Damir Dzumhur,BIH,6-3 7-6(4)
2026GrodziskMazowieckiChallenger,atp,2026-08-03,Hard,R16,212020,Michele Ribecai,ITA,211530,Tomasz Berkieta,POL,7-5 6-4
2026GrodziskMazowieckiChallenger,atp,2026-08-03,Hard,R16,212082,Joel Schwaerzler,AUT,144826,Aziz Dougaz,TUN,7-6(2) 3-6 7-6(4)
2026GrodziskMazowieckiChallenger,atp,2026-08-03,Hard,R32,106000,Damir Dzumhur,BIH,144972,Geoffrey Blancaneaux,FRA,6-2 6-4
2026GrodziskMazowieckiChallenger,atp,2026-08-03,Hard,R32,125802,Ilya Ivashka,BLR,144985,Ergi Kirkin,TUR,6-1 5-7 6-3
2026GrodziskMazowieckiChallenger,atp,2026-08-03,Hard,R32,126340,Viktor Durasovic,NOR,126107,Michael Geerts,BEL,6-7(9) 6-2 6-2
2026GrodziskMazowieckiChallenger,atp,2026-08-03,Hard,R32,144826,Aziz Dougaz,TUN,105806,Mirza Basic,BIH,6-1 6-4
2026GrodziskMazowieckiChallenger,atp,2026-08-03,Hard,R32,200462,Andrea Guerrieri,ITA,209167,Olle Wallin,SWE,6-1 6-4
2026GrodziskMazowieckiChallenger,atp,2026-08-03,Hard,R32,200574,Alexander Donski,BUL,207998,Takuya Kumasaka,JPN,7-5 6-4
2026GrodziskMazowieckiChallenger,atp,2026-08-03,Hard,R32,202326,Ivan Marrero Curbelo,ESP,106290,Filip Peliwo,POL,6-1 3-6 6-3
2026GrodziskMazowieckiChallenger,atp,2026-08-03,Hard,R32,206750,Daniil Glinka,EST,209403,Faris Zakaryia,EGY,6-4 3-6 6-1
2026GrodziskMazowieckiChallenger,atp,2026-08-03,Hard,R32,207231,Mathys Erhard,FRA,210142,Olaf Pieczkowski,POL,5-7 7-5 6-1
2026GrodziskMazowieckiChallenger,atp,2026-08-03,Hard,R32,208004,Harold Mayot,FRA,210091,Filip Pieczonka,POL,6-2 6-2
2026GrodziskMazowieckiChallenger,atp,2026-08-03,Hard,R32,208279,Alejandro Moro Canas,ESP,209850,Robin Bertrand,FRA,7-5 6-4
2026GrodziskMazowieckiChallenger,atp,2026-08-03,Hard,R32,209874,Maks Kasnikowski,POL,202475,Philip Henning,RSA,6-3 6-4
2026GrodziskMazowieckiChallenger,atp,2026-08-03,Hard,R32,211530,Tomasz Berkieta,POL,106057,Facundo Mena,ARG,6-3 7-6(1)
2026GrodziskMazowieckiChallenger,atp,2026-08-03,Hard,R32,211707,Amit Vales,ISR,208025,Alex Martinez,ESP,6-2 6-0
2026GrodziskMazowieckiChallenger,atp,2026-08-03,Hard,R32,212020,Michele Ribecai,ITA,210721,Iliyan Radulov,BUL,6-2 6-1
2026GrodziskMazowieckiChallenger,atp,2026-08-03,Hard,R32,212082,Joel Schwaerzler,AUT,210595,Jiri Cizek,CZE,6-3 6-1
2026GrodziskMazowieckiChallenger,atp,2026-08-03,Hard,SF,200462,Andrea Guerrieri,ITA,206750,Daniil Glinka,EST,0-6 6-3 6-4
2026GrodziskMazowieckiChallenger,atp,2026-08-03,Hard,SF,212082,Joel Schwaerzler,AUT,207231,Mathys Erhard,FRA,3-6 7-6(5) 6-4
2026HagenChallenger,atp,2026-08-03,Clay,F,210167,Tom Gentzsch,GER,208843,Jerome Kym,SUI,6-4 7-6(4)
2026HagenChallenger,atp,2026-08-03,Clay,Q1,106329,Thiago Monteiro,BRA,123809,Ivan Gakhov,RUS,6-7(2) 6-4 6-4
2026HagenChallenger,atp,2026-08-03,Clay,Q1,127087,Dominik Recek,CZE,211542,Filippo Romano,ITA,7-6(6) 7-6(5)
2026HagenChallenger,atp,2026-08-03,Clay,Q1,134389,Tim Handel,GER,209338,Daniel Siniakov,CZE,6-4 6-4
2026HagenChallenger,atp,2026-08-03,Clay,Q1,200484,Rudolf Molleker,GER,209898,Dali Blanch,USA,6-4 6-2
2026HagenChallenger,atp,2026-08-03,Clay,Q1,206867,Tommaso Compagnucci,ITA,202089,Aleksandr Braynin,UKR,6-3 7-5
2026HagenChallenger,atp,2026-08-03,Clay,Q1,208071,Oleksii Krutykh,UKR,210377,Luciano Emanuel Ambrogi,ARG,6-3 6-1
2026HagenChallenger,atp,2026-08-03,Clay,Q1,208913,Juan Bautista Torres,ARG,209913,Fons Van Sambeek,NED,7-5 7-5
2026HagenChallenger,atp,2026-08-03,Clay,Q1,209916,Marko Topo,GER,121264,Oscar Jose Gutierrez,BRA,6-2 6-2
2026HagenChallenger,atp,2026-08-03,Clay,Q1,212063,Matej Dodig,CRO,200457,Jannik Opitz,GER,7-6(7) 6-2
2026HagenChallenger,atp,2026-08-03,Clay,Q1,213062,Nikolai Barsukov,GER,213001,Mika Petkovic,GER,6-4 6-7(4) 7-6(10)
2026HagenChallenger,atp,2026-08-03,Clay,Q2,106329,Thiago Monteiro,BRA,206867,Tommaso Compagnucci,ITA,6-2 6-4
2026HagenChallenger,atp,2026-08-03,Clay,Q2,127087,Dominik Recek,CZE,209916,Marko Topo,GER,6-4 6-4
2026HagenChallenger,atp,2026-08-03,Clay,Q2,200484,Rudolf Molleker,GER,134389,Tim Handel,GER,7-6(7) 6-3
2026HagenChallenger,atp,2026-08-03,Clay,Q2,208913,Juan Bautista Torres,ARG,213062,Nikolai Barsukov,GER,6-0 6-2
2026HagenChallenger,atp,2026-08-03,Clay,Q2,211617,Maxim Mrva,CZE,106044,Nicolas Kicker,ARG,6-4 6-2
2026HagenChallenger,atp,2026-08-03,Clay,Q2,212063,Matej Dodig,CRO,208071,Oleksii Krutykh,UKR,6-4 7-5
2026HagenChallenger,atp,2026-08-03,Clay,QF,200436,Zsombor Piros,HUN,209911,Guy Den Ouden,NED,6-4 6-1
2026HagenChallenger,atp,2026-08-03,Clay,QF,208843,Jerome Kym,SUI,105841,Lorenzo Giustino,ITA,6-3 7-6(4)
2026HagenChallenger,atp,2026-08-03,Clay,QF,209284,Elmer Moller,DEN,126535,Carlos Taberner,ESP,7-6(4) 7-5
2026HagenChallenger,atp,2026-08-03,Clay,QF,210167,Tom Gentzsch,GER,202260,Henri Squire,GER,6-3 7-6(5)
2026HagenChallenger,atp,2026-08-03,Clay,R16,105841,Lorenzo Giustino,ITA,212063,Matej Dodig,CRO,4-6 7-5 7-6(4)
2026HagenChallenger,atp,2026-08-03,Clay,R16,126535,Carlos Taberner,ESP,209916,Marko Topo,GER,3-6 6-3 6-3
2026HagenChallenger,atp,2026-08-03,Clay,R16,200436,Zsombor Piros,HUN,212309,Diego Dedura Palomero,GER,6-3 6-2
2026HagenChallenger,atp,2026-08-03,Clay,R16,202260,Henri Squire,GER,209875,Alex Barrena,ARG,6-4 6-1
2026HagenChallenger,atp,2026-08-03,Clay,R16,208843,Jerome Kym,SUI,208069,Max Houkes,NED,6-3 7-6(4)
2026HagenChallenger,atp,2026-08-03,Clay,R16,209284,Elmer Moller,DEN,134840,Raul Brancaccio,ITA,7-6(4) 7-6(2)
2026HagenChallenger,atp,2026-08-03,Clay,R16,209911,Guy Den Ouden,NED,211617,Maxim Mrva,CZE,6-4 6-2
2026HagenChallenger,atp,2026-08-03,Clay,R16,210167,Tom Gentzsch,GER,202358,Chun Hsin Tseng,TPE,6-1 1-6 6-1
2026HagenChallenger,atp,2026-08-03,Clay,R32,105841,Lorenzo Giustino,ITA,126964,Vitaliy Sachko,UKR,3-6 7-6(3) 6-4
2026HagenChallenger,atp,2026-08-03,Clay,R32,126535,Carlos Taberner,ESP,208913,Juan Bautista Torres,ARG,6-2 6-0
2026HagenChallenger,atp,2026-08-03,Clay,R32,134840,Raul Brancaccio,ITA,144645,Zdenek Kolar,CZE,6-4 6-4
2026HagenChallenger,atp,2026-08-03,Clay,R32,200436,Zsombor Piros,HUN,209405,Daniel Rincon,ESP,7-6(1) 6-0
2026HagenChallenger,atp,2026-08-03,Clay,R32,202260,Henri Squire,GER,144870,Federico Agustin Gomez,ARG,6-2 7-5
2026HagenChallenger,atp,2026-08-03,Clay,R32,202358,Chun Hsin Tseng,TPE,144684,Alex Molcan,SVK,2-6 6-3 2-0 RET
2026HagenChallenger,atp,2026-08-03,Clay,R32,208069,Max Houkes,NED,209147,Vilius Gaubas,LTU,2-6 6-4 6-4
2026HagenChallenger,atp,2026-08-03,Clay,R32,208843,Jerome Kym,SUI,213360,Niels Mcdonald,GER,6-3 6-3
2026HagenChallenger,atp,2026-08-03,Clay,R32,209284,Elmer Moller,DEN,214018,Jamie Mackenzie,GER,6-3 6-2
2026HagenChallenger,atp,2026-08-03,Clay,R32,209875,Alex Barrena,ARG,207608,Timofey Skatov,KAZ,7-6(4) 6-2
2026HagenChallenger,atp,2026-08-03,Clay,R32,209911,Guy Den Ouden,NED,124186,Alexandre Muller,FRA,7-5 6-2
2026HagenChallenger,atp,2026-08-03,Clay,R32,209916,Marko Topo,GER,212268,Max Schoenhaus,GER,5-7 6-3 7-6(3)
2026HagenChallenger,atp,2026-08-03,Clay,R32,210167,Tom Gentzsch,GER,106329,Thiago Monteiro,BRA,6-3 6-7(5) 6-4
2026HagenChallenger,atp,2026-08-03,Clay,R32,211617,Maxim Mrva,CZE,200484,Rudolf Molleker,GER,6-3 6-3
2026HagenChallenger,atp,2026-08-03,Clay,R32,212063,Matej Dodig,CRO,105882,Stefano Travaglia,ITA,7-5 6-3
2026HagenChallenger,atp,2026-08-03,Clay,R32,212309,Diego Dedura Palomero,GER,127087,Dominik Recek,CZE,7-5 6-2
2026HagenChallenger,atp,2026-08-03,Clay,SF,208843,Jerome Kym,SUI,209284,Elmer Moller,DEN,6-1 7-6(4)
2026HagenChallenger,atp,2026-08-03,Clay,SF,210167,Tom Gentzsch,GER,200436,Zsombor Piros,HUN,6-4 6-4
2026LexingtonChallenger,atp,2026-08-03,Hard,F,210220,Edas Butvilas,LTU,210318,Andre Ilagan,USA,6-2 1-6 7-6(6)
2026LexingtonChallenger,atp,2026-08-03,Hard,Q1,126952,Soon Woo Kwon,KOR,212405,Gavin Young,USA,7-5 6-3
2026LexingtonChallenger,atp,2026-08-03,Hard,Q1,208342,Tyler Zink,USA,126177,Strong Kirchheimer,USA,7-6(2) 6-4
2026LexingtonChallenger,atp,2026-08-03,Hard,Q1,208854,Aidan Mayo,USA,132052,Christian Langmo,USA,6-7(6) 6-3 7-5
2026LexingtonChallenger,atp,2026-08-03,Hard,Q1,209140,Millen Hurrion,GBR,207834,Juan Alejandro Hernandez Serrano,MEX,6-4 6-4
2026LexingtonChallenger,atp,2026-08-03,Hard,Q1,209406,Abedallah Shelbayh,JOR,208586,Joshua Sheehy,USA,6-3 2-6 7-6(2)
2026LexingtonChallenger,atp,2026-08-03,Hard,Q1,210077,Aidan Kim,USA,207202,Karl Poling,USA,6-2 6-4
2026LexingtonChallenger,atp,2026-08-03,Hard,Q1,210202,Rodrigo Pacheco Mendez,MEX,212837,Roger Pascual Ferra,ESP,6-2 6-3
2026LexingtonChallenger,atp,2026-08-03,Hard,Q1,210242,Ryan Colby,USA,202290,Dhakshineswar Suresh,IND,7-6(4) 7-6(3)
2026LexingtonChallenger,atp,2026-08-03,Hard,Q1,211346,Andres Martin,USA,206895,Alex Kobelt,USA,6-1 6-1
2026LexingtonChallenger,atp,2026-08-03,Hard,Q1,212216,Trevor Svajda,USA,213274,Eli Stephenson,USA,6-2 6-1
2026LexingtonChallenger,atp,2026-08-03,Hard,Q1,212219,Mees Rottgering,NED,210416,Bryce Nakashima,USA,6-1 6-3
2026LexingtonChallenger,atp,2026-08-03,Hard,Q1,212958,Spencer Johnson,USA,212733,Matthew Forbes,USA,6-1 7-5
2026LexingtonChallenger,atp,2026-08-03,Hard,Q2,126952,Soon Woo Kwon,KOR,210077,Aidan Kim,USA,3-6 6-2 6-2
2026LexingtonChallenger,atp,2026-08-03,Hard,Q2,208854,Aidan Mayo,USA,210202,Rodrigo Pacheco Mendez,MEX,6-4 7-6(7)
2026LexingtonChallenger,atp,2026-08-03,Hard,Q2,209140,Millen Hurrion,GBR,208342,Tyler Zink,USA,7-6(2) 5-7 7-6(4)
2026LexingtonChallenger,atp,2026-08-03,Hard,Q2,209406,Abedallah Shelbayh,JOR,212219,Mees Rottgering,NED,7-5 6-4
2026LexingtonChallenger,atp,2026-08-03,Hard,Q2,211346,Andres Martin,USA,212216,Trevor Svajda,USA,6-4 7-6(2)
2026LexingtonChallenger,atp,2026-08-03,Hard,Q2,212958,Spencer Johnson,USA,210242,Ryan Colby,USA,6-1 6-7(4) 7-6(2)
2026LexingtonChallenger,atp,2026-08-03,Hard,QF,105583,Dusan Lajovic,SRB,209406,Abedallah Shelbayh,JOR,7-6(4) 2-6 6-4
2026LexingtonChallenger,atp,2026-08-03,Hard,QF,210220,Edas Butvilas,LTU,210536,Rei Sakamoto,JPN,7-6(5) 3-6 7-5
2026LexingtonChallenger,atp,2026-08-03,Hard,QF,210318,Andre Ilagan,USA,210478,Sebastian Gorzny,USA,7-6(5) 6-4
2026LexingtonChallenger,atp,2026-08-03,Hard,QF,212958,Spencer Johnson,USA,211346,Andres Martin,USA,4-6 7-6(3) 6-3
2026LexingtonChallenger,atp,2026-08-03,Hard,R16,105583,Dusan Lajovic,SRB,144750,Lloyd Harris,RSA,0-6 6-3 6-4
2026LexingtonChallenger,atp,2026-08-03,Hard,R16,209406,Abedallah Shelbayh,JOR,210748,Federico Cina,ITA,7-6(3) 6-2
2026LexingtonChallenger,atp,2026-08-03,Hard,R16,210220,Edas Butvilas,LTU,210028,Ozan Baris,USA,6-0 6-2
2026LexingtonChallenger,atp,2026-08-03,Hard,R16,210318,Andre Ilagan,USA,126952,Soon Woo Kwon,KOR,3-6 7-6(4) 6-4
2026LexingtonChallenger,atp,2026-08-03,Hard,R16,210478,Sebastian Gorzny,USA,127339,Borna Gojo,CRO,6-4 2-6 7-6(3)
2026LexingtonChallenger,atp,2026-08-03,Hard,R16,210536,Rei Sakamoto,JPN,111581,Michael Mmoh,USA,6-4 6-4
2026LexingtonChallenger,atp,2026-08-03,Hard,R16,211346,Andres Martin,USA,209140,Millen Hurrion,GBR,6-3 4-6 6-2
2026LexingtonChallenger,atp,2026-08-03,Hard,R16,212958,Spencer Johnson,USA,210221,Jay Dylan Hara Friend,JPN,6-3 6-0
2026LexingtonChallenger,atp,2026-08-03,Hard,R32,105583,Dusan Lajovic,SRB,210317,James Mccabe,AUS,6-3 6-7(5) 6-3
2026LexingtonChallenger,atp,2026-08-03,Hard,R32,111581,Michael Mmoh,USA,207784,Harry Wendelken,GBR,6-4 6-2
2026LexingtonChallenger,atp,2026-08-03,Hard,R32,126952,Soon Woo Kwon,KOR,209262,Tristan Schoolkate,AUS,3-6 5-1 RET
2026LexingtonChallenger,atp,2026-08-03,Hard,R32,127339,Borna Gojo,CRO,208269,Felix Gill,GBR,6-4 4-6 6-4
2026LexingtonChallenger,atp,2026-08-03,Hard,R32,144750,Lloyd Harris,RSA,211902,Henry Searle,GBR,7-5 2-6 6-3
2026LexingtonChallenger,atp,2026-08-03,Hard,R32,209140,Millen Hurrion,GBR,209957,Jack Pinnington Jones,GBR,7-6(5) 6-4
2026LexingtonChallenger,atp,2026-08-03,Hard,R32,209406,Abedallah Shelbayh,JOR,106109,Alex Bolt,AUS,6-2 6-3
2026LexingtonChallenger,atp,2026-08-03,Hard,R32,210028,Ozan Baris,USA,106281,Liam Broady,GBR,6-4 7-5
2026LexingtonChallenger,atp,2026-08-03,Hard,R32,210220,Edas Butvilas,LTU,207729,Tristan Boyer,USA,6-3 3-6 6-3
2026LexingtonChallenger,atp,2026-08-03,Hard,R32,210221,Jay Dylan Hara Friend,JPN,212256,Colton Smith,USA,5-7 7-6(4) 6-3
2026LexingtonChallenger,atp,2026-08-03,Hard,R32,210318,Andre Ilagan,USA,200748,Andres Andrade,ECU,6-3 6-4
2026LexingtonChallenger,atp,2026-08-03,Hard,R32,210478,Sebastian Gorzny,USA,200318,Yu Hsiou Hsu,TPE,3-6 6-1 6-2
2026LexingtonChallenger,atp,2026-08-03,Hard,R32,210536,Rei Sakamoto,JPN,208854,Aidan Mayo,USA,7-6(3) 7-5
2026LexingtonChallenger,atp,2026-08-03,Hard,R32,210748,Federico Cina,ITA,111200,Elias Ymer,SWE,6-3 7-5
2026LexingtonChallenger,atp,2026-08-03,Hard,R32,211346,Andres Martin,USA,212531,Nicolas Arseneault,CAN,6-2 6-2
2026LexingtonChallenger,atp,2026-08-03,Hard,R32,212958,Spencer Johnson,USA,121411,Moez Echargui,TUN,6-4 6-3
2026LexingtonChallenger,atp,2026-08-03,Hard,SF,210220,Edas Butvilas,LTU,105583,Dusan Lajovic,SRB,6-2 6-7(5) 6-2
2026LexingtonChallenger,atp,2026-08-03,Hard,SF,210318,Andre Ilagan,USA,212958,Spencer Johnson,USA,6-4 6-4
2026Plovdiv2Challenger,atp,2026-08-03,Clay,F,210042,Gabriele Piraino,ITA,209318,Petr Nesterov,BUL,6-1 7-6(5)
2026Plovdiv2Challenger,atp,2026-08-03,Clay,Q1,125806,Dominik Kellovsky,CZE,208533,Joao Victor Couto Loureiro,BRA,1-6 6-4 6-2
2026Plovdiv2Challenger,atp,2026-08-03,Clay,Q1,202090,Adrian Andreev,BUL,213977,Cosme Rolland De Ravel,FRA,6-4 6-1
2026Plovdiv2Challenger,atp,2026-08-03,Clay,Q1,202305,Franco Ribero,ARG,212478,William Rejchtman Vinciguerra,SWE,6-4 1-6 6-1
2026Plovdiv2Challenger,atp,2026-08-03,Clay,Q1,209233,Pietro Marino,ITA,111568,Michael Zhu,USA,6-1 6-3
2026Plovdiv2Challenger,atp,2026-08-03,Clay,Q1,209337,Luca Castagnola,ITA,213396,Yoan Naydenov,BUL,6-1 6-3
2026Plovdiv2Challenger,atp,2026-08-03,Clay,Q1,210198,George Lazarov,BUL,212461,Daniele Rapagnetta,ITA,6-3 6-0
2026Plovdiv2Challenger,atp,2026-08-03,Clay,Q1,210498,Gerard Campana Lee,KOR,207331,Vladislav Melnic,ROU,6-1 6-3
2026Plovdiv2Challenger,atp,2026-08-03,Clay,Q1,210652,Dragos Nicolae Cazacu,ROU,214681,Aleksandar Tolev,BUL,5-7 6-0 6-1
2026Plovdiv2Challenger,atp,2026-08-03,Clay,Q1,211761,Valentin Basel,ARG,210099,Dinko Dinev,BUL,6-4 6-4
2026Plovdiv2Challenger,atp,2026-08-03,Clay,Q1,213059,Carles Cordoba,ESP,210722,Viktor Markov,BUL,6-1 6-1
2026Plovdiv2Challenger,atp,2026-08-03,Clay,Q1,213066,Stefan Horia Haita,ROU,214435,Dimitar Kisimov,BUL,6-1 6-7(6) 6-0
2026Plovdiv2Challenger,atp,2026-08-03,Clay,Q1,213141,Georgi Georgiev,BUL,212756,Nikita Bilozertsev,UKR,6-4 6-2
2026Plovdiv2Challenger,atp,2026-08-03,Clay,Q2,202090,Adrian Andreev,BUL,213059,Carles Cordoba,ESP,6-3 4-6 6-4
2026Plovdiv2Challenger,atp,2026-08-03,Clay,Q2,202305,Franco Ribero,ARG,210652,Dragos Nicolae Cazacu,ROU,6-3 6-1
2026Plovdiv2Challenger,atp,2026-08-03,Clay,Q2,209233,Pietro Marino,ITA,211761,Valentin Basel,ARG,6-4 6-4
2026Plovdiv2Challenger,atp,2026-08-03,Clay,Q2,210198,George Lazarov,BUL,125806,Dominik Kellovsky,CZE,6-0 6-1
2026Plovdiv2Challenger,atp,2026-08-03,Clay,Q2,210498,Gerard Campana Lee,KOR,213066,Stefan Horia Haita,ROU,6-3 6-2
2026Plovdiv2Challenger,atp,2026-08-03,Clay,Q2,213141,Georgi Georgiev,BUL,209337,Luca Castagnola,ITA,6-3 6-3
2026Plovdiv2Challenger,atp,2026-08-03,Clay,QF,202199,Carlos Sanchez Jover,ESP,210198,George Lazarov,BUL,6-2 6-3
2026Plovdiv2Challenger,atp,2026-08-03,Clay,QF,208457,Radu Mihai Papoe,ROU,212960,Yannick Alexandrescou,ROU,6-3 6-3
2026Plovdiv2Challenger,atp,2026-08-03,Clay,QF,209318,Petr Nesterov,BUL,202090,Adrian Andreev,BUL,6-4 6-1
2026Plovdiv2Challenger,atp,2026-08-03,Clay,QF,210042,Gabriele Piraino,ITA,210498,Gerard Campana Lee,KOR,6-1 6-1
2026Plovdiv2Challenger,atp,2026-08-03,Clay,R16,202090,Adrian Andreev,BUL,212598,Emilien Demanet,BEL,WO
2026Plovdiv2Challenger,atp,2026-08-03,Clay,R16,202199,Carlos Sanchez Jover,ESP,123755,Daniel Elahi Galan,COL,6-2 0-0 RET
2026Plovdiv2Challenger,atp,2026-08-03,Clay,R16,208457,Radu Mihai Papoe,ROU,106162,Franco Agamenone,ITA,4-6 6-2 7-6(2)
2026Plovdiv2Challenger,atp,2026-08-03,Clay,R16,209318,Petr Nesterov,BUL,210285,Sebastian Sorger,AUT,6-4 7-6(5)
2026Plovdiv2Challenger,atp,2026-08-03,Clay,R16,210042,Gabriele Piraino,ITA,212207,Ognjen Milic,SRB,6-4 6-3
2026Plovdiv2Challenger,atp,2026-08-03,Clay,R16,210198,George Lazarov,BUL,210200,Yanaki Milev,BUL,6-3 6-1
2026Plovdiv2Challenger,atp,2026-08-03,Clay,R16,210498,Gerard Campana Lee,KOR,210129,Samuele Pieri,ITA,5-7 7-5 6-1
2026Plovdiv2Challenger,atp,2026-08-03,Clay,R16,212960,Yannick Alexandrescou,ROU,210557,Petr Brunclik,CZE,7-5 6-3
2026Plovdiv2Challenger,atp,2026-08-03,Clay,R32,106162,Franco Agamenone,ITA,211504,Jack Loge,BEL,7-6(0) 5-7 6-4
2026Plovdiv2Challenger,atp,2026-08-03,Clay,R32,123755,Daniel Elahi Galan,COL,213141,Georgi Georgiev,BUL,6-3 6-7(5) 6-2
2026Plovdiv2Challenger,atp,2026-08-03,Clay,R32,202090,Adrian Andreev,BUL,123961,Murkel Alejandro Dellien Velasco,BOL,6-1 7-6(10)
2026Plovdiv2Challenger,atp,2026-08-03,Clay,R32,202199,Carlos Sanchez Jover,ESP,209254,Valerio Aboian,ARG,6-2 2-6 6-2
2026Plovdiv2Challenger,atp,2026-08-03,Clay,R32,208457,Radu Mihai Papoe,ROU,202305,Franco Ribero,ARG,6-4 1-6 6-3
2026Plovdiv2Challenger,atp,2026-08-03,Clay,R32,209318,Petr Nesterov,BUL,149117,Lorenzo Angelini,ITA,7-5 6-1
2026Plovdiv2Challenger,atp,2026-08-03,Clay,R32,210042,Gabriele Piraino,ITA,212241,Carlo Alberto Caniato,ITA,6-4 3-6 6-3
2026Plovdiv2Challenger,atp,2026-08-03,Clay,R32,210129,Samuele Pieri,ITA,208046,Pedro Boscardin Dias,BRA,6-3 0-6 6-4
2026Plovdiv2Challenger,atp,2026-08-03,Clay,R32,210198,George Lazarov,BUL,200495,Eduardo Ribeiro,BRA,7-5 6-2
2026Plovdiv2Challenger,atp,2026-08-03,Clay,R32,210200,Yanaki Milev,BUL,106177,Oriol Roca Batalla,ESP,6-4 6-4
2026Plovdiv2Challenger,atp,2026-08-03,Clay,R32,210285,Sebastian Sorger,AUT,207491,Sandro Kopp,AUT,6-1 6-1
2026Plovdiv2Challenger,atp,2026-08-03,Clay,R32,210498,Gerard Campana Lee,KOR,209233,Pietro Marino,ITA,6-0 6-2
2026Plovdiv2Challenger,atp,2026-08-03,Clay,R32,210557,Petr Brunclik,CZE,212077,Lorenzo Carboni,ITA,6-4 6-4
2026Plovdiv2Challenger,atp,2026-08-03,Clay,R32,212207,Ognjen Milic,SRB,129814,Ivan Ivanov,BUL,6-0 6-0
2026Plovdiv2Challenger,atp,2026-08-03,Clay,R32,212598,Emilien Demanet,BEL,211651,Alexander Vasilev,BUL,6-3 6-4
2026Plovdiv2Challenger,atp,2026-08-03,Clay,R32,212960,Yannick Alexandrescou,ROU,106292,Hernan Casanova,ARG,7-6(2) 6-3
2026Plovdiv2Challenger,atp,2026-08-03,Clay,SF,209318,Petr Nesterov,BUL,208457,Radu Mihai Papoe,ROU,7-5 6-3
2026Plovdiv2Challenger,atp,2026-08-03,Clay,SF,210042,Gabriele Piraino,ITA,202199,Carlos Sanchez Jover,ESP,7-5 6-2
2026WTAWarsaw125,wta,2026-08-03,Hard,F,221803,Carol Young Suh Lee,POC,213873,Gabriela Andrea Knutson,CZE,6-4 7-5
2026WTAWarsaw125,wta,2026-08-03,Hard,QF,213873,Gabriela Andrea Knutson,CZE,212303,Justina Mikulskyte,LTU,6-2 6-4
2026WTAWarsaw125,wta,2026-08-03,Hard,QF,221803,Carol Young Suh Lee,POC,216579,Weronika Falkowska,POL,3-6 7-6(4) 6-1
2026WTAWarsaw125,wta,2026-08-03,Hard,QF,260203,Vendula Valdmannova,CZE,214826,Susan Bandecchi,SUI,7-6(4) 6-4
2026WTAWarsaw125,wta,2026-08-03,Hard,QF,260664,Elizara Yaneva,BUL,201621,Mona Barthel,GER,6-4 2-6 7-6(5)
2026WTAWarsaw125,wta,2026-08-03,Hard,R16,201621,Mona Barthel,GER,221243,Martyna Kubka,POL,7-5 6-4
2026WTAWarsaw125,wta,2026-08-03,Hard,R16,212303,Justina Mikulskyte,LTU,203514,Katarzyna Kawa,POL,7-5 2-6 6-1
2026WTAWarsaw125,wta,2026-08-03,Hard,R16,213873,Gabriela Andrea Knutson,CZE,230870,Ella Seidel,GER,6-3 6-4
2026WTAWarsaw125,wta,2026-08-03,Hard,R16,214826,Susan Bandecchi,SUI,247669,Veronika Podrez,UKR,6-1 6-4
2026WTAWarsaw125,wta,2026-08-03,Hard,R16,216579,Weronika Falkowska,POL,223333,Noma Noha Akugue,GER,3-6 7-6(6) 7-5
2026WTAWarsaw125,wta,2026-08-03,Hard,R16,221803,Carol Young Suh Lee,POC,221434,Aliona Falei,BLR,2-6 6-3 6-1
2026WTAWarsaw125,wta,2026-08-03,Hard,R16,260203,Vendula Valdmannova,CZE,264187,Zuzanna Pawlikowska,POL,6-3 6-4
2026WTAWarsaw125,wta,2026-08-03,Hard,R16,260664,Elizara Yaneva,BUL,206294,Yue Yuan,CHN,5-7 6-0 6-2
2026WTAWarsaw125,wta,2026-08-03,Hard,R32,201621,Mona Barthel,GER,266671,Laura Samson,CZE,7-5 6-3
2026WTAWarsaw125,wta,2026-08-03,Hard,R32,203514,Katarzyna Kawa,POL,222258,Linda Fruhvirtova,CZE,4-6 6-4 7-6(5)
2026WTAWarsaw125,wta,2026-08-03,Hard,R32,206294,Yue Yuan,CHN,220673,Alana Smith,USA,6-1 6-4
2026WTAWarsaw125,wta,2026-08-03,Hard,R32,212303,Justina Mikulskyte,LTU,260541,Weronika Ewald,POL,7-6(3) 6-2
2026WTAWarsaw125,wta,2026-08-03,Hard,R32,213873,Gabriela Andrea Knutson,CZE,223321,Sofia Costoulas,BEL,6-2 6-4
2026WTAWarsaw125,wta,2026-08-03,Hard,R32,214826,Susan Bandecchi,SUI,214149,Viktoria Hruncakova,SVK,6-4 6-4
2026WTAWarsaw125,wta,2026-08-03,Hard,R32,216579,Weronika Falkowska,POL,270129,Amelia Paszun,POL,6-0 6-2
2026WTAWarsaw125,wta,2026-08-03,Hard,R32,221243,Martyna Kubka,POL,267439,Teodora Kostovic,SRB,7-6(3) 2-6 6-1
2026WTAWarsaw125,wta,2026-08-03,Hard,R32,221434,Aliona Falei,BLR,201524,Urszula Radwanska,POL,6-3 6-2
2026WTAWarsaw125,wta,2026-08-03,Hard,R32,221803,Carol Young Suh Lee,POC,221039,Elsa Jacquemot,FRA,6-4 6-4
2026WTAWarsaw125,wta,2026-08-03,Hard,R32,223333,Noma Noha Akugue,GER,222919,Julia Avdeeva,RUS,6-2 6-3
2026WTAWarsaw125,wta,2026-08-03,Hard,R32,230870,Ella Seidel,GER,213646,Dalma Galfi,HUN,6-2 6-2
2026WTAWarsaw125,wta,2026-08-03,Hard,R32,247669,Veronika Podrez,UKR,239397,Elena Micic,AUS,6-3 7-6(4)
2026WTAWarsaw125,wta,2026-08-03,Hard,R32,260203,Vendula Valdmannova,CZE,215013,Marcelina Podlinska,POL,6-1 6-2
2026WTAWarsaw125,wta,2026-08-03,Hard,R32,260664,Elizara Yaneva,BUL,221626,Linda Klimovicova,CZE,2-6 7-5 6-1
2026WTAWarsaw125,wta,2026-08-03,Hard,R32,264187,Zuzanna Pawlikowska,POL,220757,Lia Karatancheva,BUL,6-4 6-2
2026WTAWarsaw125,wta,2026-08-03,Hard,SF,213873,Gabriela Andrea Knutson,CZE,260664,Elizara Yaneva,BUL,7-6(4) 6-2
2026WTAWarsaw125,wta,2026-08-03,Hard,SF,221803,Carol Young Suh Lee,POC,260203,Vendula Valdmannova,CZE,6-2 6-2
2026AstanaChallenger,atp,2026-08-10,Hard,F,211627,Hayato Matsuoka,JPN,144826,Aziz Dougaz,TUN,0-6 6-1 7-6(5)
2026AstanaChallenger,atp,2026-08-10,Hard,Q1,106168,Sidharth Rawat,IND,126762,Aleksandre Bakshi,GEO,6-3 6-3
2026AstanaChallenger,atp,2026-08-10,Hard,Q1,124040,Colin Sinclair,NMI,208230,Alibek Kachmazov,RUS,7-6(3) 6-7(6) 6-2
2026AstanaChallenger,atp,2026-08-10,Hard,Q1,124154,Sasi Kumar Mukund,IND,214068,Daniel Tazabekov,KAZ,6-1 6-2
2026AstanaChallenger,atp,2026-08-10,Hard,Q1,207383,Taisei Ichikawa,JPN,111202,Hyeon Chung,KOR,7-5 6-4
2026AstanaChallenger,atp,2026-08-10,Hard,Q1,207793,Alec Deckers,NED,212902,Danial Rakhmatullayev,KAZ,7-6(3) 6-2
2026AstanaChallenger,atp,2026-08-10,Hard,Q1,208876,Egor Agafonov,RUS,209867,Daniil Ostapenkov,BLR,3-1 RET
2026AstanaChallenger,atp,2026-08-10,Hard,Q1,210000,Karan Singh,IND,200456,Martin Borisiouk,BLR,6-4 3-6 6-3
2026AstanaChallenger,atp,2026-08-10,Hard,Q1,210034,Shunsuke Mitsui,JPN,210687,Pawit Sornlaksup,THA,7-6(3) 1-6 6-4
2026AstanaChallenger,atp,2026-08-10,Hard,Q1,210121,Kokoro Isomura,JPN,202154,Uisung Park,KOR,6-2 6-2
2026AstanaChallenger,atp,2026-08-10,Hard,Q1,210250,Erik Arutiunian,BLR,212574,Egor Pleshivtsev,RUS,6-3 6-3
2026AstanaChallenger,atp,2026-08-10,Hard,Q1,211324,Mitsuki Wei Kang Leong,MAS,210021,Yerassyl Yerdilda,KAZ,6-0 6-1
2026AstanaChallenger,atp,2026-08-10,Hard,Q1,212846,Damir Zhalgasbay,KAZ,122113,Yurii Dzhavakian,UKR,6-4 6-3
2026AstanaChallenger,atp,2026-08-10,Hard,Q2,106168,Sidharth Rawat,IND,210034,Shunsuke Mitsui,JPN,7-5 7-6(4)
2026AstanaChallenger,atp,2026-08-10,Hard,Q2,124040,Colin Sinclair,NMI,212846,Damir Zhalgasbay,KAZ,6-4 5-7 6-4
2026AstanaChallenger,atp,2026-08-10,Hard,Q2,207383,Taisei Ichikawa,JPN,210000,Karan Singh,IND,6-3 3-6 6-1
2026AstanaChallenger,atp,2026-08-10,Hard,Q2,207793,Alec Deckers,NED,208876,Egor Agafonov,RUS,7-6(3) 7-5
2026AstanaChallenger,atp,2026-08-10,Hard,Q2,210121,Kokoro Isomura,JPN,124154,Sasi Kumar Mukund,IND,1-6 7-6(3) 6-3
2026AstanaChallenger,atp,2026-08-10,Hard,Q2,210250,Erik Arutiunian,BLR,211324,Mitsuki Wei Kang Leong,MAS,6-4 6-4
2026AstanaChallenger,atp,2026-08-10,Hard,QF,126939,Khumoyun Sultanov,UZB,207368,Mert Alkaya,TUR,7-6(5) 6-3
2026AstanaChallenger,atp,2026-08-10,Hard,QF,144826,Aziz Dougaz,TUN,200666,Jie Cui,CHN,6-2 4-6 7-5
2026AstanaChallenger,atp,2026-08-10,Hard,QF,200672,Sergey Fomin,UZB,201987,Masamichi Imamura,JPN,6-2 6-1
2026AstanaChallenger,atp,2026-08-10,Hard,QF,211627,Hayato Matsuoka,JPN,111806,Fajing Sun,CHN,7-5 7-5
2026AstanaChallenger,atp,2026-08-10,Hard,R16,111806,Fajing Sun,CHN,208431,Semen Pankin,RUS,4-6 7-6(4) 6-3
2026AstanaChallenger,atp,2026-08-10,Hard,R16,126939,Khumoyun Sultanov,UZB,211636,Lucio Ratti,ARG,6-4 7-5
2026AstanaChallenger,atp,2026-08-10,Hard,R16,144826,Aziz Dougaz,TUN,211768,Manas Dhamne,IND,7-5 6-3
2026AstanaChallenger,atp,2026-08-10,Hard,R16,200666,Jie Cui,CHN,209951,Petr Bar Biryukov,RUS,6-4 6-2
2026AstanaChallenger,atp,2026-08-10,Hard,R16,200672,Sergey Fomin,UZB,208937,Kasidit Samrej,THA,6-1 6-4
2026AstanaChallenger,atp,2026-08-10,Hard,R16,201987,Masamichi Imamura,JPN,210250,Erik Arutiunian,BLR,6-3 6-4
2026AstanaChallenger,atp,2026-08-10,Hard,R16,207368,Mert Alkaya,TUR,202320,Beibit Zhukayev,KAZ,6-3 6-4
2026AstanaChallenger,atp,2026-08-10,Hard,R16,211627,Hayato Matsuoka,JPN,207998,Takuya Kumasaka,JPN,6-4 6-1
2026AstanaChallenger,atp,2026-08-10,Hard,R32,111806,Fajing Sun,CHN,213930,Zangar Nurlanuly,KAZ,6-2 3-6 6-2
2026AstanaChallenger,atp,2026-08-10,Hard,R32,126939,Khumoyun Sultanov,UZB,208240,Alexandr Binda,ITA,6-3 6-2
2026AstanaChallenger,atp,2026-08-10,Hard,R32,144826,Aziz Dougaz,TUN,207793,Alec Deckers,NED,6-3 2-6 6-3
2026AstanaChallenger,atp,2026-08-10,Hard,R32,200666,Jie Cui,CHN,200297,Aziz Ouakaa,TUN,6-3 6-4
2026AstanaChallenger,atp,2026-08-10,Hard,R32,200672,Sergey Fomin,UZB,210393,Maxim Zhukov,RUS,7-5 4-1 RET
2026AstanaChallenger,atp,2026-08-10,Hard,R32,201987,Masamichi Imamura,JPN,211577,Antoine Ghibaudo,FRA,7-6(3) 6-3
2026AstanaChallenger,atp,2026-08-10,Hard,R32,202320,Beibit Zhukayev,KAZ,212788,Amir Omarkhanov,KAZ,6-3 6-4
2026AstanaChallenger,atp,2026-08-10,Hard,R32,207368,Mert Alkaya,TUR,106168,Sidharth Rawat,IND,6-2 6-4
2026AstanaChallenger,atp,2026-08-10,Hard,R32,207998,Takuya Kumasaka,JPN,124040,Colin Sinclair,NMI,6-2 7-6(4)
2026AstanaChallenger,atp,2026-08-10,Hard,R32,208431,Semen Pankin,RUS,208158,Dominik Palan,CZE,6-1 6-4
2026AstanaChallenger,atp,2026-08-10,Hard,R32,208937,Kasidit Samrej,THA,210121,Kokoro Isomura,JPN,5-7 6-0 6-4
2026AstanaChallenger,atp,2026-08-10,Hard,R32,209951,Petr Bar Biryukov,RUS,207383,Taisei Ichikawa,JPN,6-2 6-3
2026AstanaChallenger,atp,2026-08-10,Hard,R32,210250,Erik Arutiunian,BLR,200321,San Hui Sin,KOR,6-1 1-6 7-6(4)
2026AstanaChallenger,atp,2026-08-10,Hard,R32,211627,Hayato Matsuoka,JPN,211628,Koki Matsuda,JPN,6-3 6-4
2026AstanaChallenger,atp,2026-08-10,Hard,R32,211636,Lucio Ratti,ARG,210470,Tai Sach,AUS,6-3 6-3
2026AstanaChallenger,atp,2026-08-10,Hard,R32,211768,Manas Dhamne,IND,134068,Vadym Ursu,UKR,6-4 7-6(2)
2026AstanaChallenger,atp,2026-08-10,Hard,SF,144826,Aziz Dougaz,TUN,200672,Sergey Fomin,UZB,4-6 6-1 7-5
2026AstanaChallenger,atp,2026-08-10,Hard,SF,211627,Hayato Matsuoka,JPN,126939,Khumoyun Sultanov,UZB,3-6 6-3 6-4
2026CancunChallenger,atp,2026-08-10,Hard,F,128034,Hubert Hurkacz,POL,202104,Sebastian Baez,ARG,4-6 6-0 6-3
2026CancunChallenger,atp,2026-08-10,Hard,Q1,111513,Laslo Djere,SRB,212831,Samuel Heredia,COL,6-3 6-4
2026CancunChallenger,atp,2026-08-10,Hard,Q1,144750,Lloyd Harris,RSA,209406,Abedallah Shelbayh,JOR,6-3 6-2
2026CancunChallenger,atp,2026-08-10,Hard,Q1,200335,Felipe Meligeni Alves,BRA,202146,Luka Pavlovic,FRA,7-6(2) 7-6(1)
2026CancunChallenger,atp,2026-08-10,Hard,Q1,200677,Rio Noguchi,JPN,210545,Luis Carlos Alvarez,MEX,7-6(1) 4-6 6-1
2026CancunChallenger,atp,2026-08-10,Hard,Q1,206904,Gauthier Onclin,BEL,202342,Ryan Seggerman,USA,6-3 6-4
2026CancunChallenger,atp,2026-08-10,Hard,Q1,208279,Alejandro Moro Canas,ESP,213149,Felix Balshaw,FRA,6-4 7-6(3)
2026CancunChallenger,atp,2026-08-10,Hard,Q1,209246,Alan Magadan,MEX,122554,David Jorda Sanchis,ESP,6-4 7-6(5)
2026CancunChallenger,atp,2026-08-10,Hard,Q1,209898,Dali Blanch,USA,126409,Hugo Grenier,FRA,6-3 3-6 7-5
2026CancunChallenger,atp,2026-08-10,Hard,Q2,144750,Lloyd Harris,RSA,111513,Laslo Djere,SRB,7-6(5) 6-3
2026CancunChallenger,atp,2026-08-10,Hard,Q2,200335,Felipe Meligeni Alves,BRA,209898,Dali Blanch,USA,6-7(5) 7-6(2) 6-2
2026CancunChallenger,atp,2026-08-10,Hard,Q2,206904,Gauthier Onclin,BEL,208279,Alejandro Moro Canas,ESP,6-4 5-7 6-4
2026CancunChallenger,atp,2026-08-10,Hard,Q2,209246,Alan Magadan,MEX,200677,Rio Noguchi,JPN,6-3 7-6(6)
2026CancunChallenger,atp,2026-08-10,Hard,QF,121411,Moez Echargui,TUN,213608,Moise Kouame,FRA,6-4 2-6 7-6(5)
2026CancunChallenger,atp,2026-08-10,Hard,QF,128034,Hubert Hurkacz,POL,126128,Roman Safiullin,RUS,6-4 6-3
2026CancunChallenger,atp,2026-08-10,Hard,QF,144750,Lloyd Harris,RSA,200240,Vit Kopriva,CZE,7-5 6-4
2026CancunChallenger,atp,2026-08-10,Hard,QF,202104,Sebastian Baez,ARG,209409,Coleman Wong,HKG,6-4 6-0
2026CancunChallenger,atp,2026-08-10,Hard,R16,121411,Moez Echargui,TUN,200116,Camilo Ugo Carabelli,ARG,6-2 5-0 RET
2026CancunChallenger,atp,2026-08-10,Hard,R16,126128,Roman Safiullin,RUS,104527,Stan Wawrinka,SUI,6-3 6-4
2026CancunChallenger,atp,2026-08-10,Hard,R16,128034,Hubert Hurkacz,POL,210012,Henrique Rocha,POR,6-2 4-6 6-4
2026CancunChallenger,atp,2026-08-10,Hard,R16,144750,Lloyd Harris,RSA,208010,Pablo Llamas Ruiz,ESP,6-4 4-3 RET
2026CancunChallenger,atp,2026-08-10,Hard,R16,200240,Vit Kopriva,CZE,206904,Gauthier Onclin,BEL,6-4 6-4
2026CancunChallenger,atp,2026-08-10,Hard,R16,202104,Sebastian Baez,ARG,210202,Rodrigo Pacheco Mendez,MEX,6-4 6-3
2026CancunChallenger,atp,2026-08-10,Hard,R16,209409,Coleman Wong,HKG,209246,Alan Magadan,MEX,6-4 1-6 7-6(3)
2026CancunChallenger,atp,2026-08-10,Hard,R16,213608,Moise Kouame,FRA,208882,Roman Andres Burruchaga,ARG,6-2 6-2
2026CancunChallenger,atp,2026-08-10,Hard,R32,104527,Stan Wawrinka,SUI,207494,Dalibor Svrcina,CZE,7-6(6) 7-6(3)
2026CancunChallenger,atp,2026-08-10,Hard,R32,121411,Moez Echargui,TUN,202261,Otto Virtanen,FIN,7-6(5) 7-6(5)
2026CancunChallenger,atp,2026-08-10,Hard,R32,126128,Roman Safiullin,RUS,124116,Sebastian Ofner,AUT,6-3 6-4
2026CancunChallenger,atp,2026-08-10,Hard,R32,144750,Lloyd Harris,RSA,210464,Darwin Blanch,USA,6-4 6-2
2026CancunChallenger,atp,2026-08-10,Hard,R32,200116,Camilo Ugo Carabelli,ARG,200711,Nicolas Mejia,COL,7-5 6-4
2026CancunChallenger,atp,2026-08-10,Hard,R32,206904,Gauthier Onclin,BEL,207608,Timofey Skatov,KAZ,2-6 6-2 6-3
2026CancunChallenger,atp,2026-08-10,Hard,R32,208010,Pablo Llamas Ruiz,ESP,207681,Francisco Comesana,ARG,6-3 7-5
2026CancunChallenger,atp,2026-08-10,Hard,R32,209246,Alan Magadan,MEX,207834,Juan Alejandro Hernandez Serrano,MEX,4-6 6-0 6-4
2026CancunChallenger,atp,2026-08-10,Hard,R32,209409,Coleman Wong,HKG,124186,Alexandre Muller,FRA,6-2 6-2
2026CancunChallenger,atp,2026-08-10,Hard,R32,210012,Henrique Rocha,POR,111805,Seong Chan Hong,KOR,6-4 6-1
2026CancunChallenger,atp,2026-08-10,Hard,R32,210202,Rodrigo Pacheco Mendez,MEX,144642,Tomas Barrios Vera,CHI,7-6(5) 6-2
2026CancunChallenger,atp,2026-08-10,Hard,R32,213608,Moise Kouame,FRA,200335,Felipe Meligeni Alves,BRA,6-1 6-4
2026CancunChallenger,atp,2026-08-10,Hard,SF,128034,Hubert Hurkacz,POL,121411,Moez Echargui,TUN,6-3 6-4
2026CancunChallenger,atp,2026-08-10,Hard,SF,202104,Sebastian Baez,ARG,144750,Lloyd Harris,RSA,6-4 6-4
2026HamburgChallenger,atp,2026-08-10,Clay,F,211618,Jan Kumstat,CZE,202359,Marvin Moeller,GER,4-6 7-6(5) 7-5
2026HamburgChallenger,atp,2026-08-10,Clay,Q1,105156,Federico Zeballos,BOL,210129,Samuele Pieri,ITA,3-6 6-3 6-4
2026HamburgChallenger,atp,2026-08-10,Clay,Q1,106187,Denis Yevseyev,KAZ,207864,Noel Larwig,GER,7-6(4) 4-6 7-5
2026HamburgChallenger,atp,2026-08-10,Clay,Q1,144985,Ergi Kirkin,TUR,106262,Boris Arias,BOL,6-2 6-2
2026HamburgChallenger,atp,2026-08-10,Clay,Q1,200457,Jannik Opitz,GER,207764,Ryan Nijboer,NED,6-3 2-6 6-3
2026HamburgChallenger,atp,2026-08-10,Clay,Q1,206216,Tom Zeuch,GER,121264,Oscar Jose Gutierrez,BRA,6-4 6-4
2026HamburgChallenger,atp,2026-08-10,Clay,Q1,207408,Niklas Guttau,GER,213062,Nikolai Barsukov,GER,6-7(7) 7-5 6-3
2026HamburgChallenger,atp,2026-08-10,Clay,Q1,208071,Oleksii Krutykh,UKR,126878,David Poljak,CZE,7-6(4) 6-1
2026HamburgChallenger,atp,2026-08-10,Clay,Q1,208182,Saba Purtseladze,GEO,213898,Richard Antoni,GER,6-1 6-4
2026HamburgChallenger,atp,2026-08-10,Clay,Q1,209167,Olle Wallin,SWE,208855,Christopher Papa,USA,6-2 1-6 7-5
2026HamburgChallenger,atp,2026-08-10,Clay,Q1,210558,Hynek Barton,CZE,134389,Tim Handel,GER,6-2 6-4
2026HamburgChallenger,atp,2026-08-10,Clay,Q1,211618,Jan Kumstat,CZE,213048,Alan Wazny,POL,6-2 7-6(3)
2026HamburgChallenger,atp,2026-08-10,Clay,Q1,212248,Fryderyk Lechno Wasiutynski,POL,212129,Mariano Dedura Palomero,GER,6-4 5-7 6-3
2026HamburgChallenger,atp,2026-08-10,Clay,Q2,106187,Denis Yevseyev,KAZ,208182,Saba Purtseladze,GEO,7-5 7-5
2026HamburgChallenger,atp,2026-08-10,Clay,Q2,144985,Ergi Kirkin,TUR,105156,Federico Zeballos,BOL,6-3 6-3
2026HamburgChallenger,atp,2026-08-10,Clay,Q2,208071,Oleksii Krutykh,UKR,200457,Jannik Opitz,GER,7-5 7-5
2026HamburgChallenger,atp,2026-08-10,Clay,Q2,209167,Olle Wallin,SWE,207408,Niklas Guttau,GER,6-2 7-5
2026HamburgChallenger,atp,2026-08-10,Clay,Q2,211618,Jan Kumstat,CZE,206216,Tom Zeuch,GER,3-6 7-6(2) 6-3
2026HamburgChallenger,atp,2026-08-10,Clay,Q2,212248,Fryderyk Lechno Wasiutynski,POL,210558,Hynek Barton,CZE,4-6 7-6(6) 7-6(7)
2026HamburgChallenger,atp,2026-08-10,Clay,QF,202359,Marvin Moeller,GER,213360,Niels Mcdonald,GER,6-4 6-0
2026HamburgChallenger,atp,2026-08-10,Clay,QF,207799,Matheus Pucinelli De Almeida,BRA,210157,Dylan Dietrich,SUI,4-6 6-3 6-4
2026HamburgChallenger,atp,2026-08-10,Clay,QF,211618,Jan Kumstat,CZE,126535,Carlos Taberner,ESP,7-5 0-0 RET
2026HamburgChallenger,atp,2026-08-10,Clay,QF,212063,Matej Dodig,CRO,208182,Saba Purtseladze,GEO,2-2 RET
2026HamburgChallenger,atp,2026-08-10,Clay,R16,126535,Carlos Taberner,ESP,210119,Andrej Nedic,BIH,6-7(5) 6-4 3-0 RET
2026HamburgChallenger,atp,2026-08-10,Clay,R16,202359,Marvin Moeller,GER,134840,Raul Brancaccio,ITA,5-7 7-6(5) 7-6(4)
2026HamburgChallenger,atp,2026-08-10,Clay,R16,207799,Matheus Pucinelli De Almeida,BRA,212268,Max Schoenhaus,GER,6-1 6-3
2026HamburgChallenger,atp,2026-08-10,Clay,R16,208182,Saba Purtseladze,GEO,208819,Max Hans Rehberg,GER,6-1 5-7 7-5
2026HamburgChallenger,atp,2026-08-10,Clay,R16,210157,Dylan Dietrich,SUI,126964,Vitaliy Sachko,UKR,7-6(6) 7-6(5)
2026HamburgChallenger,atp,2026-08-10,Clay,R16,211618,Jan Kumstat,CZE,208069,Max Houkes,NED,6-4 7-6(4)
2026HamburgChallenger,atp,2026-08-10,Clay,R16,212063,Matej Dodig,CRO,200484,Rudolf Molleker,GER,6-4 6-3
2026HamburgChallenger,atp,2026-08-10,Clay,R16,213360,Niels Mcdonald,GER,200495,Eduardo Ribeiro,BRA,4-6 6-3 6-4
2026HamburgChallenger,atp,2026-08-10,Clay,R32,126535,Carlos Taberner,ESP,209167,Olle Wallin,SWE,5-7 6-2 6-3
2026HamburgChallenger,atp,2026-08-10,Clay,R32,126964,Vitaliy Sachko,UKR,202358,Chun Hsin Tseng,TPE,5-7 6-1 6-4
2026HamburgChallenger,atp,2026-08-10,Clay,R32,134840,Raul Brancaccio,ITA,202262,Filip Cristian Jianu,ROU,6-3 6-3
2026HamburgChallenger,atp,2026-08-10,Clay,R32,200484,Rudolf Molleker,GER,209284,Elmer Moller,DEN,6-1 6-3
2026HamburgChallenger,atp,2026-08-10,Clay,R32,200495,Eduardo Ribeiro,BRA,208024,Max Alcala Gurri,ESP,6-4 6-4
2026HamburgChallenger,atp,2026-08-10,Clay,R32,202359,Marvin Moeller,GER,206470,Cezar Cretu,ROU,6-1 5-7 6-4
2026HamburgChallenger,atp,2026-08-10,Clay,R32,207799,Matheus Pucinelli De Almeida,BRA,202239,Florian Broska,GER,7-6(1) 3-6 7-5
2026HamburgChallenger,atp,2026-08-10,Clay,R32,208069,Max Houkes,NED,111576,Sumit Nagal,IND,7-5 6-2
2026HamburgChallenger,atp,2026-08-10,Clay,R32,208182,Saba Purtseladze,GEO,212248,Fryderyk Lechno Wasiutynski,POL,6-4 7-5
2026HamburgChallenger,atp,2026-08-10,Clay,R32,208819,Max Hans Rehberg,GER,212309,Diego Dedura Palomero,GER,6-1 6-4
2026HamburgChallenger,atp,2026-08-10,Clay,R32,210119,Andrej Nedic,BIH,144985,Ergi Kirkin,TUR,3-6 6-4 6-4
2026HamburgChallenger,atp,2026-08-10,Clay,R32,210157,Dylan Dietrich,SUI,208071,Oleksii Krutykh,UKR,6-3 7-6(4)
2026HamburgChallenger,atp,2026-08-10,Clay,R32,211618,Jan Kumstat,CZE,214018,Jamie Mackenzie,GER,6-7(5) 6-3 6-3
2026HamburgChallenger,atp,2026-08-10,Clay,R32,212063,Matej Dodig,CRO,106187,Denis Yevseyev,KAZ,6-3 6-1
2026HamburgChallenger,atp,2026-08-10,Clay,R32,212268,Max Schoenhaus,GER,200436,Zsombor Piros,HUN,1-6 6-0 0-0 RET
2026HamburgChallenger,atp,2026-08-10,Clay,R32,213360,Niels Mcdonald,GER,213001,Mika Petkovic,GER,0-6 6-4 6-3
2026HamburgChallenger,atp,2026-08-10,Clay,SF,202359,Marvin Moeller,GER,212063,Matej Dodig,CRO,6-2 6-4
2026HamburgChallenger,atp,2026-08-10,Clay,SF,211618,Jan Kumstat,CZE,207799,Matheus Pucinelli De Almeida,BRA,6-4 5-7 6-2
2026PragueChallenger,atp,2026-08-10,Clay,F,211618,Jan Kumstat,CZE,202358,Chun Hsin Tseng,TPE,5-7 6-3 6-0
2026PragueChallenger,atp,2026-08-10,Clay,Q1,105413,Andrej Martin,SVK,106262,Boris Arias,BOL,6-1 6-2
2026PragueChallenger,atp,2026-08-10,Clay,Q1,105613,Norbert Gombos,SVK,210595,Jiri Cizek,CZE,7-6(1) 6-3
2026PragueChallenger,atp,2026-08-10,Clay,Q1,123983,Nerman Fatic,BIH,209278,Alec Beckley,RSA,6-7(4) 6-4 6-2
2026PragueChallenger,atp,2026-08-10,Clay,Q1,200266,Javier Barranco Cosano,ESP,214076,Matyas Kozlovsky,CZE,7-5 6-4
2026PragueChallenger,atp,2026-08-10,Clay,Q1,200484,Rudolf Molleker,GER,202089,Aleksandr Braynin,UKR,6-2 6-2
2026PragueChallenger,atp,2026-08-10,Clay,Q1,207605,Jakub Paul,SUI,210425,Svyatoslav Gulin,RUS,6-3 3-6 6-2
2026PragueChallenger,atp,2026-08-10,Clay,Q1,208071,Oleksii Krutykh,UKR,202398,Michael Vrbensky,CZE,2-6 6-2 6-4
2026PragueChallenger,atp,2026-08-10,Clay,Q1,208343,Andrew Paulson,CZE,127087,Dominik Recek,CZE,7-5 6-3
2026PragueChallenger,atp,2026-08-10,Clay,Q1,208457,Radu Mihai Papoe,ROU,214710,Jakub Vrtilka,CZE,6-0 6-1
2026PragueChallenger,atp,2026-08-10,Clay,Q1,210054,Matthew William Donald,CZE,212248,Fryderyk Lechno Wasiutynski,POL,6-0 4-6 6-3
2026PragueChallenger,atp,2026-08-10,Clay,Q1,210063,Matyas Cerny,CZE,207708,Dusan Obradovic,SRB,6-2 6-2
2026PragueChallenger,atp,2026-08-10,Clay,Q1,210377,Luciano Emanuel Ambrogi,ARG,210246,Vojtech Mares,CZE,6-2 6-0
2026PragueChallenger,atp,2026-08-10,Clay,Q2,105613,Norbert Gombos,SVK,208343,Andrew Paulson,CZE,6-2 6-1
2026PragueChallenger,atp,2026-08-10,Clay,Q2,123983,Nerman Fatic,BIH,210054,Matthew William Donald,CZE,7-5 4-6 6-3
2026PragueChallenger,atp,2026-08-10,Clay,Q2,200266,Javier Barranco Cosano,ESP,105413,Andrej Martin,SVK,6-4 5-7 6-4
2026PragueChallenger,atp,2026-08-10,Clay,Q2,200484,Rudolf Molleker,GER,207605,Jakub Paul,SUI,6-0 6-1
2026PragueChallenger,atp,2026-08-10,Clay,Q2,208071,Oleksii Krutykh,UKR,210377,Luciano Emanuel Ambrogi,ARG,6-4 6-1
2026PragueChallenger,atp,2026-08-10,Clay,Q2,208457,Radu Mihai Papoe,ROU,210063,Matyas Cerny,CZE,6-2 6-3
2026PragueChallenger,atp,2026-08-10,Clay,QF,105613,Norbert Gombos,SVK,208457,Radu Mihai Papoe,ROU,6-1 4-6 6-2
2026PragueChallenger,atp,2026-08-10,Clay,QF,202262,Filip Cristian Jianu,ROU,208819,Max Hans Rehberg,GER,6-3 6-4
2026PragueChallenger,atp,2026-08-10,Clay,QF,202358,Chun Hsin Tseng,TPE,208071,Oleksii Krutykh,UKR,6-2 6-4
2026PragueChallenger,atp,2026-08-10,Clay,QF,211618,Jan Kumstat,CZE,211617,Maxim Mrva,CZE,6-1 7-5
2026PragueChallenger,atp,2026-08-10,Clay,R16,105613,Norbert Gombos,SVK,209952,Sean Cuenin,FRA,6-7(1) 6-3 6-4
2026PragueChallenger,atp,2026-08-10,Clay,R16,202262,Filip Cristian Jianu,ROU,200484,Rudolf Molleker,GER,7-6(9) 6-4
2026PragueChallenger,atp,2026-08-10,Clay,R16,202358,Chun Hsin Tseng,TPE,208913,Juan Bautista Torres,ARG,7-5 2-6 6-1
2026PragueChallenger,atp,2026-08-10,Clay,R16,208071,Oleksii Krutykh,UKR,200572,Nick Hardt,DOM,6-3 6-0
2026PragueChallenger,atp,2026-08-10,Clay,R16,208457,Radu Mihai Papoe,ROU,200266,Javier Barranco Cosano,ESP,6-4 6-3
2026PragueChallenger,atp,2026-08-10,Clay,R16,208819,Max Hans Rehberg,GER,106293,Kimmer Coppejans,BEL,6-4 6-1
2026PragueChallenger,atp,2026-08-10,Clay,R16,211617,Maxim Mrva,CZE,206470,Cezar Cretu,ROU,6-1 6-2
2026PragueChallenger,atp,2026-08-10,Clay,R16,211618,Jan Kumstat,CZE,111576,Sumit Nagal,IND,7-5 6-3
2026PragueChallenger,atp,2026-08-10,Clay,R32,105613,Norbert Gombos,SVK,211451,Gilles Arnaud Bailly,BEL,4-6 6-1 6-4
2026PragueChallenger,atp,2026-08-10,Clay,R32,106293,Kimmer Coppejans,BEL,207732,Miguel Damas,ESP,7-5 6-1
2026PragueChallenger,atp,2026-08-10,Clay,R32,111576,Sumit Nagal,IND,200495,Eduardo Ribeiro,BRA,7-6(5) 6-4
2026PragueChallenger,atp,2026-08-10,Clay,R32,200266,Javier Barranco Cosano,ESP,209322,Martin Krumich,CZE,2-6 6-4 6-4
2026PragueChallenger,atp,2026-08-10,Clay,R32,200484,Rudolf Molleker,GER,207130,Matias Soto,CHI,6-3 6-3
2026PragueChallenger,atp,2026-08-10,Clay,R32,200572,Nick Hardt,DOM,210623,Jakub Filip,CZE,6-1 6-2
2026PragueChallenger,atp,2026-08-10,Clay,R32,202262,Filip Cristian Jianu,ROU,105413,Andrej Martin,SVK,6-2 6-2
2026PragueChallenger,atp,2026-08-10,Clay,R32,202358,Chun Hsin Tseng,TPE,210558,Hynek Barton,CZE,6-4 6-1
2026PragueChallenger,atp,2026-08-10,Clay,R32,206470,Cezar Cretu,ROU,212225,Thomas Faurel,FRA,2-6 6-2 6-4
2026PragueChallenger,atp,2026-08-10,Clay,R32,208071,Oleksii Krutykh,UKR,209338,Daniel Siniakov,CZE,6-3 6-4
2026PragueChallenger,atp,2026-08-10,Clay,R32,208457,Radu Mihai Papoe,ROU,106177,Oriol Roca Batalla,ESP,6-7(4) 7-5 7-5
2026PragueChallenger,atp,2026-08-10,Clay,R32,208819,Max Hans Rehberg,GER,210556,Jakub Nicod,CZE,5-3 RET
2026PragueChallenger,atp,2026-08-10,Clay,R32,208913,Juan Bautista Torres,ARG,200309,Marek Gengel,CZE,4-6 6-3 6-3
2026PragueChallenger,atp,2026-08-10,Clay,R32,209952,Sean Cuenin,FRA,202239,Florian Broska,GER,6-3 7-5
2026PragueChallenger,atp,2026-08-10,Clay,R32,211617,Maxim Mrva,CZE,123983,Nerman Fatic,BIH,2-6 6-2 6-4
2026PragueChallenger,atp,2026-08-10,Clay,R32,211618,Jan Kumstat,CZE,210557,Petr Brunclik,CZE,7-5 6-1
2026PragueChallenger,atp,2026-08-10,Clay,SF,202358,Chun Hsin Tseng,TPE,105613,Norbert Gombos,SVK,6-4 6-2
2026PragueChallenger,atp,2026-08-10,Clay,SF,211618,Jan Kumstat,CZE,202262,Filip Cristian Jianu,ROU,6-1 6-4
2026QuebecCityChallenger,atp,2026-08-10,Hard,F,209414,Luca Van Assche,FRA,208852,Stefanos Sakellaridis,GRE,6-1 6-4
2026QuebecCityChallenger,atp,2026-08-10,Hard,Q1,105583,Dusan Lajovic,SRB,212300,Sasha Rozin,CAN,6-2 6-4
2026QuebecCityChallenger,atp,2026-08-10,Hard,Q1,106121,Taro Daniel,JPN,212636,Maxime St Hilaire,CAN,7-5 6-3
2026QuebecCityChallenger,atp,2026-08-10,Hard,Q1,126952,Soon Woo Kwon,KOR,202333,Keegan Smith,USA,4-6 6-3 6-3
2026QuebecCityChallenger,atp,2026-08-10,Hard,Q1,200259,Ugo Blanchet,FRA,109303,Stefano Napolitano,ITA,6-4 4-6 7-6(4)
2026QuebecCityChallenger,atp,2026-08-10,Hard,Q1,200462,Andrea Guerrieri,ITA,200574,Alexander Donski,BUL,6-4 1-6 6-1
2026QuebecCityChallenger,atp,2026-08-10,Hard,Q1,208852,Stefanos Sakellaridis,GRE,207202,Karl Poling,USA,3-6 6-3 6-2
2026QuebecCityChallenger,atp,2026-08-10,Hard,Q1,209262,Tristan Schoolkate,AUS,212531,Nicolas Arseneault,CAN,7-5 6-4
2026QuebecCityChallenger,atp,2026-08-10,Hard,Q1,211767,James Watt,NZL,207729,Tristan Boyer,USA,7-6(10) 6-2
2026QuebecCityChallenger,atp,2026-08-10,Hard,Q2,106121,Taro Daniel,JPN,105583,Dusan Lajovic,SRB,7-6(4) 2-6 6-1
2026QuebecCityChallenger,atp,2026-08-10,Hard,Q2,126952,Soon Woo Kwon,KOR,200462,Andrea Guerrieri,ITA,6-3 6-3
2026QuebecCityChallenger,atp,2026-08-10,Hard,Q2,200259,Ugo Blanchet,FRA,211767,James Watt,NZL,6-7(3) 6-2 7-5
2026QuebecCityChallenger,atp,2026-08-10,Hard,Q2,208852,Stefanos Sakellaridis,GRE,209262,Tristan Schoolkate,AUS,6-4 3-6 7-5
2026QuebecCityChallenger,atp,2026-08-10,Hard,QF,106121,Taro Daniel,JPN,207985,Jacob Fearnley,GBR,6-4 6-1
2026QuebecCityChallenger,atp,2026-08-10,Hard,QF,200384,Hugo Gaston,FRA,207411,Jesper De Jong,NED,7-6(2) 6-1
2026QuebecCityChallenger,atp,2026-08-10,Hard,QF,208852,Stefanos Sakellaridis,GRE,200267,Zizou Bergs,BEL,7-6(3) 4-6 6-4
2026QuebecCityChallenger,atp,2026-08-10,Hard,QF,209414,Luca Van Assche,FRA,126127,Benjamin Bonzi,FRA,7-6(2) 7-5
2026QuebecCityChallenger,atp,2026-08-10,Hard,R16,106121,Taro Daniel,JPN,123828,Jan Choinski,GBR,6-4 6-3
2026QuebecCityChallenger,atp,2026-08-10,Hard,R16,126127,Benjamin Bonzi,FRA,126952,Soon Woo Kwon,KOR,WO
2026QuebecCityChallenger,atp,2026-08-10,Hard,R16,200267,Zizou Bergs,BEL,126504,Andrea Pellegrino,ITA,6-3 6-2
2026QuebecCityChallenger,atp,2026-08-10,Hard,R16,200384,Hugo Gaston,FRA,200615,Alexei Popyrin,AUS,5-2 RET
2026QuebecCityChallenger,atp,2026-08-10,Hard,R16,207411,Jesper De Jong,NED,149282,Nicolai Budkov Kjaer,NOR,6-3 6-1
2026QuebecCityChallenger,atp,2026-08-10,Hard,R16,207985,Jacob Fearnley,GBR,200008,Alexis Galarneau,CAN,6-2 6-3
2026QuebecCityChallenger,atp,2026-08-10,Hard,R16,208852,Stefanos Sakellaridis,GRE,126846,Aleksandar Vukic,AUS,6-4 6-4
2026QuebecCityChallenger,atp,2026-08-10,Hard,R16,209414,Luca Van Assche,FRA,210536,Rei Sakamoto,JPN,4-6 6-4 7-6(3)
2026QuebecCityChallenger,atp,2026-08-10,Hard,R32,106121,Taro Daniel,JPN,211673,Duncan Chan,CAN,6-3 6-2
2026QuebecCityChallenger,atp,2026-08-10,Hard,R32,126127,Benjamin Bonzi,FRA,207993,Justin Boulais,CAN,7-6(4) 6-3
2026QuebecCityChallenger,atp,2026-08-10,Hard,R32,126504,Andrea Pellegrino,ITA,210460,Nishesh Basavareddy,USA,3-6 6-3 6-4
2026QuebecCityChallenger,atp,2026-08-10,Hard,R32,126846,Aleksandar Vukic,AUS,208021,Kyrian Jacquet,FRA,7-6(5) 6-1
2026QuebecCityChallenger,atp,2026-08-10,Hard,R32,126952,Soon Woo Kwon,KOR,208278,Shintaro Mochizuki,JPN,7-5 4-6 6-3
2026QuebecCityChallenger,atp,2026-08-10,Hard,R32,149282,Nicolai Budkov Kjaer,NOR,207352,Bu Yunchaokete,CHN,6-3 6-1
2026QuebecCityChallenger,atp,2026-08-10,Hard,R32,200008,Alexis Galarneau,CAN,209976,Dino Prizmic,CRO,6-4 6-4
2026QuebecCityChallenger,atp,2026-08-10,Hard,R32,200615,Alexei Popyrin,AUS,208353,Francesco Maestrelli,ITA,6-4 7-6(4)
2026QuebecCityChallenger,atp,2026-08-10,Hard,R32,207411,Jesper De Jong,NED,208013,Dane Sweeny,AUS,7-5 6-0
2026QuebecCityChallenger,atp,2026-08-10,Hard,R32,207985,Jacob Fearnley,GBR,111456,Mackenzie Mcdonald,USA,6-4 7-5
2026QuebecCityChallenger,atp,2026-08-10,Hard,R32,208852,Stefanos Sakellaridis,GRE,200259,Ugo Blanchet,FRA,6-4 3-6 6-2
2026QuebecCityChallenger,atp,2026-08-10,Hard,R32,210536,Rei Sakamoto,JPN,200514,Jurij Rodionov,AUT,6-1 6-4
2026QuebecCityChallenger,atp,2026-08-10,Hard,SF,208852,Stefanos Sakellaridis,GRE,106121,Taro Daniel,JPN,6-4 7-6(8)
2026QuebecCityChallenger,atp,2026-08-10,Hard,SF,209414,Luca Van Assche,FRA,200384,Hugo Gaston,FRA,6-4 6-4
2026SionChallenger,atp,2026-08-10,Clay,F,208502,Dominic Stricker,SUI,133975,Benjamin Hassan,LBN,6-1 2-6 6-2
2026SionChallenger,atp,2026-08-10,Clay,Q1,132999,Kai Wehnelt,GER,212932,Noah Karma,SUI,6-2 6-7(8) 6-3
2026SionChallenger,atp,2026-08-10,Clay,Q1,133975,Benjamin Hassan,LBN,213151,Flynn Thomas,SUI,4-0 RET
2026SionChallenger,atp,2026-08-10,Clay,Q1,200595,Lorenzo Bocchi,ITA,202369,Daniel Salazar Martinez,COL,6-2 7-5
2026SionChallenger,atp,2026-08-10,Clay,Q1,207704,Alex Marti Pujolras,ESP,105814,Maximilian Neuchrist,AUT,7-6(5) 5-7 6-4
2026SionChallenger,atp,2026-08-10,Clay,Q1,208532,Thiago Cigarran,ARG,111568,Michael Zhu,USA,4-6 7-5 6-2
2026SionChallenger,atp,2026-08-10,Clay,Q1,209191,Oleksandr Ovcharenko,UKR,202065,Petros Tsitsipas,GRE,7-5 6-4
2026SionChallenger,atp,2026-08-10,Clay,Q1,209510,Nino Ehrenschneider,GER,208855,Christopher Papa,USA,7-5 7-6(2)
2026SionChallenger,atp,2026-08-10,Clay,Q1,210447,Leo Raquillet,FRA,149143,Adrien Berrut,SUI,4-6 6-3 6-0
2026SionChallenger,atp,2026-08-10,Clay,Q1,210494,Theo Papamalamis,FRA,144937,Nicolas Parizzia,SUI,7-6(4) 1-6 7-6(5)
2026SionChallenger,atp,2026-08-10,Clay,Q1,210498,Gerard Campana Lee,KOR,202305,Franco Ribero,ARG,6-3 6-3
2026SionChallenger,atp,2026-08-10,Clay,Q1,211594,Luca Wiedenmann,GER,213033,Timeo Gaillard,SUI,6-2 6-1
2026SionChallenger,atp,2026-08-10,Clay,Q1,212029,Dimitris Sakellaridis,GRE,209198,Gian Luca Tanner,SUI,6-2 6-1
2026SionChallenger,atp,2026-08-10,Clay,Q2,132999,Kai Wehnelt,GER,209510,Nino Ehrenschneider,GER,6-4 6-4
2026SionChallenger,atp,2026-08-10,Clay,Q2,133975,Benjamin Hassan,LBN,210447,Leo Raquillet,FRA,6-3 2-6 7-5
2026SionChallenger,atp,2026-08-10,Clay,Q2,207704,Alex Marti Pujolras,ESP,200595,Lorenzo Bocchi,ITA,7-6(1) 6-4
2026SionChallenger,atp,2026-08-10,Clay,Q2,208532,Thiago Cigarran,ARG,211594,Luca Wiedenmann,GER,2-6 6-4 6-3
2026SionChallenger,atp,2026-08-10,Clay,Q2,209191,Oleksandr Ovcharenko,UKR,212029,Dimitris Sakellaridis,GRE,3-6 6-3 6-4
2026SionChallenger,atp,2026-08-10,Clay,Q2,210498,Gerard Campana Lee,KOR,210494,Theo Papamalamis,FRA,5-7 7-5 6-2
2026SionChallenger,atp,2026-08-10,Clay,QF,105841,Lorenzo Giustino,ITA,106220,Dimitar Kuzmanov,BUL,6-3 5-7 6-1
2026SionChallenger,atp,2026-08-10,Clay,QF,133975,Benjamin Hassan,LBN,144972,Geoffrey Blancaneaux,FRA,7-6(4) 4-6 7-6(2)
2026SionChallenger,atp,2026-08-10,Clay,QF,206867,Tommaso Compagnucci,ITA,210412,Juan Manuel La Serna,ARG,6-3 6-7(1) 6-4
2026SionChallenger,atp,2026-08-10,Clay,QF,208502,Dominic Stricker,SUI,209983,Mika Brunold,SUI,6-4 7-6(3)
2026SionChallenger,atp,2026-08-10,Clay,R16,105841,Lorenzo Giustino,ITA,148679,Henry Bernet,SUI,6-4 3-6 7-6(3)
2026SionChallenger,atp,2026-08-10,Clay,R16,106220,Dimitar Kuzmanov,BUL,207704,Alex Marti Pujolras,ESP,6-1 3-6 6-1
2026SionChallenger,atp,2026-08-10,Clay,R16,133975,Benjamin Hassan,LBN,207491,Sandro Kopp,AUT,3-6 6-1 6-4
2026SionChallenger,atp,2026-08-10,Clay,R16,144972,Geoffrey Blancaneaux,FRA,209882,Jeffrey Von Der Schulenburg,SUI,6-3 6-4
2026SionChallenger,atp,2026-08-10,Clay,R16,206867,Tommaso Compagnucci,ITA,207764,Ryan Nijboer,NED,6-3 6-2
2026SionChallenger,atp,2026-08-10,Clay,R16,208502,Dominic Stricker,SUI,211636,Lucio Ratti,ARG,6-4 6-4
2026SionChallenger,atp,2026-08-10,Clay,R16,209983,Mika Brunold,SUI,123921,Calvin Hemery,FRA,6-3 3-6 6-3
2026SionChallenger,atp,2026-08-10,Clay,R16,210412,Juan Manuel La Serna,ARG,207664,Luca Staeheli,SUI,6-3 1-1 RET
2026SionChallenger,atp,2026-08-10,Clay,R32,105841,Lorenzo Giustino,ITA,208532,Thiago Cigarran,ARG,6-4 6-3
2026SionChallenger,atp,2026-08-10,Clay,R32,106220,Dimitar Kuzmanov,BUL,202359,Marvin Moeller,GER,6-3 6-4
2026SionChallenger,atp,2026-08-10,Clay,R32,123921,Calvin Hemery,FRA,132999,Kai Wehnelt,GER,6-2 3-6 7-5
2026SionChallenger,atp,2026-08-10,Clay,R32,133975,Benjamin Hassan,LBN,209191,Oleksandr Ovcharenko,UKR,7-6(4) 6-3
2026SionChallenger,atp,2026-08-10,Clay,R32,144972,Geoffrey Blancaneaux,FRA,211661,Juan Estevez,ARG,6-1 3-6 7-5
2026SionChallenger,atp,2026-08-10,Clay,R32,148679,Henry Bernet,SUI,126627,Johan Nikles,SUI,6-3 6-0
2026SionChallenger,atp,2026-08-10,Clay,R32,206867,Tommaso Compagnucci,ITA,211609,Max Dahlin,SWE,7-5 6-3
2026SionChallenger,atp,2026-08-10,Clay,R32,207491,Sandro Kopp,AUT,211594,Luca Wiedenmann,GER,6-4 6-1
2026SionChallenger,atp,2026-08-10,Clay,R32,207664,Luca Staeheli,SUI,200184,Andrey Chepelev,RUS,6-3 6-1
2026SionChallenger,atp,2026-08-10,Clay,R32,207704,Alex Marti Pujolras,ESP,210498,Gerard Campana Lee,KOR,7-6(2) 6-3
2026SionChallenger,atp,2026-08-10,Clay,R32,207764,Ryan Nijboer,NED,123961,Murkel Alejandro Dellien Velasco,BOL,6-2 6-1
2026SionChallenger,atp,2026-08-10,Clay,R32,208502,Dominic Stricker,SUI,212222,Raphael Perot,FRA,7-5 6-3
2026SionChallenger,atp,2026-08-10,Clay,R32,209882,Jeffrey Von Der Schulenburg,SUI,206662,Georgii Kravchenko,UKR,6-4 6-3
2026SionChallenger,atp,2026-08-10,Clay,R32,209983,Mika Brunold,SUI,200452,Patrick Zahraj,GER,7-6(4) 6-1
2026SionChallenger,atp,2026-08-10,Clay,R32,210412,Juan Manuel La Serna,ARG,106057,Facundo Mena,ARG,6-3 6-3
2026SionChallenger,atp,2026-08-10,Clay,R32,211636,Lucio Ratti,ARG,212207,Ognjen Milic,SRB,6-2 4-6 7-5
2026SionChallenger,atp,2026-08-10,Clay,SF,133975,Benjamin Hassan,LBN,105841,Lorenzo Giustino,ITA,3-6 3-2 RET
2026SionChallenger,atp,2026-08-10,Clay,SF,208502,Dominic Stricker,SUI,206867,Tommaso Compagnucci,ITA,6-2 6-2
2026TodiChallenger,atp,2026-08-10,Clay,F,211617,Maxim Mrva,CZE,106044,Nicolas Kicker,ARG,6-2 6-2
2026TodiChallenger,atp,2026-08-10,Clay,Q1,200125,Mykyta Mashtakov,UKR,202305,Franco Ribero,ARG,7-6(5) 6-4
2026TodiChallenger,atp,2026-08-10,Clay,Q1,200255,Alexander Weis,ITA,202334,Jesse Delaney,AUS,7-5 6-4
2026TodiChallenger,atp,2026-08-10,Clay,Q1,206662,Georgii Kravchenko,UKR,210649,Giammarco Gandolfi,ITA,6-2 6-3
2026TodiChallenger,atp,2026-08-10,Clay,Q1,208189,Gianmarco Ferrari,ITA,214726,Edoardo Betti,ITA,6-4 6-2
2026TodiChallenger,atp,2026-08-10,Clay,Q1,208322,Eric Vanshelboim,UKR,210683,Peter Buldorini,ITA,6-1 2-6 6-3
2026TodiChallenger,atp,2026-08-10,Clay,Q1,210143,Maximilian Homberg,GER,209254,Valerio Aboian,ARG,6-4 6-4
2026TodiChallenger,atp,2026-08-10,Clay,Q1,212077,Lorenzo Carboni,ITA,122294,Gabriele Maria Noce,ITA,6-1 4-6 7-6(2)
2026TodiChallenger,atp,2026-08-10,Clay,Q1,212241,Carlo Alberto Caniato,ITA,127010,Federico Cecconi,ITA,6-0 6-0
2026TodiChallenger,atp,2026-08-10,Clay,Q1,212305,Juan Cruz Martin Manzano,ITA,212461,Daniele Rapagnetta,ITA,6-4 2-6 6-4
2026TodiChallenger,atp,2026-08-10,Clay,Q1,213356,Michele Mecarelli,ITA,144814,Eero Vasa,FIN,6-3 6-2
2026TodiChallenger,atp,2026-08-10,Clay,Q1,213927,Gabriele Crivellaro,ITA,206467,Federico Arnaboldi,ITA,3-6 6-1 7-6(0)
2026TodiChallenger,atp,2026-08-10,Clay,Q2,200125,Mykyta Mashtakov,UKR,208189,Gianmarco Ferrari,ITA,6-2 6-7(5) 6-0
2026TodiChallenger,atp,2026-08-10,Clay,Q2,200255,Alexander Weis,ITA,212305,Juan Cruz Martin Manzano,ITA,6-4 6-4
2026TodiChallenger,atp,2026-08-10,Clay,Q2,212077,Lorenzo Carboni,ITA,210143,Maximilian Homberg,GER,6-1 6-1
2026TodiChallenger,atp,2026-08-10,Clay,Q2,212241,Carlo Alberto Caniato,ITA,213927,Gabriele Crivellaro,ITA,6-1 6-2
2026TodiChallenger,atp,2026-08-10,Clay,Q2,213356,Michele Mecarelli,ITA,208322,Eric Vanshelboim,UKR,6-3 3-0 RET
2026TodiChallenger,atp,2026-08-10,Clay,QF,106044,Nicolas Kicker,ARG,208859,Francesco Passaro,ITA,6-4 6-1
2026TodiChallenger,atp,2026-08-10,Clay,QF,106065,Marco Cecchinato,ITA,208913,Juan Bautista Torres,ARG,6-4 6-4
2026TodiChallenger,atp,2026-08-10,Clay,QF,209875,Alex Barrena,ARG,209903,Lukas Neumayer,AUT,5-1 RET
2026TodiChallenger,atp,2026-08-10,Clay,QF,211617,Maxim Mrva,CZE,144870,Federico Agustin Gomez,ARG,6-2 4-2 RET
2026TodiChallenger,atp,2026-08-10,Clay,R16,106044,Nicolas Kicker,ARG,212225,Thomas Faurel,FRA,6-4 6-4
2026TodiChallenger,atp,2026-08-10,Clay,R16,106065,Marco Cecchinato,ITA,209506,Francesco Forti,ITA,6-1 6-3
2026TodiChallenger,atp,2026-08-10,Clay,R16,144870,Federico Agustin Gomez,ARG,123755,Daniel Elahi Galan,COL,7-5 6-4
2026TodiChallenger,atp,2026-08-10,Clay,R16,208859,Francesco Passaro,ITA,106177,Oriol Roca Batalla,ESP,6-4 6-1
2026TodiChallenger,atp,2026-08-10,Clay,R16,208913,Juan Bautista Torres,ARG,211542,Filippo Romano,ITA,6-2 2-6 7-6(3)
2026TodiChallenger,atp,2026-08-10,Clay,R16,209875,Alex Barrena,ARG,210377,Luciano Emanuel Ambrogi,ARG,6-2 6-3
2026TodiChallenger,atp,2026-08-10,Clay,R16,209903,Lukas Neumayer,AUT,207415,Daniel Michalski,POL,4-6 7-5 6-0
2026TodiChallenger,atp,2026-08-10,Clay,R16,211617,Maxim Mrva,CZE,207663,Nikolas Sanchez Izquierdo,ESP,3-6 6-4 6-4
2026TodiChallenger,atp,2026-08-10,Clay,R32,106044,Nicolas Kicker,ARG,105882,Stefano Travaglia,ITA,0-6 6-4 4-0 RET
2026TodiChallenger,atp,2026-08-10,Clay,R32,106065,Marco Cecchinato,ITA,200572,Nick Hardt,DOM,6-3 7-5
2026TodiChallenger,atp,2026-08-10,Clay,R32,106177,Oriol Roca Batalla,ESP,200125,Mykyta Mashtakov,UKR,6-2 6-4
2026TodiChallenger,atp,2026-08-10,Clay,R32,123755,Daniel Elahi Galan,COL,123961,Murkel Alejandro Dellien Velasco,BOL,6-4 6-2
2026TodiChallenger,atp,2026-08-10,Clay,R32,144870,Federico Agustin Gomez,ARG,212305,Juan Cruz Martin Manzano,ITA,6-1 6-4
2026TodiChallenger,atp,2026-08-10,Clay,R32,207415,Daniel Michalski,POL,212077,Lorenzo Carboni,ITA,6-0 6-3
2026TodiChallenger,atp,2026-08-10,Clay,R32,207663,Nikolas Sanchez Izquierdo,ESP,210042,Gabriele Piraino,ITA,6-2 6-2
2026TodiChallenger,atp,2026-08-10,Clay,R32,208859,Francesco Passaro,ITA,212241,Carlo Alberto Caniato,ITA,4-6 6-4 6-4
2026TodiChallenger,atp,2026-08-10,Clay,R32,208913,Juan Bautista Torres,ARG,133872,Enrico Dalla Valle,ITA,7-6(2) 4-0 RET
2026TodiChallenger,atp,2026-08-10,Clay,R32,209506,Francesco Forti,ITA,213356,Michele Mecarelli,ITA,3-6 6-2 6-4
2026TodiChallenger,atp,2026-08-10,Clay,R32,209875,Alex Barrena,ARG,206662,Georgii Kravchenko,UKR,6-4 6-4
2026TodiChallenger,atp,2026-08-10,Clay,R32,209903,Lukas Neumayer,AUT,200255,Alexander Weis,ITA,6-2 6-4
2026TodiChallenger,atp,2026-08-10,Clay,R32,210377,Luciano Emanuel Ambrogi,ARG,207213,Duje Ajdukovic,CRO,3-6 7-6(3) 6-2
2026TodiChallenger,atp,2026-08-10,Clay,R32,211542,Filippo Romano,ITA,210668,Massimo Giunta,ITA,6-2 6-2
2026TodiChallenger,atp,2026-08-10,Clay,R32,211617,Maxim Mrva,CZE,213003,Pierluigi Basile,ITA,6-4 1-6 7-5
2026TodiChallenger,atp,2026-08-10,Clay,R32,212225,Thomas Faurel,FRA,106057,Facundo Mena,ARG,7-6(2) 6-2
2026TodiChallenger,atp,2026-08-10,Clay,SF,106044,Nicolas Kicker,ARG,106065,Marco Cecchinato,ITA,6-4 4-6 6-2
2026TodiChallenger,atp,2026-08-10,Clay,SF,211617,Maxim Mrva,CZE,209875,Alex Barrena,ARG,6-3 6-2
2026AugsburgChallenger,atp,2026-08-24,Clay,F,206470,Cezar Cretu,ROU,106057,Facundo Mena,ARG,6-2 6-0
2026AugsburgChallenger,atp,2026-08-24,Clay,Q1,106187,Denis Yevseyev,KAZ,105806,Mirza Basic,BIH,6-2 6-3
2026AugsburgChallenger,atp,2026-08-24,Clay,Q1,127087,Dominik Recek,CZE,206662,Georgii Kravchenko,UKR,5-7 7-5 6-3
2026AugsburgChallenger,atp,2026-08-24,Clay,Q1,132999,Kai Wehnelt,GER,209338,Daniel Siniakov,CZE,7-6(5) 7-6(3)
2026AugsburgChallenger,atp,2026-08-24,Clay,Q1,133975,Benjamin Hassan,LBN,109739,Maximilian Marterer,GER,7-5 6-7(5) 4-1 RET
2026AugsburgChallenger,atp,2026-08-24,Clay,Q1,200713,Federico Iannaccone,ITA,213001,Mika Petkovic,GER,7-6(5) 6-1
2026AugsburgChallenger,atp,2026-08-24,Clay,Q1,208071,Oleksii Krutykh,UKR,212071,Kasra Rahmani,IRI,6-2 7-6(3)
2026AugsburgChallenger,atp,2026-08-24,Clay,Q1,209887,Liam Gavrielides,GER,200538,Matyas Fuele,HUN,7-5 6-0
2026AugsburgChallenger,atp,2026-08-24,Clay,Q1,209917,Benito Sanchez Martinez,GER,209278,Alec Beckley,RSA,6-2 6-2
2026AugsburgChallenger,atp,2026-08-24,Clay,Q1,209983,Mika Brunold,SUI,144985,Ergi Kirkin,TUR,6-3 6-4
2026AugsburgChallenger,atp,2026-08-24,Clay,Q1,210054,Matthew William Donald,CZE,209937,Giorgio Tabacco,ITA,4-6 6-1 7-5
2026AugsburgChallenger,atp,2026-08-24,Clay,Q1,210425,Svyatoslav Gulin,RUS,209302,Peter Fajta,HUN,7-6(4) 6-3
2026AugsburgChallenger,atp,2026-08-24,Clay,Q2,132999,Kai Wehnelt,GER,207669,Robert Strombachs,LAT,6-1 6-4
2026AugsburgChallenger,atp,2026-08-24,Clay,Q2,133975,Benjamin Hassan,LBN,210054,Matthew William Donald,CZE,6-4 6-2
2026AugsburgChallenger,atp,2026-08-24,Clay,Q2,208071,Oleksii Krutykh,UKR,200713,Federico Iannaccone,ITA,6-4 6-2
2026AugsburgChallenger,atp,2026-08-24,Clay,Q2,209917,Benito Sanchez Martinez,GER,127087,Dominik Recek,CZE,6-4 6-3
2026AugsburgChallenger,atp,2026-08-24,Clay,Q2,209983,Mika Brunold,SUI,209887,Liam Gavrielides,GER,6-2 7-6(3)
2026AugsburgChallenger,atp,2026-08-24,Clay,Q2,210425,Svyatoslav Gulin,RUS,106187,Denis Yevseyev,KAZ,6-3 7-6(3)
2026AugsburgChallenger,atp,2026-08-24,Clay,QF,106057,Facundo Mena,ARG,109054,Daniel Masur,GER,7-6(3) 6-1
2026AugsburgChallenger,atp,2026-08-24,Clay,QF,206470,Cezar Cretu,ROU,202359,Marvin Moeller,GER,6-4 6-3
2026AugsburgChallenger,atp,2026-08-24,Clay,QF,207491,Sandro Kopp,AUT,209322,Martin Krumich,CZE,6-2 6-4
2026AugsburgChallenger,atp,2026-08-24,Clay,QF,209917,Benito Sanchez Martinez,GER,210558,Hynek Barton,CZE,6-4 6-3
2026AugsburgChallenger,atp,2026-08-24,Clay,R16,106057,Facundo Mena,ARG,132999,Kai Wehnelt,GER,7-6(4) 7-5
2026AugsburgChallenger,atp,2026-08-24,Clay,R16,109054,Daniel Masur,GER,212268,Max Schoenhaus,GER,6-7(0) 6-4 6-4
2026AugsburgChallenger,atp,2026-08-24,Clay,R16,202359,Marvin Moeller,GER,207130,Matias Soto,CHI,6-3 7-6(6)
2026AugsburgChallenger,atp,2026-08-24,Clay,R16,206470,Cezar Cretu,ROU,207732,Miguel Damas,ESP,7-6(4) 7-6(5)
2026AugsburgChallenger,atp,2026-08-24,Clay,R16,207491,Sandro Kopp,AUT,209983,Mika Brunold,SUI,7-6(3) 6-4
2026AugsburgChallenger,atp,2026-08-24,Clay,R16,209322,Martin Krumich,CZE,210425,Svyatoslav Gulin,RUS,4-6 6-4 6-1
2026AugsburgChallenger,atp,2026-08-24,Clay,R16,209917,Benito Sanchez Martinez,GER,211661,Juan Estevez,ARG,6-3 6-4
2026AugsburgChallenger,atp,2026-08-24,Clay,R16,210558,Hynek Barton,CZE,210412,Juan Manuel La Serna,ARG,1-6 7-5 6-2
2026AugsburgChallenger,atp,2026-08-24,Clay,R32,106057,Facundo Mena,ARG,208819,Max Hans Rehberg,GER,6-4 6-4
2026AugsburgChallenger,atp,2026-08-24,Clay,R32,109054,Daniel Masur,GER,210557,Petr Brunclik,CZE,6-4 6-4
2026AugsburgChallenger,atp,2026-08-24,Clay,R32,132999,Kai Wehnelt,GER,200572,Nick Hardt,DOM,2-6 6-3 6-2
2026AugsburgChallenger,atp,2026-08-24,Clay,R32,202359,Marvin Moeller,GER,212225,Thomas Faurel,FRA,6-1 6-3
2026AugsburgChallenger,atp,2026-08-24,Clay,R32,206470,Cezar Cretu,ROU,213360,Niels Mcdonald,GER,6-2 6-0
2026AugsburgChallenger,atp,2026-08-24,Clay,R32,207130,Matias Soto,CHI,208071,Oleksii Krutykh,UKR,6-3 6-4
2026AugsburgChallenger,atp,2026-08-24,Clay,R32,207491,Sandro Kopp,AUT,200495,Eduardo Ribeiro,BRA,6-1 6-7(4) 6-1
2026AugsburgChallenger,atp,2026-08-24,Clay,R32,207732,Miguel Damas,ESP,209916,Marko Topo,GER,6-3 6-4
2026AugsburgChallenger,atp,2026-08-24,Clay,R32,209322,Martin Krumich,CZE,208502,Dominic Stricker,SUI,6-2 6-3
2026AugsburgChallenger,atp,2026-08-24,Clay,R32,209917,Benito Sanchez Martinez,GER,123961,Murkel Alejandro Dellien Velasco,BOL,6-2 6-4
2026AugsburgChallenger,atp,2026-08-24,Clay,R32,209983,Mika Brunold,SUI,212222,Raphael Perot,FRA,6-3 6-4
2026AugsburgChallenger,atp,2026-08-24,Clay,R32,210412,Juan Manuel La Serna,ARG,133975,Benjamin Hassan,LBN,6-2 3-6 7-5
2026AugsburgChallenger,atp,2026-08-24,Clay,R32,210425,Svyatoslav Gulin,RUS,210590,Henri Haupt,GER,6-3 6-2
2026AugsburgChallenger,atp,2026-08-24,Clay,R32,210558,Hynek Barton,CZE,123921,Calvin Hemery,FRA,7-5 7-5
2026AugsburgChallenger,atp,2026-08-24,Clay,R32,211661,Juan Estevez,ARG,210119,Andrej Nedic,BIH,2-6 6-4 6-3
2026AugsburgChallenger,atp,2026-08-24,Clay,R32,212268,Max Schoenhaus,GER,209890,Mili Poljicak,CRO,6-4 6-3
2026AugsburgChallenger,atp,2026-08-24,Clay,SF,106057,Facundo Mena,ARG,209917,Benito Sanchez Martinez,GER,4-6 6-4 7-6(6)
2026AugsburgChallenger,atp,2026-08-24,Clay,SF,206470,Cezar Cretu,ROU,207491,Sandro Kopp,AUT,6-3 7-5
2026Kingston2Challenger,atp,2026-08-24,Hard,F,208854,Aidan Mayo,USA,200748,Andres Andrade,ECU,6-3 7-6(7)
2026Kingston2Challenger,atp,2026-08-24,Hard,Q1,126573,Thomas Fancutt,AUS,210476,Enmanuel Munoz,DOM,6-4 6-2
2026Kingston2Challenger,atp,2026-08-24,Hard,Q1,200632,Evan Zhu,USA,111459,Arjun Kadhe,IND,6-3 6-2
2026Kingston2Challenger,atp,2026-08-24,Hard,Q1,202297,Dan Martin,CAN,213719,Nicholas Gore,JAM,6-0 6-1
2026Kingston2Challenger,atp,2026-08-24,Hard,Q1,207736,Arklon Huertas Del Pino,PER,209936,Lorenzo Claverie,ITA,6-4 6-1
2026Kingston2Challenger,atp,2026-08-24,Hard,Q1,208386,Matt Kuhar,USA,207996,Siddhant Banthia,IND,6-1 7-6(4)
2026Kingston2Challenger,atp,2026-08-24,Hard,Q1,208586,Joshua Sheehy,USA,122081,Luis Britto,BRA,6-2 0-0 RET
2026Kingston2Challenger,atp,2026-08-24,Hard,Q1,208605,Mario Gonzalez Fernandez,ESP,106254,Calum Puttergill,AUS,6-4 6-2
2026Kingston2Challenger,atp,2026-08-24,Hard,Q1,208844,Keshav Chopra,USA,212965,Juan Jose Bianchi,VEN,6-2 7-5
2026Kingston2Challenger,atp,2026-08-24,Hard,Q1,208854,Aidan Mayo,USA,205825,Joao Vitor Goncalves Ceolin,BRA,6-3 6-2
2026Kingston2Challenger,atp,2026-08-24,Hard,Q1,210044,Bruno Kuzuhara,USA,144731,Kody Pearson,AUS,6-1 6-4
2026Kingston2Challenger,atp,2026-08-24,Hard,Q1,210077,Aidan Kim,USA,213838,Ronit Karki,USA,6-0 6-3
2026Kingston2Challenger,atp,2026-08-24,Hard,Q1,210744,Kaylan Bigun,USA,212455,Lucas Andrade Da Silva,BRA,6-1 6-4
2026Kingston2Challenger,atp,2026-08-24,Hard,Q2,126573,Thomas Fancutt,AUS,210044,Bruno Kuzuhara,USA,6-4 6-4
2026Kingston2Challenger,atp,2026-08-24,Hard,Q2,200632,Evan Zhu,USA,208586,Joshua Sheehy,USA,7-5 6-0
2026Kingston2Challenger,atp,2026-08-24,Hard,Q2,208605,Mario Gonzalez Fernandez,ESP,208386,Matt Kuhar,USA,6-2 7-5
2026Kingston2Challenger,atp,2026-08-24,Hard,Q2,208844,Keshav Chopra,USA,208854,Aidan Mayo,USA,4-6 7-5 6-3
2026Kingston2Challenger,atp,2026-08-24,Hard,Q2,210077,Aidan Kim,USA,202297,Dan Martin,CAN,6-2 6-1
2026Kingston2Challenger,atp,2026-08-24,Hard,Q2,210744,Kaylan Bigun,USA,207736,Arklon Huertas Del Pino,PER,6-1 7-6(4)
2026Kingston2Challenger,atp,2026-08-24,Hard,QF,200748,Andres Andrade,ECU,126845,Max Purcell,AUS,6-3 6-3
2026Kingston2Challenger,atp,2026-08-24,Hard,QF,208854,Aidan Mayo,USA,211346,Andres Martin,USA,6-4 6-4
2026Kingston2Challenger,atp,2026-08-24,Hard,QF,210202,Rodrigo Pacheco Mendez,MEX,101495,Miguel Tobon,COL,6-2 6-4
2026Kingston2Challenger,atp,2026-08-24,Hard,QF,213036,Luis Guto Miguel,BRA,208649,Andrew Fenty,USA,7-5 7-5
2026Kingston2Challenger,atp,2026-08-24,Hard,R16,101495,Miguel Tobon,COL,126663,Juan Pablo Ficovich,ARG,6-3 6-1
2026Kingston2Challenger,atp,2026-08-24,Hard,R16,126845,Max Purcell,AUS,208143,Garrett Johns,USA,6-2 6-2
2026Kingston2Challenger,atp,2026-08-24,Hard,R16,200748,Andres Andrade,ECU,202326,Ivan Marrero Curbelo,ESP,6-4 6-2
2026Kingston2Challenger,atp,2026-08-24,Hard,R16,208649,Andrew Fenty,USA,208844,Keshav Chopra,USA,6-2 6-3
2026Kingston2Challenger,atp,2026-08-24,Hard,R16,208854,Aidan Mayo,USA,213653,Benjamin Willwerth,USA,6-4 2-6 6-4
2026Kingston2Challenger,atp,2026-08-24,Hard,R16,210202,Rodrigo Pacheco Mendez,MEX,208605,Mario Gonzalez Fernandez,ESP,6-3 6-3
2026Kingston2Challenger,atp,2026-08-24,Hard,R16,211346,Andres Martin,USA,208063,Paulo Andre Saraiva Dos Santos,BRA,5-7 6-3 6-4
2026Kingston2Challenger,atp,2026-08-24,Hard,R16,213036,Luis Guto Miguel,BRA,126573,Thomas Fancutt,AUS,6-2 6-3
2026Kingston2Challenger,atp,2026-08-24,Hard,R32,101495,Miguel Tobon,COL,209264,Pietro Fellin,ITA,6-2 6-1
2026Kingston2Challenger,atp,2026-08-24,Hard,R32,126573,Thomas Fancutt,AUS,207202,Karl Poling,USA,6-4 6-3
2026Kingston2Challenger,atp,2026-08-24,Hard,R32,126663,Juan Pablo Ficovich,ARG,200632,Evan Zhu,USA,7-6(8) 4-6 6-2
2026Kingston2Challenger,atp,2026-08-24,Hard,R32,126845,Max Purcell,AUS,127108,Igor Ribeiro Marcondes,BRA,6-4 6-2
2026Kingston2Challenger,atp,2026-08-24,Hard,R32,200748,Andres Andrade,ECU,210399,Edward Winter,AUS,6-4 7-6(5)
2026Kingston2Challenger,atp,2026-08-24,Hard,R32,202326,Ivan Marrero Curbelo,ESP,209080,Blaise Bicknell,JAM,3-6 7-5 6-2
2026Kingston2Challenger,atp,2026-08-24,Hard,R32,208063,Paulo Andre Saraiva Dos Santos,BRA,207834,Juan Alejandro Hernandez Serrano,MEX,6-1 6-4
2026Kingston2Challenger,atp,2026-08-24,Hard,R32,208143,Garrett Johns,USA,210077,Aidan Kim,USA,6-7(1) 6-3 6-2
2026Kingston2Challenger,atp,2026-08-24,Hard,R32,208605,Mario Gonzalez Fernandez,ESP,106283,Mitchell Krueger,USA,7-6(5) 7-5
2026Kingston2Challenger,atp,2026-08-24,Hard,R32,208649,Andrew Fenty,USA,208223,Alvaro Guillen Meza,ECU,7-5 6-4
2026Kingston2Challenger,atp,2026-08-24,Hard,R32,208844,Keshav Chopra,USA,210744,Kaylan Bigun,USA,2-6 6-3 6-3
2026Kingston2Challenger,atp,2026-08-24,Hard,R32,208854,Aidan Mayo,USA,212733,Matthew Forbes,USA,7-5 7-5
2026Kingston2Challenger,atp,2026-08-24,Hard,R32,210202,Rodrigo Pacheco Mendez,MEX,206703,Paul Jubb,GBR,6-4 6-4
2026Kingston2Challenger,atp,2026-08-24,Hard,R32,211346,Andres Martin,USA,133835,Gijs Brouwer,NED,5-7 7-6(3) 6-0
2026Kingston2Challenger,atp,2026-08-24,Hard,R32,213036,Luis Guto Miguel,BRA,208342,Tyler Zink,USA,6-4 6-2
2026Kingston2Challenger,atp,2026-08-24,Hard,R32,213653,Benjamin Willwerth,USA,210675,John Chin,JAM,6-4 6-4
2026Kingston2Challenger,atp,2026-08-24,Hard,SF,200748,Andres Andrade,ECU,210202,Rodrigo Pacheco Mendez,MEX,6-3 3-6 6-4
2026Kingston2Challenger,atp,2026-08-24,Hard,SF,208854,Aidan Mayo,USA,213036,Luis Guto Miguel,BRA,6-3 6-4
2026Roehampton2Challenger,atp,2026-08-24,Hard,F,207785,George Loffhagen,GBR,200277,Charles Broom,GBR,7-5 6-3
2026Roehampton2Challenger,atp,2026-08-24,Hard,Q1,105430,Radu Albot,MDA,149843,Conor Gannon,IRL,6-4 6-1
2026Roehampton2Challenger,atp,2026-08-24,Hard,Q1,134794,Alexis Gautier,FRA,209403,Faris Zakaryia,EGY,6-7(3) 6-3 6-1
2026Roehampton2Challenger,atp,2026-08-24,Hard,Q1,207793,Alec Deckers,NED,208267,Oscar Weightman,GBR,6-4 7-6(3)
2026Roehampton2Challenger,atp,2026-08-24,Hard,Q1,208257,Fabrizio Andaloro,ITA,132310,Tiago Cacao,POR,7-5 6-1
2026Roehampton2Challenger,atp,2026-08-24,Hard,Q1,208540,Inaki Montes De La Torre,ESP,210328,Matt Ponchet,FRA,6-1 6-3
2026Roehampton2Challenger,atp,2026-08-24,Hard,Q1,209140,Millen Hurrion,GBR,126971,Marcus Walters,GBR,6-2 6-4
2026Roehampton2Challenger,atp,2026-08-24,Hard,Q1,209914,Andreja Petrovic,NOR,208126,John Echeverria,ESP,4-6 6-3 6-3
2026Roehampton2Challenger,atp,2026-08-24,Hard,Q1,210223,Leonardo Rossi,ITA,200273,Hady Habib,LIB,6-2 6-4
2026Roehampton2Challenger,atp,2026-08-24,Hard,Q1,211394,Patrick Brady,GBR,200366,Olukayode Alafia Damina Ayeni,USA,7-5 6-2
2026Roehampton2Challenger,atp,2026-08-24,Hard,Q1,212280,Giulio Perego,ITA,202345,Arvid Nordquist,SWE,7-6(1) 4-6 6-4
2026Roehampton2Challenger,atp,2026-08-24,Hard,Q1,212839,Oliver Bonding,GBR,126206,Alex Rybakov,USA,5-7 6-4 6-3
2026Roehampton2Challenger,atp,2026-08-24,Hard,Q1,213619,Oskari Paldanius,FIN,207407,Peter Makk,HUN,6-4 7-5
2026Roehampton2Challenger,atp,2026-08-24,Hard,Q2,207793,Alec Deckers,NED,134794,Alexis Gautier,FRA,6-4 7-6(6)
2026Roehampton2Challenger,atp,2026-08-24,Hard,Q2,208257,Fabrizio Andaloro,ITA,212280,Giulio Perego,ITA,6-3 7-6(4)
2026Roehampton2Challenger,atp,2026-08-24,Hard,Q2,208540,Inaki Montes De La Torre,ESP,213619,Oskari Paldanius,FIN,4-6 6-4 6-4
2026Roehampton2Challenger,atp,2026-08-24,Hard,Q2,210223,Leonardo Rossi,ITA,105430,Radu Albot,MDA,6-4 2-6 6-3
2026Roehampton2Challenger,atp,2026-08-24,Hard,Q2,211394,Patrick Brady,GBR,209914,Andreja Petrovic,NOR,6-1 6-3
2026Roehampton2Challenger,atp,2026-08-24,Hard,Q2,212839,Oliver Bonding,GBR,209140,Millen Hurrion,GBR,6-3 6-4
2026Roehampton2Challenger,atp,2026-08-24,Hard,QF,200277,Charles Broom,GBR,209407,Max Basing,GBR,6-4 6-2
2026Roehampton2Challenger,atp,2026-08-24,Hard,QF,207785,George Loffhagen,GBR,208540,Inaki Montes De La Torre,ESP,6-3 6-4
2026Roehampton2Challenger,atp,2026-08-24,Hard,QF,210472,Oliver Tarvet,GBR,209163,Emile Hudd,GBR,6-2 6-4
2026Roehampton2Challenger,atp,2026-08-24,Hard,QF,212020,Michele Ribecai,ITA,208902,Johannus Monday,GBR,6-3 6-4
2026Roehampton2Challenger,atp,2026-08-24,Hard,R16,200277,Charles Broom,GBR,211394,Patrick Brady,GBR,6-4 6-1
2026Roehampton2Challenger,atp,2026-08-24,Hard,R16,207785,George Loffhagen,GBR,129814,Ivan Ivanov,BUL,6-3 6-0
2026Roehampton2Challenger,atp,2026-08-24,Hard,R16,208540,Inaki Montes De La Torre,ESP,210221,Jay Dylan Hara Friend,JPN,7-6(8) 6-1
2026Roehampton2Challenger,atp,2026-08-24,Hard,R16,208902,Johannus Monday,GBR,210747,Lui Maxted,GBR,1-6 6-3 7-6(2)
2026Roehampton2Challenger,atp,2026-08-24,Hard,R16,209163,Emile Hudd,GBR,200188,Matteo Martineau,FRA,4-6 6-3 6-2
2026Roehampton2Challenger,atp,2026-08-24,Hard,R16,209407,Max Basing,GBR,207793,Alec Deckers,NED,7-6(3) 0-6 6-4
2026Roehampton2Challenger,atp,2026-08-24,Hard,R16,210472,Oliver Tarvet,GBR,212839,Oliver Bonding,GBR,6-4 6-0
2026Roehampton2Challenger,atp,2026-08-24,Hard,R16,212020,Michele Ribecai,ITA,207760,Anton Matusevich,GBR,6-7(3) 6-3 6-3
2026Roehampton2Challenger,atp,2026-08-24,Hard,R32,129814,Ivan Ivanov,BUL,126106,Ryan Peniston,GBR,6-0 3-6 6-4
2026Roehampton2Challenger,atp,2026-08-24,Hard,R32,200188,Matteo Martineau,FRA,210504,Billy Blaydes,GBR,6-3 4-6 6-1
2026Roehampton2Challenger,atp,2026-08-24,Hard,R32,200277,Charles Broom,GBR,210223,Leonardo Rossi,ITA,6-4 6-1
2026Roehampton2Challenger,atp,2026-08-24,Hard,R32,207760,Anton Matusevich,GBR,144970,Constantin Bittoun Kouzmine,FRA,6-3 3-6 6-2
2026Roehampton2Challenger,atp,2026-08-24,Hard,R32,207785,George Loffhagen,GBR,202400,Alastair Gray,GBR,6-2 7-6(4)
2026Roehampton2Challenger,atp,2026-08-24,Hard,R32,207793,Alec Deckers,NED,206553,Luca Potenza,ITA,7-6(6) 6-3
2026Roehampton2Challenger,atp,2026-08-24,Hard,R32,208540,Inaki Montes De La Torre,ESP,206589,Gabi Adrian Boitan,ROU,3-6 6-3 6-3
2026Roehampton2Challenger,atp,2026-08-24,Hard,R32,208902,Johannus Monday,GBR,210721,Iliyan Radulov,BUL,6-7(0) 6-4 6-1
2026Roehampton2Challenger,atp,2026-08-24,Hard,R32,209163,Emile Hudd,GBR,208257,Fabrizio Andaloro,ITA,6-2 4-6 6-3
2026Roehampton2Challenger,atp,2026-08-24,Hard,R32,209407,Max Basing,GBR,132052,Christian Langmo,USA,6-3 6-4
2026Roehampton2Challenger,atp,2026-08-24,Hard,R32,210221,Jay Dylan Hara Friend,JPN,126107,Michael Geerts,BEL,6-3 6-4
2026Roehampton2Challenger,atp,2026-08-24,Hard,R32,210472,Oliver Tarvet,GBR,207799,Matheus Pucinelli De Almeida,BRA,6-4 6-4
2026Roehampton2Challenger,atp,2026-08-24,Hard,R32,210747,Lui Maxted,GBR,209394,Anton Shepp,NZL,6-3 6-3
2026Roehampton2Challenger,atp,2026-08-24,Hard,R32,211394,Patrick Brady,GBR,200452,Patrick Zahraj,GER,6-3 6-2
2026Roehampton2Challenger,atp,2026-08-24,Hard,R32,212020,Michele Ribecai,ITA,213130,Mark Ceban,GBR,6-1 6-2
2026Roehampton2Challenger,atp,2026-08-24,Hard,R32,212839,Oliver Bonding,GBR,126340,Viktor Durasovic,NOR,6-3 6-4
2026Roehampton2Challenger,atp,2026-08-24,Hard,SF,200277,Charles Broom,GBR,210472,Oliver Tarvet,GBR,6-4 5-7 6-1
2026Roehampton2Challenger,atp,2026-08-24,Hard,SF,207785,George Loffhagen,GBR,212020,Michele Ribecai,ITA,6-2 6-2
2026WTAPhiladelphia125,wta,2026-08-24,Hard,F,220465,Katie Volynets,USA,238184,Tereza Valentova,CZE,6-3 7-5
2026WTAPhiladelphia125,wta,2026-08-24,Hard,QF,211814,Julia Grabher,AUT,220680,Fiona Crawley,USA,6-4 6-3
2026WTAPhiladelphia125,wta,2026-08-24,Hard,QF,220465,Katie Volynets,USA,216566,Mananchaya Sawangkaew,THA,6-2 6-3
2026WTAPhiladelphia125,wta,2026-08-24,Hard,QF,221407,Oksana Selekhmeteva,RUS,216016,Xiyu Wang,CHN,W/O
2026WTAPhiladelphia125,wta,2026-08-24,Hard,QF,238184,Tereza Valentova,CZE,220891,Kylie Collins,USA,6-1 6-2
2026WTAPhiladelphia125,wta,2026-08-24,Hard,R16,211814,Julia Grabher,AUT,221909,Ashlyn Krueger,USA,6-4 6-4
2026WTAPhiladelphia125,wta,2026-08-24,Hard,R16,216016,Xiyu Wang,CHN,222601,Jessica Bouzas Maneiro,ESP,4-6 6-4 6-2
2026WTAPhiladelphia125,wta,2026-08-24,Hard,R16,216566,Mananchaya Sawangkaew,THA,211878,Lizette Cabrera,AUS,6-2 7-6(6)
2026WTAPhiladelphia125,wta,2026-08-24,Hard,R16,220465,Katie Volynets,USA,266376,Mia Pohankova,SVK,6-1 6-1
2026WTAPhiladelphia125,wta,2026-08-24,Hard,R16,220680,Fiona Crawley,USA,215733,Ekaterina Ovcharenko,RUS,6-4 6-3
2026WTAPhiladelphia125,wta,2026-08-24,Hard,R16,220891,Kylie Collins,USA,220435,Anastasia Zakharova,RUS,6-4 6-3
2026WTAPhiladelphia125,wta,2026-08-24,Hard,R16,221407,Oksana Selekhmeteva,RUS,263981,Capucine Jauffret,USA,4-6 7-6(4) 6-3
2026WTAPhiladelphia125,wta,2026-08-24,Hard,R16,238184,Tereza Valentova,CZE,221885,Fangran Tian,CHN,6-3 6-1
2026WTAPhiladelphia125,wta,2026-08-24,Hard,R32,211814,Julia Grabher,AUT,220662,Veronika Erjavec,SLO,7-6(5) 3-6 7-6(3)
2026WTAPhiladelphia125,wta,2026-08-24,Hard,R32,211878,Lizette Cabrera,AUS,221883,Talia Gibson,AUS,7-5 6-7(5) 6-4
2026WTAPhiladelphia125,wta,2026-08-24,Hard,R32,215733,Ekaterina Ovcharenko,RUS,259733,Kaitlin Quevedo,ESP,6-1 0-6 7-6(5)
2026WTAPhiladelphia125,wta,2026-08-24,Hard,R32,216016,Xiyu Wang,CHN,260514,Ena Koike,JPN,6-2 6-2
2026WTAPhiladelphia125,wta,2026-08-24,Hard,R32,216566,Mananchaya Sawangkaew,THA,201585,Sloane Stephens,USA,4-6 6-2 6-2
2026WTAPhiladelphia125,wta,2026-08-24,Hard,R32,220435,Anastasia Zakharova,RUS,215020,Anna Blinkova,RUS,7-6(6) 6-0
2026WTAPhiladelphia125,wta,2026-08-24,Hard,R32,220465,Katie Volynets,USA,216587,Hong Yi Cody Wong,HKG,6-2 6-1
2026WTAPhiladelphia125,wta,2026-08-24,Hard,R32,220680,Fiona Crawley,USA,215899,Simona Waltert,SUI,7-5 6-3
2026WTAPhiladelphia125,wta,2026-08-24,Hard,R32,220891,Kylie Collins,USA,214271,Jaeda Daniel,USA,6-0 6-2
2026WTAPhiladelphia125,wta,2026-08-24,Hard,R32,221407,Oksana Selekhmeteva,RUS,223194,Taylah Preston,AUS,3-6 6-3 6-1
2026WTAPhiladelphia125,wta,2026-08-24,Hard,R32,221885,Fangran Tian,CHN,252495,Lucciana Perez Alarcon,PER,5-7 6-3 6-1
2026WTAPhiladelphia125,wta,2026-08-24,Hard,R32,221909,Ashlyn Krueger,USA,264151,Anna Frey,USA,6-1 6-4
2026WTAPhiladelphia125,wta,2026-08-24,Hard,R32,222601,Jessica Bouzas Maneiro,ESP,230870,Ella Seidel,GER,6-4 6-2
2026WTAPhiladelphia125,wta,2026-08-24,Hard,R32,238184,Tereza Valentova,CZE,220502,Ariana Arseneault,CAN,7-6(6) 6-1
2026WTAPhiladelphia125,wta,2026-08-24,Hard,R32,263981,Capucine Jauffret,USA,222391,Lois Boisson,FRA,6-1 0-0 RET
2026WTAPhiladelphia125,wta,2026-08-24,Hard,R32,266376,Mia Pohankova,SVK,221242,Mell Elizabeth Reasco Gonzalez,ECU,6-3 6-3
2026WTAPhiladelphia125,wta,2026-08-24,Hard,SF,220465,Katie Volynets,USA,221407,Oksana Selekhmeteva,RUS,6-3 7-6(6)
2026WTAPhiladelphia125,wta,2026-08-24,Hard,SF,238184,Tereza Valentova,CZE,211814,Julia Grabher,AUT,6-3 6-1
2026ComoChallenger,atp,2026-08-31,Clay,F,212063,Matej Dodig,CRO,122669,Juan Pablo Varillas,PER,6-3 7-6(5)
2026ComoChallenger,atp,2026-08-31,Clay,Q1,105613,Norbert Gombos,SVK,212972,Andrea De Marchi,ITA,6-3 7-5
2026ComoChallenger,atp,2026-08-31,Clay,Q1,106362,Laurent Lokoli,FRA,149117,Lorenzo Angelini,ITA,6-2 6-1
2026ComoChallenger,atp,2026-08-31,Clay,Q1,126627,Johan Nikles,SUI,212071,Kasra Rahmani,IRI,6-2 6-4
2026ComoChallenger,atp,2026-08-31,Clay,Q1,133975,Benjamin Hassan,LBN,144937,Nicolas Parizzia,SUI,6-4 6-3
2026ComoChallenger,atp,2026-08-31,Clay,Q1,149267,Andrea Colombo,ITA,208189,Gianmarco Ferrari,ITA,7-5 7-6(5)
2026ComoChallenger,atp,2026-08-31,Clay,Q1,200184,Andrey Chepelev,RUS,210684,Niccolo Ciavarella,ITA,6-2 6-2
2026ComoChallenger,atp,2026-08-31,Clay,Q1,208285,Fausto Tabacco,ITA,149145,Matteo Covato,ITA,7-5 3-6 6-3
2026ComoChallenger,atp,2026-08-31,Clay,Q1,209164,Lorenzo Rottoli,ITA,208153,Giuseppe La Vela,ITA,7-6(3) 6-3
2026ComoChallenger,atp,2026-08-31,Clay,Q1,209167,Olle Wallin,SWE,206749,Niccolo Catini,ITA,4-6 6-0 6-3
2026ComoChallenger,atp,2026-08-31,Clay,Q1,209506,Francesco Forti,ITA,126464,Giorgio Ricca,ITA,6-1 6-1
2026ComoChallenger,atp,2026-08-31,Clay,Q1,210119,Andrej Nedic,BIH,213023,Filippo Francesco Garbero,ITA,6-0 6-0
2026ComoChallenger,atp,2026-08-31,Clay,Q1,210425,Svyatoslav Gulin,RUS,200484,Rudolf Molleker,GER,6-3 1-6 6-3
2026ComoChallenger,atp,2026-08-31,Clay,Q2,105613,Norbert Gombos,SVK,210425,Svyatoslav Gulin,RUS,7-6(9) 6-3
2026ComoChallenger,atp,2026-08-31,Clay,Q2,126627,Johan Nikles,SUI,209164,Lorenzo Rottoli,ITA,7-5 2-6 7-5
2026ComoChallenger,atp,2026-08-31,Clay,Q2,208285,Fausto Tabacco,ITA,200184,Andrey Chepelev,RUS,3-6 6-3 7-6(9)
2026ComoChallenger,atp,2026-08-31,Clay,Q2,209167,Olle Wallin,SWE,149267,Andrea Colombo,ITA,3-6 6-1 7-6(9)
2026ComoChallenger,atp,2026-08-31,Clay,Q2,209506,Francesco Forti,ITA,133975,Benjamin Hassan,LBN,7-5 6-7(4) 0-0 RET
2026ComoChallenger,atp,2026-08-31,Clay,Q2,210119,Andrej Nedic,BIH,106362,Laurent Lokoli,FRA,6-3 6-3
2026ComoChallenger,atp,2026-08-31,Clay,QF,122669,Juan Pablo Varillas,PER,205734,Thiago Seyboth Wild,BRA,4-6 7-6(4) 4-3 RET
2026ComoChallenger,atp,2026-08-31,Clay,QF,126627,Johan Nikles,SUI,210119,Andrej Nedic,BIH,4-6 6-2 6-1
2026ComoChallenger,atp,2026-08-31,Clay,QF,126652,Jay Clarke,GBR,207213,Duje Ajdukovic,CRO,2-6 6-3 6-2
2026ComoChallenger,atp,2026-08-31,Clay,QF,212063,Matej Dodig,CRO,212268,Max Schoenhaus,GER,2-6 7-6(1) 6-3
2026ComoChallenger,atp,2026-08-31,Clay,R16,122669,Juan Pablo Varillas,PER,206467,Federico Arnaboldi,ITA,6-3 6-1
2026ComoChallenger,atp,2026-08-31,Clay,R16,126627,Johan Nikles,SUI,202262,Filip Cristian Jianu,ROU,6-1 6-3
2026ComoChallenger,atp,2026-08-31,Clay,R16,126652,Jay Clarke,GBR,124079,Pedro Martinez,ESP,7-5 3-6 6-4
2026ComoChallenger,atp,2026-08-31,Clay,R16,205734,Thiago Seyboth Wild,BRA,105613,Norbert Gombos,SVK,6-4 6-3
2026ComoChallenger,atp,2026-08-31,Clay,R16,207213,Duje Ajdukovic,CRO,212305,Juan Cruz Martin Manzano,ITA,7-6(5) 5-7 6-2
2026ComoChallenger,atp,2026-08-31,Clay,R16,210119,Andrej Nedic,BIH,210005,Kilian Feldbausch,SUI,7-6(6) 6-3
2026ComoChallenger,atp,2026-08-31,Clay,R16,212063,Matej Dodig,CRO,148679,Henry Bernet,SUI,6-7(1) 7-6(3) 7-5
2026ComoChallenger,atp,2026-08-31,Clay,R16,212268,Max Schoenhaus,GER,208293,Gonzalo Bueno,PER,6-1 6-3
2026ComoChallenger,atp,2026-08-31,Clay,R32,105613,Norbert Gombos,SVK,207491,Sandro Kopp,AUT,6-3 6-3
2026ComoChallenger,atp,2026-08-31,Clay,R32,122669,Juan Pablo Varillas,PER,211618,Jan Kumstat,CZE,6-4 6-3
2026ComoChallenger,atp,2026-08-31,Clay,R32,124079,Pedro Martinez,ESP,212077,Lorenzo Carboni,ITA,6-1 3-0 RET
2026ComoChallenger,atp,2026-08-31,Clay,R32,126627,Johan Nikles,SUI,209167,Olle Wallin,SWE,6-4 3-6 6-4
2026ComoChallenger,atp,2026-08-31,Clay,R32,126652,Jay Clarke,GBR,209506,Francesco Forti,ITA,6-2 6-4
2026ComoChallenger,atp,2026-08-31,Clay,R32,148679,Henry Bernet,SUI,109303,Stefano Napolitano,ITA,3-0 RET
2026ComoChallenger,atp,2026-08-31,Clay,R32,202262,Filip Cristian Jianu,ROU,202260,Henri Squire,GER,6-4 2-1 RET
2026ComoChallenger,atp,2026-08-31,Clay,R32,205734,Thiago Seyboth Wild,BRA,209322,Martin Krumich,CZE,6-3 6-4
2026ComoChallenger,atp,2026-08-31,Clay,R32,206467,Federico Arnaboldi,ITA,210682,Federico Bondioli,ITA,2-4 RET
2026ComoChallenger,atp,2026-08-31,Clay,R32,207213,Duje Ajdukovic,CRO,134840,Raul Brancaccio,ITA,7-6(1) 6-2
2026ComoChallenger,atp,2026-08-31,Clay,R32,208293,Gonzalo Bueno,PER,206307,Joao Lucas Reis Da Silva,BRA,6-2 7-5
2026ComoChallenger,atp,2026-08-31,Clay,R32,210005,Kilian Feldbausch,SUI,207130,Matias Soto,CHI,6-3 6-2
2026ComoChallenger,atp,2026-08-31,Clay,R32,210119,Andrej Nedic,BIH,208852,Stefanos Sakellaridis,GRE,2-6 6-3 7-6(2)
2026ComoChallenger,atp,2026-08-31,Clay,R32,212063,Matej Dodig,CRO,209890,Mili Poljicak,CRO,6-2 6-3
2026ComoChallenger,atp,2026-08-31,Clay,R32,212268,Max Schoenhaus,GER,208223,Alvaro Guillen Meza,ECU,6-2 6-7(5) 6-1
2026ComoChallenger,atp,2026-08-31,Clay,R32,212305,Juan Cruz Martin Manzano,ITA,208285,Fausto Tabacco,ITA,6-3 3-6 6-0
2026ComoChallenger,atp,2026-08-31,Clay,SF,122669,Juan Pablo Varillas,PER,126652,Jay Clarke,GBR,6-7(4) 7-5 6-1
2026ComoChallenger,atp,2026-08-31,Clay,SF,212063,Matej Dodig,CRO,126627,Johan Nikles,SUI,6-3 6-0
2026ManacorChallenger,atp,2026-08-31,Hard,F,213149,Felix Balshaw,FRA,208540,Inaki Montes De La Torre,ESP,3-6 6-2 6-3
2026ManacorChallenger,atp,2026-08-31,Hard,Q1,200277,Charles Broom,GBR,214386,Hongjin Qi,CHN,6-2 6-2
2026ManacorChallenger,atp,2026-08-31,Hard,Q1,200309,Marek Gengel,CZE,207834,Juan Alejandro Hernandez Serrano,MEX,6-7(5) 6-3 2-0 RET
2026ManacorChallenger,atp,2026-08-31,Hard,Q1,206553,Luca Potenza,ITA,109054,Daniel Masur,GER,7-6(4) 7-6(5)
2026ManacorChallenger,atp,2026-08-31,Hard,Q1,206589,Gabi Adrian Boitan,ROU,210747,Lui Maxted,GBR,6-1 6-1
2026ManacorChallenger,atp,2026-08-31,Hard,Q1,207231,Mathys Erhard,FRA,209394,Anton Shepp,NZL,6-1 7-5
2026ManacorChallenger,atp,2026-08-31,Hard,Q1,207799,Matheus Pucinelli De Almeida,BRA,132052,Christian Langmo,USA,6-1 6-4
2026ManacorChallenger,atp,2026-08-31,Hard,Q1,209274,Carl Emil Overbeck,DEN,126106,Ryan Peniston,GBR,6-2 6-3
2026ManacorChallenger,atp,2026-08-31,Hard,Q1,209849,Sascha Gueymard Wayenburg,FRA,212978,Izan Almazan Valiente,ESP,3-6 6-4 6-4
2026ManacorChallenger,atp,2026-08-31,Hard,Q1,210136,Mark Lajal,EST,214385,Motoharu Abe,JPN,6-3 6-2
2026ManacorChallenger,atp,2026-08-31,Hard,Q1,210382,Maximus Jones,THA,202400,Alastair Gray,GBR,6-2 7-5
2026ManacorChallenger,atp,2026-08-31,Hard,Q1,212090,Sergio Callejon Hernando,ESP,126340,Viktor Durasovic,NOR,6-3 6-4
2026ManacorChallenger,atp,2026-08-31,Hard,Q1,213619,Oskari Paldanius,FIN,202326,Ivan Marrero Curbelo,ESP,6-4 2-0 RET
2026ManacorChallenger,atp,2026-08-31,Hard,Q2,206553,Luca Potenza,ITA,209274,Carl Emil Overbeck,DEN,6-3 6-3
2026ManacorChallenger,atp,2026-08-31,Hard,Q2,207231,Mathys Erhard,FRA,200277,Charles Broom,GBR,6-2 6-7(5) 6-1
2026ManacorChallenger,atp,2026-08-31,Hard,Q2,207799,Matheus Pucinelli De Almeida,BRA,200309,Marek Gengel,CZE,6-3 6-4
2026ManacorChallenger,atp,2026-08-31,Hard,Q2,209849,Sascha Gueymard Wayenburg,FRA,212090,Sergio Callejon Hernando,ESP,6-4 6-1
2026ManacorChallenger,atp,2026-08-31,Hard,Q2,210136,Mark Lajal,EST,206589,Gabi Adrian Boitan,ROU,6-4 6-1
2026ManacorChallenger,atp,2026-08-31,Hard,Q2,210382,Maximus Jones,THA,213619,Oskari Paldanius,FIN,6-3 6-4
2026ManacorChallenger,atp,2026-08-31,Hard,QF,206553,Luca Potenza,ITA,210220,Edas Butvilas,LTU,4-6 7-5 7-6(6)
2026ManacorChallenger,atp,2026-08-31,Hard,QF,208540,Inaki Montes De La Torre,ESP,209957,Jack Pinnington Jones,GBR,3-6 6-3 3-0 RET
2026ManacorChallenger,atp,2026-08-31,Hard,QF,210136,Mark Lajal,EST,211639,Alejo Sanchez Quilez,ESP,6-2 6-3
2026ManacorChallenger,atp,2026-08-31,Hard,QF,213149,Felix Balshaw,FRA,126129,Billy Harris,GBR,3-6 7-6(5) 7-5
2026ManacorChallenger,atp,2026-08-31,Hard,R16,126129,Billy Harris,GBR,210221,Jay Dylan Hara Friend,JPN,7-5 6-4
2026ManacorChallenger,atp,2026-08-31,Hard,R16,206553,Luca Potenza,ITA,212082,Joel Schwaerzler,AUT,6-2 6-2
2026ManacorChallenger,atp,2026-08-31,Hard,R16,208540,Inaki Montes De La Torre,ESP,209405,Daniel Rincon,ESP,6-2 6-4
2026ManacorChallenger,atp,2026-08-31,Hard,R16,209957,Jack Pinnington Jones,GBR,212020,Michele Ribecai,ITA,6-1 6-0
2026ManacorChallenger,atp,2026-08-31,Hard,R16,210136,Mark Lajal,EST,129814,Ivan Ivanov,BUL,6-3 6-7(4) 6-4
2026ManacorChallenger,atp,2026-08-31,Hard,R16,210220,Edas Butvilas,LTU,200329,Remy Bertola,SUI,6-3 6-7(5) 6-3
2026ManacorChallenger,atp,2026-08-31,Hard,R16,211639,Alejo Sanchez Quilez,ESP,209874,Maks Kasnikowski,POL,7-5 7-6(5)
2026ManacorChallenger,atp,2026-08-31,Hard,R16,213149,Felix Balshaw,FRA,124186,Alexandre Muller,FRA,7-5 6-2
2026ManacorChallenger,atp,2026-08-31,Hard,R32,124186,Alexandre Muller,FRA,212949,Ziga Sesko,SLO,6-4 6-2
2026ManacorChallenger,atp,2026-08-31,Hard,R32,126129,Billy Harris,GBR,126409,Hugo Grenier,FRA,6-2 7-6(3)
2026ManacorChallenger,atp,2026-08-31,Hard,R32,129814,Ivan Ivanov,BUL,210382,Maximus Jones,THA,6-0 6-4
2026ManacorChallenger,atp,2026-08-31,Hard,R32,200329,Remy Bertola,SUI,208843,Jerome Kym,SUI,4-6 6-3 7-6(3)
2026ManacorChallenger,atp,2026-08-31,Hard,R32,206553,Luca Potenza,ITA,122554,David Jorda Sanchis,ESP,7-5 2-6 7-5
2026ManacorChallenger,atp,2026-08-31,Hard,R32,208540,Inaki Montes De La Torre,ESP,207231,Mathys Erhard,FRA,6-2 3-6 6-4
2026ManacorChallenger,atp,2026-08-31,Hard,R32,209405,Daniel Rincon,ESP,206750,Daniil Glinka,EST,7-6(3) 6-3
2026ManacorChallenger,atp,2026-08-31,Hard,R32,209874,Maks Kasnikowski,POL,209284,Elmer Moller,DEN,6-2 4-6 6-4
2026ManacorChallenger,atp,2026-08-31,Hard,R32,209957,Jack Pinnington Jones,GBR,121411,Moez Echargui,TUN,2-6 6-4 6-4
2026ManacorChallenger,atp,2026-08-31,Hard,R32,210136,Mark Lajal,EST,149282,Nicolai Budkov Kjaer,NOR,6-3 6-1
2026ManacorChallenger,atp,2026-08-31,Hard,R32,210220,Edas Butvilas,LTU,124116,Sebastian Ofner,AUT,2-6 6-0 3-0 RET
2026ManacorChallenger,atp,2026-08-31,Hard,R32,210221,Jay Dylan Hara Friend,JPN,207799,Matheus Pucinelli De Almeida,BRA,7-6(2) 6-3
2026ManacorChallenger,atp,2026-08-31,Hard,R32,211639,Alejo Sanchez Quilez,ESP,200335,Felipe Meligeni Alves,BRA,7-5 6-4
2026ManacorChallenger,atp,2026-08-31,Hard,R32,212020,Michele Ribecai,ITA,209849,Sascha Gueymard Wayenburg,FRA,3-6 6-2 6-2
2026ManacorChallenger,atp,2026-08-31,Hard,R32,212082,Joel Schwaerzler,AUT,209407,Max Basing,GBR,6-3 6-7(4) 6-4
2026ManacorChallenger,atp,2026-08-31,Hard,R32,213149,Felix Balshaw,FRA,200416,August Holmgren,DEN,7-6(3) 7-5
2026ManacorChallenger,atp,2026-08-31,Hard,SF,208540,Inaki Montes De La Torre,ESP,206553,Luca Potenza,ITA,2-6 7-6(2) 7-6(2)
2026ManacorChallenger,atp,2026-08-31,Hard,SF,213149,Felix Balshaw,FRA,210136,Mark Lajal,EST,7-6(7) 7-5
2026Plovdiv3Challenger,atp,2026-08-31,Clay,F,206662,Georgii Kravchenko,UKR,210200,Yanaki Milev,BUL,6-0 6-2
2026Plovdiv3Challenger,atp,2026-08-31,Clay,Q1,144985,Ergi Kirkin,TUR,210485,Togan Tokac,TUR,6-4 6-2
2026Plovdiv3Challenger,atp,2026-08-31,Clay,Q1,200125,Mykyta Mashtakov,UKR,211761,Valentin Basel,ARG,7-6(2) 6-7(5) 6-1
2026Plovdiv3Challenger,atp,2026-08-31,Clay,Q1,200457,Jannik Opitz,GER,213066,Stefan Horia Haita,ROU,7-5 6-3
2026Plovdiv3Challenger,atp,2026-08-31,Clay,Q1,200713,Federico Iannaccone,ITA,212890,Caheer Warik,IND,6-1 6-0
2026Plovdiv3Challenger,atp,2026-08-31,Clay,Q1,209191,Oleksandr Ovcharenko,UKR,210667,Edoardo Cherie Ligniere,ITA,6-2 6-3
2026Plovdiv3Challenger,atp,2026-08-31,Clay,Q1,209302,Peter Fajta,HUN,209316,Anthony Genov,BUL,7-6(9) 6-7(5) 7-6(2)
2026Plovdiv3Challenger,atp,2026-08-31,Clay,Q1,209937,Giorgio Tabacco,ITA,133102,Radoslav Shandarov,BUL,6-2 6-1
2026Plovdiv3Challenger,atp,2026-08-31,Clay,Q1,211707,Amit Vales,ISR,212499,Vardan Manukyan,RUS,6-4 3-6 6-3
2026Plovdiv3Challenger,atp,2026-08-31,Clay,Q1,212306,Ignacio Parisca,VEN,212482,Viktor Kirov,BUL,6-2 6-2
2026Plovdiv3Challenger,atp,2026-08-31,Clay,Q1,214681,Aleksandar Tolev,BUL,209360,Samir Hamza Reguig,ALG,6-3 5-7 6-4
2026Plovdiv3Challenger,atp,2026-08-31,Clay,Q2,200125,Mykyta Mashtakov,UKR,200457,Jannik Opitz,GER,6-4 6-4
2026Plovdiv3Challenger,atp,2026-08-31,Clay,Q2,200713,Federico Iannaccone,ITA,209302,Peter Fajta,HUN,5-7 6-1 6-0
2026Plovdiv3Challenger,atp,2026-08-31,Clay,Q2,209191,Oleksandr Ovcharenko,UKR,202305,Franco Ribero,ARG,6-4 6-2
2026Plovdiv3Challenger,atp,2026-08-31,Clay,Q2,209251,Stefan Popovic,SRB,214681,Aleksandar Tolev,BUL,6-4 6-1
2026Plovdiv3Challenger,atp,2026-08-31,Clay,Q2,209937,Giorgio Tabacco,ITA,144985,Ergi Kirkin,TUR,6-3 6-3
2026Plovdiv3Challenger,atp,2026-08-31,Clay,Q2,212306,Ignacio Parisca,VEN,211707,Amit Vales,ISR,6-7(11) 6-4 6-2
2026Plovdiv3Challenger,atp,2026-08-31,Clay,QF,206662,Georgii Kravchenko,UKR,209191,Oleksandr Ovcharenko,UKR,6-3 6-3
2026Plovdiv3Challenger,atp,2026-08-31,Clay,QF,207708,Dusan Obradovic,SRB,212225,Thomas Faurel,FRA,6-4 7-6(4)
2026Plovdiv3Challenger,atp,2026-08-31,Clay,QF,209254,Valerio Aboian,ARG,200713,Federico Iannaccone,ITA,6-4 6-1
2026Plovdiv3Challenger,atp,2026-08-31,Clay,QF,210200,Yanaki Milev,BUL,210412,Juan Manuel La Serna,ARG,6-3 3-6 6-1
2026Plovdiv3Challenger,atp,2026-08-31,Clay,R16,200713,Federico Iannaccone,ITA,211617,Maxim Mrva,CZE,6-4 6-4
2026Plovdiv3Challenger,atp,2026-08-31,Clay,R16,206662,Georgii Kravchenko,UKR,212207,Ognjen Milic,SRB,6-0 7-6(3)
2026Plovdiv3Challenger,atp,2026-08-31,Clay,R16,207708,Dusan Obradovic,SRB,210668,Massimo Giunta,ITA,3-6 6-1 7-6(4)
2026Plovdiv3Challenger,atp,2026-08-31,Clay,R16,209191,Oleksandr Ovcharenko,UKR,207546,Pol Martin Tiffon,ESP,6-7(5) 6-4 6-1
2026Plovdiv3Challenger,atp,2026-08-31,Clay,R16,209254,Valerio Aboian,ARG,210285,Sebastian Sorger,AUT,6-7(7) 6-0 6-2
2026Plovdiv3Challenger,atp,2026-08-31,Clay,R16,210200,Yanaki Milev,BUL,212306,Ignacio Parisca,VEN,7-5 6-0
2026Plovdiv3Challenger,atp,2026-08-31,Clay,R16,210412,Juan Manuel La Serna,ARG,200125,Mykyta Mashtakov,UKR,6-2 6-4
2026Plovdiv3Challenger,atp,2026-08-31,Clay,R16,212225,Thomas Faurel,FRA,123921,Calvin Hemery,FRA,7-5 5-7 4-2 RET
2026Plovdiv3Challenger,atp,2026-08-31,Clay,R32,123921,Calvin Hemery,FRA,208322,Eric Vanshelboim,UKR,3-6 6-0 6-2
2026Plovdiv3Challenger,atp,2026-08-31,Clay,R32,200125,Mykyta Mashtakov,UKR,209251,Stefan Popovic,SRB,7-5 7-6(3)
2026Plovdiv3Challenger,atp,2026-08-31,Clay,R32,200713,Federico Iannaccone,ITA,211661,Juan Estevez,ARG,4-6 6-3 6-1
2026Plovdiv3Challenger,atp,2026-08-31,Clay,R32,206662,Georgii Kravchenko,UKR,209338,Daniel Siniakov,CZE,7-6(2) 3-6 7-6(10)
2026Plovdiv3Challenger,atp,2026-08-31,Clay,R32,207546,Pol Martin Tiffon,ESP,126663,Juan Pablo Ficovich,ARG,6-4 6-4
2026Plovdiv3Challenger,atp,2026-08-31,Clay,R32,207708,Dusan Obradovic,SRB,210042,Gabriele Piraino,ITA,6-3 2-6 7-5
2026Plovdiv3Challenger,atp,2026-08-31,Clay,R32,209191,Oleksandr Ovcharenko,UKR,207669,Robert Strombachs,LAT,6-2 7-6(5)
2026Plovdiv3Challenger,atp,2026-08-31,Clay,R32,209254,Valerio Aboian,ARG,209916,Marko Topo,GER,6-1 3-0 RET
2026Plovdiv3Challenger,atp,2026-08-31,Clay,R32,210200,Yanaki Milev,BUL,209318,Petr Nesterov,BUL,7-6(6) 3-6 6-4
2026Plovdiv3Challenger,atp,2026-08-31,Clay,R32,210285,Sebastian Sorger,AUT,210557,Petr Brunclik,CZE,7-6(3) 6-1
2026Plovdiv3Challenger,atp,2026-08-31,Clay,R32,210412,Juan Manuel La Serna,ARG,211651,Alexander Vasilev,BUL,6-1 6-2
2026Plovdiv3Challenger,atp,2026-08-31,Clay,R32,210668,Massimo Giunta,ITA,106162,Franco Agamenone,ITA,7-5 6-3
2026Plovdiv3Challenger,atp,2026-08-31,Clay,R32,211617,Maxim Mrva,CZE,144716,Oleg Prihodko,UKR,7-5 6-7(5) 6-1
2026Plovdiv3Challenger,atp,2026-08-31,Clay,R32,212207,Ognjen Milic,SRB,210198,George Lazarov,BUL,7-5 5-7 6-2
2026Plovdiv3Challenger,atp,2026-08-31,Clay,R32,212225,Thomas Faurel,FRA,209937,Giorgio Tabacco,ITA,7-5 7-5
2026Plovdiv3Challenger,atp,2026-08-31,Clay,R32,212306,Ignacio Parisca,VEN,210731,Filip Jeff Planinsek,SLO,6-2 6-4
2026Plovdiv3Challenger,atp,2026-08-31,Clay,SF,206662,Georgii Kravchenko,UKR,207708,Dusan Obradovic,SRB,2-6 6-2 6-3
2026Plovdiv3Challenger,atp,2026-08-31,Clay,SF,210200,Yanaki Milev,BUL,209254,Valerio Aboian,ARG,6-4 5-7 6-2
2026ZhangjiagangChallenger,atp,2026-08-31,Hard,F,209899,Ilia Simakin,RUS,208937,Kasidit Samrej,THA,6-3 6-1
2026ZhangjiagangChallenger,atp,2026-08-31,Hard,Q1,105655,Hiroki Moriya,JPN,200441,Grigoriy Lomakin,KAZ,6-1 6-3
2026ZhangjiagangChallenger,atp,2026-08-31,Hard,Q1,106290,Filip Peliwo,POL,207463,Sheng Tang,CHN,6-3 7-6(3)
2026ZhangjiagangChallenger,atp,2026-08-31,Hard,Q1,117357,Omar Jasika,AUS,126165,Aoran Wang,CHN,7-6(0) 6-2
2026ZhangjiagangChallenger,atp,2026-08-31,Hard,Q1,126939,Khumoyun Sultanov,UZB,213791,Fumin Jiang,CHN,6-4 6-3
2026ZhangjiagangChallenger,atp,2026-08-31,Hard,Q1,133794,S D Prajwal Dev,IND,214792,Hanlei Lu,CHN,6-2 6-1
2026ZhangjiagangChallenger,atp,2026-08-31,Hard,Q1,206916,Joshua Charlton,AUS,207998,Takuya Kumasaka,JPN,6-3 6-4
2026ZhangjiagangChallenger,atp,2026-08-31,Hard,Q1,208158,Dominik Palan,CZE,106227,Ji Sung Nam,KOR,6-4 6-3
2026ZhangjiagangChallenger,atp,2026-08-31,Hard,Q1,210121,Kokoro Isomura,JPN,202154,Uisung Park,KOR,7-5 6-4
2026ZhangjiagangChallenger,atp,2026-08-31,Hard,Q1,211324,Mitsuki Wei Kang Leong,MAS,213058,Weiyi Kong,CHN,6-0 0-0 RET
2026ZhangjiagangChallenger,atp,2026-08-31,Hard,Q1,211628,Koki Matsuda,JPN,144682,Kaito Uesugi,JPN,6-7(5) 7-6(3) 6-4
2026ZhangjiagangChallenger,atp,2026-08-31,Hard,Q1,212174,Enzo Aguiard,AUS,202334,Jesse Delaney,AUS,6-3 7-6(1)
2026ZhangjiagangChallenger,atp,2026-08-31,Hard,Q1,214013,Fanming Meng,CHN,202356,Tsung Hao Huang,TPE,7-5 6-0
2026ZhangjiagangChallenger,atp,2026-08-31,Hard,Q2,105655,Hiroki Moriya,JPN,133794,S D Prajwal Dev,IND,6-1 6-1
2026ZhangjiagangChallenger,atp,2026-08-31,Hard,Q2,117357,Omar Jasika,AUS,106290,Filip Peliwo,POL,6-2 6-3
2026ZhangjiagangChallenger,atp,2026-08-31,Hard,Q2,126939,Khumoyun Sultanov,UZB,206916,Joshua Charlton,AUS,3-6 6-3 6-4
2026ZhangjiagangChallenger,atp,2026-08-31,Hard,Q2,211324,Mitsuki Wei Kang Leong,MAS,208158,Dominik Palan,CZE,6-1 6-4
2026ZhangjiagangChallenger,atp,2026-08-31,Hard,Q2,211628,Koki Matsuda,JPN,214013,Fanming Meng,CHN,2-6 6-3 7-6(4)
2026ZhangjiagangChallenger,atp,2026-08-31,Hard,Q2,212174,Enzo Aguiard,AUS,210121,Kokoro Isomura,JPN,6-7(9) 7-5 7-6(4)
2026ZhangjiagangChallenger,atp,2026-08-31,Hard,QF,202358,Chun Hsin Tseng,TPE,111806,Fajing Sun,CHN,6-3 6-3
2026ZhangjiagangChallenger,atp,2026-08-31,Hard,QF,208937,Kasidit Samrej,THA,212174,Enzo Aguiard,AUS,6-4 7-6(4)
2026ZhangjiagangChallenger,atp,2026-08-31,Hard,QF,209899,Ilia Simakin,RUS,125802,Ilya Ivashka,BLR,7-6(5) 6-4
2026ZhangjiagangChallenger,atp,2026-08-31,Hard,QF,211324,Mitsuki Wei Kang Leong,MAS,208389,James Trotter,JPN,6-7(4) 6-3 4-0 RET
2026ZhangjiagangChallenger,atp,2026-08-31,Hard,R16,111806,Fajing Sun,CHN,207343,Hanyi Liu,CHN,6-0 7-5
2026ZhangjiagangChallenger,atp,2026-08-31,Hard,R16,125802,Ilya Ivashka,BLR,117361,Akira Santillan,AUS,6-4 4-6 6-1
2026ZhangjiagangChallenger,atp,2026-08-31,Hard,R16,202358,Chun Hsin Tseng,TPE,133297,Yosuke Watanuki,JPN,7-5 6-3
2026ZhangjiagangChallenger,atp,2026-08-31,Hard,R16,208389,James Trotter,JPN,200318,Yu Hsiou Hsu,TPE,6-4 7-5
2026ZhangjiagangChallenger,atp,2026-08-31,Hard,R16,208937,Kasidit Samrej,THA,106071,Bernard Tomic,AUS,7-5 7-6(3)
2026ZhangjiagangChallenger,atp,2026-08-31,Hard,R16,209899,Ilia Simakin,RUS,202354,Matthew Dellavedova,AUS,7-5 6-2
2026ZhangjiagangChallenger,atp,2026-08-31,Hard,R16,211324,Mitsuki Wei Kang Leong,MAS,211628,Koki Matsuda,JPN,6-3 6-2
2026ZhangjiagangChallenger,atp,2026-08-31,Hard,R16,212174,Enzo Aguiard,AUS,126939,Khumoyun Sultanov,UZB,7-6(1) 6-4
2026ZhangjiagangChallenger,atp,2026-08-31,Hard,R32,106071,Bernard Tomic,AUS,201987,Masamichi Imamura,JPN,6-4 3-6 6-4
2026ZhangjiagangChallenger,atp,2026-08-31,Hard,R32,111806,Fajing Sun,CHN,126555,Tung Lin Wu,TPE,6-7(2) 6-4 7-6(2)
2026ZhangjiagangChallenger,atp,2026-08-31,Hard,R32,117361,Akira Santillan,AUS,117357,Omar Jasika,AUS,6-2 6-3
2026ZhangjiagangChallenger,atp,2026-08-31,Hard,R32,125802,Ilya Ivashka,BLR,212044,Yi Zhou,CHN,3-6 7-6(4) 6-3
2026ZhangjiagangChallenger,atp,2026-08-31,Hard,R32,126939,Khumoyun Sultanov,UZB,200672,Sergey Fomin,UZB,7-5 6-0
2026ZhangjiagangChallenger,atp,2026-08-31,Hard,R32,133297,Yosuke Watanuki,JPN,208431,Semen Pankin,RUS,6-3 7-5
2026ZhangjiagangChallenger,atp,2026-08-31,Hard,R32,200318,Yu Hsiou Hsu,TPE,111200,Elias Ymer,SWE,7-6(4) 5-5 RET
2026ZhangjiagangChallenger,atp,2026-08-31,Hard,R32,202354,Matthew Dellavedova,AUS,132573,Luca Castelnuovo,SUI,4-6 6-3 4-1 RET
2026ZhangjiagangChallenger,atp,2026-08-31,Hard,R32,202358,Chun Hsin Tseng,TPE,212221,Tianhui Zhang,CHN,6-4 6-0
2026ZhangjiagangChallenger,atp,2026-08-31,Hard,R32,207343,Hanyi Liu,CHN,111187,Kaichi Uchida,JPN,3-6 6-3 6-2
2026ZhangjiagangChallenger,atp,2026-08-31,Hard,R32,208389,James Trotter,JPN,200666,Jie Cui,CHN,6-3 6-4
2026ZhangjiagangChallenger,atp,2026-08-31,Hard,R32,208937,Kasidit Samrej,THA,105655,Hiroki Moriya,JPN,6-1 7-6(2)
2026ZhangjiagangChallenger,atp,2026-08-31,Hard,R32,209899,Ilia Simakin,RUS,106187,Denis Yevseyev,KAZ,6-1 6-2
2026ZhangjiagangChallenger,atp,2026-08-31,Hard,R32,211324,Mitsuki Wei Kang Leong,MAS,209951,Petr Bar Biryukov,RUS,7-6(3) 6-3
2026ZhangjiagangChallenger,atp,2026-08-31,Hard,R32,211628,Koki Matsuda,JPN,117359,Jake Delaney,AUS,7-6(4) 7-6(6)
2026ZhangjiagangChallenger,atp,2026-08-31,Hard,R32,212174,Enzo Aguiard,AUS,211627,Hayato Matsuoka,JPN,6-3 6-4
2026ZhangjiagangChallenger,atp,2026-08-31,Hard,SF,208937,Kasidit Samrej,THA,202358,Chun Hsin Tseng,TPE,6-3 7-6(1)
2026ZhangjiagangChallenger,atp,2026-08-31,Hard,SF,209899,Ilia Simakin,RUS,211324,Mitsuki Wei Kang Leong,MAS,6-3 6-7(3) 6-3
2026CassisChallenger,atp,2026-09-07,Hard,F,208169,Titouan Droguet,FRA,210136,Mark Lajal,EST,6-4 7-6(3)
2026CassisChallenger,atp,2026-09-07,Hard,Q1,105938,Antoine Escoffier,FRA,202075,Adria Soriano Barrera,COL,6-4 6-3
2026CassisChallenger,atp,2026-09-07,Hard,Q1,126125,Maxime Janvier,FRA,126573,Thomas Fancutt,AUS,5-1 RET
2026CassisChallenger,atp,2026-09-07,Hard,Q1,200289,Mathieu Scaglia,FRA,211707,Amit Vales,ISR,4-6 6-2 7-6(1)
2026CassisChallenger,atp,2026-09-07,Hard,Q1,202125,Benjamin Pietri,FRA,207407,Peter Makk,HUN,6-2 6-4
2026CassisChallenger,atp,2026-09-07,Hard,Q1,207993,Justin Boulais,CAN,213238,Matis Roche,FRA,6-0 6-3
2026CassisChallenger,atp,2026-09-07,Hard,Q1,210032,Pierre Antoine Tailleu,FRA,207793,Alec Deckers,NED,2-6 7-6(6) 6-3
2026CassisChallenger,atp,2026-09-07,Hard,Q1,210447,Leo Raquillet,FRA,149145,Matteo Covato,ITA,6-2 6-2
2026CassisChallenger,atp,2026-09-07,Hard,Q1,211768,Manas Dhamne,IND,212478,William Rejchtman Vinciguerra,SWE,3-6 6-1 6-3
2026CassisChallenger,atp,2026-09-07,Hard,Q1,211901,Yanis Ghazouani Durand,FRA,213882,Gray Voelzke,USA,6-3 6-2
2026CassisChallenger,atp,2026-09-07,Hard,Q1,212969,Matisse Bobichon,FRA,200681,Adil Kalyanpur,IND,6-3 5-7 6-0
2026CassisChallenger,atp,2026-09-07,Hard,Q1,213098,Hugo Car,FRA,211409,Guillaume Dalmasso,FRA,7-6(5) 6-4
2026CassisChallenger,atp,2026-09-07,Hard,Q1,213619,Oskari Paldanius,FIN,208168,Nicolas Tepmahc,FRA,3-6 6-1 2-1 RET
2026CassisChallenger,atp,2026-09-07,Hard,Q2,126125,Maxime Janvier,FRA,213619,Oskari Paldanius,FIN,6-1 3-6 7-5
2026CassisChallenger,atp,2026-09-07,Hard,Q2,200289,Mathieu Scaglia,FRA,210032,Pierre Antoine Tailleu,FRA,7-6(6) 2-6 7-6(6)
2026CassisChallenger,atp,2026-09-07,Hard,Q2,202125,Benjamin Pietri,FRA,213098,Hugo Car,FRA,1-6 6-3 7-5
2026CassisChallenger,atp,2026-09-07,Hard,Q2,211768,Manas Dhamne,IND,105938,Antoine Escoffier,FRA,6-2 7-5
2026CassisChallenger,atp,2026-09-07,Hard,Q2,211901,Yanis Ghazouani Durand,FRA,210447,Leo Raquillet,FRA,6-1 6-3
2026CassisChallenger,atp,2026-09-07,Hard,Q2,212969,Matisse Bobichon,FRA,207993,Justin Boulais,CAN,3-6 7-6(5) 6-3
2026CassisChallenger,atp,2026-09-07,Hard,QF,109054,Daniel Masur,GER,200259,Ugo Blanchet,FRA,2-6 6-4 7-6(3)
2026CassisChallenger,atp,2026-09-07,Hard,QF,149282,Nicolai Budkov Kjaer,NOR,121411,Moez Echargui,TUN,6-7(2) 7-5 6-1
2026CassisChallenger,atp,2026-09-07,Hard,QF,208169,Titouan Droguet,FRA,206750,Daniil Glinka,EST,4-6 6-3 6-2
2026CassisChallenger,atp,2026-09-07,Hard,QF,210136,Mark Lajal,EST,209850,Robin Bertrand,FRA,6-3 6-0
2026CassisChallenger,atp,2026-09-07,Hard,R16,109054,Daniel Masur,GER,200514,Jurij Rodionov,AUT,5-7 6-3 6-1
2026CassisChallenger,atp,2026-09-07,Hard,R16,121411,Moez Echargui,TUN,126129,Billy Harris,GBR,7-5 1-6 7-6(2)
2026CassisChallenger,atp,2026-09-07,Hard,R16,149282,Nicolai Budkov Kjaer,NOR,211901,Yanis Ghazouani Durand,FRA,6-1 7-6(7)
2026CassisChallenger,atp,2026-09-07,Hard,R16,200259,Ugo Blanchet,FRA,209405,Daniel Rincon,ESP,6-3 3-6 6-3
2026CassisChallenger,atp,2026-09-07,Hard,R16,206750,Daniil Glinka,EST,207231,Mathys Erhard,FRA,7-6(3) 4-2 RET
2026CassisChallenger,atp,2026-09-07,Hard,R16,208169,Titouan Droguet,FRA,133835,Gijs Brouwer,NED,6-2 7-6(3)
2026CassisChallenger,atp,2026-09-07,Hard,R16,209850,Robin Bertrand,FRA,212222,Raphael Perot,FRA,6-1 6-0
2026CassisChallenger,atp,2026-09-07,Hard,R16,210136,Mark Lajal,EST,209849,Sascha Gueymard Wayenburg,FRA,6-7(3) 6-3 6-4
2026CassisChallenger,atp,2026-09-07,Hard,R32,109054,Daniel Masur,GER,200385,Dan Added,FRA,6-4 6-4
2026CassisChallenger,atp,2026-09-07,Hard,R32,121411,Moez Echargui,TUN,131911,Lucas Poullain,FRA,6-4 6-2
2026CassisChallenger,atp,2026-09-07,Hard,R32,126129,Billy Harris,GBR,126409,Hugo Grenier,FRA,7-5 6-3
2026CassisChallenger,atp,2026-09-07,Hard,R32,133835,Gijs Brouwer,NED,200188,Matteo Martineau,FRA,6-2 3-6 7-6(4)
2026CassisChallenger,atp,2026-09-07,Hard,R32,149282,Nicolai Budkov Kjaer,NOR,213149,Felix Balshaw,FRA,6-4 6-4
2026CassisChallenger,atp,2026-09-07,Hard,R32,200259,Ugo Blanchet,FRA,106362,Laurent Lokoli,FRA,6-3 6-3
2026CassisChallenger,atp,2026-09-07,Hard,R32,200514,Jurij Rodionov,AUT,212969,Matisse Bobichon,FRA,7-6(4) 6-1
2026CassisChallenger,atp,2026-09-07,Hard,R32,206750,Daniil Glinka,EST,126106,Ryan Peniston,GBR,7-6(5) 6-2
2026CassisChallenger,atp,2026-09-07,Hard,R32,207231,Mathys Erhard,FRA,202125,Benjamin Pietri,FRA,6-3 6-4
2026CassisChallenger,atp,2026-09-07,Hard,R32,208169,Titouan Droguet,FRA,106172,Maxime Chazal,FRA,6-4 6-4
2026CassisChallenger,atp,2026-09-07,Hard,R32,209405,Daniel Rincon,ESP,211768,Manas Dhamne,IND,6-3 6-4
2026CassisChallenger,atp,2026-09-07,Hard,R32,209849,Sascha Gueymard Wayenburg,FRA,211898,Mae Malige,FRA,6-0 6-1
2026CassisChallenger,atp,2026-09-07,Hard,R32,209850,Robin Bertrand,FRA,200289,Mathieu Scaglia,FRA,6-2 6-4
2026CassisChallenger,atp,2026-09-07,Hard,R32,210136,Mark Lajal,EST,214209,Lenny Couturier,FRA,6-3 6-3
2026CassisChallenger,atp,2026-09-07,Hard,R32,211901,Yanis Ghazouani Durand,FRA,126125,Maxime Janvier,FRA,2-6 6-3 7-5
2026CassisChallenger,atp,2026-09-07,Hard,R32,212222,Raphael Perot,FRA,206904,Gauthier Onclin,BEL,6-4 6-2
2026CassisChallenger,atp,2026-09-07,Hard,SF,208169,Titouan Droguet,FRA,149282,Nicolai Budkov Kjaer,NOR,6-7(4) 6-2 6-4
2026CassisChallenger,atp,2026-09-07,Hard,SF,210136,Mark Lajal,EST,109054,Daniel Masur,GER,7-6(2) 7-5
2026PhanThiet3Challenger,atp,2026-09-07,Hard,F,209899,Ilia Simakin,RUS,207186,Arthur Weber,FRA,6-4 7-6(5)
2026PhanThiet3Challenger,atp,2026-09-07,Hard,Q1,200441,Grigoriy Lomakin,KAZ,121662,Thanh Trung Hoang,VIE,6-0 6-1
2026PhanThiet3Challenger,atp,2026-09-07,Hard,Q1,200456,Martin Borisiouk,BLR,207998,Takuya Kumasaka,JPN,6-4 6-2
2026PhanThiet3Challenger,atp,2026-09-07,Hard,Q1,200665,Yuta Kawahashi,JPN,212032,Abhishek Bastola,NPL,6-2 6-1
2026PhanThiet3Challenger,atp,2026-09-07,Hard,Q1,206736,Benjamin Oconnell,AUS,133794,S D Prajwal Dev,IND,4-6 7-5 6-2
2026PhanThiet3Challenger,atp,2026-09-07,Hard,Q1,207383,Taisei Ichikawa,JPN,212476,Noritaka Koizumi,JPN,6-4 6-1
2026PhanThiet3Challenger,atp,2026-09-07,Hard,Q1,207456,Dong Ju Kim,KOR,144932,Kristjan Tamm,EST,3-6 6-3 7-6(7)
2026PhanThiet3Challenger,atp,2026-09-07,Hard,Q1,208160,Sam Ryan Ziegann,AUS,208855,Christopher Papa,USA,6-1 6-4
2026PhanThiet3Challenger,atp,2026-09-07,Hard,Q1,208277,Taiyo Yamanaka,JPN,210394,Nikita Ianin,RUS,6-4 6-4
2026PhanThiet3Challenger,atp,2026-09-07,Hard,Q1,211467,Aditya Vishal Balsekar,IND,122113,Yurii Dzhavakian,UKR,6-3 6-4
2026PhanThiet3Challenger,atp,2026-09-07,Hard,Q1,211574,Ethan Cook,AUS,132374,Jesse Flores,CRC,6-6 RET
2026PhanThiet3Challenger,atp,2026-09-07,Hard,Q2,200441,Grigoriy Lomakin,KAZ,207456,Dong Ju Kim,KOR,6-4 2-6 7-6(5)
2026PhanThiet3Challenger,atp,2026-09-07,Hard,Q2,200456,Martin Borisiouk,BLR,211574,Ethan Cook,AUS,6-3 6-2
2026PhanThiet3Challenger,atp,2026-09-07,Hard,Q2,206736,Benjamin Oconnell,AUS,207383,Taisei Ichikawa,JPN,6-7(8) 7-5 6-2
2026PhanThiet3Challenger,atp,2026-09-07,Hard,Q2,208160,Sam Ryan Ziegann,AUS,200665,Yuta Kawahashi,JPN,6-4 6-4
2026PhanThiet3Challenger,atp,2026-09-07,Hard,Q2,211467,Aditya Vishal Balsekar,IND,209067,Hunter Heck,USA,6-4 6-0
2026PhanThiet3Challenger,atp,2026-09-07,Hard,Q2,212157,Timofei Derepasko,RUS,208277,Taiyo Yamanaka,JPN,6-3 6-4
2026PhanThiet3Challenger,atp,2026-09-07,Hard,QF,126845,Max Purcell,AUS,213178,Cruz Hewitt,AUS,7-5 6-3
2026PhanThiet3Challenger,atp,2026-09-07,Hard,QF,202122,Yuta Shimizu,JPN,105655,Hiroki Moriya,JPN,5-7 7-5 7-6(3)
2026PhanThiet3Challenger,atp,2026-09-07,Hard,QF,207186,Arthur Weber,FRA,106290,Filip Peliwo,POL,7-6(5) 6-2
2026PhanThiet3Challenger,atp,2026-09-07,Hard,QF,209899,Ilia Simakin,RUS,210340,Philip Sekulic,AUS,6-4 6-3
2026PhanThiet3Challenger,atp,2026-09-07,Hard,R16,105655,Hiroki Moriya,JPN,210382,Maximus Jones,THA,6-3 7-6(4)
2026PhanThiet3Challenger,atp,2026-09-07,Hard,R16,106290,Filip Peliwo,POL,211501,Kenta Miyoshi,JPN,7-6(2) 6-3
2026PhanThiet3Challenger,atp,2026-09-07,Hard,R16,126845,Max Purcell,AUS,134329,Blake Ellis,AUS,6-4 6-4
2026PhanThiet3Challenger,atp,2026-09-07,Hard,R16,202122,Yuta Shimizu,JPN,208937,Kasidit Samrej,THA,6-4 6-4
2026PhanThiet3Challenger,atp,2026-09-07,Hard,R16,207186,Arthur Weber,FRA,210470,Tai Sach,AUS,6-0 6-0
2026PhanThiet3Challenger,atp,2026-09-07,Hard,R16,209899,Ilia Simakin,RUS,212174,Enzo Aguiard,AUS,6-2 6-0
2026PhanThiet3Challenger,atp,2026-09-07,Hard,R16,210340,Philip Sekulic,AUS,211628,Koki Matsuda,JPN,6-2 4-6 7-5
2026PhanThiet3Challenger,atp,2026-09-07,Hard,R16,213178,Cruz Hewitt,AUS,212157,Timofei Derepasko,RUS,6-3 6-2
2026PhanThiet3Challenger,atp,2026-09-07,Hard,R32,105655,Hiroki Moriya,JPN,208158,Dominik Palan,CZE,4-6 6-1 6-2
2026PhanThiet3Challenger,atp,2026-09-07,Hard,R32,106290,Filip Peliwo,POL,200441,Grigoriy Lomakin,KAZ,6-1 4-6 7-6(6)
2026PhanThiet3Challenger,atp,2026-09-07,Hard,R32,126845,Max Purcell,AUS,210202,Rodrigo Pacheco Mendez,MEX,6-3 6-4
2026PhanThiet3Challenger,atp,2026-09-07,Hard,R32,134329,Blake Ellis,AUS,206736,Benjamin Oconnell,AUS,7-6(6) 6-3
2026PhanThiet3Challenger,atp,2026-09-07,Hard,R32,202122,Yuta Shimizu,JPN,211467,Aditya Vishal Balsekar,IND,6-1 6-1
2026PhanThiet3Challenger,atp,2026-09-07,Hard,R32,208937,Kasidit Samrej,THA,106168,Sidharth Rawat,IND,6-2 6-7(6) 6-2
2026PhanThiet3Challenger,atp,2026-09-07,Hard,R32,209899,Ilia Simakin,RUS,212090,Sergio Callejon Hernando,ESP,7-6(7) 2-6 6-2
2026PhanThiet3Challenger,atp,2026-09-07,Hard,R32,210340,Philip Sekulic,AUS,207728,Moerani Bouzige,AUS,6-3 1-0 RET
2026PhanThiet3Challenger,atp,2026-09-07,Hard,R32,210382,Maximus Jones,THA,202147,Florent Bax,FRA,6-0 3-6 7-6(4)
2026PhanThiet3Challenger,atp,2026-09-07,Hard,R32,211501,Kenta Miyoshi,JPN,213608,Moise Kouame,FRA,4-6 6-4 7-5
2026PhanThiet3Challenger,atp,2026-09-07,Hard,R32,211628,Koki Matsuda,JPN,200456,Martin Borisiouk,BLR,7-5 7-6(4)
2026PhanThiet3Challenger,atp,2026-09-07,Hard,R32,212157,Timofei Derepasko,RUS,208160,Sam Ryan Ziegann,AUS,6-3 4-6 6-4
2026PhanThiet3Challenger,atp,2026-09-07,Hard,R32,212174,Enzo Aguiard,AUS,126939,Khumoyun Sultanov,UZB,2-6 6-3 7-6(4)
2026PhanThiet3Challenger,atp,2026-09-07,Hard,R32,213178,Cruz Hewitt,AUS,144970,Constantin Bittoun Kouzmine,FRA,6-4 7-5
2026PhanThiet3Challenger,atp,2026-09-07,Hard,SF,207186,Arthur Weber,FRA,202122,Yuta Shimizu,JPN,6-4 6-4
2026PhanThiet3Challenger,atp,2026-09-07,Hard,SF,209899,Ilia Simakin,RUS,126845,Max Purcell,AUS,6-3 2-6 6-2
2026SevilleChallenger,atp,2026-09-07,Clay,F,207680,Facundo Diaz Acosta,ARG,105583,Dusan Lajovic,SRB,6-2 6-1
2026SevilleChallenger,atp,2026-09-07,Clay,Q1,106177,Oriol Roca Batalla,ESP,210721,Iliyan Radulov,BUL,6-7(5) 7-6(5) 6-0
2026SevilleChallenger,atp,2026-09-07,Clay,Q1,106310,Alexander Ritschard,SUI,133997,Sergi Perez Contri,ESP,6-7(3) 6-4 6-4
2026SevilleChallenger,atp,2026-09-07,Clay,Q1,202199,Carlos Sanchez Jover,ESP,211390,Sergi Fita Juan,ESP,6-3 6-1
2026SevilleChallenger,atp,2026-09-07,Clay,Q1,206325,Pedro Vives Marcos,ESP,202209,Imanol Lopez Morillo,ESP,6-3 7-5
2026SevilleChallenger,atp,2026-09-07,Clay,Q1,207797,Jonas Forejtek,CZE,132744,Alberto Barroso Campos,ESP,6-1 7-5
2026SevilleChallenger,atp,2026-09-07,Clay,Q1,210498,Gerard Campana Lee,KOR,212077,Lorenzo Carboni,ITA,6-2 6-3
2026SevilleChallenger,atp,2026-09-07,Clay,Q1,210577,Alejandro Turriziani Alvarez,ESP,211639,Alejo Sanchez Quilez,ESP,7-6(4) 6-4
2026SevilleChallenger,atp,2026-09-07,Clay,Q1,211500,Tiago Pereira,POR,208532,Thiago Cigarran,ARG,6-3 2-6 7-6(5)
2026SevilleChallenger,atp,2026-09-07,Clay,Q1,212978,Izan Almazan Valiente,ESP,208182,Saba Purtseladze,GEO,6-2 3-6 6-1
2026SevilleChallenger,atp,2026-09-07,Clay,Q1,213760,Pavel Lagutin,RUS,208605,Mario Gonzalez Fernandez,ESP,6-3 6-4
2026SevilleChallenger,atp,2026-09-07,Clay,Q2,106177,Oriol Roca Batalla,ESP,207704,Alex Marti Pujolras,ESP,6-3 6-0
2026SevilleChallenger,atp,2026-09-07,Clay,Q2,106310,Alexander Ritschard,SUI,210577,Alejandro Turriziani Alvarez,ESP,6-1 6-2
2026SevilleChallenger,atp,2026-09-07,Clay,Q2,144973,Santiago Fa Rodriguez Taverna,ARG,212978,Izan Almazan Valiente,ESP,1-6 6-4 6-2
2026SevilleChallenger,atp,2026-09-07,Clay,Q2,202199,Carlos Sanchez Jover,ESP,206325,Pedro Vives Marcos,ESP,2-6 7-6(4) 6-3
2026SevilleChallenger,atp,2026-09-07,Clay,Q2,210498,Gerard Campana Lee,KOR,207797,Jonas Forejtek,CZE,6-7(4) 6-3 6-4
2026SevilleChallenger,atp,2026-09-07,Clay,Q2,213760,Pavel Lagutin,RUS,211500,Tiago Pereira,POR,6-4 5-7 6-0
2026SevilleChallenger,atp,2026-09-07,Clay,QF,105583,Dusan Lajovic,SRB,210012,Henrique Rocha,POR,6-4 6-4
2026SevilleChallenger,atp,2026-09-07,Clay,QF,144719,Jaume Munar,ESP,134840,Raul Brancaccio,ITA,2-6 6-1 6-1
2026SevilleChallenger,atp,2026-09-07,Clay,QF,207680,Facundo Diaz Acosta,ARG,124116,Sebastian Ofner,AUT,7-5 6-2
2026SevilleChallenger,atp,2026-09-07,Clay,QF,208024,Max Alcala Gurri,ESP,144821,Genaro Alberto Olivieri,ARG,6-1 5-7 6-3
2026SevilleChallenger,atp,2026-09-07,Clay,R16,105583,Dusan Lajovic,SRB,123921,Calvin Hemery,FRA,6-4 6-2
2026SevilleChallenger,atp,2026-09-07,Clay,R16,124116,Sebastian Ofner,AUT,106310,Alexander Ritschard,SUI,6-4 6-4
2026SevilleChallenger,atp,2026-09-07,Clay,R16,134840,Raul Brancaccio,ITA,208010,Pablo Llamas Ruiz,ESP,5-7 6-3 6-3
2026SevilleChallenger,atp,2026-09-07,Clay,R16,144719,Jaume Munar,ESP,208293,Gonzalo Bueno,PER,WO
2026SevilleChallenger,atp,2026-09-07,Clay,R16,144821,Genaro Alberto Olivieri,ARG,211500,Tiago Pereira,POR,6-1 6-3
2026SevilleChallenger,atp,2026-09-07,Clay,R16,207680,Facundo Diaz Acosta,ARG,208279,Alejandro Moro Canas,ESP,6-1 7-5
2026SevilleChallenger,atp,2026-09-07,Clay,R16,208024,Max Alcala Gurri,ESP,213760,Pavel Lagutin,RUS,6-7(3) 6-2 7-6(6)
2026SevilleChallenger,atp,2026-09-07,Clay,R16,210012,Henrique Rocha,POR,144973,Santiago Fa Rodriguez Taverna,ARG,6-4 6-1
2026SevilleChallenger,atp,2026-09-07,Clay,R32,105583,Dusan Lajovic,SRB,212021,Martin Landaluce,ESP,6-0 6-4
2026SevilleChallenger,atp,2026-09-07,Clay,R32,106310,Alexander Ritschard,SUI,106148,Roberto Carballes Baena,ESP,7-6(5) 6-3
2026SevilleChallenger,atp,2026-09-07,Clay,R32,123921,Calvin Hemery,FRA,211451,Gilles Arnaud Bailly,BEL,6-0 0-0 RET
2026SevilleChallenger,atp,2026-09-07,Clay,R32,124116,Sebastian Ofner,AUT,208269,Felix Gill,GBR,6-4 6-2
2026SevilleChallenger,atp,2026-09-07,Clay,R32,134840,Raul Brancaccio,ITA,207797,Jonas Forejtek,CZE,6-2 2-6 6-1
2026SevilleChallenger,atp,2026-09-07,Clay,R32,144719,Jaume Munar,ESP,106177,Oriol Roca Batalla,ESP,4-6 6-4 6-1
2026SevilleChallenger,atp,2026-09-07,Clay,R32,144821,Genaro Alberto Olivieri,ARG,209898,Dali Blanch,USA,6-3 3-6 6-1
2026SevilleChallenger,atp,2026-09-07,Clay,R32,144973,Santiago Fa Rodriguez Taverna,ARG,207663,Nikolas Sanchez Izquierdo,ESP,1-6 6-3 7-5
2026SevilleChallenger,atp,2026-09-07,Clay,R32,207680,Facundo Diaz Acosta,ARG,207546,Pol Martin Tiffon,ESP,6-3 2-6 6-2
2026SevilleChallenger,atp,2026-09-07,Clay,R32,208010,Pablo Llamas Ruiz,ESP,106293,Kimmer Coppejans,BEL,6-3 4-6 6-3
2026SevilleChallenger,atp,2026-09-07,Clay,R32,208024,Max Alcala Gurri,ESP,210498,Gerard Campana Lee,KOR,6-1 7-5
2026SevilleChallenger,atp,2026-09-07,Clay,R32,208279,Alejandro Moro Canas,ESP,210557,Petr Brunclik,CZE,4-6 6-3 6-3
2026SevilleChallenger,atp,2026-09-07,Clay,R32,208293,Gonzalo Bueno,PER,202199,Carlos Sanchez Jover,ESP,0-6 6-4 6-4
2026SevilleChallenger,atp,2026-09-07,Clay,R32,210012,Henrique Rocha,POR,126535,Carlos Taberner,ESP,6-3 7-6(11)
2026SevilleChallenger,atp,2026-09-07,Clay,R32,211500,Tiago Pereira,POR,105477,Marco Trungelliti,ARG,6-4 4-6 6-4
2026SevilleChallenger,atp,2026-09-07,Clay,R32,213760,Pavel Lagutin,RUS,209147,Vilius Gaubas,LTU,6-2 3-6 6-0
2026SevilleChallenger,atp,2026-09-07,Clay,SF,105583,Dusan Lajovic,SRB,208024,Max Alcala Gurri,ESP,6-3 3-0 RET
2026SevilleChallenger,atp,2026-09-07,Clay,SF,207680,Facundo Diaz Acosta,ARG,144719,Jaume Munar,ESP,4-6 6-3 7-6(1)
2026ShanghaiChallenger,atp,2026-09-07,Hard,F,125802,Ilya Ivashka,BLR,129911,Marat Sharipov,RUS,6-4 3-6 7-6(7)
2026ShanghaiChallenger,atp,2026-09-07,Hard,Q1,106227,Ji Sung Nam,KOR,206916,Joshua Charlton,AUS,7-6(0) 6-2
2026ShanghaiChallenger,atp,2026-09-07,Hard,Q1,144682,Kaito Uesugi,JPN,208389,James Trotter,JPN,WO
2026ShanghaiChallenger,atp,2026-09-07,Hard,Q1,144915,Mikalai Haliak,BLR,202334,Jesse Delaney,AUS,7-5 6-1
2026ShanghaiChallenger,atp,2026-09-07,Hard,Q1,202356,Tsung Hao Huang,TPE,111459,Arjun Kadhe,IND,4-6 6-3 6-2
2026ShanghaiChallenger,atp,2026-09-07,Hard,Q1,207343,Hanyi Liu,CHN,125843,Ren Nakamura,JPN,6-0 6-1
2026ShanghaiChallenger,atp,2026-09-07,Hard,Q1,208240,Alexandr Binda,ITA,105850,Cheng Peng Hsieh,TPE,6-1 6-1
2026ShanghaiChallenger,atp,2026-09-07,Hard,Q1,209925,Thijmen Loof,NED,202154,Uisung Park,KOR,6-3 6-4
2026ShanghaiChallenger,atp,2026-09-07,Hard,Q1,210483,Yaojie Zeng,CHN,126165,Aoran Wang,CHN,6-3 7-6(1)
2026ShanghaiChallenger,atp,2026-09-07,Hard,Q1,211324,Mitsuki Wei Kang Leong,MAS,208871,Takeru Yuzuki,JPN,1-6 7-6(4) 6-3
2026ShanghaiChallenger,atp,2026-09-07,Hard,Q2,106187,Denis Yevseyev,KAZ,207343,Hanyi Liu,CHN,6-2 6-4
2026ShanghaiChallenger,atp,2026-09-07,Hard,Q2,106227,Ji Sung Nam,KOR,144682,Kaito Uesugi,JPN,6-2 7-5
2026ShanghaiChallenger,atp,2026-09-07,Hard,Q2,117357,Omar Jasika,AUS,210483,Yaojie Zeng,CHN,7-6(7) 6-3
2026ShanghaiChallenger,atp,2026-09-07,Hard,Q2,132573,Luca Castelnuovo,SUI,202356,Tsung Hao Huang,TPE,6-4 6-2
2026ShanghaiChallenger,atp,2026-09-07,Hard,Q2,208240,Alexandr Binda,ITA,144915,Mikalai Haliak,BLR,6-3 6-1
2026ShanghaiChallenger,atp,2026-09-07,Hard,Q2,211324,Mitsuki Wei Kang Leong,MAS,209925,Thijmen Loof,NED,6-7(4) 6-4 0-0 RET
2026ShanghaiChallenger,atp,2026-09-07,Hard,QF,125802,Ilya Ivashka,BLR,212044,Yi Zhou,CHN,6-3 6-3
2026ShanghaiChallenger,atp,2026-09-07,Hard,QF,129911,Marat Sharipov,RUS,117357,Omar Jasika,AUS,6-4 6-4
2026ShanghaiChallenger,atp,2026-09-07,Hard,QF,132573,Luca Castelnuovo,SUI,106227,Ji Sung Nam,KOR,6-4 6-4
2026ShanghaiChallenger,atp,2026-09-07,Hard,QF,200303,Pavel Kotov,RUS,200008,Alexis Galarneau,CAN,3-6 6-1 6-1
2026ShanghaiChallenger,atp,2026-09-07,Hard,R16,106227,Ji Sung Nam,KOR,106187,Denis Yevseyev,KAZ,6-2 6-2
2026ShanghaiChallenger,atp,2026-09-07,Hard,R16,117357,Omar Jasika,AUS,200677,Rio Noguchi,JPN,6-2 7-5
2026ShanghaiChallenger,atp,2026-09-07,Hard,R16,125802,Ilya Ivashka,BLR,106071,Bernard Tomic,AUS,6-4 4-6 6-2
2026ShanghaiChallenger,atp,2026-09-07,Hard,R16,129911,Marat Sharipov,RUS,106121,Taro Daniel,JPN,7-5 7-6(5)
2026ShanghaiChallenger,atp,2026-09-07,Hard,R16,132573,Luca Castelnuovo,SUI,126555,Tung Lin Wu,TPE,7-5 6-4
2026ShanghaiChallenger,atp,2026-09-07,Hard,R16,200008,Alexis Galarneau,CAN,209038,Linang Xiao,CHN,6-3 6-4
2026ShanghaiChallenger,atp,2026-09-07,Hard,R16,200303,Pavel Kotov,RUS,117359,Jake Delaney,AUS,7-6(5) 7-6(7)
2026ShanghaiChallenger,atp,2026-09-07,Hard,R16,212044,Yi Zhou,CHN,200666,Jie Cui,CHN,7-6(3) 6-4
2026ShanghaiChallenger,atp,2026-09-07,Hard,R32,106071,Bernard Tomic,AUS,117361,Akira Santillan,AUS,6-4 6-4
2026ShanghaiChallenger,atp,2026-09-07,Hard,R32,106121,Taro Daniel,JPN,202354,Matthew Dellavedova,AUS,6-3 6-1
2026ShanghaiChallenger,atp,2026-09-07,Hard,R32,106187,Denis Yevseyev,KAZ,209951,Petr Bar Biryukov,RUS,7-6(6) 6-7(1) 6-2
2026ShanghaiChallenger,atp,2026-09-07,Hard,R32,106227,Ji Sung Nam,KOR,210536,Rei Sakamoto,JPN,7-6(3) 6-4
2026ShanghaiChallenger,atp,2026-09-07,Hard,R32,117357,Omar Jasika,AUS,211324,Mitsuki Wei Kang Leong,MAS,6-2 6-1
2026ShanghaiChallenger,atp,2026-09-07,Hard,R32,117359,Jake Delaney,AUS,211627,Hayato Matsuoka,JPN,2-6 7-6(5) 7-6(6)
2026ShanghaiChallenger,atp,2026-09-07,Hard,R32,125802,Ilya Ivashka,BLR,200318,Yu Hsiou Hsu,TPE,6-3 6-3
2026ShanghaiChallenger,atp,2026-09-07,Hard,R32,126555,Tung Lin Wu,TPE,208240,Alexandr Binda,ITA,7-6(4) 6-2
2026ShanghaiChallenger,atp,2026-09-07,Hard,R32,129911,Marat Sharipov,RUS,133297,Yosuke Watanuki,JPN,6-7(8) 7-5 6-2
2026ShanghaiChallenger,atp,2026-09-07,Hard,R32,132573,Luca Castelnuovo,SUI,202358,Chun Hsin Tseng,TPE,3-6 7-6(7) 6-2
2026ShanghaiChallenger,atp,2026-09-07,Hard,R32,200008,Alexis Galarneau,CAN,208431,Semen Pankin,RUS,7-6(5) 6-4
2026ShanghaiChallenger,atp,2026-09-07,Hard,R32,200303,Pavel Kotov,RUS,111200,Elias Ymer,SWE,3-6 6-3 7-6(9)
2026ShanghaiChallenger,atp,2026-09-07,Hard,R32,200666,Jie Cui,CHN,111806,Fajing Sun,CHN,7-5 6-4
2026ShanghaiChallenger,atp,2026-09-07,Hard,R32,200677,Rio Noguchi,JPN,144751,Rigele Te,CHN,7-6(5) 6-2
2026ShanghaiChallenger,atp,2026-09-07,Hard,R32,209038,Linang Xiao,CHN,111187,Kaichi Uchida,JPN,6-3 7-5
2026ShanghaiChallenger,atp,2026-09-07,Hard,R32,212044,Yi Zhou,CHN,200672,Sergey Fomin,UZB,7-6(1) 7-5
2026ShanghaiChallenger,atp,2026-09-07,Hard,SF,125802,Ilya Ivashka,BLR,132573,Luca Castelnuovo,SUI,6-3 6-4
2026ShanghaiChallenger,atp,2026-09-07,Hard,SF,129911,Marat Sharipov,RUS,200303,Pavel Kotov,RUS,6-3 7-5
2026TullnChallenger,atp,2026-09-07,Clay,F,209983,Mika Brunold,SUI,206307,Joao Lucas Reis Da Silva,BRA,6-4 6-3
2026TullnChallenger,atp,2026-09-07,Clay,Q1,105413,Andrej Martin,SVK,212981,Jonas Gundacker,AUT,6-4 6-2
2026TullnChallenger,atp,2026-09-07,Clay,Q1,105613,Norbert Gombos,SVK,213138,Alexander Wagner,AUT,6-0 6-2
2026TullnChallenger,atp,2026-09-07,Clay,Q1,144716,Oleg Prihodko,UKR,123809,Ivan Gakhov,RUS,4-6 6-3 6-2
2026TullnChallenger,atp,2026-09-07,Clay,Q1,148679,Henry Bernet,SUI,211594,Luca Wiedenmann,GER,6-2 6-3
2026TullnChallenger,atp,2026-09-07,Clay,Q1,208343,Andrew Paulson,CZE,207669,Robert Strombachs,LAT,6-2 6-3
2026TullnChallenger,atp,2026-09-07,Clay,Q1,209167,Olle Wallin,SWE,210745,Matthias Ujvary,AUT,7-5 6-2
2026TullnChallenger,atp,2026-09-07,Clay,Q1,209338,Daniel Siniakov,CZE,208253,Niels Visker,NED,7-6(6) 6-3
2026TullnChallenger,atp,2026-09-07,Clay,Q1,209931,Lukas Pokorny,SVK,211636,Lucio Ratti,ARG,6-1 5-7 6-4
2026TullnChallenger,atp,2026-09-07,Clay,Q1,209983,Mika Brunold,SUI,132999,Kai Wehnelt,GER,7-6(4) 6-3
2026TullnChallenger,atp,2026-09-07,Clay,Q1,210054,Matthew William Donald,CZE,125847,Jelle Sels,NED,6-2 6-2
2026TullnChallenger,atp,2026-09-07,Clay,Q1,210425,Svyatoslav Gulin,RUS,200484,Rudolf Molleker,GER,7-5 7-6(5)
2026TullnChallenger,atp,2026-09-07,Clay,Q1,212309,Diego Dedura Palomero,GER,214398,Timo Rosenkranz Koenig,AUT,6-3 6-1
2026TullnChallenger,atp,2026-09-07,Clay,Q2,209167,Olle Wallin,SWE,105613,Norbert Gombos,SVK,7-6(4) 6-4
2026TullnChallenger,atp,2026-09-07,Clay,Q2,209338,Daniel Siniakov,CZE,144716,Oleg Prihodko,UKR,6-2 6-4
2026TullnChallenger,atp,2026-09-07,Clay,Q2,209931,Lukas Pokorny,SVK,208343,Andrew Paulson,CZE,3-6 6-4 6-3
2026TullnChallenger,atp,2026-09-07,Clay,Q2,209983,Mika Brunold,SUI,210054,Matthew William Donald,CZE,7-5 6-4
2026TullnChallenger,atp,2026-09-07,Clay,Q2,210425,Svyatoslav Gulin,RUS,105413,Andrej Martin,SVK,7-6(2) 6-4
2026TullnChallenger,atp,2026-09-07,Clay,Q2,212309,Diego Dedura Palomero,GER,148679,Henry Bernet,SUI,4-6 6-3 6-4
2026TullnChallenger,atp,2026-09-07,Clay,QF,126964,Vitaliy Sachko,UKR,207130,Matias Soto,CHI,6-3 1-6 6-2
2026TullnChallenger,atp,2026-09-07,Clay,QF,206307,Joao Lucas Reis Da Silva,BRA,209903,Lukas Neumayer,AUT,7-6(4) 6-4
2026TullnChallenger,atp,2026-09-07,Clay,QF,209875,Alex Barrena,ARG,144645,Zdenek Kolar,CZE,6-7(2) 7-5 7-5
2026TullnChallenger,atp,2026-09-07,Clay,QF,209983,Mika Brunold,SUI,208361,Gustavo Heide,BRA,6-2 6-1
2026TullnChallenger,atp,2026-09-07,Clay,R16,126964,Vitaliy Sachko,UKR,209916,Marko Topo,GER,6-2 6-4
2026TullnChallenger,atp,2026-09-07,Clay,R16,144645,Zdenek Kolar,CZE,209322,Martin Krumich,CZE,6-2 6-4
2026TullnChallenger,atp,2026-09-07,Clay,R16,206307,Joao Lucas Reis Da Silva,BRA,106329,Thiago Monteiro,BRA,6-3 6-4
2026TullnChallenger,atp,2026-09-07,Clay,R16,207130,Matias Soto,CHI,202359,Marvin Moeller,GER,6-4 3-6 6-0
2026TullnChallenger,atp,2026-09-07,Clay,R16,208361,Gustavo Heide,BRA,212309,Diego Dedura Palomero,GER,6-1 7-5
2026TullnChallenger,atp,2026-09-07,Clay,R16,209875,Alex Barrena,ARG,211503,Nico Hipfl,AUT,6-2 6-7(3) 6-3
2026TullnChallenger,atp,2026-09-07,Clay,R16,209903,Lukas Neumayer,AUT,210412,Juan Manuel La Serna,ARG,7-5 6-7(9) 6-1
2026TullnChallenger,atp,2026-09-07,Clay,R16,209983,Mika Brunold,SUI,209209,Filip Misolic,AUT,6-1 6-7(2) 6-2
2026TullnChallenger,atp,2026-09-07,Clay,R32,106329,Thiago Monteiro,BRA,208819,Max Hans Rehberg,GER,6-7(4) 6-3 7-6(5)
2026TullnChallenger,atp,2026-09-07,Clay,R32,126964,Vitaliy Sachko,UKR,209338,Daniel Siniakov,CZE,6-4 7-5
2026TullnChallenger,atp,2026-09-07,Clay,R32,144645,Zdenek Kolar,CZE,209167,Olle Wallin,SWE,6-3 7-5
2026TullnChallenger,atp,2026-09-07,Clay,R32,202359,Marvin Moeller,GER,211617,Maxim Mrva,CZE,5-2 RET
2026TullnChallenger,atp,2026-09-07,Clay,R32,206307,Joao Lucas Reis Da Silva,BRA,144684,Alex Molcan,SVK,6-1 6-4
2026TullnChallenger,atp,2026-09-07,Clay,R32,207130,Matias Soto,CHI,207491,Sandro Kopp,AUT,7-6(5) 6-2
2026TullnChallenger,atp,2026-09-07,Clay,R32,208361,Gustavo Heide,BRA,209952,Sean Cuenin,FRA,6-3 6-4
2026TullnChallenger,atp,2026-09-07,Clay,R32,209209,Filip Misolic,AUT,202260,Henri Squire,GER,6-4 6-0
2026TullnChallenger,atp,2026-09-07,Clay,R32,209322,Martin Krumich,CZE,210285,Sebastian Sorger,AUT,3-6 6-4 6-3
2026TullnChallenger,atp,2026-09-07,Clay,R32,209875,Alex Barrena,ARG,212207,Ognjen Milic,SRB,3-6 6-2 6-3
2026TullnChallenger,atp,2026-09-07,Clay,R32,209903,Lukas Neumayer,AUT,210425,Svyatoslav Gulin,RUS,6-4 6-2
2026TullnChallenger,atp,2026-09-07,Clay,R32,209916,Marko Topo,GER,123755,Daniel Elahi Galan,COL,6-2 4-6 6-3
2026TullnChallenger,atp,2026-09-07,Clay,R32,209983,Mika Brunold,SUI,207732,Miguel Damas,ESP,6-3 4-0 RET
2026TullnChallenger,atp,2026-09-07,Clay,R32,210412,Juan Manuel La Serna,ARG,202262,Filip Cristian Jianu,ROU,6-4 3-6 6-3
2026TullnChallenger,atp,2026-09-07,Clay,R32,211503,Nico Hipfl,AUT,210558,Hynek Barton,CZE,6-3 6-3
2026TullnChallenger,atp,2026-09-07,Clay,R32,212309,Diego Dedura Palomero,GER,209931,Lukas Pokorny,SVK,6-2 5-7 6-0
2026TullnChallenger,atp,2026-09-07,Clay,SF,206307,Joao Lucas Reis Da Silva,BRA,209875,Alex Barrena,ARG,6-2 6-3
2026TullnChallenger,atp,2026-09-07,Clay,SF,209983,Mika Brunold,SUI,126964,Vitaliy Sachko,UKR,6-0 6-2
2026WTABarranquilla125,wta,2026-09-07,Hard,F,214906,Claire Liu,USA,215020,Anna Blinkova,RUS,6-0 2-6 7-5
2026WTABarranquilla125,wta,2026-09-07,Hard,QF,206417,Leolia Jeanjean,FRA,221803,Carol Young Suh Lee,POC,6-1 7-6(4)
2026WTABarranquilla125,wta,2026-09-07,Hard,QF,214906,Claire Liu,USA,259733,Kaitlin Quevedo,ESP,7-5 6-1
2026WTABarranquilla125,wta,2026-09-07,Hard,QF,215020,Anna Blinkova,RUS,220699,Julia Riera,ARG,6-2 6-2
2026WTABarranquilla125,wta,2026-09-07,Hard,QF,221039,Elsa Jacquemot,FRA,221073,Anastasia Tikhonova,RUS,6-7(5) 6-1 6-1
2026WTABarranquilla125,wta,2026-09-07,Hard,R16,206417,Leolia Jeanjean,FRA,264075,Julieta Pareja,USA,7-6(5) 3-6 6-3
2026WTABarranquilla125,wta,2026-09-07,Hard,R16,214906,Claire Liu,USA,201478,Varvara Lepchenko,USA,6-3 6-3
2026WTABarranquilla125,wta,2026-09-07,Hard,R16,215020,Anna Blinkova,RUS,206408,Nadia Podoroska,ARG,7-5 6-1
2026WTABarranquilla125,wta,2026-09-07,Hard,R16,220699,Julia Riera,ARG,223168,Mary Stoiana,USA,4-6 7-6(7) 6-3
2026WTABarranquilla125,wta,2026-09-07,Hard,R16,221039,Elsa Jacquemot,FRA,215037,Kayla Day,USA,7-6(3) 6-2
2026WTABarranquilla125,wta,2026-09-07,Hard,R16,221073,Anastasia Tikhonova,RUS,211702,Nao Hibino,JPN,6-4 6-4
2026WTABarranquilla125,wta,2026-09-07,Hard,R16,221803,Carol Young Suh Lee,POC,215306,Emiliana Arango,COL,7-6(5) 7-5
2026WTABarranquilla125,wta,2026-09-07,Hard,R16,259733,Kaitlin Quevedo,ESP,204427,Sara Sorribes Tormo,ESP,5-7 7-5 6-1
2026WTABarranquilla125,wta,2026-09-07,Hard,R32,201478,Varvara Lepchenko,USA,221512,Katrina Scott,USA,7-6(1) 6-1
2026WTABarranquilla125,wta,2026-09-07,Hard,R32,204427,Sara Sorribes Tormo,ESP,223335,Cadence Brace,CAN,6-2 4-6 6-4
2026WTABarranquilla125,wta,2026-09-07,Hard,R32,206408,Nadia Podoroska,ARG,260514,Ena Koike,JPN,3-6 6-3 6-2
2026WTABarranquilla125,wta,2026-09-07,Hard,R32,206417,Leolia Jeanjean,FRA,206430,Carolina Alves,BRA,6-2 7-6(3)
2026WTABarranquilla125,wta,2026-09-07,Hard,R32,211702,Nao Hibino,JPN,222000,Maria Camila Torres Murcia,COL,6-4 6-1
2026WTABarranquilla125,wta,2026-09-07,Hard,R32,214906,Claire Liu,USA,214646,Xiaodi You,CHN,7-5 6-0
2026WTABarranquilla125,wta,2026-09-07,Hard,R32,215020,Anna Blinkova,RUS,260848,Valentina Mediorreal Arias,COL,6-1 6-0
2026WTABarranquilla125,wta,2026-09-07,Hard,R32,215037,Kayla Day,USA,215480,Suzan Lamens,NED,6-4 6-3
2026WTABarranquilla125,wta,2026-09-07,Hard,R32,215306,Emiliana Arango,COL,211043,Maria Paulina Perez Garcia,COL,6-0 6-2
2026WTABarranquilla125,wta,2026-09-07,Hard,R32,220699,Julia Riera,ARG,222966,Dominika Salkova,CZE,6-1 6-3
2026WTABarranquilla125,wta,2026-09-07,Hard,R32,221073,Anastasia Tikhonova,RUS,221985,Darja Semenistaja,LAT,6-4 4-6 7-5
2026WTABarranquilla125,wta,2026-09-07,Hard,R32,221803,Carol Young Suh Lee,POC,260203,Vendula Valdmannova,CZE,6-3 7-6(5)
2026WTABarranquilla125,wta,2026-09-07,Hard,R32,223168,Mary Stoiana,USA,220446,Jazmin Ortenzi,ARG,6-3 6-2
2026WTABarranquilla125,wta,2026-09-07,Hard,R32,259733,Kaitlin Quevedo,ESP,222189,Anna Sinclair Rogers,USA,6-3 4-6 7-5
2026WTABarranquilla125,wta,2026-09-07,Hard,R32,264075,Julieta Pareja,USA,211878,Lizette Cabrera,AUS,7-5 6-2
2026WTABarranquilla125,wta,2026-09-07,Hard,SF,214906,Claire Liu,USA,206417,Leolia Jeanjean,FRA,6-2 6-4
2026WTABarranquilla125,wta,2026-09-07,Hard,SF,215020,Anna Blinkova,RUS,221039,Elsa Jacquemot,FRA,6-1 7-6(5)
2026WTAMontreux125,wta,2026-09-07,Clay,F,211539,Fiona Ferro,FRA,223333,Noma Noha Akugue,GER,6-1 6-2
2026WTAMontreux125,wta,2026-09-07,Clay,Q1,203354,Martina Trevisan,ITA,260847,Julia Stusek,GER,6-1 6-0
2026WTAMontreux125,wta,2026-09-07,Clay,Q1,211328,Deborah Chiesa,ITA,221157,Diana Martynov,FRA,6-3 6-3
2026WTAMontreux125,wta,2026-09-07,Clay,Q1,214919,Dalila Spiteri,ITA,214301,Tatiana Pieri,ITA,6-2 0-0 RET
2026WTAMontreux125,wta,2026-09-07,Clay,Q1,216173,Katerina Tsygourova,SUI,221369,Lisa Zaar,SWE,7-5 3-6 7-6(5)
2026WTAMontreux125,wta,2026-09-07,Clay,Q1,221020,Madison Sieg,USA,266931,Noelia Manta,SUI,3-6 6-4 6-3
2026WTAMontreux125,wta,2026-09-07,Clay,Q1,221468,Lucie Nguyen Tan,FRA,221486,Amandine Monnot,FRA,1-6 6-3 7-6(4)
2026WTAMontreux125,wta,2026-09-07,Clay,Q1,239156,Lucija Ciric Bagaric,CRO,215898,Jule Niemeier,GER,7-6(8) 6-3
2026WTAMontreux125,wta,2026-09-07,Clay,Q1,270204,Elsa Bonelli,SUI,245077,Yelyzaveta Kotliar,UKR,5-2 RET
2026WTAMontreux125,wta,2026-09-07,Clay,Q2,203354,Martina Trevisan,ITA,270204,Elsa Bonelli,SUI,6-0 6-1
2026WTAMontreux125,wta,2026-09-07,Clay,Q2,216173,Katerina Tsygourova,SUI,221020,Madison Sieg,USA,6-2 6-3
2026WTAMontreux125,wta,2026-09-07,Clay,Q2,221468,Lucie Nguyen Tan,FRA,214919,Dalila Spiteri,ITA,4-6 6-4 6-2
2026WTAMontreux125,wta,2026-09-07,Clay,Q2,239156,Lucija Ciric Bagaric,CRO,211328,Deborah Chiesa,ITA,3-6 6-2 6-2
2026WTAMontreux125,wta,2026-09-07,Clay,QF,211539,Fiona Ferro,FRA,222980,Lucie Havlickova,CZE,6-4 6-0
2026WTAMontreux125,wta,2026-09-07,Clay,QF,213646,Dalma Galfi,HUN,215899,Simona Waltert,SUI,6-2 6-2
2026WTAMontreux125,wta,2026-09-07,Clay,QF,215571,Guiomar Maristany Zuleta De Reales,ESP,216262,Clara Burel,FRA,6-3 1-6 6-1
2026WTAMontreux125,wta,2026-09-07,Clay,QF,223333,Noma Noha Akugue,GER,222506,Anastasiya Soboleva,UKR,6-1 7-6(7)
2026WTAMontreux125,wta,2026-09-07,Clay,R16,211539,Fiona Ferro,FRA,223323,Barbora Palicova,CZE,6-4 6-4
2026WTAMontreux125,wta,2026-09-07,Clay,R16,213646,Dalma Galfi,HUN,215572,Nuria Brancaccio,ITA,4-6 6-1 7-6(6)
2026WTAMontreux125,wta,2026-09-07,Clay,R16,215571,Guiomar Maristany Zuleta De Reales,ESP,203354,Martina Trevisan,ITA,6-2 4-6 7-6(4)
2026WTAMontreux125,wta,2026-09-07,Clay,R16,215899,Simona Waltert,SUI,202604,Despina Papamichail,GRE,2-6 6-1 6-3
2026WTAMontreux125,wta,2026-09-07,Clay,R16,216262,Clara Burel,FRA,260598,Tessa Johanna Brockmann,GER,6-4 6-1
2026WTAMontreux125,wta,2026-09-07,Clay,R16,222506,Anastasiya Soboleva,UKR,210622,Andrea Lazaro Garcia,ESP,6-0 6-3
2026WTAMontreux125,wta,2026-09-07,Clay,R16,222980,Lucie Havlickova,CZE,239156,Lucija Ciric Bagaric,CRO,W/O
2026WTAMontreux125,wta,2026-09-07,Clay,R16,223333,Noma Noha Akugue,GER,221159,Alina Granwehr,SUI,7-5 6-3
2026WTAMontreux125,wta,2026-09-07,Clay,R32,202604,Despina Papamichail,GRE,221209,Anastasia Zolotareva,RUS,6-7(3) 6-3 6-4
2026WTAMontreux125,wta,2026-09-07,Clay,R32,203354,Martina Trevisan,ITA,221411,Jennifer Ruggeri,ITA,7-5 0-6 6-4
2026WTAMontreux125,wta,2026-09-07,Clay,R32,210622,Andrea Lazaro Garcia,ESP,214236,Angela Fita Boluda,ESP,6-3 6-1
2026WTAMontreux125,wta,2026-09-07,Clay,R32,211539,Fiona Ferro,FRA,201621,Mona Barthel,GER,6-3 6-4
2026WTAMontreux125,wta,2026-09-07,Clay,R32,213646,Dalma Galfi,HUN,220489,Valentina Ryser,SUI,6-4 6-3
2026WTAMontreux125,wta,2026-09-07,Clay,R32,215571,Guiomar Maristany Zuleta De Reales,ESP,215453,Marina Bassols Ribera,ESP,6-2 6-1
2026WTAMontreux125,wta,2026-09-07,Clay,R32,215572,Nuria Brancaccio,ITA,221014,Francesca Curmi,MLT,6-4 7-5
2026WTAMontreux125,wta,2026-09-07,Clay,R32,215899,Simona Waltert,SUI,214119,Rebeka Masarova,ESP,7-6(4) 3-6 6-2
2026WTAMontreux125,wta,2026-09-07,Clay,R32,216262,Clara Burel,FRA,216173,Katerina Tsygourova,SUI,6-1 6-4
2026WTAMontreux125,wta,2026-09-07,Clay,R32,221159,Alina Granwehr,SUI,221468,Lucie Nguyen Tan,FRA,6-3 5-7 6-4
2026WTAMontreux125,wta,2026-09-07,Clay,R32,222506,Anastasiya Soboleva,UKR,216095,Mina Hodzic,GER,6-2 4-6 7-5
2026WTAMontreux125,wta,2026-09-07,Clay,R32,222980,Lucie Havlickova,CZE,236957,Lola Radivojevic,SRB,7-6(4) 6-1
2026WTAMontreux125,wta,2026-09-07,Clay,R32,223323,Barbora Palicova,CZE,220554,Alice Tubello,FRA,3-6 6-4 6-1
2026WTAMontreux125,wta,2026-09-07,Clay,R32,223333,Noma Noha Akugue,GER,267616,Denisa Zoldakova,CZE,5-7 6-2 6-4
2026WTAMontreux125,wta,2026-09-07,Clay,R32,239156,Lucija Ciric Bagaric,CRO,222032,Gabriella Price,USA,7-6(5) 6-3
2026WTAMontreux125,wta,2026-09-07,Clay,R32,260598,Tessa Johanna Brockmann,GER,214461,Tamara Zidansek,SLO,4-6 7-6(4) 6-3
2026WTAMontreux125,wta,2026-09-07,Clay,SF,211539,Fiona Ferro,FRA,213646,Dalma Galfi,HUN,6-1 2-6 6-0
2026WTAMontreux125,wta,2026-09-07,Clay,SF,223333,Noma Noha Akugue,GER,215571,Guiomar Maristany Zuleta De Reales,ESP,7-6(2) 6-3
2026BiellaChallenger,atp,2026-09-14,Clay,F,212241,Carlo Alberto Caniato,ITA,208279,Alejandro Moro Canas,ESP,7-6(1) 6-4
2026BiellaChallenger,atp,2026-09-14,Clay,Q1,109739,Maximilian Marterer,GER,206467,Federico Arnaboldi,ITA,6-1 6-1
2026BiellaChallenger,atp,2026-09-14,Clay,Q1,132831,Giovanni Oradini,ITA,210054,Matthew William Donald,CZE,6-7(7) 7-5 6-2
2026BiellaChallenger,atp,2026-09-14,Clay,Q1,200713,Federico Iannaccone,ITA,211594,Luca Wiedenmann,GER,6-3 6-4
2026BiellaChallenger,atp,2026-09-14,Clay,Q1,207704,Alex Marti Pujolras,ESP,212784,Maximo Zeitune,ARG,7-6(7) 7-6(8)
2026BiellaChallenger,atp,2026-09-14,Clay,Q1,210498,Gerard Campana Lee,KOR,208152,Gabriele Bosio,ITA,6-3 6-1
2026BiellaChallenger,atp,2026-09-14,Clay,Q1,212029,Dimitris Sakellaridis,GRE,211516,Lorenzo Beraldo,ITA,7-5 6-3
2026BiellaChallenger,atp,2026-09-14,Clay,Q1,212305,Juan Cruz Martin Manzano,ITA,213356,Michele Mecarelli,ITA,6-1 6-1
2026BiellaChallenger,atp,2026-09-14,Clay,Q1,212978,Izan Almazan Valiente,ESP,149145,Matteo Covato,ITA,6-3 6-1
2026BiellaChallenger,atp,2026-09-14,Clay,Q1,213003,Pierluigi Basile,ITA,144907,Adrian Oetzbach,GER,6-0 7-6(4)
2026BiellaChallenger,atp,2026-09-14,Clay,Q2,207704,Alex Marti Pujolras,ESP,212029,Dimitris Sakellaridis,GRE,6-1 6-1
2026BiellaChallenger,atp,2026-09-14,Clay,Q2,208153,Giuseppe La Vela,ITA,200713,Federico Iannaccone,ITA,7-5 2-6 7-6(4)
2026BiellaChallenger,atp,2026-09-14,Clay,Q2,210498,Gerard Campana Lee,KOR,212305,Juan Cruz Martin Manzano,ITA,6-2 7-5
2026BiellaChallenger,atp,2026-09-14,Clay,Q2,212978,Izan Almazan Valiente,ESP,208189,Gianmarco Ferrari,ITA,6-1 6-1
2026BiellaChallenger,atp,2026-09-14,Clay,Q2,213003,Pierluigi Basile,ITA,132831,Giovanni Oradini,ITA,6-4 7-6(3)
2026BiellaChallenger,atp,2026-09-14,Clay,Q2,213760,Pavel Lagutin,RUS,109739,Maximilian Marterer,GER,6-2 6-2
2026BiellaChallenger,atp,2026-09-14,Clay,QF,126652,Jay Clarke,GBR,208269,Felix Gill,GBR,6-7(3) 6-1 6-3
2026BiellaChallenger,atp,2026-09-14,Clay,QF,208279,Alejandro Moro Canas,ESP,106177,Oriol Roca Batalla,ESP,7-6(4) 6-4
2026BiellaChallenger,atp,2026-09-14,Clay,QF,209875,Alex Barrena,ARG,212305,Juan Cruz Martin Manzano,ITA,6-3 6-4
2026BiellaChallenger,atp,2026-09-14,Clay,QF,212241,Carlo Alberto Caniato,ITA,209983,Mika Brunold,SUI,6-0 3-6 6-4
2026BiellaChallenger,atp,2026-09-14,Clay,R16,106177,Oriol Roca Batalla,ESP,109303,Stefano Napolitano,ITA,2-6 6-3 6-4
2026BiellaChallenger,atp,2026-09-14,Clay,R16,126652,Jay Clarke,GBR,210557,Petr Brunclik,CZE,6-1 7-5
2026BiellaChallenger,atp,2026-09-14,Clay,R16,208269,Felix Gill,GBR,210498,Gerard Campana Lee,KOR,6-0 6-3
2026BiellaChallenger,atp,2026-09-14,Clay,R16,208279,Alejandro Moro Canas,ESP,213760,Pavel Lagutin,RUS,6-4 6-3
2026BiellaChallenger,atp,2026-09-14,Clay,R16,209875,Alex Barrena,ARG,210129,Samuele Pieri,ITA,6-1 6-3
2026BiellaChallenger,atp,2026-09-14,Clay,R16,209983,Mika Brunold,SUI,209506,Francesco Forti,ITA,6-2 6-2
2026BiellaChallenger,atp,2026-09-14,Clay,R16,212241,Carlo Alberto Caniato,ITA,212978,Izan Almazan Valiente,ESP,6-4 6-3
2026BiellaChallenger,atp,2026-09-14,Clay,R16,212305,Juan Cruz Martin Manzano,ITA,206867,Tommaso Compagnucci,ITA,6-4 6-3
2026BiellaChallenger,atp,2026-09-14,Clay,R32,106177,Oriol Roca Batalla,ESP,211639,Alejo Sanchez Quilez,ESP,6-2 6-2
2026BiellaChallenger,atp,2026-09-14,Clay,R32,109303,Stefano Napolitano,ITA,207704,Alex Marti Pujolras,ESP,6-4 6-3
2026BiellaChallenger,atp,2026-09-14,Clay,R32,126652,Jay Clarke,GBR,207797,Jonas Forejtek,CZE,3-6 6-3 6-4
2026BiellaChallenger,atp,2026-09-14,Clay,R32,208269,Felix Gill,GBR,213001,Mika Petkovic,GER,7-6(7) 6-3
2026BiellaChallenger,atp,2026-09-14,Clay,R32,208279,Alejandro Moro Canas,ESP,144972,Geoffrey Blancaneaux,FRA,6-2 7-6(4)
2026BiellaChallenger,atp,2026-09-14,Clay,R32,209506,Francesco Forti,ITA,211533,Gianluca Cadenasso,ITA,6-1 7-5
2026BiellaChallenger,atp,2026-09-14,Clay,R32,209875,Alex Barrena,ARG,106172,Maxime Chazal,FRA,6-4 1-6 6-3
2026BiellaChallenger,atp,2026-09-14,Clay,R32,209983,Mika Brunold,SUI,210668,Massimo Giunta,ITA,6-3 1-6 7-5
2026BiellaChallenger,atp,2026-09-14,Clay,R32,210129,Samuele Pieri,ITA,210042,Gabriele Piraino,ITA,5-7 6-2 7-5
2026BiellaChallenger,atp,2026-09-14,Clay,R32,210498,Gerard Campana Lee,KOR,126535,Carlos Taberner,ESP,5-7 7-6(5) 6-4
2026BiellaChallenger,atp,2026-09-14,Clay,R32,210557,Petr Brunclik,CZE,211542,Filippo Romano,ITA,7-6(5) 7-6(4)
2026BiellaChallenger,atp,2026-09-14,Clay,R32,212241,Carlo Alberto Caniato,ITA,208153,Giuseppe La Vela,ITA,6-4 6-3
2026BiellaChallenger,atp,2026-09-14,Clay,R32,212305,Juan Cruz Martin Manzano,ITA,213003,Pierluigi Basile,ITA,6-2 6-1
2026BiellaChallenger,atp,2026-09-14,Clay,R32,212978,Izan Almazan Valiente,ESP,106162,Franco Agamenone,ITA,6-4 6-3
2026BiellaChallenger,atp,2026-09-14,Clay,R32,213760,Pavel Lagutin,RUS,133872,Enrico Dalla Valle,ITA,3-6 7-6(4) 6-3
2026BiellaChallenger,atp,2026-09-14,Clay,SF,208279,Alejandro Moro Canas,ESP,126652,Jay Clarke,GBR,6-3 4-6 6-2
2026BiellaChallenger,atp,2026-09-14,Clay,SF,212241,Carlo Alberto Caniato,ITA,209875,Alex Barrena,ARG,6-3 6-2
2026PhanThiet4Challenger,atp,2026-09-14,Hard,F,209899,Ilia Simakin,RUS,210202,Rodrigo Pacheco Mendez,MEX,6-7(4) 6-4 6-3
2026PhanThiet4Challenger,atp,2026-09-14,Hard,Q1,106290,Filip Peliwo,POL,213889,Arjun Rathi,IND,6-3 6-4
2026PhanThiet4Challenger,atp,2026-09-14,Hard,Q1,133794,S D Prajwal Dev,IND,121662,Thanh Trung Hoang,VIE,6-4 6-4
2026PhanThiet4Challenger,atp,2026-09-14,Hard,Q1,200441,Grigoriy Lomakin,KAZ,122113,Yurii Dzhavakian,UKR,6-0 3-6 6-3
2026PhanThiet4Challenger,atp,2026-09-14,Hard,Q1,200456,Martin Borisiouk,BLR,200665,Yuta Kawahashi,JPN,6-3 4-0 RET
2026PhanThiet4Challenger,atp,2026-09-14,Hard,Q1,207383,Taisei Ichikawa,JPN,210394,Nikita Ianin,RUS,6-2 6-2
2026PhanThiet4Challenger,atp,2026-09-14,Hard,Q1,207987,Ryuki Matsuda,JPN,214345,Minh Phat Nguyen,VIE,6-4 6-2
2026PhanThiet4Challenger,atp,2026-09-14,Hard,Q1,208160,Sam Ryan Ziegann,AUS,209171,Thantub Suksumrarn,THA,6-1 7-5
2026PhanThiet4Challenger,atp,2026-09-14,Hard,Q1,208277,Taiyo Yamanaka,JPN,208876,Egor Agafonov,RUS,6-4 6-4
2026PhanThiet4Challenger,atp,2026-09-14,Hard,Q1,209067,Hunter Heck,USA,211574,Ethan Cook,AUS,6-2 6-2
2026PhanThiet4Challenger,atp,2026-09-14,Hard,Q1,211467,Aditya Vishal Balsekar,IND,206916,Joshua Charlton,AUS,3-6 6-1 6-3
2026PhanThiet4Challenger,atp,2026-09-14,Hard,Q1,212157,Timofei Derepasko,RUS,213532,Stefan Storch,AUS,6-3 6-3
2026PhanThiet4Challenger,atp,2026-09-14,Hard,Q2,106290,Filip Peliwo,POL,208160,Sam Ryan Ziegann,AUS,6-1 6-4
2026PhanThiet4Challenger,atp,2026-09-14,Hard,Q2,200441,Grigoriy Lomakin,KAZ,211467,Aditya Vishal Balsekar,IND,6-2 6-4
2026PhanThiet4Challenger,atp,2026-09-14,Hard,Q2,200456,Martin Borisiouk,BLR,207456,Dong Ju Kim,KOR,6-4 6-3
2026PhanThiet4Challenger,atp,2026-09-14,Hard,Q2,207987,Ryuki Matsuda,JPN,208277,Taiyo Yamanaka,JPN,6-4 6-4
2026PhanThiet4Challenger,atp,2026-09-14,Hard,Q2,209067,Hunter Heck,USA,133794,S D Prajwal Dev,IND,6-3 6-2
2026PhanThiet4Challenger,atp,2026-09-14,Hard,Q2,212157,Timofei Derepasko,RUS,207383,Taisei Ichikawa,JPN,7-5 6-3
2026PhanThiet4Challenger,atp,2026-09-14,Hard,QF,209067,Hunter Heck,USA,202354,Matthew Dellavedova,AUS,6-4 6-2
2026PhanThiet4Challenger,atp,2026-09-14,Hard,QF,209899,Ilia Simakin,RUS,213178,Cruz Hewitt,AUS,6-3 6-1
2026PhanThiet4Challenger,atp,2026-09-14,Hard,QF,210202,Rodrigo Pacheco Mendez,MEX,210340,Philip Sekulic,AUS,6-4 6-4
2026PhanThiet4Challenger,atp,2026-09-14,Hard,QF,213608,Moise Kouame,FRA,202147,Florent Bax,FRA,6-4 6-2
2026PhanThiet4Challenger,atp,2026-09-14,Hard,R16,202147,Florent Bax,FRA,200456,Martin Borisiouk,BLR,6-3 7-6(3)
2026PhanThiet4Challenger,atp,2026-09-14,Hard,R16,202354,Matthew Dellavedova,AUS,212174,Enzo Aguiard,AUS,6-3 6-1
2026PhanThiet4Challenger,atp,2026-09-14,Hard,R16,209067,Hunter Heck,USA,202146,Luka Pavlovic,FRA,3-6 6-1 7-6(6)
2026PhanThiet4Challenger,atp,2026-09-14,Hard,R16,209899,Ilia Simakin,RUS,134329,Blake Ellis,AUS,6-4 6-2
2026PhanThiet4Challenger,atp,2026-09-14,Hard,R16,210202,Rodrigo Pacheco Mendez,MEX,207186,Arthur Weber,FRA,6-4 6-2
2026PhanThiet4Challenger,atp,2026-09-14,Hard,R16,210340,Philip Sekulic,AUS,211501,Kenta Miyoshi,JPN,6-7(5) 7-6(5) 6-3
2026PhanThiet4Challenger,atp,2026-09-14,Hard,R16,213178,Cruz Hewitt,AUS,144970,Constantin Bittoun Kouzmine,FRA,7-5 6-2
2026PhanThiet4Challenger,atp,2026-09-14,Hard,R16,213608,Moise Kouame,FRA,106290,Filip Peliwo,POL,6-1 4-2 RET
2026PhanThiet4Challenger,atp,2026-09-14,Hard,R32,106290,Filip Peliwo,POL,210470,Tai Sach,AUS,1-6 6-3 6-4
2026PhanThiet4Challenger,atp,2026-09-14,Hard,R32,134329,Blake Ellis,AUS,105655,Hiroki Moriya,JPN,6-4 5-7 6-3
2026PhanThiet4Challenger,atp,2026-09-14,Hard,R32,144970,Constantin Bittoun Kouzmine,FRA,206736,Benjamin Oconnell,AUS,6-2 6-4
2026PhanThiet4Challenger,atp,2026-09-14,Hard,R32,200456,Martin Borisiouk,BLR,208158,Dominik Palan,CZE,5-7 6-2 7-5
2026PhanThiet4Challenger,atp,2026-09-14,Hard,R32,202146,Luka Pavlovic,FRA,210666,Ha Minh Duc Vu,VIE,7-5 6-3
2026PhanThiet4Challenger,atp,2026-09-14,Hard,R32,202354,Matthew Dellavedova,AUS,200441,Grigoriy Lomakin,KAZ,4-6 6-3 6-3
2026PhanThiet4Challenger,atp,2026-09-14,Hard,R32,207186,Arthur Weber,FRA,211628,Koki Matsuda,JPN,6-1 6-2
2026PhanThiet4Challenger,atp,2026-09-14,Hard,R32,209067,Hunter Heck,USA,126939,Khumoyun Sultanov,UZB,6-3 6-2
2026PhanThiet4Challenger,atp,2026-09-14,Hard,R32,209899,Ilia Simakin,RUS,212157,Timofei Derepasko,RUS,6-4 6-3
2026PhanThiet4Challenger,atp,2026-09-14,Hard,R32,210202,Rodrigo Pacheco Mendez,MEX,212090,Sergio Callejon Hernando,ESP,6-3 7-5
2026PhanThiet4Challenger,atp,2026-09-14,Hard,R32,210340,Philip Sekulic,AUS,202122,Yuta Shimizu,JPN,6-2 2-6 7-5
2026PhanThiet4Challenger,atp,2026-09-14,Hard,R32,211501,Kenta Miyoshi,JPN,207728,Moerani Bouzige,AUS,6-4 6-4
2026PhanThiet4Challenger,atp,2026-09-14,Hard,R32,212174,Enzo Aguiard,AUS,201987,Masamichi Imamura,JPN,6-3 6-2
2026PhanThiet4Challenger,atp,2026-09-14,Hard,R32,213178,Cruz Hewitt,AUS,200014,Digvijaypratap Singh,IND,7-5 6-4
2026PhanThiet4Challenger,atp,2026-09-14,Hard,R32,213608,Moise Kouame,FRA,207987,Ryuki Matsuda,JPN,6-1 6-3
2026PhanThiet4Challenger,atp,2026-09-14,Hard,SF,209899,Ilia Simakin,RUS,209067,Hunter Heck,USA,6-7(7) 7-5 6-2
2026PhanThiet4Challenger,atp,2026-09-14,Hard,SF,210202,Rodrigo Pacheco Mendez,MEX,213608,Moise Kouame,FRA,2-6 6-3 6-4
2026RennesChallenger,atp,2026-09-14,Hard,F,209849,Sascha Gueymard Wayenburg,FRA,208004,Harold Mayot,FRA,4-6 6-3 7-5
2026RennesChallenger,atp,2026-09-14,Hard,Q1,104932,Kenny De Schepper,FRA,132744,Alberto Barroso Campos,ESP,6-7(6) 7-6(4) 7-5
2026RennesChallenger,atp,2026-09-14,Hard,Q1,109054,Daniel Masur,GER,210254,Adrien Gobat,FRA,6-4 6-4
2026RennesChallenger,atp,2026-09-14,Hard,Q1,126125,Maxime Janvier,FRA,205842,Arthur Reymond,FRA,6-3 6-3
2026RennesChallenger,atp,2026-09-14,Hard,Q1,200050,Finn Bass,GBR,206553,Luca Potenza,ITA,4-6 7-6(1) 6-4
2026RennesChallenger,atp,2026-09-14,Hard,Q1,200452,Patrick Zahraj,GER,208586,Joshua Sheehy,USA,7-5 6-3
2026RennesChallenger,atp,2026-09-14,Hard,Q1,207893,Daniel De Jonge,NED,208442,Luca Sanchez,FRA,6-4 7-6(4)
2026RennesChallenger,atp,2026-09-14,Hard,Q1,207993,Justin Boulais,CAN,208136,Theo Arribage,FRA,7-6(0) 6-2
2026RennesChallenger,atp,2026-09-14,Hard,Q1,208302,Nikola Slavic,SWE,207202,Karl Poling,USA,7-6(5) 6-7(6) 7-6(5)
2026RennesChallenger,atp,2026-09-14,Hard,Q1,211394,Patrick Brady,GBR,200086,Toufik Sahtali,ALG,6-1 6-2
2026RennesChallenger,atp,2026-09-14,Hard,Q1,211901,Yanis Ghazouani Durand,FRA,133835,Gijs Brouwer,NED,6-3 2-6 6-4
2026RennesChallenger,atp,2026-09-14,Hard,Q1,212268,Max Schoenhaus,GER,212258,Adhithya Ganesan,USA,7-6(12) 6-4
2026RennesChallenger,atp,2026-09-14,Hard,Q1,212969,Matisse Bobichon,FRA,206895,Alex Kobelt,USA,6-2 6-4
2026RennesChallenger,atp,2026-09-14,Hard,Q2,109054,Daniel Masur,GER,207893,Daniel De Jonge,NED,7-6(3) 4-6 7-6(10)
2026RennesChallenger,atp,2026-09-14,Hard,Q2,126125,Maxime Janvier,FRA,200452,Patrick Zahraj,GER,6-4 6-4
2026RennesChallenger,atp,2026-09-14,Hard,Q2,200050,Finn Bass,GBR,104932,Kenny De Schepper,FRA,7-6(5) 3-6 6-3
2026RennesChallenger,atp,2026-09-14,Hard,Q2,211901,Yanis Ghazouani Durand,FRA,208302,Nikola Slavic,SWE,4-6 6-3 6-2
2026RennesChallenger,atp,2026-09-14,Hard,Q2,212268,Max Schoenhaus,GER,211394,Patrick Brady,GBR,4-6 6-3 6-1
2026RennesChallenger,atp,2026-09-14,Hard,Q2,212969,Matisse Bobichon,FRA,207993,Justin Boulais,CAN,7-6(6) 6-3
2026RennesChallenger,atp,2026-09-14,Hard,QF,208004,Harold Mayot,FRA,206889,Clement Chidekh,FRA,6-4 6-4
2026RennesChallenger,atp,2026-09-14,Hard,QF,208169,Titouan Droguet,FRA,127339,Borna Gojo,CRO,6-2 3-6 6-3
2026RennesChallenger,atp,2026-09-14,Hard,QF,209262,Tristan Schoolkate,AUS,212969,Matisse Bobichon,FRA,6-2 6-1
2026RennesChallenger,atp,2026-09-14,Hard,QF,209849,Sascha Gueymard Wayenburg,FRA,208353,Francesco Maestrelli,ITA,6-0 6-3
2026RennesChallenger,atp,2026-09-14,Hard,R16,127339,Borna Gojo,CRO,200188,Matteo Martineau,FRA,6-4 6-4
2026RennesChallenger,atp,2026-09-14,Hard,R16,206889,Clement Chidekh,FRA,131911,Lucas Poullain,FRA,6-3 6-4
2026RennesChallenger,atp,2026-09-14,Hard,R16,208004,Harold Mayot,FRA,209326,Murphy Cassone,USA,WO
2026RennesChallenger,atp,2026-09-14,Hard,R16,208169,Titouan Droguet,FRA,209405,Daniel Rincon,ESP,5-7 6-4 6-3
2026RennesChallenger,atp,2026-09-14,Hard,R16,208353,Francesco Maestrelli,ITA,211901,Yanis Ghazouani Durand,FRA,4-6 7-6(3) 6-3
2026RennesChallenger,atp,2026-09-14,Hard,R16,209262,Tristan Schoolkate,AUS,207760,Anton Matusevich,GBR,6-7(7) 6-4 6-4
2026RennesChallenger,atp,2026-09-14,Hard,R16,209849,Sascha Gueymard Wayenburg,FRA,200259,Ugo Blanchet,FRA,6-4 6-4
2026RennesChallenger,atp,2026-09-14,Hard,R16,212969,Matisse Bobichon,FRA,105173,Adrian Mannarino,FRA,6-3 7-5
2026RennesChallenger,atp,2026-09-14,Hard,R32,105173,Adrian Mannarino,FRA,200385,Dan Added,FRA,6-2 6-4
2026RennesChallenger,atp,2026-09-14,Hard,R32,127339,Borna Gojo,CRO,109054,Daniel Masur,GER,6-4 7-6(6)
2026RennesChallenger,atp,2026-09-14,Hard,R32,131911,Lucas Poullain,FRA,122554,David Jorda Sanchis,ESP,7-5 6-4
2026RennesChallenger,atp,2026-09-14,Hard,R32,200188,Matteo Martineau,FRA,212268,Max Schoenhaus,GER,7-6(2) 6-4
2026RennesChallenger,atp,2026-09-14,Hard,R32,200259,Ugo Blanchet,FRA,126129,Billy Harris,GBR,7-5 7-6(4)
2026RennesChallenger,atp,2026-09-14,Hard,R32,206889,Clement Chidekh,FRA,200050,Finn Bass,GBR,7-5 6-4
2026RennesChallenger,atp,2026-09-14,Hard,R32,207760,Anton Matusevich,GBR,213174,Mickael Kaouk,FRA,6-0 6-3
2026RennesChallenger,atp,2026-09-14,Hard,R32,208004,Harold Mayot,FRA,202127,Clement Tabur,FRA,7-6(5) 1-6 6-4
2026RennesChallenger,atp,2026-09-14,Hard,R32,208169,Titouan Droguet,FRA,212020,Michele Ribecai,ITA,7-6(1) 6-4
2026RennesChallenger,atp,2026-09-14,Hard,R32,208353,Francesco Maestrelli,ITA,211621,Arthur Nagel,FRA,6-4 7-6(3)
2026RennesChallenger,atp,2026-09-14,Hard,R32,209262,Tristan Schoolkate,AUS,200309,Marek Gengel,CZE,6-1 6-3
2026RennesChallenger,atp,2026-09-14,Hard,R32,209326,Murphy Cassone,USA,208540,Inaki Montes De La Torre,ESP,6-3 7-6(8)
2026RennesChallenger,atp,2026-09-14,Hard,R32,209405,Daniel Rincon,ESP,207171,Hamish Stewart,GBR,5-7 4-2 RET
2026RennesChallenger,atp,2026-09-14,Hard,R32,209849,Sascha Gueymard Wayenburg,FRA,126125,Maxime Janvier,FRA,6-4 6-3
2026RennesChallenger,atp,2026-09-14,Hard,R32,211901,Yanis Ghazouani Durand,FRA,210447,Leo Raquillet,FRA,6-1 6-4
2026RennesChallenger,atp,2026-09-14,Hard,R32,212969,Matisse Bobichon,FRA,209131,Eliakim Coulibaly,CIV,6-4 6-4
2026RennesChallenger,atp,2026-09-14,Hard,SF,208004,Harold Mayot,FRA,209262,Tristan Schoolkate,AUS,6-3 6-3
2026RennesChallenger,atp,2026-09-14,Hard,SF,209849,Sascha Gueymard Wayenburg,FRA,208169,Titouan Droguet,FRA,4-6 7-6(8) 6-3
2026SzczecinChallenger,atp,2026-09-14,Clay,F,207663,Nikolas Sanchez Izquierdo,ESP,106329,Thiago Monteiro,BRA,4-6 6-3 7-6(6)
2026SzczecinChallenger,atp,2026-09-14,Clay,Q1,123809,Ivan Gakhov,RUS,214531,Oliwier Sterniczuk,POL,6-3 6-2
2026SzczecinChallenger,atp,2026-09-14,Clay,Q1,126627,Johan Nikles,SUI,208182,Saba Purtseladze,GEO,6-2 6-4
2026SzczecinChallenger,atp,2026-09-14,Clay,Q1,132999,Kai Wehnelt,GER,210505,Marcel Zielinski,POL,6-7(4) 6-2 6-2
2026SzczecinChallenger,atp,2026-09-14,Clay,Q1,144973,Santiago Fa Rodriguez Taverna,ARG,121264,Oscar Jose Gutierrez,BRA,6-2 7-6(4)
2026SzczecinChallenger,atp,2026-09-14,Clay,Q1,200125,Mykyta Mashtakov,UKR,208605,Mario Gonzalez Fernandez,ESP,7-5 6-1
2026SzczecinChallenger,atp,2026-09-14,Clay,Q1,200484,Rudolf Molleker,GER,200703,Bogdan Pavel,ROU,6-2 6-4
2026SzczecinChallenger,atp,2026-09-14,Clay,Q1,207669,Robert Strombachs,LAT,210409,Pavlos Tsitsipas,GRE,6-7(5) 7-6(4) 6-1
2026SzczecinChallenger,atp,2026-09-14,Clay,Q1,209898,Dali Blanch,USA,214060,Jan Chlodnicki,POL,6-2 6-0
2026SzczecinChallenger,atp,2026-09-14,Clay,Q1,210063,Matyas Cerny,CZE,209209,Filip Misolic,AUT,4-6 7-5 6-4
2026SzczecinChallenger,atp,2026-09-14,Clay,Q1,210091,Filip Pieczonka,POL,202199,Carlos Sanchez Jover,ESP,7-5 6-3
2026SzczecinChallenger,atp,2026-09-14,Clay,Q1,211500,Tiago Pereira,POR,202209,Imanol Lopez Morillo,ESP,4-6 6-3 7-6(4)
2026SzczecinChallenger,atp,2026-09-14,Clay,Q2,123809,Ivan Gakhov,RUS,209898,Dali Blanch,USA,6-2 1-6 6-2
2026SzczecinChallenger,atp,2026-09-14,Clay,Q2,126627,Johan Nikles,SUI,210063,Matyas Cerny,CZE,6-3 6-2
2026SzczecinChallenger,atp,2026-09-14,Clay,Q2,132999,Kai Wehnelt,GER,202398,Michael Vrbensky,CZE,7-5 6-2
2026SzczecinChallenger,atp,2026-09-14,Clay,Q2,207669,Robert Strombachs,LAT,144973,Santiago Fa Rodriguez Taverna,ARG,6-0 6-2
2026SzczecinChallenger,atp,2026-09-14,Clay,Q2,210091,Filip Pieczonka,POL,200125,Mykyta Mashtakov,UKR,6-3 6-2
2026SzczecinChallenger,atp,2026-09-14,Clay,Q2,211500,Tiago Pereira,POR,200484,Rudolf Molleker,GER,2-6 6-4 7-6(4)
2026SzczecinChallenger,atp,2026-09-14,Clay,QF,105477,Marco Trungelliti,ARG,106065,Marco Cecchinato,ITA,7-6(6) 7-5
2026SzczecinChallenger,atp,2026-09-14,Clay,QF,106329,Thiago Monteiro,BRA,212309,Diego Dedura Palomero,GER,6-4 6-2
2026SzczecinChallenger,atp,2026-09-14,Clay,QF,207663,Nikolas Sanchez Izquierdo,ESP,144645,Zdenek Kolar,CZE,6-1 6-3
2026SzczecinChallenger,atp,2026-09-14,Clay,QF,210053,Luka Mikrut,CRO,210167,Tom Gentzsch,GER,6-3 4-6 6-3
2026SzczecinChallenger,atp,2026-09-14,Clay,R16,105477,Marco Trungelliti,ARG,210091,Filip Pieczonka,POL,6-7(3) 7-5 6-4
2026SzczecinChallenger,atp,2026-09-14,Clay,R16,106065,Marco Cecchinato,ITA,202359,Marvin Moeller,GER,7-6(5) 6-7(4) 6-2
2026SzczecinChallenger,atp,2026-09-14,Clay,R16,106329,Thiago Monteiro,BRA,126964,Vitaliy Sachko,UKR,6-7(3) 6-4 7-6(3)
2026SzczecinChallenger,atp,2026-09-14,Clay,R16,144645,Zdenek Kolar,CZE,210558,Hynek Barton,CZE,6-4 6-4
2026SzczecinChallenger,atp,2026-09-14,Clay,R16,207663,Nikolas Sanchez Izquierdo,ESP,123755,Daniel Elahi Galan,COL,6-0 6-3
2026SzczecinChallenger,atp,2026-09-14,Clay,R16,210053,Luka Mikrut,CRO,111513,Laslo Djere,SRB,6-3 2-2 RET
2026SzczecinChallenger,atp,2026-09-14,Clay,R16,210167,Tom Gentzsch,GER,209322,Martin Krumich,CZE,6-3 6-4
2026SzczecinChallenger,atp,2026-09-14,Clay,R16,212309,Diego Dedura Palomero,GER,210005,Kilian Feldbausch,SUI,7-6(4) 4-6 7-6(4)
2026SzczecinChallenger,atp,2026-09-14,Clay,R32,105477,Marco Trungelliti,ARG,209952,Sean Cuenin,FRA,7-6(4) 6-2
2026SzczecinChallenger,atp,2026-09-14,Clay,R32,106065,Marco Cecchinato,ITA,202260,Henri Squire,GER,7-5 6-3
2026SzczecinChallenger,atp,2026-09-14,Clay,R32,106329,Thiago Monteiro,BRA,105882,Stefano Travaglia,ITA,6-3 7-6(3)
2026SzczecinChallenger,atp,2026-09-14,Clay,R32,111513,Laslo Djere,SRB,126627,Johan Nikles,SUI,6-7(6) 6-3 6-0
2026SzczecinChallenger,atp,2026-09-14,Clay,R32,123755,Daniel Elahi Galan,COL,207680,Facundo Diaz Acosta,ARG,5-7 6-2 6-3
2026SzczecinChallenger,atp,2026-09-14,Clay,R32,126964,Vitaliy Sachko,UKR,202262,Filip Cristian Jianu,ROU,6-3 6-1
2026SzczecinChallenger,atp,2026-09-14,Clay,R32,144645,Zdenek Kolar,CZE,123809,Ivan Gakhov,RUS,4-6 6-2 6-2
2026SzczecinChallenger,atp,2026-09-14,Clay,R32,202359,Marvin Moeller,GER,207415,Daniel Michalski,POL,6-2 6-4
2026SzczecinChallenger,atp,2026-09-14,Clay,R32,207663,Nikolas Sanchez Izquierdo,ESP,209898,Dali Blanch,USA,6-2 6-2
2026SzczecinChallenger,atp,2026-09-14,Clay,R32,209322,Martin Krumich,CZE,213198,Kacper Knitter,POL,6-2 6-2
2026SzczecinChallenger,atp,2026-09-14,Clay,R32,210005,Kilian Feldbausch,SUI,132999,Kai Wehnelt,GER,6-2 6-2
2026SzczecinChallenger,atp,2026-09-14,Clay,R32,210053,Luka Mikrut,CRO,207669,Robert Strombachs,LAT,4-6 6-4 6-0
2026SzczecinChallenger,atp,2026-09-14,Clay,R32,210091,Filip Pieczonka,POL,211500,Tiago Pereira,POR,5-7 6-4 7-5
2026SzczecinChallenger,atp,2026-09-14,Clay,R32,210167,Tom Gentzsch,GER,213048,Alan Wazny,POL,7-5 6-7(3) 6-0
2026SzczecinChallenger,atp,2026-09-14,Clay,R32,210558,Hynek Barton,CZE,134840,Raul Brancaccio,ITA,4-6 6-2 6-1
2026SzczecinChallenger,atp,2026-09-14,Clay,R32,212309,Diego Dedura Palomero,GER,105583,Dusan Lajovic,SRB,5-1 RET
2026SzczecinChallenger,atp,2026-09-14,Clay,SF,106329,Thiago Monteiro,BRA,105477,Marco Trungelliti,ARG,6-4 3-6 6-3
2026SzczecinChallenger,atp,2026-09-14,Clay,SF,207663,Nikolas Sanchez Izquierdo,ESP,210053,Luka Mikrut,CRO,6-3 6-4
2026TiburonChallenger,atp,2026-09-14,Hard,F,210464,Darwin Blanch,USA,111581,Michael Mmoh,USA,3-6 6-4 6-2
2026TiburonChallenger,atp,2026-09-14,Hard,Q1,126206,Alex Rybakov,USA,202297,Dan Martin,CAN,6-4 6-2
2026TiburonChallenger,atp,2026-09-14,Hard,Q1,200632,Evan Zhu,USA,212248,Fryderyk Lechno Wasiutynski,POL,6-3 6-2
2026TiburonChallenger,atp,2026-09-14,Hard,Q1,202342,Ryan Seggerman,USA,208649,Andrew Fenty,USA,6-7(6) 7-5 6-2
2026TiburonChallenger,atp,2026-09-14,Hard,Q1,207664,Luca Staeheli,SUI,212142,Maxwell Exsted,USA,4-6 6-4 6-3
2026TiburonChallenger,atp,2026-09-14,Hard,Q1,209088,Quinn Vandecasteele,USA,212235,Noah Zamora,USA,6-1 7-5
2026TiburonChallenger,atp,2026-09-14,Hard,Q1,209355,Timo Legout,FRA,208466,Evan Bynoe,USA,6-1 6-4
2026TiburonChallenger,atp,2026-09-14,Hard,Q1,209867,Daniil Ostapenkov,BLR,214202,Gus Grumet,USA,6-2 6-2
2026TiburonChallenger,atp,2026-09-14,Hard,Q1,210028,Ozan Baris,USA,209936,Lorenzo Claverie,ITA,6-4 4-6 6-2
2026TiburonChallenger,atp,2026-09-14,Hard,Q1,210250,Erik Arutiunian,BLR,210486,Nicholas Godsick,USA,6-3 6-1
2026TiburonChallenger,atp,2026-09-14,Hard,Q1,210416,Bryce Nakashima,USA,210744,Kaylan Bigun,USA,7-5 6-0
2026TiburonChallenger,atp,2026-09-14,Hard,Q1,212837,Roger Pascual Ferra,ESP,111454,Li Tu,AUS,6-4 6-4
2026TiburonChallenger,atp,2026-09-14,Hard,Q1,212958,Spencer Johnson,USA,213987,Vignesh Gogineni,USA,6-1 6-7(6) 6-1
2026TiburonChallenger,atp,2026-09-14,Hard,Q2,200632,Evan Zhu,USA,210028,Ozan Baris,USA,6-4 4-6 6-4
2026TiburonChallenger,atp,2026-09-14,Hard,Q2,202342,Ryan Seggerman,USA,126206,Alex Rybakov,USA,7-6(6) 6-3
2026TiburonChallenger,atp,2026-09-14,Hard,Q2,207664,Luca Staeheli,SUI,212837,Roger Pascual Ferra,ESP,4-6 6-2 6-3
2026TiburonChallenger,atp,2026-09-14,Hard,Q2,209355,Timo Legout,FRA,209867,Daniil Ostapenkov,BLR,6-3 6-4
2026TiburonChallenger,atp,2026-09-14,Hard,Q2,210250,Erik Arutiunian,BLR,212958,Spencer Johnson,USA,7-6(4) 7-6(6)
2026TiburonChallenger,atp,2026-09-14,Hard,Q2,210416,Bryce Nakashima,USA,209088,Quinn Vandecasteele,USA,6-2 6-4
2026TiburonChallenger,atp,2026-09-14,Hard,QF,111581,Michael Mmoh,USA,209406,Abedallah Shelbayh,JOR,6-4 6-4
2026TiburonChallenger,atp,2026-09-14,Hard,QF,200670,J J Wolf,USA,210478,Sebastian Gorzny,USA,7-6(5) 1-6 7-5
2026TiburonChallenger,atp,2026-09-14,Hard,QF,210116,Michael Zheng,USA,106283,Mitchell Krueger,USA,7-6(4) 6-2
2026TiburonChallenger,atp,2026-09-14,Hard,QF,210464,Darwin Blanch,USA,210416,Bryce Nakashima,USA,6-3 6-3
2026TiburonChallenger,atp,2026-09-14,Hard,R16,106283,Mitchell Krueger,USA,202342,Ryan Seggerman,USA,4-6 6-1 7-6(3)
2026TiburonChallenger,atp,2026-09-14,Hard,R16,111581,Michael Mmoh,USA,135753,Patrick Maloney,USA,7-5 6-3
2026TiburonChallenger,atp,2026-09-14,Hard,R16,200670,J J Wolf,USA,211711,Braden Shick,USA,6-4 6-7(5) 6-4
2026TiburonChallenger,atp,2026-09-14,Hard,R16,209406,Abedallah Shelbayh,JOR,207729,Tristan Boyer,USA,7-6(2) 6-1
2026TiburonChallenger,atp,2026-09-14,Hard,R16,210116,Michael Zheng,USA,212216,Trevor Svajda,USA,6-1 6-4
2026TiburonChallenger,atp,2026-09-14,Hard,R16,210416,Bryce Nakashima,USA,209355,Timo Legout,FRA,7-6(6) 6-2
2026TiburonChallenger,atp,2026-09-14,Hard,R16,210464,Darwin Blanch,USA,144870,Federico Agustin Gomez,ARG,6-3 6-0
2026TiburonChallenger,atp,2026-09-14,Hard,R16,210478,Sebastian Gorzny,USA,210460,Nishesh Basavareddy,USA,6-2 6-4
2026TiburonChallenger,atp,2026-09-14,Hard,R32,106283,Mitchell Krueger,USA,202333,Keegan Smith,USA,7-6(1) 6-7(2) 6-4
2026TiburonChallenger,atp,2026-09-14,Hard,R32,111581,Michael Mmoh,USA,106264,Karue Sell,BRA,6-3 6-2
2026TiburonChallenger,atp,2026-09-14,Hard,R32,135753,Patrick Maloney,USA,202400,Alastair Gray,GBR,6-3 5-7 7-6(3)
2026TiburonChallenger,atp,2026-09-14,Hard,R32,144870,Federico Agustin Gomez,ARG,212251,Daniel Milavsky,USA,4-6 7-6(2) 6-2
2026TiburonChallenger,atp,2026-09-14,Hard,R32,200670,J J Wolf,USA,210377,Luciano Emanuel Ambrogi,ARG,6-2 6-0
2026TiburonChallenger,atp,2026-09-14,Hard,R32,202342,Ryan Seggerman,USA,208854,Aidan Mayo,USA,1-6 6-4 6-4
2026TiburonChallenger,atp,2026-09-14,Hard,R32,207729,Tristan Boyer,USA,210399,Edward Winter,AUS,6-2 6-4
2026TiburonChallenger,atp,2026-09-14,Hard,R32,209355,Timo Legout,FRA,211902,Henry Searle,GBR,6-1 6-4
2026TiburonChallenger,atp,2026-09-14,Hard,R32,209406,Abedallah Shelbayh,JOR,208342,Tyler Zink,USA,6-4 3-6 6-3
2026TiburonChallenger,atp,2026-09-14,Hard,R32,210116,Michael Zheng,USA,200632,Evan Zhu,USA,6-1 4-6 7-5
2026TiburonChallenger,atp,2026-09-14,Hard,R32,210416,Bryce Nakashima,USA,210318,Andre Ilagan,USA,7-5 6-7(4) 7-6(3)
2026TiburonChallenger,atp,2026-09-14,Hard,R32,210460,Nishesh Basavareddy,USA,127108,Igor Ribeiro Marcondes,BRA,6-2 6-2
2026TiburonChallenger,atp,2026-09-14,Hard,R32,210464,Darwin Blanch,USA,111578,Stefan Kozlov,USA,6-3 2-6 7-6(10)
2026TiburonChallenger,atp,2026-09-14,Hard,R32,210478,Sebastian Gorzny,USA,207664,Luca Staeheli,SUI,7-5 6-2
2026TiburonChallenger,atp,2026-09-14,Hard,R32,211711,Braden Shick,USA,210250,Erik Arutiunian,BLR,6-3 6-4
2026TiburonChallenger,atp,2026-09-14,Hard,R32,212216,Trevor Svajda,USA,209080,Blaise Bicknell,JAM,4-6 7-5 7-5
2026TiburonChallenger,atp,2026-09-14,Hard,SF,111581,Michael Mmoh,USA,200670,J J Wolf,USA,6-2 6-2
2026TiburonChallenger,atp,2026-09-14,Hard,SF,210464,Darwin Blanch,USA,210116,Michael Zheng,USA,7-6(5) 7-6(9)
2026WTACaldasdaRainha125,wta,2026-09-14,Hard,F,221354,Lisa Pigato,ITA,213873,Gabriela Andrea Knutson,CZE,6-4 6-2
2026WTACaldasdaRainha125,wta,2026-09-14,Hard,Q1,215832,Gabriella Da Silva Fick,AUS,220613,Stephanie Judith Visscher,NED,6-4 6-7(5) 6-3
2026WTACaldasdaRainha125,wta,2026-09-14,Hard,Q1,216116,Elena Malygina,EST,222763,Giulia Pereira De Aguiar,BRA,6-0 6-2
2026WTACaldasdaRainha125,wta,2026-09-14,Hard,Q1,220502,Ariana Arseneault,CAN,202916,Georgina Garcia Perez,ESP,6-2 6-3
2026WTACaldasdaRainha125,wta,2026-09-14,Hard,Q1,220891,Kylie Collins,USA,202672,Ekaterina Yashina,RUS,6-2 6-2
2026WTACaldasdaRainha125,wta,2026-09-14,Hard,Q1,222034,Reese Brantmeier,USA,206219,Oceane Dodin,FRA,6-4 5-7 6-4
2026WTACaldasdaRainha125,wta,2026-09-14,Hard,Q1,222837,Malaika Rapolu,USA,214992,Zhibek Kulambayeva,KAZ,6-3 6-2
2026WTACaldasdaRainha125,wta,2026-09-14,Hard,Q1,259794,Angelina Voloshchuk,POR,220422,Teresa Franco Dias,POR,6-2 6-3
2026WTACaldasdaRainha125,wta,2026-09-14,Hard,Q1,260338,Sofia Johnson,GBR,221191,Margaux Rouvroy,FRA,6-4 6-2
2026WTACaldasdaRainha125,wta,2026-09-14,Hard,Q2,216116,Elena Malygina,EST,215832,Gabriella Da Silva Fick,AUS,7-6(2) 6-3
2026WTACaldasdaRainha125,wta,2026-09-14,Hard,Q2,220891,Kylie Collins,USA,222034,Reese Brantmeier,USA,7-5 6-3
2026WTACaldasdaRainha125,wta,2026-09-14,Hard,Q2,222837,Malaika Rapolu,USA,260338,Sofia Johnson,GBR,6-0 6-2
2026WTACaldasdaRainha125,wta,2026-09-14,Hard,Q2,259794,Angelina Voloshchuk,POR,220502,Ariana Arseneault,CAN,6-2 6-4
2026WTACaldasdaRainha125,wta,2026-09-14,Hard,QF,213873,Gabriela Andrea Knutson,CZE,222837,Malaika Rapolu,USA,6-2 1-6 6-4
2026WTACaldasdaRainha125,wta,2026-09-14,Hard,QF,221354,Lisa Pigato,ITA,214826,Susan Bandecchi,SUI,6-4 1-6 6-4
2026WTACaldasdaRainha125,wta,2026-09-14,Hard,QF,259871,Jeline Vandromme,BEL,216055,Francisca Jorge,POR,6-3 6-7(7) 7-5
2026WTACaldasdaRainha125,wta,2026-09-14,Hard,QF,266376,Mia Pohankova,SVK,220891,Kylie Collins,USA,7-6(3) 6-4
2026WTACaldasdaRainha125,wta,2026-09-14,Hard,R16,213873,Gabriela Andrea Knutson,CZE,222017,Anouk Koevermans,NED,6-3 6-2
2026WTACaldasdaRainha125,wta,2026-09-14,Hard,R16,214826,Susan Bandecchi,SUI,214149,Viktoria Hruncakova,SVK,6-3 6-2
2026WTACaldasdaRainha125,wta,2026-09-14,Hard,R16,216055,Francisca Jorge,POR,223286,Victoria Jimenez Kasintseva,AND,6-2 4-6 6-4
2026WTACaldasdaRainha125,wta,2026-09-14,Hard,R16,220891,Kylie Collins,USA,239436,Kayla Cross,CAN,W/O
2026WTACaldasdaRainha125,wta,2026-09-14,Hard,R16,221354,Lisa Pigato,ITA,211643,Kajsa Rinaldo Persson,SWE,6-2 2-6 6-4
2026WTACaldasdaRainha125,wta,2026-09-14,Hard,R16,222837,Malaika Rapolu,USA,223333,Noma Noha Akugue,GER,4-6 6-3 6-0
2026WTACaldasdaRainha125,wta,2026-09-14,Hard,R16,259871,Jeline Vandromme,BEL,216116,Elena Malygina,EST,6-3 4-6 7-5
2026WTACaldasdaRainha125,wta,2026-09-14,Hard,R16,266376,Mia Pohankova,SVK,221164,Matilde Jorge,POR,6-4 6-1
2026WTACaldasdaRainha125,wta,2026-09-14,Hard,R32,211643,Kajsa Rinaldo Persson,SWE,259794,Angelina Voloshchuk,POR,6-3 7-5
2026WTACaldasdaRainha125,wta,2026-09-14,Hard,R32,213873,Gabriela Andrea Knutson,CZE,256684,Aoi Ito,JPN,7-6(4) 6-2
2026WTACaldasdaRainha125,wta,2026-09-14,Hard,R32,214149,Viktoria Hruncakova,SVK,222965,Erika Andreeva,RUS,6-7(4) 6-4 6-4
2026WTACaldasdaRainha125,wta,2026-09-14,Hard,R32,214826,Susan Bandecchi,SUI,222891,Maria Martinez Vaquero,ESP,6-4 7-5
2026WTACaldasdaRainha125,wta,2026-09-14,Hard,R32,216055,Francisca Jorge,POR,214386,Xinyu Gao,CHN,6-3 6-3
2026WTACaldasdaRainha125,wta,2026-09-14,Hard,R32,216116,Elena Malygina,EST,213767,Ayla Aksu,USA,4-6 7-5 7-5
2026WTACaldasdaRainha125,wta,2026-09-14,Hard,R32,220891,Kylie Collins,USA,220502,Ariana Arseneault,CAN,6-7(7) 6-1 6-3
2026WTACaldasdaRainha125,wta,2026-09-14,Hard,R32,221164,Matilde Jorge,POR,214181,Anastasia Gasanova,RUS,6-1 2-6 6-4
2026WTACaldasdaRainha125,wta,2026-09-14,Hard,R32,221354,Lisa Pigato,ITA,222309,Sana Garakani,IRI,6-0 6-1
2026WTACaldasdaRainha125,wta,2026-09-14,Hard,R32,222017,Anouk Koevermans,NED,239397,Elena Micic,AUS,6-2 6-7(8) 6-3
2026WTACaldasdaRainha125,wta,2026-09-14,Hard,R32,222837,Malaika Rapolu,USA,211344,Caroline Uebelhoer,GER,6-2 6-4
2026WTACaldasdaRainha125,wta,2026-09-14,Hard,R32,223286,Victoria Jimenez Kasintseva,AND,214684,Katherine Sebov,CAN,6-4 6-1
2026WTACaldasdaRainha125,wta,2026-09-14,Hard,R32,223333,Noma Noha Akugue,GER,264149,Ayana Akli,USA,6-3 6-0
2026WTACaldasdaRainha125,wta,2026-09-14,Hard,R32,239436,Kayla Cross,CAN,265610,Mariia Nozdrachova,UKR,6-1 6-0
2026WTACaldasdaRainha125,wta,2026-09-14,Hard,R32,259871,Jeline Vandromme,BEL,260066,Carla Tomai,POR,6-0 6-0
2026WTACaldasdaRainha125,wta,2026-09-14,Hard,R32,266376,Mia Pohankova,SVK,221257,Sinja Kraus,AUT,6-1 6-1
2026WTACaldasdaRainha125,wta,2026-09-14,Hard,SF,213873,Gabriela Andrea Knutson,CZE,266376,Mia Pohankova,SVK,7-5 5-7 6-3
2026WTACaldasdaRainha125,wta,2026-09-14,Hard,SF,221354,Lisa Pigato,ITA,259871,Jeline Vandromme,BEL,6-3 7-5
2026WTALjubljana125,wta,2026-09-14,Clay,F,256705,Samira De Stefano,ITA,201621,Mona Barthel,GER,3-6 6-1 7-5
2026WTALjubljana125,wta,2026-09-14,Clay,QF,201621,Mona Barthel,GER,239392,Mia Ristic,SRB,6-2 6-2
2026WTALjubljana125,wta,2026-09-14,Clay,QF,231625,Noemi Basiletti,ITA,202493,Ekaterine Gorgodze,GEO,6-3 6-1
2026WTALjubljana125,wta,2026-09-14,Clay,QF,256705,Samira De Stefano,ITA,220554,Alice Tubello,FRA,4-6 7-6(2) 6-4
2026WTALjubljana125,wta,2026-09-14,Clay,QF,266671,Laura Samson,CZE,222506,Anastasiya Soboleva,UKR,6-4 6-1
2026WTALjubljana125,wta,2026-09-14,Clay,R16,201621,Mona Barthel,GER,215936,Francesca Jones,GBR,6-0 6-4
2026WTALjubljana125,wta,2026-09-14,Clay,R16,202493,Ekaterine Gorgodze,GEO,222980,Lucie Havlickova,CZE,7-6(4) 1-6 6-3
2026WTALjubljana125,wta,2026-09-14,Clay,R16,220554,Alice Tubello,FRA,213646,Dalma Galfi,HUN,6-3 6-4
2026WTALjubljana125,wta,2026-09-14,Clay,R16,222506,Anastasiya Soboleva,UKR,267616,Denisa Zoldakova,CZE,7-5 6-4
2026WTALjubljana125,wta,2026-09-14,Clay,R16,231625,Noemi Basiletti,ITA,239438,Julie Struplova,CZE,6-2 6-3
2026WTALjubljana125,wta,2026-09-14,Clay,R16,239392,Mia Ristic,SRB,214480,Miriam Bianca Bulgaru,ROU,6-3 6-3
2026WTALjubljana125,wta,2026-09-14,Clay,R16,256705,Samira De Stefano,ITA,223323,Barbora Palicova,CZE,6-1 7-5
2026WTALjubljana125,wta,2026-09-14,Clay,R16,266671,Laura Samson,CZE,216579,Weronika Falkowska,POL,6-7(6) 6-0 6-3
2026WTALjubljana125,wta,2026-09-14,Clay,R32,201621,Mona Barthel,GER,222092,Radka Zelnickova,SVK,6-0 6-4
2026WTALjubljana125,wta,2026-09-14,Clay,R32,202493,Ekaterine Gorgodze,GEO,214604,Maria Lourdes Carle,ARG,7-5 6-7(2) 6-4
2026WTALjubljana125,wta,2026-09-14,Clay,R32,213646,Dalma Galfi,HUN,222458,Pia Lovric,SLO,6-4 6-1
2026WTALjubljana125,wta,2026-09-14,Clay,R32,214480,Miriam Bianca Bulgaru,ROU,211227,Lina Gjorcheska,MKD,6-4 1-6 6-2
2026WTALjubljana125,wta,2026-09-14,Clay,R32,215936,Francesca Jones,GBR,263808,Alja Senica,SLO,5-7 6-3 6-3
2026WTALjubljana125,wta,2026-09-14,Clay,R32,216579,Weronika Falkowska,POL,216038,Kristina Novak,SLO,2-6 7-6(7) 6-2
2026WTALjubljana125,wta,2026-09-14,Clay,R32,220554,Alice Tubello,FRA,215386,Vivian Wolff,GER,6-4 6-3
2026WTALjubljana125,wta,2026-09-14,Clay,R32,222506,Anastasiya Soboleva,UKR,214521,Lea Boskovic,CRO,6-2 7-5
2026WTALjubljana125,wta,2026-09-14,Clay,R32,222980,Lucie Havlickova,CZE,215878,Aurora Zantedeschi,ITA,6-2 6-3
2026WTALjubljana125,wta,2026-09-14,Clay,R32,223323,Barbora Palicova,CZE,252531,Gina Feistel,GER,7-5 6-1
2026WTALjubljana125,wta,2026-09-14,Clay,R32,231625,Noemi Basiletti,ITA,236957,Lola Radivojevic,SRB,7-6(7) 6-4
2026WTALjubljana125,wta,2026-09-14,Clay,R32,239392,Mia Ristic,SRB,211820,Martina Colmegna,ITA,7-5 7-6(3)
2026WTALjubljana125,wta,2026-09-14,Clay,R32,239438,Julie Struplova,CZE,201555,Polona Hercog,SLO,7-6(5) 6-2
2026WTALjubljana125,wta,2026-09-14,Clay,R32,256705,Samira De Stefano,ITA,201551,Arantxa Rus,NED,1-6 6-3 6-3
2026WTALjubljana125,wta,2026-09-14,Clay,R32,266671,Laura Samson,CZE,239156,Lucija Ciric Bagaric,CRO,6-3 6-2
2026WTALjubljana125,wta,2026-09-14,Clay,R32,267616,Denisa Zoldakova,CZE,223410,Georgia Pedone,ITA,6-1 6-1
2026WTALjubljana125,wta,2026-09-14,Clay,SF,201621,Mona Barthel,GER,231625,Noemi Basiletti,ITA,6-4 6-0
2026WTALjubljana125,wta,2026-09-14,Clay,SF,256705,Samira De Stefano,ITA,266671,Laura Samson,CZE,6-3 1-6 6-4
2026WTAValencia125,wta,2026-09-14,Clay,F,216262,Clara Burel,FRA,214189,Alicia Herrero Linana,ESP,4-6 6-0 6-2
2026WTAValencia125,wta,2026-09-14,Clay,Q1,203435,Dalila Jakupovic,SLO,261007,Nuria Sarganella Verdu,ESP,6-2 6-3
2026WTAValencia125,wta,2026-09-14,Clay,Q1,214919,Dalila Spiteri,ITA,221242,Mell Elizabeth Reasco Gonzalez,ECU,6-4 0-6 6-1
2026WTAValencia125,wta,2026-09-14,Clay,Q1,220164,Maria Aran Teixido Garcia,ESP,260598,Tessa Johanna Brockmann,GER,2-6 7-5 6-2
2026WTAValencia125,wta,2026-09-14,Clay,Q1,221000,Diletta Cherubini,ITA,202688,Isabella Shinikova,BUL,4-6 6-4 6-4
2026WTAValencia125,wta,2026-09-14,Clay,Q1,221020,Madison Sieg,USA,211329,Tena Lukas,CRO,6-3 6-4
2026WTAValencia125,wta,2026-09-14,Clay,Q1,221259,Joelle Lilly Sophie Steur,GER,269717,Neus Torner Sensano,ESP,6-3 6-1
2026WTAValencia125,wta,2026-09-14,Clay,Q1,221768,Nastasja Schunk,GER,214546,Ekaterina Kazionova,RUS,6-2 1-5 RET
2026WTAValencia125,wta,2026-09-14,Clay,Q1,260763,Ruth Roura Llaverias,ESP,213620,Jessica Pieri,ITA,6-4 6-0
2026WTAValencia125,wta,2026-09-14,Clay,Q2,220164,Maria Aran Teixido Garcia,ESP,221000,Diletta Cherubini,ITA,6-4 6-0
2026WTAValencia125,wta,2026-09-14,Clay,Q2,221020,Madison Sieg,USA,260763,Ruth Roura Llaverias,ESP,7-5 6-2
2026WTAValencia125,wta,2026-09-14,Clay,Q2,221259,Joelle Lilly Sophie Steur,GER,214919,Dalila Spiteri,ITA,6-1 7-6(0)
2026WTAValencia125,wta,2026-09-14,Clay,Q2,221768,Nastasja Schunk,GER,203435,Dalila Jakupovic,SLO,7-6(3) 7-5
2026WTAValencia125,wta,2026-09-14,Clay,QF,214189,Alicia Herrero Linana,ESP,213706,Irene Burillo Escorihuela,ESP,6-2 6-1
2026WTAValencia125,wta,2026-09-14,Clay,QF,216262,Clara Burel,FRA,215571,Guiomar Maristany Zuleta De Reales,ESP,6-2 6-4
2026WTAValencia125,wta,2026-09-14,Clay,QF,221259,Joelle Lilly Sophie Steur,GER,210622,Andrea Lazaro Garcia,ESP,6-3 2-6 6-4
2026WTAValencia125,wta,2026-09-14,Clay,QF,236956,Yasmine Kabbaj,MAR,202604,Despina Papamichail,GRE,6-1 7-5
2026WTAValencia125,wta,2026-09-14,Clay,R16,202604,Despina Papamichail,GRE,221411,Jennifer Ruggeri,ITA,6-1 6-7(4) 7-5
2026WTAValencia125,wta,2026-09-14,Clay,R16,210622,Andrea Lazaro Garcia,ESP,221213,Ane Mintegi Del Olmo,ESP,7-6(2) 6-3
2026WTAValencia125,wta,2026-09-14,Clay,R16,213706,Irene Burillo Escorihuela,ESP,221768,Nastasja Schunk,GER,6-2 6-2
2026WTAValencia125,wta,2026-09-14,Clay,R16,214189,Alicia Herrero Linana,ESP,214119,Rebeka Masarova,ESP,6-1 6-2
2026WTAValencia125,wta,2026-09-14,Clay,R16,215571,Guiomar Maristany Zuleta De Reales,ESP,215453,Marina Bassols Ribera,ESP,6-3 3-6 6-4
2026WTAValencia125,wta,2026-09-14,Clay,R16,216262,Clara Burel,FRA,203354,Martina Trevisan,ITA,W/O
2026WTAValencia125,wta,2026-09-14,Clay,R16,221259,Joelle Lilly Sophie Steur,GER,221014,Francesca Curmi,MLT,6-7(6) 6-3 6-4
2026WTAValencia125,wta,2026-09-14,Clay,R16,236956,Yasmine Kabbaj,MAR,225850,Maria Garcia Cid,ESP,4-6 6-4 6-3
2026WTAValencia125,wta,2026-09-14,Clay,R32,202604,Despina Papamichail,GRE,215572,Nuria Brancaccio,ITA,6-3 6-4
2026WTAValencia125,wta,2026-09-14,Clay,R32,203354,Martina Trevisan,ITA,220742,Leyre Romero Gormaz,ESP,1-6 6-2 6-4
2026WTAValencia125,wta,2026-09-14,Clay,R32,210622,Andrea Lazaro Garcia,ESP,220781,Carlota Martinez Cirez,ESP,6-2 6-2
2026WTAValencia125,wta,2026-09-14,Clay,R32,213706,Irene Burillo Escorihuela,ESP,221020,Madison Sieg,USA,7-6(0) 6-4
2026WTAValencia125,wta,2026-09-14,Clay,R32,214119,Rebeka Masarova,ESP,216095,Mina Hodzic,GER,7-5 7-6(4)
2026WTAValencia125,wta,2026-09-14,Clay,R32,214189,Alicia Herrero Linana,ESP,215398,Lucia Cortez Llorca,ESP,2-6 7-5 7-5
2026WTAValencia125,wta,2026-09-14,Clay,R32,215453,Marina Bassols Ribera,ESP,266622,Eva Bennemann,GER,6-4 6-2
2026WTAValencia125,wta,2026-09-14,Clay,R32,215571,Guiomar Maristany Zuleta De Reales,ESP,214507,Berfu Cengiz,TUR,7-5 7-5
2026WTAValencia125,wta,2026-09-14,Clay,R32,216262,Clara Burel,FRA,220164,Maria Aran Teixido Garcia,ESP,7-6(3) 6-0
2026WTAValencia125,wta,2026-09-14,Clay,R32,221014,Francesca Curmi,MLT,220662,Veronika Erjavec,SLO,6-1 2-6 6-2
2026WTAValencia125,wta,2026-09-14,Clay,R32,221213,Ane Mintegi Del Olmo,ESP,231639,Ariana Geerlings,ESP,6-1 6-4
2026WTAValencia125,wta,2026-09-14,Clay,R32,221259,Joelle Lilly Sophie Steur,GER,264962,Charo Esquiva Banuls,ESP,6-1 6-3
2026WTAValencia125,wta,2026-09-14,Clay,R32,221411,Jennifer Ruggeri,ITA,220770,Eva Vedder,NED,5-7 7-6(9) 6-1
2026WTAValencia125,wta,2026-09-14,Clay,R32,221768,Nastasja Schunk,GER,221407,Oksana Selekhmeteva,RUS,7-5 6-4
2026WTAValencia125,wta,2026-09-14,Clay,R32,225850,Maria Garcia Cid,ESP,203514,Katarzyna Kawa,POL,6-3 6-3
2026WTAValencia125,wta,2026-09-14,Clay,R32,236956,Yasmine Kabbaj,MAR,214236,Angela Fita Boluda,ESP,6-2 6-1
2026WTAValencia125,wta,2026-09-14,Clay,SF,214189,Alicia Herrero Linana,ESP,236956,Yasmine Kabbaj,MAR,6-0 6-3
2026WTAValencia125,wta,2026-09-14,Clay,SF,216262,Clara Burel,FRA,221259,Joelle Lilly Sophie Steur,GER,6-1 6-4
2026BuenosAires2Challenger,atp,2026-09-21,Clay,Q1,106352,Matias Franco Descotte,ARG,208099,Santiago De La Fuente,ARG,7-5 6-1
2026BuenosAires2Challenger,atp,2026-09-21,Clay,Q1,109334,Bastian Malla,CHI,208613,Ezequiel Monferrer,ARG,6-2 6-1
2026BuenosAires2Challenger,atp,2026-09-21,Clay,Q1,144973,Santiago Fa Rodriguez Taverna,ARG,202220,Nicolas Bruna,CHI,6-4 4-6 6-2
2026BuenosAires2Challenger,atp,2026-09-21,Clay,Q1,202271,Lorenzo Joaquin Rodriguez,ARG,212745,Tadeo Meneo,ARG,6-4 6-2
2026BuenosAires2Challenger,atp,2026-09-21,Clay,Q1,202275,Fermin Tenti,ARG,126183,Mariano Kestelboim,ARG,7-6(5) 0-0 RET
2026BuenosAires2Challenger,atp,2026-09-21,Clay,Q1,208078,Tomas Farjat,ARG,212834,Nicolas Garcia Longo,ARG,7-6(7) 6-4
2026BuenosAires2Challenger,atp,2026-09-21,Clay,Q1,208532,Thiago Cigarran,ARG,213955,Santiago Pesino,ARG,6-4 7-5
2026BuenosAires2Challenger,atp,2026-09-21,Clay,Q1,209254,Valerio Aboian,ARG,208424,Julian Cundom,ARG,4-6 6-3 6-2
2026BuenosAires2Challenger,atp,2026-09-21,Clay,Q1,210218,Bruno Fernandez,BRA,213677,Dante Pagani,ARG,6-4 6-4
2026BuenosAires2Challenger,atp,2026-09-21,Clay,Q1,211658,Tomas Martinez,ARG,212882,Jackson Ross,USA,6-3 6-3
2026BuenosAires2Challenger,atp,2026-09-21,Clay,Q1,212051,Joaquin Aguilar Cardozo,URU,210182,Mateo Del Pino,ARG,6-1 6-2
2026BuenosAires2Challenger,atp,2026-09-21,Clay,Q1,212481,Federico Aguilar Cardozo,URU,210599,Ryan Dickerson,USA,6-3 6-4
2026BuenosAires2Challenger,atp,2026-09-21,Clay,Q2,144973,Santiago Fa Rodriguez Taverna,ARG,202275,Fermin Tenti,ARG,6-1 7-5
2026BuenosAires2Challenger,atp,2026-09-21,Clay,Q2,202271,Lorenzo Joaquin Rodriguez,ARG,109334,Bastian Malla,CHI,6-2 1-0 RET
2026BuenosAires2Challenger,atp,2026-09-21,Clay,Q2,208078,Tomas Farjat,ARG,210218,Bruno Fernandez,BRA,6-4 6-2
2026BuenosAires2Challenger,atp,2026-09-21,Clay,Q2,209254,Valerio Aboian,ARG,106352,Matias Franco Descotte,ARG,6-1 6-7(6) 6-4
2026BuenosAires2Challenger,atp,2026-09-21,Clay,Q2,211658,Tomas Martinez,ARG,208532,Thiago Cigarran,ARG,6-1 4-0 RET
2026BuenosAires2Challenger,atp,2026-09-21,Clay,Q2,212051,Joaquin Aguilar Cardozo,URU,212481,Federico Aguilar Cardozo,URU,6-4 7-5
2026BuenosAires2Challenger,atp,2026-09-21,Clay,R16,106044,Nicolas Kicker,ARG,106198,Hugo Dellien,BOL,4-6 7-5 6-0
2026BuenosAires2Challenger,atp,2026-09-21,Clay,R16,106057,Facundo Mena,ARG,207815,Guido Ivan Justo,ARG,6-4 7-6(0)
2026BuenosAires2Challenger,atp,2026-09-21,Clay,R16,122669,Juan Pablo Varillas,PER,123961,Murkel Alejandro Dellien Velasco,BOL,4-6 7-5 6-4
2026BuenosAires2Challenger,atp,2026-09-21,Clay,R16,200495,Eduardo Ribeiro,BRA,105948,Federico Coria,ARG,6-4 7-5
2026BuenosAires2Challenger,atp,2026-09-21,Clay,R16,208046,Pedro Boscardin Dias,BRA,208364,Franco Roncadelli,URU,0-6 7-6(5) 6-3
2026BuenosAires2Challenger,atp,2026-09-21,Clay,R16,209875,Alex Barrena,ARG,126663,Juan Pablo Ficovich,ARG,6-3 7-5
2026BuenosAires2Challenger,atp,2026-09-21,Clay,R16,210178,Juan Carlos Prado Angelo,BOL,209254,Valerio Aboian,ARG,6-2 6-1
2026BuenosAires2Challenger,atp,2026-09-21,Clay,R16,212051,Joaquin Aguilar Cardozo,URU,207681,Francisco Comesana,ARG,7-5 6-7(5) 6-4
2026BuenosAires2Challenger,atp,2026-09-21,Clay,R32,105948,Federico Coria,ARG,211636,Lucio Ratti,ARG,6-7(3) 6-3 7-5
2026BuenosAires2Challenger,atp,2026-09-21,Clay,R32,106044,Nicolas Kicker,ARG,211658,Tomas Martinez,ARG,1-6 6-2 6-0
2026BuenosAires2Challenger,atp,2026-09-21,Clay,R32,106057,Facundo Mena,ARG,105952,Renzo Olivo,ARG,6-2 6-1
2026BuenosAires2Challenger,atp,2026-09-21,Clay,R32,106198,Hugo Dellien,BOL,207799,Matheus Pucinelli De Almeida,BRA,5-7 6-4 6-4
2026BuenosAires2Challenger,atp,2026-09-21,Clay,R32,122669,Juan Pablo Varillas,PER,208078,Tomas Farjat,ARG,3-6 6-2 7-6(2)
2026BuenosAires2Challenger,atp,2026-09-21,Clay,R32,123961,Murkel Alejandro Dellien Velasco,BOL,106292,Hernan Casanova,ARG,6-3 6-4
2026BuenosAires2Challenger,atp,2026-09-21,Clay,R32,126663,Juan Pablo Ficovich,ARG,208913,Juan Bautista Torres,ARG,6-3 6-4
2026BuenosAires2Challenger,atp,2026-09-21,Clay,R32,200495,Eduardo Ribeiro,BRA,124079,Pedro Martinez,ESP,7-6(4) 6-3
2026BuenosAires2Challenger,atp,2026-09-21,Clay,R32,207681,Francisco Comesana,ARG,211661,Juan Estevez,ARG,6-1 4-6 6-2
2026BuenosAires2Challenger,atp,2026-09-21,Clay,R32,207815,Guido Ivan Justo,ARG,106380,Gonzalo Villanueva,ARG,6-4 3-6 6-1
2026BuenosAires2Challenger,atp,2026-09-21,Clay,R32,208046,Pedro Boscardin Dias,BRA,144973,Santiago Fa Rodriguez Taverna,ARG,6-3 6-1
2026BuenosAires2Challenger,atp,2026-09-21,Clay,R32,208364,Franco Roncadelli,URU,210218,Bruno Fernandez,BRA,6-2 6-0
2026BuenosAires2Challenger,atp,2026-09-21,Clay,R32,209254,Valerio Aboian,ARG,144821,Genaro Alberto Olivieri,ARG,1-6 6-2 6-3
2026BuenosAires2Challenger,atp,2026-09-21,Clay,R32,209875,Alex Barrena,ARG,212864,Valentin Garay,ARG,6-2 6-2
2026BuenosAires2Challenger,atp,2026-09-21,Clay,R32,210178,Juan Carlos Prado Angelo,BOL,202271,Lorenzo Joaquin Rodriguez,ARG,7-6(5) 7-6(9)
2026BuenosAires2Challenger,atp,2026-09-21,Clay,R32,212051,Joaquin Aguilar Cardozo,URU,212785,Carlos Maria Zarate,ARG,6-2 6-1
2026Genoa2Challenger,atp,2026-09-21,Clay,Q1,132831,Giovanni Oradini,ITA,144731,Kody Pearson,AUS,6-2 6-2
2026Genoa2Challenger,atp,2026-09-21,Clay,Q1,207764,Ryan Nijboer,NED,211391,Iannis Miletich,ITA,6-3 6-3
2026Genoa2Challenger,atp,2026-09-21,Clay,Q1,209164,Lorenzo Rottoli,ITA,122294,Gabriele Maria Noce,ITA,6-3 6-4
2026Genoa2Challenger,atp,2026-09-21,Clay,Q1,210145,John Sperle,GER,211390,Sergi Fita Juan,ESP,6-3 6-1
2026Genoa2Challenger,atp,2026-09-21,Clay,Q1,210629,Alejandro Juan Mano,ESP,210101,Simone Agostini,ITA,6-0 6-0
2026Genoa2Challenger,atp,2026-09-21,Clay,Q1,212029,Dimitris Sakellaridis,GRE,127166,Alessandro Ceppellini,ITA,6-3 6-2
2026Genoa2Challenger,atp,2026-09-21,Clay,Q1,212784,Maximo Zeitune,ARG,212965,Juan Jose Bianchi,VEN,6-2 6-1
2026Genoa2Challenger,atp,2026-09-21,Clay,Q1,213003,Pierluigi Basile,ITA,213784,Guillermo Tunas,MEX,6-0 6-2
2026Genoa2Challenger,atp,2026-09-21,Clay,Q1,213120,Lorenzo Berto,ITA,200595,Lorenzo Bocchi,ITA,1-6 6-0 6-3
2026Genoa2Challenger,atp,2026-09-21,Clay,Q2,132831,Giovanni Oradini,ITA,213003,Pierluigi Basile,ITA,4-6 6-3 6-1
2026Genoa2Challenger,atp,2026-09-21,Clay,Q2,200713,Federico Iannaccone,ITA,212784,Maximo Zeitune,ARG,6-4 6-4
2026Genoa2Challenger,atp,2026-09-21,Clay,Q2,210145,John Sperle,GER,200266,Javier Barranco Cosano,ESP,7-6(3) 1-2 RET
2026Genoa2Challenger,atp,2026-09-21,Clay,Q2,210629,Alejandro Juan Mano,ESP,207764,Ryan Nijboer,NED,4-6 6-3 6-4
2026Genoa2Challenger,atp,2026-09-21,Clay,Q2,213120,Lorenzo Berto,ITA,212029,Dimitris Sakellaridis,GRE,1-6 7-5 6-4
2026Genoa2Challenger,atp,2026-09-21,Clay,R16,126652,Jay Clarke,GBR,208153,Giuseppe La Vela,ITA,6-1 6-2
2026Genoa2Challenger,atp,2026-09-21,Clay,R16,202359,Marvin Moeller,GER,206467,Federico Arnaboldi,ITA,6-4 6-4
2026Genoa2Challenger,atp,2026-09-21,Clay,R16,209506,Francesco Forti,ITA,210629,Alejandro Juan Mano,ESP,6-1 6-2
2026Genoa2Challenger,atp,2026-09-21,Clay,R16,209898,Dali Blanch,USA,210054,Matthew William Donald,CZE,6-3 6-1
2026Genoa2Challenger,atp,2026-09-21,Clay,R16,209903,Lukas Neumayer,AUT,212305,Juan Cruz Martin Manzano,ITA,0-6 6-4 6-1
2026Genoa2Challenger,atp,2026-09-21,Clay,R16,210053,Luka Mikrut,CRO,106293,Kimmer Coppejans,BEL,6-1 6-1
2026Genoa2Challenger,atp,2026-09-21,Clay,R16,212241,Carlo Alberto Caniato,ITA,210167,Tom Gentzsch,GER,6-3 5-7 7-5
2026Genoa2Challenger,atp,2026-09-21,Clay,R16,213001,Mika Petkovic,GER,134840,Raul Brancaccio,ITA,6-4 7-6(1)
2026Genoa2Challenger,atp,2026-09-21,Clay,R32,106293,Kimmer Coppejans,BEL,209952,Sean Cuenin,FRA,7-6(6) 0-0 RET
2026Genoa2Challenger,atp,2026-09-21,Clay,R32,126652,Jay Clarke,GBR,210145,John Sperle,GER,7-5 6-3
2026Genoa2Challenger,atp,2026-09-21,Clay,R32,134840,Raul Brancaccio,ITA,211542,Filippo Romano,ITA,7-6(4) 6-2
2026Genoa2Challenger,atp,2026-09-21,Clay,R32,202359,Marvin Moeller,GER,105882,Stefano Travaglia,ITA,6-4 4-6 6-2
2026Genoa2Challenger,atp,2026-09-21,Clay,R32,206467,Federico Arnaboldi,ITA,202239,Florian Broska,GER,6-1 7-6(3)
2026Genoa2Challenger,atp,2026-09-21,Clay,R32,208153,Giuseppe La Vela,ITA,132831,Giovanni Oradini,ITA,7-6(6) 7-6(6)
2026Genoa2Challenger,atp,2026-09-21,Clay,R32,209506,Francesco Forti,ITA,207764,Ryan Nijboer,NED,6-3 6-4
2026Genoa2Challenger,atp,2026-09-21,Clay,R32,209898,Dali Blanch,USA,207491,Sandro Kopp,AUT,6-3 6-3
2026Genoa2Challenger,atp,2026-09-21,Clay,R32,210053,Luka Mikrut,CRO,200713,Federico Iannaccone,ITA,6-1 6-2
2026Genoa2Challenger,atp,2026-09-21,Clay,R32,210054,Matthew William Donald,CZE,211533,Gianluca Cadenasso,ITA,6-3 4-6 7-5
2026Genoa2Challenger,atp,2026-09-21,Clay,R32,210167,Tom Gentzsch,GER,133872,Enrico Dalla Valle,ITA,6-4 7-6(5)
2026Genoa2Challenger,atp,2026-09-21,Clay,R32,210629,Alejandro Juan Mano,ESP,208859,Francesco Passaro,ITA,0-6 7-6(4) 6-1
2026Genoa2Challenger,atp,2026-09-21,Clay,R32,212241,Carlo Alberto Caniato,ITA,213120,Lorenzo Berto,ITA,6-1 7-5
2026Genoa2Challenger,atp,2026-09-21,Clay,R32,212305,Juan Cruz Martin Manzano,ITA,210129,Samuele Pieri,ITA,6-4 6-2
2026Genoa2Challenger,atp,2026-09-21,Clay,R32,213001,Mika Petkovic,GER,106329,Thiago Monteiro,BRA,4-6 6-4 6-1
2026Plovdiv4Challenger,atp,2026-09-21,Clay,Q1,200125,Mykyta Mashtakov,UKR,200255,Alexander Weis,ITA,6-1 6-3
2026Plovdiv4Challenger,atp,2026-09-21,Clay,Q1,202090,Adrian Andreev,BUL,208182,Saba Purtseladze,GEO,4-6 6-0 3-2 RET
2026Plovdiv4Challenger,atp,2026-09-21,Clay,Q1,207708,Dusan Obradovic,SRB,210650,Stefan Adrian Andreescu,ROU,7-6(5) 6-4
2026Plovdiv4Challenger,atp,2026-09-21,Clay,Q1,209142,Sebastian Gima,ROU,214681,Aleksandar Tolev,BUL,6-1 6-3
2026Plovdiv4Challenger,atp,2026-09-21,Clay,Q1,209209,Filip Misolic,AUT,202209,Imanol Lopez Morillo,ESP,7-5 6-1
2026Plovdiv4Challenger,atp,2026-09-21,Clay,Q1,210198,George Lazarov,BUL,144907,Adrian Oetzbach,GER,6-2 6-3
2026Plovdiv4Challenger,atp,2026-09-21,Clay,Q1,210200,Yanaki Milev,BUL,200070,Kirill Kivattsev,RUS,6-1 3-6 6-3
2026Plovdiv4Challenger,atp,2026-09-21,Clay,Q1,210409,Pavlos Tsitsipas,GRE,211500,Tiago Pereira,POR,6-7(3) 7-5 7-6(6)
2026Plovdiv4Challenger,atp,2026-09-21,Clay,Q1,210425,Svyatoslav Gulin,RUS,212944,Ryo Tabata,JPN,7-6(1) 6-1
2026Plovdiv4Challenger,atp,2026-09-21,Clay,Q1,211594,Luca Wiedenmann,GER,132999,Kai Wehnelt,GER,6-4 4-0 RET
2026Plovdiv4Challenger,atp,2026-09-21,Clay,Q1,212978,Izan Almazan Valiente,ESP,209251,Stefan Popovic,SRB,6-2 6-3
2026Plovdiv4Challenger,atp,2026-09-21,Clay,Q1,213760,Pavel Lagutin,RUS,212888,Rares Teodor Pieleanu,ROU,6-3 6-0
2026Plovdiv4Challenger,atp,2026-09-21,Clay,Q2,200125,Mykyta Mashtakov,UKR,210409,Pavlos Tsitsipas,GRE,6-3 6-1
2026Plovdiv4Challenger,atp,2026-09-21,Clay,Q2,202090,Adrian Andreev,BUL,207708,Dusan Obradovic,SRB,6-3 6-4
2026Plovdiv4Challenger,atp,2026-09-21,Clay,Q2,209142,Sebastian Gima,ROU,209209,Filip Misolic,AUT,6-3 4-6 6-3
2026Plovdiv4Challenger,atp,2026-09-21,Clay,Q2,210200,Yanaki Milev,BUL,211594,Luca Wiedenmann,GER,6-2 6-1
2026Plovdiv4Challenger,atp,2026-09-21,Clay,Q2,212978,Izan Almazan Valiente,ESP,210198,George Lazarov,BUL,6-1 7-5
2026Plovdiv4Challenger,atp,2026-09-21,Clay,Q2,213760,Pavel Lagutin,RUS,210425,Svyatoslav Gulin,RUS,7-6(7) 3-0 RET
2026Plovdiv4Challenger,atp,2026-09-21,Clay,R16,123921,Calvin Hemery,FRA,106177,Oriol Roca Batalla,ESP,3-6 6-4 6-1
2026Plovdiv4Challenger,atp,2026-09-21,Clay,R16,126535,Carlos Taberner,ESP,208328,Max Wiskandt,GER,7-5 6-4
2026Plovdiv4Challenger,atp,2026-09-21,Clay,R16,202090,Adrian Andreev,BUL,129814,Ivan Ivanov,BUL,7-6(5) 6-3
2026Plovdiv4Challenger,atp,2026-09-21,Clay,R16,207546,Pol Martin Tiffon,ESP,206867,Tommaso Compagnucci,ITA,6-1 7-6(2)
2026Plovdiv4Challenger,atp,2026-09-21,Clay,R16,207797,Jonas Forejtek,CZE,106172,Maxime Chazal,FRA,6-1 5-7 6-0
2026Plovdiv4Challenger,atp,2026-09-21,Clay,R16,208024,Max Alcala Gurri,ESP,202199,Carlos Sanchez Jover,ESP,6-3 6-2
2026Plovdiv4Challenger,atp,2026-09-21,Clay,R16,208269,Felix Gill,GBR,210721,Iliyan Radulov,BUL,7-5 6-4
2026Plovdiv4Challenger,atp,2026-09-21,Clay,R16,212978,Izan Almazan Valiente,ESP,211617,Maxim Mrva,CZE,7-5 0-6 6-2
2026Plovdiv4Challenger,atp,2026-09-21,Clay,R32,106172,Maxime Chazal,FRA,212082,Joel Schwaerzler,AUT,2-6 6-4 7-6(9)
2026Plovdiv4Challenger,atp,2026-09-21,Clay,R32,106177,Oriol Roca Batalla,ESP,212309,Diego Dedura Palomero,GER,6-3 6-2
2026Plovdiv4Challenger,atp,2026-09-21,Clay,R32,123921,Calvin Hemery,FRA,123755,Daniel Elahi Galan,COL,6-7(3) 7-6(4) 7-6(5)
2026Plovdiv4Challenger,atp,2026-09-21,Clay,R32,126535,Carlos Taberner,ESP,209318,Petr Nesterov,BUL,6-4 1-6 6-0
2026Plovdiv4Challenger,atp,2026-09-21,Clay,R32,129814,Ivan Ivanov,BUL,202262,Filip Cristian Jianu,ROU,7-6(5) 6-3
2026Plovdiv4Challenger,atp,2026-09-21,Clay,R32,202090,Adrian Andreev,BUL,144716,Oleg Prihodko,UKR,6-1 6-4
2026Plovdiv4Challenger,atp,2026-09-21,Clay,R32,202199,Carlos Sanchez Jover,ESP,126107,Michael Geerts,BEL,6-4 7-5
2026Plovdiv4Challenger,atp,2026-09-21,Clay,R32,206867,Tommaso Compagnucci,ITA,210200,Yanaki Milev,BUL,6-3 1-6 6-3
2026Plovdiv4Challenger,atp,2026-09-21,Clay,R32,207546,Pol Martin Tiffon,ESP,133975,Benjamin Hassan,LBN,1-6 6-4 6-1
2026Plovdiv4Challenger,atp,2026-09-21,Clay,R32,207797,Jonas Forejtek,CZE,209142,Sebastian Gima,ROU,6-4 4-6 6-3
2026Plovdiv4Challenger,atp,2026-09-21,Clay,R32,208024,Max Alcala Gurri,ESP,209131,Eliakim Coulibaly,CIV,6-4 6-2
2026Plovdiv4Challenger,atp,2026-09-21,Clay,R32,208269,Felix Gill,GBR,211651,Alexander Vasilev,BUL,6-1 6-0
2026Plovdiv4Challenger,atp,2026-09-21,Clay,R32,208328,Max Wiskandt,GER,200184,Andrey Chepelev,RUS,7-6(3) 6-1
2026Plovdiv4Challenger,atp,2026-09-21,Clay,R32,210721,Iliyan Radulov,BUL,213760,Pavel Lagutin,RUS,7-5 6-2
2026Plovdiv4Challenger,atp,2026-09-21,Clay,R32,211617,Maxim Mrva,CZE,200125,Mykyta Mashtakov,UKR,6-4 4-6 6-2
2026Plovdiv4Challenger,atp,2026-09-21,Clay,R32,212978,Izan Almazan Valiente,ESP,144972,Geoffrey Blancaneaux,FRA,6-4 6-4
2026Saint-TropezChallenger,atp,2026-09-21,Hard,Q1,109054,Daniel Masur,GER,210223,Leonardo Rossi,ITA,6-2 3-6 6-4
2026Saint-TropezChallenger,atp,2026-09-21,Hard,Q1,121411,Moez Echargui,TUN,206553,Luca Potenza,ITA,6-7(3) 6-4 6-3
2026Saint-TropezChallenger,atp,2026-09-21,Hard,Q1,126125,Maxime Janvier,FRA,202260,Henri Squire,GER,3-6 6-4 6-4
2026Saint-TropezChallenger,atp,2026-09-21,Hard,Q1,126409,Hugo Grenier,FRA,132052,Christian Langmo,USA,6-2 6-4
2026Saint-TropezChallenger,atp,2026-09-21,Hard,Q1,134068,Vadym Ursu,UKR,206589,Gabi Adrian Boitan,ROU,3-6 7-6(2) 6-1
2026Saint-TropezChallenger,atp,2026-09-21,Hard,Q1,200188,Matteo Martineau,FRA,210726,Cesar Bouchelaghem,FRA,6-1 6-4
2026Saint-TropezChallenger,atp,2026-09-21,Hard,Q1,200452,Patrick Zahraj,GER,207231,Mathys Erhard,FRA,4-6 7-5 7-6(9)
2026Saint-TropezChallenger,atp,2026-09-21,Hard,Q1,207202,Karl Poling,USA,211901,Yanis Ghazouani Durand,FRA,6-2 6-1
2026Saint-TropezChallenger,atp,2026-09-21,Hard,Q1,207993,Justin Boulais,CAN,213174,Mickael Kaouk,FRA,5-7 6-3 6-2
2026Saint-TropezChallenger,atp,2026-09-21,Hard,Q1,209326,Murphy Cassone,USA,213098,Hugo Car,FRA,6-4 6-0
2026Saint-TropezChallenger,atp,2026-09-21,Hard,Q1,212711,Daniel Jade,FRA,126106,Ryan Peniston,GBR,6-7(5) 6-2 6-2
2026Saint-TropezChallenger,atp,2026-09-21,Hard,Q1,212912,Mathys Domenc,FRA,212020,Michele Ribecai,ITA,6-4 6-3
2026Saint-TropezChallenger,atp,2026-09-21,Hard,Q2,109054,Daniel Masur,GER,126125,Maxime Janvier,FRA,6-2 7-6(4)
2026Saint-TropezChallenger,atp,2026-09-21,Hard,Q2,121411,Moez Echargui,TUN,207202,Karl Poling,USA,6-4 7-6(8)
2026Saint-TropezChallenger,atp,2026-09-21,Hard,Q2,126409,Hugo Grenier,FRA,134068,Vadym Ursu,UKR,6-4 6-4
2026Saint-TropezChallenger,atp,2026-09-21,Hard,Q2,200188,Matteo Martineau,FRA,207993,Justin Boulais,CAN,6-3 6-1
2026Saint-TropezChallenger,atp,2026-09-21,Hard,Q2,209326,Murphy Cassone,USA,200452,Patrick Zahraj,GER,6-2 7-5
2026Saint-TropezChallenger,atp,2026-09-21,Hard,Q2,212711,Daniel Jade,FRA,212912,Mathys Domenc,FRA,6-7(12) 6-4 7-5
2026Saint-TropezChallenger,atp,2026-09-21,Hard,R16,109054,Daniel Masur,GER,200188,Matteo Martineau,FRA,6-3 5-7 6-3
2026Saint-TropezChallenger,atp,2026-09-21,Hard,R16,206750,Daniil Glinka,EST,200259,Ugo Blanchet,FRA,6-4 3-6 6-4
2026Saint-TropezChallenger,atp,2026-09-21,Hard,R16,207411,Jesper De Jong,NED,200462,Andrea Guerrieri,ITA,3-6 7-6(8) 7-6(2)
2026Saint-TropezChallenger,atp,2026-09-21,Hard,R16,208004,Harold Mayot,FRA,210220,Edas Butvilas,LTU,6-4 6-3
2026Saint-TropezChallenger,atp,2026-09-21,Hard,R16,208169,Titouan Droguet,FRA,127339,Borna Gojo,CRO,3-6 6-3 6-4
2026Saint-TropezChallenger,atp,2026-09-21,Hard,R16,209326,Murphy Cassone,USA,126129,Billy Harris,GBR,7-6(3) 6-4
2026Saint-TropezChallenger,atp,2026-09-21,Hard,R16,209976,Dino Prizmic,CRO,122554,David Jorda Sanchis,ESP,6-1 7-6(5)
2026Saint-TropezChallenger,atp,2026-09-21,Hard,R16,210136,Mark Lajal,EST,212225,Thomas Faurel,FRA,6-1 6-2
2026Saint-TropezChallenger,atp,2026-09-21,Hard,R32,109054,Daniel Masur,GER,121411,Moez Echargui,TUN,6-1 4-6 6-4
2026Saint-TropezChallenger,atp,2026-09-21,Hard,R32,122554,David Jorda Sanchis,ESP,207784,Harry Wendelken,GBR,6-2 6-4
2026Saint-TropezChallenger,atp,2026-09-21,Hard,R32,126129,Billy Harris,GBR,149282,Nicolai Budkov Kjaer,NOR,3-6 6-3 7-5
2026Saint-TropezChallenger,atp,2026-09-21,Hard,R32,127339,Borna Gojo,CRO,134068,Vadym Ursu,UKR,7-5 6-3
2026Saint-TropezChallenger,atp,2026-09-21,Hard,R32,200188,Matteo Martineau,FRA,209262,Tristan Schoolkate,AUS,7-6(4) 6-7(6) 7-6(6)
2026Saint-TropezChallenger,atp,2026-09-21,Hard,R32,200259,Ugo Blanchet,FRA,200711,Nicolas Mejia,COL,4-1 RET
2026Saint-TropezChallenger,atp,2026-09-21,Hard,R32,200462,Andrea Guerrieri,ITA,208353,Francesco Maestrelli,ITA,6-3 6-7(4) 6-3
2026Saint-TropezChallenger,atp,2026-09-21,Hard,R32,206750,Daniil Glinka,EST,212711,Daniel Jade,FRA,6-3 7-5
2026Saint-TropezChallenger,atp,2026-09-21,Hard,R32,207411,Jesper De Jong,NED,200329,Remy Bertola,SUI,7-6(5) 7-6(5)
2026Saint-TropezChallenger,atp,2026-09-21,Hard,R32,208004,Harold Mayot,FRA,207993,Justin Boulais,CAN,6-4 2-6 7-6(2)
2026Saint-TropezChallenger,atp,2026-09-21,Hard,R32,208169,Titouan Droguet,FRA,207202,Karl Poling,USA,6-7(6) 6-4 7-6(4)
2026Saint-TropezChallenger,atp,2026-09-21,Hard,R32,209326,Murphy Cassone,USA,202127,Clement Tabur,FRA,7-6(6) 4-6 6-3
2026Saint-TropezChallenger,atp,2026-09-21,Hard,R32,209976,Dino Prizmic,CRO,209405,Daniel Rincon,ESP,6-4 6-3
2026Saint-TropezChallenger,atp,2026-09-21,Hard,R32,210136,Mark Lajal,EST,105676,David Goffin,BEL,6-3 6-4
2026Saint-TropezChallenger,atp,2026-09-21,Hard,R32,210220,Edas Butvilas,LTU,105777,Grigor Dimitrov,BUL,7-6(3) 6-3
2026Saint-TropezChallenger,atp,2026-09-21,Hard,R32,212225,Thomas Faurel,FRA,126409,Hugo Grenier,FRA,6-4 6-4
2026SanDiego2Challenger,atp,2026-09-21,Hard,Q1,126206,Alex Rybakov,USA,106264,Karue Sell,BRA,6-3 6-4
2026SanDiego2Challenger,atp,2026-09-21,Hard,Q1,200366,Olukayode Alafia Damina Ayeni,USA,111454,Li Tu,AUS,6-3 7-6(7)
2026SanDiego2Challenger,atp,2026-09-21,Hard,Q1,200632,Evan Zhu,USA,208358,Aleksi Lofman,FIN,6-1 7-5
2026SanDiego2Challenger,atp,2026-09-21,Hard,Q1,208649,Andrew Fenty,USA,210744,Kaylan Bigun,USA,7-5 6-4
2026SanDiego2Challenger,atp,2026-09-21,Hard,Q1,208854,Aidan Mayo,USA,214265,Jordan Lee,USA,6-2 6-2
2026SanDiego2Challenger,atp,2026-09-21,Hard,Q1,209355,Timo Legout,FRA,105985,Darian King,BAR,6-2 6-0
2026SanDiego2Challenger,atp,2026-09-21,Hard,Q1,209867,Daniil Ostapenkov,BLR,209088,Quinn Vandecasteele,USA,7-5 4-6 6-3
2026SanDiego2Challenger,atp,2026-09-21,Hard,Q1,210028,Ozan Baris,USA,210034,Shunsuke Mitsui,JPN,6-1 6-2
2026SanDiego2Challenger,atp,2026-09-21,Hard,Q1,210250,Erik Arutiunian,BLR,207664,Luca Staeheli,SUI,6-4 6-4
2026SanDiego2Challenger,atp,2026-09-21,Hard,Q1,210478,Sebastian Gorzny,USA,213965,Andrew Johnson,USA,7-5 6-0
2026SanDiego2Challenger,atp,2026-09-21,Hard,Q1,212958,Spencer Johnson,USA,210546,Jan Kobierski,AUT,7-6(3) 6-3
2026SanDiego2Challenger,atp,2026-09-21,Hard,Q1,213551,Jakub Vrba,CZE,209080,Blaise Bicknell,JAM,6-3 3-1 RET
2026SanDiego2Challenger,atp,2026-09-21,Hard,Q2,200632,Evan Zhu,USA,200366,Olukayode Alafia Damina Ayeni,USA,6-2 6-4
2026SanDiego2Challenger,atp,2026-09-21,Hard,Q2,209355,Timo Legout,FRA,209867,Daniil Ostapenkov,BLR,6-3 6-1
2026SanDiego2Challenger,atp,2026-09-21,Hard,Q2,210028,Ozan Baris,USA,126206,Alex Rybakov,USA,1-6 6-3 6-4
2026SanDiego2Challenger,atp,2026-09-21,Hard,Q2,210250,Erik Arutiunian,BLR,208649,Andrew Fenty,USA,6-3 6-3
2026SanDiego2Challenger,atp,2026-09-21,Hard,Q2,210478,Sebastian Gorzny,USA,208854,Aidan Mayo,USA,6-3 6-4
2026SanDiego2Challenger,atp,2026-09-21,Hard,Q2,212958,Spencer Johnson,USA,213551,Jakub Vrba,CZE,6-2 6-4
2026SanDiego2Challenger,atp,2026-09-21,Hard,R16,127108,Igor Ribeiro Marcondes,BRA,135753,Patrick Maloney,USA,3-6 7-6(7) 6-2
2026SanDiego2Challenger,atp,2026-09-21,Hard,R16,144870,Federico Agustin Gomez,ARG,212216,Trevor Svajda,USA,7-5 6-4
2026SanDiego2Challenger,atp,2026-09-21,Hard,R16,200748,Andres Andrade,ECU,210464,Darwin Blanch,USA,3-6 6-3 7-5
2026SanDiego2Challenger,atp,2026-09-21,Hard,R16,207729,Tristan Boyer,USA,210478,Sebastian Gorzny,USA,6-4 7-6(7)
2026SanDiego2Challenger,atp,2026-09-21,Hard,R16,209355,Timo Legout,FRA,212256,Colton Smith,USA,6-3 6-3
2026SanDiego2Challenger,atp,2026-09-21,Hard,R16,210157,Dylan Dietrich,SUI,202333,Keegan Smith,USA,6-2 7-6(4)
2026SanDiego2Challenger,atp,2026-09-21,Hard,R16,210460,Nishesh Basavareddy,USA,213825,Keaton Hance,USA,6-2 4-6 6-3
2026SanDiego2Challenger,atp,2026-09-21,Hard,R16,211902,Henry Searle,GBR,208119,Liam Draxl,CAN,7-6(7) 2-6 6-4
2026SanDiego2Challenger,atp,2026-09-21,Hard,R32,127108,Igor Ribeiro Marcondes,BRA,210028,Ozan Baris,USA,6-1 6-3
2026SanDiego2Challenger,atp,2026-09-21,Hard,R32,135753,Patrick Maloney,USA,211711,Braden Shick,USA,6-3 7-6(5)
2026SanDiego2Challenger,atp,2026-09-21,Hard,R32,144870,Federico Agustin Gomez,ARG,208342,Tyler Zink,USA,6-2 6-3
2026SanDiego2Challenger,atp,2026-09-21,Hard,R32,200748,Andres Andrade,ECU,209406,Abedallah Shelbayh,JOR,4-6 7-5 6-3
2026SanDiego2Challenger,atp,2026-09-21,Hard,R32,202333,Keegan Smith,USA,210399,Edward Winter,AUS,6-3 4-6 6-2
2026SanDiego2Challenger,atp,2026-09-21,Hard,R32,207729,Tristan Boyer,USA,212958,Spencer Johnson,USA,7-6(4) 6-1
2026SanDiego2Challenger,atp,2026-09-21,Hard,R32,208119,Liam Draxl,CAN,213605,Jack Kennedy,USA,6-4 6-4
2026SanDiego2Challenger,atp,2026-09-21,Hard,R32,209355,Timo Legout,FRA,212251,Daniel Milavsky,USA,7-5 6-7(5) 6-2
2026SanDiego2Challenger,atp,2026-09-21,Hard,R32,210157,Dylan Dietrich,SUI,210099,Dinko Dinev,BUL,6-3 6-1
2026SanDiego2Challenger,atp,2026-09-21,Hard,R32,210460,Nishesh Basavareddy,USA,212219,Mees Rottgering,NED,6-3 6-3
2026SanDiego2Challenger,atp,2026-09-21,Hard,R32,210464,Darwin Blanch,USA,200670,J J Wolf,USA,4-6 7-6(9) 6-1
2026SanDiego2Challenger,atp,2026-09-21,Hard,R32,210478,Sebastian Gorzny,USA,106283,Mitchell Krueger,USA,4-6 7-5 7-5
2026SanDiego2Challenger,atp,2026-09-21,Hard,R32,211902,Henry Searle,GBR,200632,Evan Zhu,USA,6-3 6-7(8) 6-3
2026SanDiego2Challenger,atp,2026-09-21,Hard,R32,212216,Trevor Svajda,USA,210250,Erik Arutiunian,BLR,6-3 6-3
2026SanDiego2Challenger,atp,2026-09-21,Hard,R32,212256,Colton Smith,USA,111578,Stefan Kozlov,USA,6-4 6-2
2026SanDiego2Challenger,atp,2026-09-21,Hard,R32,213825,Keaton Hance,USA,211346,Andres Martin,USA,6-4 7-5
2026WTAAnkara125,wta,2026-09-21,Hard,Q1,202672,Ekaterina Yashina,RUS,220798,Semra Aksu,TUR,6-2 6-4
2026WTAAnkara125,wta,2026-09-21,Hard,Q1,215879,Ilay Yoruk,TUR,270145,Sude Ulueren,TUR,6-1 6-0
2026WTAAnkara125,wta,2026-09-21,Hard,Q1,222878,Melisa Ercan,TUR,260604,Giulia Alessia Monteleone,ITA,6-2 6-0
2026WTAAnkara125,wta,2026-09-21,Hard,Q1,223100,Marie Vogt,GER,205492,Ashmitha Easwaramurthi,IND,6-1 6-0
2026WTAAnkara125,wta,2026-09-21,Hard,Q1,257874,Ksenia Zaytseva,RUS,205562,Naoko Eto,JPN,6-0 6-0
2026WTAAnkara125,wta,2026-09-21,Hard,Q2,215879,Ilay Yoruk,TUR,257874,Ksenia Zaytseva,RUS,2-6 6-4 7-5
2026WTAAnkara125,wta,2026-09-21,Hard,Q2,216579,Weronika Falkowska,POL,220673,Alana Smith,USA,6-3 6-3
2026WTAAnkara125,wta,2026-09-21,Hard,Q2,223100,Marie Vogt,GER,202672,Ekaterina Yashina,RUS,6-4 6-2
2026WTAAnkara125,wta,2026-09-21,Hard,Q2,266864,Daria Egorova,RUS,222878,Melisa Ercan,TUR,7-5 6-1
2026WTAAnkara125,wta,2026-09-21,Hard,R16,214181,Anastasia Gasanova,RUS,220733,Carole Monnet,FRA,6-2 6-1
2026WTAAnkara125,wta,2026-09-21,Hard,R16,214507,Berfu Cengiz,TUR,222762,Aysegul Mert,TUR,7-6(2) 6-2
2026WTAAnkara125,wta,2026-09-21,Hard,R16,221885,Fangran Tian,CHN,239397,Elena Micic,AUS,6-2 7-5
2026WTAAnkara125,wta,2026-09-21,Hard,R16,222559,Han Shi,CHN,213767,Ayla Aksu,USA,6-1 5-7 6-2
2026WTAAnkara125,wta,2026-09-21,Hard,R16,223325,Polina Iatcenko,RUS,216579,Weronika Falkowska,POL,6-3 6-4
2026WTAAnkara125,wta,2026-09-21,Hard,R16,257874,Ksenia Zaytseva,RUS,239389,Elena Pridankina,RUS,2-6 7-6(4) 6-1
2026WTAAnkara125,wta,2026-09-21,Hard,R16,266403,Deniz Dilek,TUR,201666,Cagla Buyukakcay,TUR,6-1 2-6 6-2
2026WTAAnkara125,wta,2026-09-21,Hard,R16,267439,Teodora Kostovic,SRB,246493,Elena Ruxandra Bertea,ROU,6-3 6-1
2026WTAAnkara125,wta,2026-09-21,Hard,R32,201666,Cagla Buyukakcay,TUR,221382,Katarina Kuzmova,SVK,2-6 6-4 6-4
2026WTAAnkara125,wta,2026-09-21,Hard,R32,213767,Ayla Aksu,USA,216044,Yuki Naito,JPN,6-1 7-6(3)
2026WTAAnkara125,wta,2026-09-21,Hard,R32,214181,Anastasia Gasanova,RUS,221073,Anastasia Tikhonova,RUS,6-2 6-4
2026WTAAnkara125,wta,2026-09-21,Hard,R32,214507,Berfu Cengiz,TUR,221243,Martyna Kubka,POL,6-2 6-4
2026WTAAnkara125,wta,2026-09-21,Hard,R32,216579,Weronika Falkowska,POL,215879,Ilay Yoruk,TUR,6-2 6-0
2026WTAAnkara125,wta,2026-09-21,Hard,R32,220733,Carole Monnet,FRA,220680,Fiona Crawley,USA,6-1 7-6(4)
2026WTAAnkara125,wta,2026-09-21,Hard,R32,221885,Fangran Tian,CHN,221434,Aliona Falei,BLR,6-2 7-6(2)
2026WTAAnkara125,wta,2026-09-21,Hard,R32,222762,Aysegul Mert,TUR,202688,Isabella Shinikova,BUL,4-6 6-1 6-3
2026WTAAnkara125,wta,2026-09-21,Hard,R32,223325,Polina Iatcenko,RUS,214149,Viktoria Hruncakova,SVK,4-6 6-3 6-3
2026WTAAnkara125,wta,2026-09-21,Hard,R32,239389,Elena Pridankina,RUS,266864,Daria Egorova,RUS,7-6(5) 1-6 7-5
2026WTAAnkara125,wta,2026-09-21,Hard,R32,239397,Elena Micic,AUS,220699,Julia Riera,ARG,6-1 6-3
2026WTAAnkara125,wta,2026-09-21,Hard,R32,246493,Elena Ruxandra Bertea,ROU,223100,Marie Vogt,GER,6-1 2-6 7-6(5)
2026WTAAnkara125,wta,2026-09-21,Hard,R32,257874,Ksenia Zaytseva,RUS,211227,Lina Gjorcheska,MKD,5-7 6-3 6-4
2026WTAAnkara125,wta,2026-09-21,Hard,R32,266403,Deniz Dilek,TUR,221333,Solana Sierra,ARG,6-3 6-3
2026WTAAnkara125,wta,2026-09-21,Hard,R32,267439,Teodora Kostovic,SRB,258199,Carolyn Ansari,USA,6-3 6-1
2026WTAPorto125,wta,2026-09-21,Hard,Q1,206362,Naiktha Bains,GBR,269978,Madalena Santos,POR,6-1 6-1
2026WTAPorto125,wta,2026-09-21,Hard,Q1,220891,Kylie Collins,USA,213739,Jessica Hinojosa Gomez,MEX,6-3 6-0
2026WTAPorto125,wta,2026-09-21,Hard,Q1,222034,Reese Brantmeier,USA,222276,Jasmijn Gimbrere,NED,6-1 6-0
2026WTAPorto125,wta,2026-09-21,Hard,Q1,246481,Sahaja Yamalapalli,IND,222891,Maria Martinez Vaquero,ESP,6-0 6-3
2026WTAPorto125,wta,2026-09-21,Hard,Q1,259794,Angelina Voloshchuk,POR,221165,Raphaelle Lacasse,CAN,5-7 6-3 6-3
2026WTAPorto125,wta,2026-09-21,Hard,Q1,260296,Valentina Steiner,GER,215832,Gabriella Da Silva Fick,AUS,4-6 1-1 RET
2026WTAPorto125,wta,2026-09-21,Hard,Q1,260338,Sofia Johnson,GBR,220740,Ivana Sebestova,CZE,6-2 6-2
2026WTAPorto125,wta,2026-09-21,Hard,Q2,206362,Naiktha Bains,GBR,246481,Sahaja Yamalapalli,IND,6-2 6-4
2026WTAPorto125,wta,2026-09-21,Hard,Q2,222034,Reese Brantmeier,USA,260338,Sofia Johnson,GBR,6-3 6-4
2026WTAPorto125,wta,2026-09-21,Hard,Q2,259794,Angelina Voloshchuk,POR,220502,Ariana Arseneault,CAN,6-3 7-5
2026WTAPorto125,wta,2026-09-21,Hard,Q2,260296,Valentina Steiner,GER,220891,Kylie Collins,USA,6-4 1-6 6-4
2026WTAPorto125,wta,2026-09-21,Hard,R16,213873,Gabriela Andrea Knutson,CZE,264149,Ayana Akli,USA,6-4 5-7 6-4
2026WTAPorto125,wta,2026-09-21,Hard,R16,215042,Katie Swan,GBR,260296,Valentina Steiner,GER,6-1 6-0
2026WTAPorto125,wta,2026-09-21,Hard,R16,216116,Elena Malygina,EST,206219,Oceane Dodin,FRA,2-6 6-4 6-2
2026WTAPorto125,wta,2026-09-21,Hard,R16,221237,Maria Timofeeva,UZB,211643,Kajsa Rinaldo Persson,SWE,6-3 6-0
2026WTAPorto125,wta,2026-09-21,Hard,R16,221257,Sinja Kraus,AUT,221164,Matilde Jorge,POR,6-4 7-5
2026WTAPorto125,wta,2026-09-21,Hard,R16,222034,Reese Brantmeier,USA,206362,Naiktha Bains,GBR,6-4 6-4
2026WTAPorto125,wta,2026-09-21,Hard,R16,259794,Angelina Voloshchuk,POR,211552,Harmony Tan,FRA,6-1 1-6 6-0
2026WTAPorto125,wta,2026-09-21,Hard,R16,266376,Mia Pohankova,SVK,247669,Veronika Podrez,UKR,6-3 6-4
2026WTAPorto125,wta,2026-09-21,Hard,R32,206219,Oceane Dodin,FRA,214826,Susan Bandecchi,SUI,1-6 6-3 6-4
2026WTAPorto125,wta,2026-09-21,Hard,R32,206362,Naiktha Bains,GBR,223286,Victoria Jimenez Kasintseva,AND,5-2 RET
2026WTAPorto125,wta,2026-09-21,Hard,R32,211552,Harmony Tan,FRA,221803,Carol Young Suh Lee,POC,6-3 7-5
2026WTAPorto125,wta,2026-09-21,Hard,R32,211643,Kajsa Rinaldo Persson,SWE,260066,Carla Tomai,POR,6-0 6-0
2026WTAPorto125,wta,2026-09-21,Hard,R32,213873,Gabriela Andrea Knutson,CZE,214684,Katherine Sebov,CAN,6-4 6-2
2026WTAPorto125,wta,2026-09-21,Hard,R32,215042,Katie Swan,GBR,246481,Sahaja Yamalapalli,IND,6-1 6-0
2026WTAPorto125,wta,2026-09-21,Hard,R32,216116,Elena Malygina,EST,216095,Mina Hodzic,GER,6-4 5-7 6-4
2026WTAPorto125,wta,2026-09-21,Hard,R32,221164,Matilde Jorge,POR,216078,Celia Cervino Ruiz,ESP,6-3 6-4
2026WTAPorto125,wta,2026-09-21,Hard,R32,221237,Maria Timofeeva,UZB,260338,Sofia Johnson,GBR,6-4 6-2
2026WTAPorto125,wta,2026-09-21,Hard,R32,221257,Sinja Kraus,AUT,211878,Lizette Cabrera,AUS,6-1 6-4
2026WTAPorto125,wta,2026-09-21,Hard,R32,222034,Reese Brantmeier,USA,222965,Erika Andreeva,RUS,6-3 7-6(5)
2026WTAPorto125,wta,2026-09-21,Hard,R32,247669,Veronika Podrez,UKR,270133,Madalena Matias,POR,4-6 6-1 6-2
2026WTAPorto125,wta,2026-09-21,Hard,R32,259794,Angelina Voloshchuk,POR,220422,Teresa Franco Dias,POR,6-0 6-2
2026WTAPorto125,wta,2026-09-21,Hard,R32,260296,Valentina Steiner,GER,211344,Caroline Uebelhoer,GER,6-2 7-5
2026WTAPorto125,wta,2026-09-21,Hard,R32,264149,Ayana Akli,USA,222017,Anouk Koevermans,NED,6-4 6-1
2026WTAPorto125,wta,2026-09-21,Hard,R32,266376,Mia Pohankova,SVK,216055,Francisca Jorge,POR,6-2 6-1
2026WTATolentino125,wta,2026-09-21,Clay,Q1,206248,Iva Primorac,CRO,222262,Jamilah Snells,USA,6-2 2-6 6-3
2026WTATolentino125,wta,2026-09-21,Clay,Q1,213620,Jessica Pieri,ITA,211779,Yana Morderger,GER,7-5 6-3
2026WTATolentino125,wta,2026-09-21,Clay,Q1,214919,Dalila Spiteri,ITA,221258,Laura Boehner,GER,6-4 6-2
2026WTATolentino125,wta,2026-09-21,Clay,Q1,216173,Katerina Tsygourova,SUI,211285,Tayisiya Morderger,GER,6-3 6-3
2026WTATolentino125,wta,2026-09-21,Clay,Q1,216186,Aneta Laboutkova,CZE,215966,Maria Toma,ROU,6-2 6-1
2026WTATolentino125,wta,2026-09-21,Clay,Q1,220496,Enola Chiesa,ITA,263808,Alja Senica,SLO,4-6 6-4 6-3
2026WTATolentino125,wta,2026-09-21,Clay,Q2,213620,Jessica Pieri,ITA,215166,Aneta Kladivova,CZE,6-0 6-3
2026WTATolentino125,wta,2026-09-21,Clay,Q2,214919,Dalila Spiteri,ITA,206248,Iva Primorac,CRO,6-3 6-4
2026WTATolentino125,wta,2026-09-21,Clay,Q2,216173,Katerina Tsygourova,SUI,216186,Aneta Laboutkova,CZE,6-2 6-2
2026WTATolentino125,wta,2026-09-21,Clay,Q2,221369,Lisa Zaar,SWE,220496,Enola Chiesa,ITA,3-6 6-3 7-6(6)
2026WTATolentino125,wta,2026-09-21,Clay,R16,202493,Ekaterine Gorgodze,GEO,223323,Barbora Palicova,CZE,7-5 7-5
2026WTATolentino125,wta,2026-09-21,Clay,R16,211814,Julia Grabher,AUT,220554,Alice Tubello,FRA,3-6 6-3 6-4
2026WTATolentino125,wta,2026-09-21,Clay,R16,213620,Jessica Pieri,ITA,220742,Leyre Romero Gormaz,ESP,3-6 6-4 6-1
2026WTATolentino125,wta,2026-09-21,Clay,R16,214119,Rebeka Masarova,ESP,265197,Isabella Maria Serban,ROU,5-7 6-2 6-0
2026WTATolentino125,wta,2026-09-21,Clay,R16,215571,Guiomar Maristany Zuleta De Reales,ESP,267409,Marta Lombardini,ITA,6-2 6-3
2026WTATolentino125,wta,2026-09-21,Clay,R16,215572,Nuria Brancaccio,ITA,220662,Veronika Erjavec,SLO,5-7 5-3 RET
2026WTATolentino125,wta,2026-09-21,Clay,R16,221407,Oksana Selekhmeteva,RUS,256705,Samira De Stefano,ITA,5-7 6-1 6-2
2026WTATolentino125,wta,2026-09-21,Clay,R16,239392,Mia Ristic,SRB,231625,Noemi Basiletti,ITA,6-3 3-6 6-3
2026WTATolentino125,wta,2026-09-21,Clay,R32,202493,Ekaterine Gorgodze,GEO,206007,Laura Pigossi,BRA,6-1 5-7 6-3
2026WTATolentino125,wta,2026-09-21,Clay,R32,211814,Julia Grabher,AUT,221411,Jennifer Ruggeri,ITA,4-6 7-5 6-3
2026WTATolentino125,wta,2026-09-21,Clay,R32,214119,Rebeka Masarova,ESP,221369,Lisa Zaar,SWE,5-7 6-1 7-5
2026WTATolentino125,wta,2026-09-21,Clay,R32,215571,Guiomar Maristany Zuleta De Reales,ESP,202604,Despina Papamichail,GRE,6-3 6-3
2026WTATolentino125,wta,2026-09-21,Clay,R32,215572,Nuria Brancaccio,ITA,214604,Maria Lourdes Carle,ARG,6-3 4-6 6-4
2026WTATolentino125,wta,2026-09-21,Clay,R32,220554,Alice Tubello,FRA,214919,Dalila Spiteri,ITA,6-2 6-2
2026WTATolentino125,wta,2026-09-21,Clay,R32,220662,Veronika Erjavec,SLO,216173,Katerina Tsygourova,SUI,4-6 6-3 6-4
2026WTATolentino125,wta,2026-09-21,Clay,R32,220742,Leyre Romero Gormaz,ESP,201555,Polona Hercog,SLO,6-7(4) 6-1 7-6(3)
2026WTATolentino125,wta,2026-09-21,Clay,R32,221407,Oksana Selekhmeteva,RUS,223415,Federica Urgesi,ITA,7-5 0-6 7-5
2026WTATolentino125,wta,2026-09-21,Clay,R32,223323,Barbora Palicova,CZE,214189,Alicia Herrero Linana,ESP,6-7(5) 6-1 7-5
2026WTATolentino125,wta,2026-09-21,Clay,R32,231625,Noemi Basiletti,ITA,266671,Laura Samson,CZE,6-3 6-4
2026WTATolentino125,wta,2026-09-21,Clay,R32,239392,Mia Ristic,SRB,201551,Arantxa Rus,NED,4-6 6-0 6-3
2026WTATolentino125,wta,2026-09-21,Clay,R32,256705,Samira De Stefano,ITA,239438,Julie Struplova,CZE,6-0 6-2
2026WTATolentino125,wta,2026-09-21,Clay,R32,265197,Isabella Maria Serban,ROU,216186,Aneta Laboutkova,CZE,6-3 6-4
2026WTATolentino125,wta,2026-09-21,Clay,R32,267409,Marta Lombardini,ITA,215878,Aurora Zantedeschi,ITA,4-6 6-2 6-3
